protein,xgboost,random_subspace,random forest,fuse 2/3
tr|Q57FI4|Q57FI4_BRUAB,0,0,0,0
sp|P0A327|CATA_BRUAB,1,0,1,1
sp|P15453|SODC_BRUAB,1,1,1,1
tr|Q576Q2|Q576Q2_BRUAB,0,0,0,0
tr|Q576S0|Q576S0_BRUAB,0,0,0,0
sp|Q577Y2|GLMU_BRUAB,0,0,0,0
tr|Q579A8|Q579A8_BRUAB,1,0,0,0
sp|Q57A93|FABA_BRUAB,0,0,1,0
sp|Q57BR6|PDHS_BRUAB,1,1,0,1
tr|Q57BY4|Q57BY4_BRUAB,0,0,0,0
tr|Q57C73|Q57C73_BRUAB,0,0,0,0
sp|Q57D05|PYRG_BRUAB,0,0,0,0
tr|Q57DC3|Q57DC3_BRUAB,0,1,1,1
sp|Q57FT9|RLMN_BRUAB,0,0,0,0
sp|Q7BBW0|DIVK_BRUAB,0,0,0,0
sp|Q9ZHS1|CTRA_BRUAB,0,0,0,0
sp|O52069|FLIF_BRUAB,0,1,1,1
sp|P0A3D8|HEMH_BRUAB,0,0,0,0
sp|P0A3S9|PAL_BRUAB,1,1,1,1
sp|P0C0Z2|UVRA_BRUAB,1,1,0,1
sp|P0C100|AROA_BRUAB,1,0,1,1
sp|P0C101|AROQ_BRUAB,1,0,0,0
sp|P0C102|CDSA_BRUAB,0,0,0,0
sp|P0C104|FABZ_BRUAB,0,0,0,0
sp|P0C113|LON_BRUAB,0,0,0,0
sp|P0C114|DEGPL_BRUAB,1,1,1,1
sp|P0C115|PURA_BRUAB,1,1,1,1
sp|P0C116|CCRM_BRUAB,0,0,0,0
sp|P0C119|ERYH_BRUAB,0,0,0,0
sp|P0C121|URE31_BRUAB,0,0,0,0
sp|P0C122|XERD_BRUAB,0,0,0,0
sp|P0C123|SYI_BRUAB,0,0,0,0
sp|P0C529|NDVA_BRUAB,0,0,0,0
sp|P0CB35|CH60_BRUAB,1,1,0,1
sp|P61711|RISB2_BRUAB,1,0,0,0
sp|Q44619|OMP2B_BRUAB,0,1,1,1
sp|Q44620|OMP2A_BRUAB,0,1,1,1
tr|Q576D0|Q576D0_BRUAB,0,0,0,0
sp|Q576K0|ZNUC_BRUAB,0,0,0,0
sp|Q576P9|UPP_BRUAB,0,0,0,0
sp|Q576Q0|UBIE_BRUAB,0,0,1,0
sp|Q576R3|GPMA_BRUAB,0,0,0,0
sp|Q576R4|DAPB_BRUAB,1,0,0,0
sp|Q576S3|UPPP_BRUAB,0,0,0,0
sp|Q576S5|LEPA_BRUAB,0,0,0,0
sp|Q576T1|TRUA_BRUAB,0,0,0,0
sp|Q576T3|DAPE_BRUAB,1,1,1,1
sp|Q576T8|ARGB_BRUAB,0,0,0,0
tr|Q576Z2|Q576Z2_BRUAB,1,1,1,1
tr|Q576Z7|Q576Z7_BRUAB,0,0,0,0
tr|Q577C9|Q577C9_BRUAB,0,0,0,0
tr|Q577G1|Q577G1_BRUAB,1,1,0,1
sp|Q577H0|GUAA_BRUAB,0,0,0,0
tr|Q577H6|Q577H6_BRUAB,0,0,0,0
sp|Q577K1|NANM_BRUAB,1,1,1,1
sp|Q577P3|METAA_BRUAB,0,1,0,0
tr|Q577P5|Q577P5_BRUAB,0,0,0,0
sp|Q577P6|BIOD_BRUAB,0,0,0,0
sp|Q577P8|BIOB_BRUAB,0,0,0,0
sp|Q577W6|RIMO_BRUAB,0,0,0,0
sp|Q577Y1|GLMS_BRUAB,0,0,0,0
sp|Q577Y7|LOVHK_BRUAB,0,0,0,0
sp|Q577Y8|LIPB_BRUAB,0,0,0,0
tr|Q577Z0|Q577Z0_BRUAB,0,0,0,0
sp|Q578A0|PLSY_BRUAB,0,0,0,0
tr|Q578A3|Q578A3_BRUAB,1,1,1,1
tr|Q578B3|Q578B3_BRUAB,0,0,0,0
sp|Q578E9|UGPC_BRUAB,0,0,0,0
sp|Q578H4|RLME_BRUAB,0,1,1,1
sp|Q578K3|FBPC_BRUAB,1,1,1,1
tr|Q578K6|Q578K6_BRUAB,0,0,0,0
tr|Q578Q7|Q578Q7_BRUAB,0,0,0,0
sp|Q578R0|FOLD_BRUAB,0,0,0,0
sp|Q578S7|NIKE_BRUAB,0,0,0,0
sp|Q578S8|NIKD_BRUAB,0,0,0,0
tr|Q578Z2|Q578Z2_BRUAB,0,0,0,0
sp|Q578Z3|F16PA_BRUAB,1,1,1,1
tr|Q578Z6|Q578Z6_BRUAB,0,0,0,0
sp|Q579B1|LEU3_BRUAB,0,0,0,0
tr|Q579E1|Q579E1_BRUAB,0,1,0,0
sp|Q579E7|HUTI_BRUAB,0,0,0,0
sp|Q579F0|HUTU_BRUAB,0,0,0,0
sp|Q579H8|METN_BRUAB,0,0,0,0
tr|Q579K3|Q579K3_BRUAB,1,1,1,1
tr|Q579P4|Q579P4_BRUAB,0,0,0,0
tr|Q579Q3|Q579Q3_BRUAB,0,0,0,0
tr|Q579X5|Q579X5_BRUAB,0,0,0,0
tr|Q57A76|Q57A76_BRUAB,0,0,0,0
sp|Q57A83|FPG_BRUAB,0,0,0,0
sp|Q57A96|PNP_BRUAB,0,0,0,0
sp|Q57AB1|MIAB_BRUAB,0,0,0,0
sp|Q57AC2|PSTB_BRUAB,0,0,0,0
sp|Q57AD4|PYRF_BRUAB,0,1,0,0
sp|Q57AD6|DNAJ_BRUAB,1,0,1,1
sp|Q57AD9|SYFB_BRUAB,0,1,0,0
sp|Q57AE0|SYFA_BRUAB,0,0,0,0
sp|Q57AF3|ACCD_BRUAB,1,1,0,1
tr|Q57AF4|Q57AF4_BRUAB,0,0,0,0
sp|Q57AH3|HIS6_BRUAB,0,0,0,0
sp|Q57AH5|HIS5_BRUAB,0,0,0,0
sp|Q57AH8|HSLV_BRUAB,0,0,0,0
sp|Q57AI8|COAE_BRUAB,0,0,1,0
sp|Q57AI9|AROE_BRUAB,0,0,1,0
sp|Q57AJ1|PDRP_BRUAB,0,0,0,0
sp|Q57AJ2|DCUP_BRUAB,0,0,0,0
tr|Q57AJ3|Q57AJ3_BRUAB,0,0,0,0
tr|Q57AJ4|Q57AJ4_BRUAB,0,0,0,0
sp|Q57AJ6|MNME_BRUAB,0,0,0,0
sp|Q57AM5|ACCA_BRUAB,0,0,0,0
sp|Q57AM8|AROK_BRUAB,0,0,0,0
sp|Q57AM9|AROB_BRUAB,0,0,0,0
tr|Q57AS1|Q57AS1_BRUAB,0,0,0,0
tr|Q57AT0|Q57AT0_BRUAB,0,1,1,1
sp|Q57AT2|QUEC_BRUAB,0,0,0,0
sp|Q57AV4|SECA_BRUAB,0,0,0,0
sp|Q57AV8|ARGJ_BRUAB,1,0,1,1
sp|Q57AW6|DAPF_BRUAB,0,1,1,1
sp|Q57AX2|SUCC_BRUAB,0,0,0,0
tr|Q57AX3|Q57AX3_BRUAB,0,1,1,1
sp|Q57AZ0|LEUC_BRUAB,0,0,0,0
tr|Q57AZ4|Q57AZ4_BRUAB,0,1,0,0
tr|Q57AZ5|Q57AZ5_BRUAB,0,0,0,0
sp|Q57B06|GPDA_BRUAB,0,1,1,1
sp|Q57B07|TSAD_BRUAB,0,0,0,0
sp|Q57B08|HEM3_BRUAB,0,1,0,0
sp|Q57B45|OBG_BRUAB,0,0,0,0
sp|Q57B46|PROB_BRUAB,0,1,0,0
sp|Q57B71|PUR9_BRUAB,0,0,0,0
sp|Q57B76|ACSA_BRUAB,0,1,1,1
tr|Q57B83|Q57B83_BRUAB,0,0,0,0
sp|Q57B86|ATPA_BRUAB,0,0,0,0
sp|Q57B88|ATPB_BRUAB,0,1,1,1
sp|Q57B94|4HYPE_BRUAB,0,0,0,0
tr|Q57BA2|Q57BA2_BRUAB,0,0,0,0
sp|Q57BA5|ISPG_BRUAB,0,1,0,0
tr|Q57BA7|Q57BA7_BRUAB,0,0,0,0
tr|Q57BD6|Q57BD6_BRUAB,0,0,0,0
sp|Q57BH6|RUVC_BRUAB,0,0,0,0
sp|Q57BH8|RUVB_BRUAB,0,0,0,0
tr|Q57BI9|Q57BI9_BRUAB,0,1,0,0
tr|Q57BM6|Q57BM6_BRUAB,0,0,0,0
sp|Q57BM8|MASZ_BRUAB,0,0,0,0
sp|Q57BT1|MNMA_BRUAB,0,1,0,0
sp|Q57BW7|HEM6_BRUAB,0,0,0,0
tr|Q57BX1|Q57BX1_BRUAB,1,0,0,0
sp|Q57BX7|APT_BRUAB,0,0,0,0
tr|Q57C02|Q57C02_BRUAB,0,1,1,1
tr|Q57C24|Q57C24_BRUAB,0,0,0,0
sp|Q57C28|CARA_BRUAB,1,1,0,1
tr|Q57C31|Q57C31_BRUAB,0,0,0,0
tr|Q57C54|Q57C54_BRUAB,0,0,0,0
sp|Q57C70|RSMH_BRUAB,0,0,0,0
tr|Q57C74|Q57C74_BRUAB,0,0,0,0
sp|Q57C75|MRAY_BRUAB,0,0,0,0
sp|Q57C76|MURD_BRUAB,1,1,1,1
sp|Q57C78|MURG_BRUAB,0,1,0,0
sp|Q57C79|MURC_BRUAB,0,0,0,0
sp|Q57C80|MURB_BRUAB,1,0,0,0
tr|Q57C81|Q57C81_BRUAB,0,0,0,0
tr|Q57C84|Q57C84_BRUAB,0,1,1,1
sp|Q57C85|LPXC_BRUAB,0,0,0,0
sp|Q57C89|DNLJ_BRUAB,0,0,0,0
sp|Q57CA9|TYSY_BRUAB,0,0,0,0
sp|Q57CB7|MIAA_BRUAB,0,0,0,0
tr|Q57CB9|Q57CB9_BRUAB,0,0,0,0
sp|Q57CC2|PDXJ_BRUAB,0,0,0,0
sp|Q57CC7|ILVC_BRUAB,0,0,0,0
sp|Q57CE8|URE12_BRUAB,1,1,1,1
sp|Q57CF0|URE32_BRUAB,0,0,0,0
tr|Q57CH6|Q57CH6_BRUAB,0,0,0,0
tr|Q57CJ0|Q57CJ0_BRUAB,0,0,0,0
tr|Q57CJ3|Q57CJ3_BRUAB,0,0,0,0
sp|Q57CK2|COBB_BRUAB,0,0,0,0
tr|Q57CL4|Q57CL4_BRUAB,0,0,1,0
tr|Q57CM2|Q57CM2_BRUAB,0,1,0,0
tr|Q57CM4|Q57CM4_BRUAB,0,0,0,0
sp|Q57CP9|RPOC_BRUAB,0,0,0,0
sp|Q57CS9|KAD_BRUAB,0,0,0,0
sp|Q57CT2|RPOA_BRUAB,0,0,0,0
sp|Q57CU0|SYA_BRUAB,0,0,0,0
tr|Q57CU5|Q57CU5_BRUAB,1,0,1,1
sp|Q57CV7|QUEF_BRUAB,1,0,0,0
sp|Q57CX9|PYRH_BRUAB,0,0,1,0
sp|Q57CZ2|SYE2_BRUAB,0,0,0,0
sp|Q57CZ5|LEXA_BRUAB,0,1,0,0
sp|Q57D01|TPIS_BRUAB,0,0,1,0
sp|Q57D07|ENO_BRUAB,0,0,1,0
sp|Q57D15|LIPA_BRUAB,0,0,0,0
sp|Q57D18|ISPDF_BRUAB,0,0,0,0
tr|Q57D40|Q57D40_BRUAB,1,1,0,1
sp|Q57D42|COAD_BRUAB,1,0,0,0
tr|Q57D46|Q57D46_BRUAB,0,0,0,0
sp|Q57D60|HIS3_BRUAB,0,0,1,0
sp|Q57D61|GCH1_BRUAB,0,0,0,0
sp|Q57D65|SYT_BRUAB,0,0,0,0
sp|Q57D82|NQOR_BRUAB,1,0,1,1
sp|Q57DB3|SYE1_BRUAB,0,0,0,0
tr|Q57DB4|Q57DB4_BRUAB,0,0,0,0
tr|Q57DB5|Q57DB5_BRUAB,0,0,0,0
tr|Q57DB7|Q57DB7_BRUAB,0,0,0,0
tr|Q57DC1|Q57DC1_BRUAB,0,0,0,0
sp|Q57DG3|MOAA_BRUAB,0,0,0,0
sp|Q57DG4|MOBA_BRUAB,0,0,0,0
tr|Q57DG5|Q57DG5_BRUAB,0,0,0,0
tr|Q57DH4|Q57DH4_BRUAB,0,1,0,0
sp|Q57DI4|ANMK_BRUAB,1,1,1,1
sp|Q57DI5|SYY_BRUAB,0,0,0,0
tr|Q57DJ4|Q57DJ4_BRUAB,1,0,1,1
tr|Q57DJ7|Q57DJ7_BRUAB,0,0,1,0
sp|Q57DK4|LFTR_BRUAB,0,0,0,0
sp|Q57DK9|TIG_BRUAB,1,0,1,1
sp|Q57DL3|TRMFO_BRUAB,0,0,0,0
sp|Q57DM2|SYS_BRUAB,0,0,0,0
sp|Q57DP0|COBS_BRUAB,0,0,1,0
tr|Q57DP3|Q57DP3_BRUAB,1,0,0,0
tr|Q57DQ6|Q57DQ6_BRUAB,0,0,0,0
tr|Q57DQ7|Q57DQ7_BRUAB,0,0,0,0
sp|Q57DR5|PURQ_BRUAB,0,0,0,0
sp|Q57DR8|PURL_BRUAB,1,1,0,1
sp|Q57DS4|TTCA_BRUAB,0,0,0,0
tr|Q57DT8|Q57DT8_BRUAB,0,0,0,0
sp|Q57DU1|NUOK_BRUAB,0,0,0,0
sp|Q57DU3|NUOI_BRUAB,0,0,0,0
sp|Q57DV0|NUOB_BRUAB,0,1,1,1
tr|Q57DV1|Q57DV1_BRUAB,0,0,0,0
sp|Q57DW5|CTAA_BRUAB,0,0,0,0
sp|Q57DX4|FABH_BRUAB,0,1,0,0
sp|Q57DX5|PLSX_BRUAB,0,1,0,0
tr|Q57DX9|Q57DX9_BRUAB,0,0,1,0
sp|Q57DY1|RISB1_BRUAB,1,0,0,0
tr|Q57DY3|Q57DY3_BRUAB,1,0,0,0
sp|Q57DY5|GLYA_BRUAB,0,0,0,0
tr|Q57DZ5|Q57DZ5_BRUAB,0,0,0,0
sp|Q57DZ8|SYDND_BRUAB,0,0,0,0
tr|Q57E01|Q57E01_BRUAB,0,0,0,0
tr|Q57E31|Q57E31_BRUAB,1,0,0,0
tr|Q57E35|Q57E35_BRUAB,0,0,0,0
tr|Q57E44|Q57E44_BRUAB,0,0,0,0
sp|Q57E46|NDK_BRUAB,1,0,0,0
tr|Q57E51|Q57E51_BRUAB,1,0,0,0
tr|Q57E57|Q57E57_BRUAB,0,0,0,0
sp|Q57E58|RSMA_BRUAB,0,0,0,0
sp|Q57E81|RNC_BRUAB,0,0,0,0
tr|Q57E87|Q57E87_BRUAB,0,0,0,0
sp|Q57E89|PYRE_BRUAB,0,0,0,0
sp|Q57E90|RSH_BRUAB,0,0,0,0
sp|Q57E96|DAPA_BRUAB,1,0,1,1
tr|Q57EC6|Q57EC6_BRUAB,0,0,0,0
sp|Q57ED2|CCME_BRUAB,1,0,1,1
sp|Q57EI0|BETB_BRUAB,0,0,0,0
tr|Q57EM4|Q57EM4_BRUAB,1,1,1,1
sp|Q57EP4|RNH_BRUAB,0,0,1,0
sp|Q57EP6|ISPH_BRUAB,0,0,0,0
tr|Q57EP9|Q57EP9_BRUAB,0,0,0,0
sp|Q57ES4|PSD_BRUAB,1,0,0,0
sp|Q57ET1|DXS_BRUAB,0,1,0,0
sp|Q57ET8|AROC_BRUAB,1,1,1,1
sp|Q57EU9|PDXH_BRUAB,1,0,1,1
tr|Q57EV0|Q57EV0_BRUAB,0,0,0,0
sp|Q57EW9|ISPE_BRUAB,0,1,0,0
sp|Q57EX6|RNH2_BRUAB,0,0,1,0
tr|Q57EX7|Q57EX7_BRUAB,1,1,1,1
sp|Q57EX8|ATPF_BRUAB,1,1,1,1
tr|Q57EX9|Q57EX9_BRUAB,1,1,1,1
tr|Q57EZ7|Q57EZ7_BRUAB,0,0,0,0
tr|Q57F00|Q57F00_BRUAB,1,0,0,0
sp|Q57F29|PANB_BRUAB,0,0,0,0
sp|Q57F30|PANC_BRUAB,0,0,0,0
sp|Q57F47|PYRD_BRUAB,0,0,1,0
tr|Q57F53|Q57F53_BRUAB,1,0,0,0
tr|Q57F57|Q57F57_BRUAB,0,0,0,0
sp|Q57F73|G6PI_BRUAB,1,0,0,0
sp|Q57F97|MURA_BRUAB,0,0,0,0
sp|Q57F99|HISX_BRUAB,0,0,0,0
sp|Q57FA3|NTPPA_BRUAB,0,1,1,1
sp|Q57FG5|THIG_BRUAB,0,0,0,0
tr|Q57FI3|Q57FI3_BRUAB,0,0,0,0
sp|Q57FI5|CYSD_BRUAB,1,0,0,0
tr|Q57FI9|Q57FI9_BRUAB,0,0,0,0
tr|Q57FJ5|Q57FJ5_BRUAB,0,0,0,0
tr|Q57FK2|Q57FK2_BRUAB,1,1,0,1
sp|Q57FK3|RNPH_BRUAB,0,0,0,0
tr|Q57FL0|Q57FL0_BRUAB,0,0,0,0
sp|Q57FM7|LSPA_BRUAB,0,0,0,0
sp|Q57FN0|GLND_BRUAB,0,0,0,0
tr|Q57FP6|Q57FP6_BRUAB,0,1,0,0
tr|Q57FQ4|Q57FQ4_BRUAB,1,1,1,1
sp|Q57FS2|ILVD_BRUAB,0,0,0,0
sp|Q57FS7|CCMA_BRUAB,0,0,0,0
sp|Q59175|OCD_BRUAB,0,0,0,0
sp|Q93T81|URE11_BRUAB,1,1,1,1
tr|F8WJQ7|F8WJQ7_BRUAB,0,0,0,0
tr|F8WJQ9|F8WJQ9_BRUAB,0,0,1,0
tr|F8WJT4|F8WJT4_BRUAB,1,1,1,1
tr|F8WJT7|F8WJT7_BRUAB,0,1,1,1
tr|F8WJU0|F8WJU0_BRUAB,0,0,0,0
tr|F8WJU5|F8WJU5_BRUAB,0,0,0,0
sp|O06875|SP39_BRUAB,0,0,0,0
sp|O52070|FLGE_BRUAB,1,1,1,1
sp|P0A2Y1|ARGI_BRUAB,0,0,0,0
sp|P0A3L0|IF3_BRUAB,0,0,0,0
sp|P0A3P0|OMP10_BRUAB,0,1,1,1
sp|P0A470|RL7_BRUAB,1,1,1,1
sp|P0C0Z3|RL16_BRUAB,1,0,0,0
sp|P0C0Z5|RS15_BRUAB,0,0,0,0
sp|P0C103|EFP_BRUAB,0,0,0,0
sp|P0C105|GLUP_BRUAB,0,0,0,0
sp|P0C106|FUR_BRUAB,0,0,0,0
sp|P0C107|HFQ_BRUAB,0,0,1,0
sp|P0C108|IF1_BRUAB,0,0,0,0
sp|P0C109|OMP19_BRUAB,1,1,1,1
sp|P0C110|LPXA_BRUAB,1,1,1,1
sp|P0C111|LPXD_BRUAB,1,1,1,1
sp|P0C112|AQPZ_BRUAB,0,0,1,0
sp|P0C117|SECDF_BRUAB,1,0,0,0
sp|P0C118|SSB_BRUAB,1,1,1,1
sp|P0C120|YAJC_BRUAB,1,0,0,0
sp|P0C125|SECB_BRUAB,1,1,1,1
sp|P0C144|UREE_BRUAB,0,0,0,0
sp|P0C1D5|URE21_BRUAB,1,1,1,1
sp|P0C398|VIRB1_BRUAB,1,1,1,1
sp|P0C527|VIRB6_BRUAB,0,1,0,0
sp|P0C528|VIRB2_BRUAB,1,0,1,1
sp|P0C531|VIRBA_BRUAB,1,1,1,1
sp|P0C532|VIRB8_BRUAB,1,1,1,1
sp|P0C534|VIRBB_BRUAB,0,0,0,0
sp|P0C535|VIRB7_BRUAB,1,1,0,1
sp|P0C7V1|UREF1_BRUAB,0,0,1,0
sp|P0C856|UREG1_BRUAB,1,1,1,1
sp|P0C8N0|14KL_BRUAB,1,0,1,1
sp|P0CB34|CH10_BRUAB,1,1,1,1
sp|P0CB36|MGSA_BRUAB,0,0,0,0
sp|P0CB37|GLK_BRUAB,0,1,1,1
sp|P0DN85|RECA_BRUAB,1,0,1,1
sp|P41107|RL10_BRUAB,1,0,0,0
sp|P62920|GCSP_BRUAB,0,0,0,0
sp|Q44664|OM25_BRUAB,1,1,1,1
sp|Q576D7|BHUA_BRUAB,1,1,1,1
sp|Q576D9|Y3424_BRUAB,0,0,0,0
sp|Q576E0|Y3423_BRUAB,0,0,0,0
sp|Q576E1|Y3422_BRUAB,0,0,0,0
sp|Q576H3|XYLG_BRUAB,0,0,0,0
sp|Q576I4|FTCR_BRUAB,1,0,0,0
tr|Q576I7|Q576I7_BRUAB,1,1,1,1
sp|Q576I9|FLBT_BRUAB,1,0,0,0
tr|Q576J1|Q576J1_BRUAB,0,0,0,0
tr|Q576J2|Q576J2_BRUAB,0,0,0,0
sp|Q576K1|ZNUA_BRUAB,0,0,0,0
sp|Q576P8|MSRA_BRUAB,1,0,0,0
tr|Q576Q3|Q576Q3_BRUAB,0,0,0,0
tr|Q576Q5|Q576Q5_BRUAB,0,0,0,0
tr|Q576S9|Q576S9_BRUAB,0,0,0,0
sp|Q576T0|FMT_BRUAB,0,0,1,0
sp|Q576T5|DAPD_BRUAB,0,0,0,0
sp|Q576T9|ENGB_BRUAB,1,0,0,0
tr|Q576U0|Q576U0_BRUAB,0,0,1,0
tr|Q576U1|Q576U1_BRUAB,0,0,0,0
sp|Q576U2|RL34_BRUAB,0,0,0,0
sp|Q576X0|NORD_BRUAB,0,0,0,0
tr|Q576X9|Q576X9_BRUAB,1,1,1,1
tr|Q577A5|Q577A5_BRUAB,0,0,0,0
tr|Q577A6|Q577A6_BRUAB,0,0,0,0
tr|Q577A8|Q577A8_BRUAB,0,0,0,0
tr|Q577B0|Q577B0_BRUAB,0,0,1,0
tr|Q577B4|Q577B4_BRUAB,1,0,1,1
tr|Q577C8|Q577C8_BRUAB,1,0,0,0
tr|Q577D3|Q577D3_BRUAB,1,1,1,1
tr|Q577D4|Q577D4_BRUAB,0,0,0,0
sp|Q577D5|MINE_BRUAB,0,0,0,0
tr|Q577D9|Q577D9_BRUAB,0,0,0,0
sp|Q577F0|GLSA_BRUAB,1,1,1,1
sp|Q577F1|HDEA_BRUAB,0,0,0,0
tr|Q577F4|Q577F4_BRUAB,0,0,0,0
tr|Q577F7|Q577F7_BRUAB,0,0,0,0
sp|Q577J0|LIVB7_BRUAB,1,0,1,1
sp|Q577J4|Y3097_BRUAB,1,0,0,0
sp|Q577J5|Y3096_BRUAB,0,0,0,0
sp|Q577J7|Y3094_BRUAB,0,0,0,0
sp|Q577J8|Y3092_BRUAB,0,0,0,0
tr|Q577K0|Q577K0_BRUAB,0,0,1,0
tr|Q577K9|Q577K9_BRUAB,0,1,1,1
tr|Q577L4|Q577L4_BRUAB,1,0,0,0
tr|Q577L5|Q577L5_BRUAB,0,0,1,0
tr|Q577P4|Q577P4_BRUAB,0,1,0,0
tr|Q577R5|Q577R5_BRUAB,1,0,0,0
tr|Q577R6|Q577R6_BRUAB,0,0,0,0
tr|Q577S7|Q577S7_BRUAB,0,0,0,0
tr|Q577T0|Q577T0_BRUAB,1,0,0,0
tr|Q577T3|Q577T3_BRUAB,0,1,0,0
tr|Q577U7|Q577U7_BRUAB,0,1,0,0
tr|Q577U8|Q577U8_BRUAB,0,0,0,0
tr|Q577V0|Q577V0_BRUAB,0,0,0,0
tr|Q577X1|Q577X1_BRUAB,0,0,0,0
sp|Q577X5|Y2948_BRUAB,0,0,0,0
tr|Q577X8|Q577X8_BRUAB,0,0,0,0
tr|Q577Y0|Q577Y0_BRUAB,0,0,0,0
tr|Q577Y4|Q577Y4_BRUAB,0,0,0,0
tr|Q577Y6|Q577Y6_BRUAB,1,0,1,1
sp|Q577Z3|GATA_BRUAB,0,0,1,0
sp|Q577Z4|GATC_BRUAB,0,0,0,0
sp|Q577Z6|YQGF_BRUAB,0,0,0,0
sp|Q577Z8|PYRB_BRUAB,0,0,0,0
tr|Q578A4|Q578A4_BRUAB,0,0,0,0
sp|Q578A8|RL33_BRUAB,0,0,0,0
tr|Q578C2|Q578C2_BRUAB,0,0,0,0
sp|Q578E4|ADEC_BRUAB,0,0,0,0
sp|Q578E6|UGPB_BRUAB,1,0,0,0
sp|Q578E7|UGPA_BRUAB,0,0,0,0
sp|Q578E8|UGPE_BRUAB,1,0,0,0
sp|Q578I2|FDHD_BRUAB,0,1,0,0
sp|Q578J2|AHPD_BRUAB,0,1,0,0
tr|Q578L1|Q578L1_BRUAB,1,1,0,1
sp|Q578M5|Y2787_BRUAB,1,1,1,1
sp|Q578M8|Y2784_BRUAB,1,1,1,1
sp|Q578M9|Y2783_BRUAB,0,0,0,0
tr|Q578P2|Q578P2_BRUAB,0,0,0,0
tr|Q578P3|Q578P3_BRUAB,0,0,0,0
sp|Q578P4|EX7L_BRUAB,0,0,0,0
tr|Q578Q8|Q578Q8_BRUAB,1,1,1,1
tr|Q578Q9|Q578Q9_BRUAB,0,1,0,0
tr|Q578R1|Q578R1_BRUAB,0,0,0,0
tr|Q578R6|Q578R6_BRUAB,0,0,0,0
tr|Q578R8|Q578R8_BRUAB,1,0,0,0
tr|Q578S1|Q578S1_BRUAB,0,0,0,0
sp|Q578T1|NIKR_BRUAB,1,0,1,1
tr|Q578T9|Q578T9_BRUAB,0,0,0,0
sp|Q578U0|CRCB4_BRUAB,0,0,0,0
sp|Q578U1|CRCB3_BRUAB,0,0,0,0
tr|Q578W4|Q578W4_BRUAB,0,0,0,0
tr|Q578W6|Q578W6_BRUAB,0,0,0,0
tr|Q578Y6|Q578Y6_BRUAB,1,1,0,1
tr|Q578Z7|Q578Z7_BRUAB,0,0,0,0
sp|Q579A4|LEUD_BRUAB,1,0,1,1
tr|Q579B0|Q579B0_BRUAB,0,0,0,0
tr|Q579C7|Q579C7_BRUAB,0,0,0,0
tr|Q579C8|Q579C8_BRUAB,0,1,0,0
tr|Q579D0|Q579D0_BRUAB,0,0,0,0
sp|Q579E2|DADA_BRUAB,1,0,1,1
sp|Q579E8|HUTH_BRUAB,1,0,1,1
sp|Q579G4|DAP_BRUAB,0,0,0,0
sp|Q579I3|RS21_BRUAB,1,1,1,1
tr|Q579I7|Q579I7_BRUAB,1,0,0,0
tr|Q579I8|Q579I8_BRUAB,1,1,1,1
sp|Q579K4|MSRQ_BRUAB,0,0,0,0
tr|Q579L5|Q579L5_BRUAB,0,0,0,0
tr|Q579M0|Q579M0_BRUAB,0,0,0,0
sp|Q579M7|MUTL_BRUAB,0,0,0,0
sp|Q579M9|LPXK_BRUAB,0,1,0,0
tr|Q579N0|Q579N0_BRUAB,1,0,0,0
tr|Q579N9|Q579N9_BRUAB,1,1,1,1
tr|Q579P0|Q579P0_BRUAB,0,0,1,0
sp|Q579Q6|HIS1_BRUAB,0,0,0,0
sp|Q579Q7|HISZ_BRUAB,0,0,0,0
sp|Q579Q8|SYH_BRUAB,0,0,0,0
tr|Q579R3|Q579R3_BRUAB,0,0,0,0
tr|Q579T4|Q579T4_BRUAB,0,0,0,0
tr|Q579T5|Q579T5_BRUAB,1,1,0,1
sp|Q579T6|FLGH_BRUAB,1,1,1,1
tr|Q579T8|Q579T8_BRUAB,1,0,0,0
tr|Q579T9|Q579T9_BRUAB,1,1,1,1
sp|Q579U0|FLIE_BRUAB,1,1,1,1
tr|Q579U2|Q579U2_BRUAB,0,0,0,0
tr|Q579W1|Q579W1_BRUAB,1,0,0,0
tr|Q579W6|Q579W6_BRUAB,1,0,1,1
tr|Q579W7|Q579W7_BRUAB,0,0,0,0
sp|Q579W9|VJBR_BRUAB,0,0,1,0
tr|Q579X4|Q579X4_BRUAB,0,0,1,0
tr|Q579Y8|Q579Y8_BRUAB,0,0,0,0
sp|Q579Z3|MODC_BRUAB,1,0,0,0
tr|Q579Z4|Q579Z4_BRUAB,1,0,1,1
sp|Q579Z7|TRHO_BRUAB,0,0,0,0
tr|Q57A10|Q57A10_BRUAB,0,0,0,0
tr|Q57A12|Q57A12_BRUAB,0,0,0,0
tr|Q57A29|Q57A29_BRUAB,1,0,0,0
tr|Q57A31|Q57A31_BRUAB,0,0,0,0
sp|Q57A43|MGTC_BRUAB,0,0,0,0
tr|Q57A46|Q57A46_BRUAB,0,0,0,0
tr|Q57A49|Q57A49_BRUAB,1,1,1,1
sp|Q57A58|LIVB4_BRUAB,0,0,1,0
tr|Q57A66|Q57A66_BRUAB,1,0,0,0
sp|Q57A81|RS20_BRUAB,1,0,1,1
tr|Q57A92|Q57A92_BRUAB,1,0,0,0
tr|Q57A95|Q57A95_BRUAB,0,0,0,0
sp|Q57A98|TRUB_BRUAB,1,0,1,1
sp|Q57A99|RBFA_BRUAB,1,0,1,1
sp|Q57AA0|IF2_BRUAB,0,0,0,0
tr|Q57AA2|Q57AA2_BRUAB,0,0,0,0
sp|Q57AA3|RIMP_BRUAB,0,1,0,0
sp|Q57AA4|TRMB_BRUAB,0,0,0,0
tr|Q57AA5|Q57AA5_BRUAB,1,0,0,0
tr|Q57AA7|Q57AA7_BRUAB,0,0,0,0
sp|Q57AA9|YBEY_BRUAB,1,0,1,1
tr|Q57AC0|Q57AC0_BRUAB,0,0,0,0
tr|Q57AC1|Q57AC1_BRUAB,0,0,1,0
tr|Q57AC3|Q57AC3_BRUAB,0,0,0,0
tr|Q57AC4|Q57AC4_BRUAB,0,0,0,0
tr|Q57AC8|Q57AC8_BRUAB,1,0,1,1
tr|Q57AD1|Q57AD1_BRUAB,0,0,0,0
sp|Q57AD7|DNAK_BRUAB,0,0,0,0
sp|Q57AE2|RL20_BRUAB,0,0,0,0
sp|Q57AE3|RL35_BRUAB,0,0,1,0
sp|Q57AE9|TRPF_BRUAB,0,0,1,0
sp|Q57AF0|TRPB_BRUAB,0,1,1,1
sp|Q57AF2|TRPA_BRUAB,0,1,0,0
tr|Q57AF7|Q57AF7_BRUAB,0,0,0,0
sp|Q57AG3|SAHH_BRUAB,0,0,0,0
tr|Q57AG8|Q57AG8_BRUAB,0,0,0,0
tr|Q57AG9|Q57AG9_BRUAB,0,0,0,0
sp|Q57AH1|COAA_BRUAB,0,0,0,0
sp|Q57AH2|HIS2_BRUAB,1,1,1,1
sp|Q57AH4|HIS4_BRUAB,0,0,0,0
sp|Q57AH7|HIS7_BRUAB,0,0,0,0
sp|Q57AH9|HSLU_BRUAB,0,0,0,0
tr|Q57AI3|Q57AI3_BRUAB,1,1,0,1
tr|Q57AI7|Q57AI7_BRUAB,0,0,0,0
sp|Q57AJ0|NTPPB_BRUAB,0,0,0,0
sp|Q57AJ7|MNMG_BRUAB,0,0,1,0
sp|Q57AJ8|RSMG_BRUAB,0,0,0,0
tr|Q57AM1|Q57AM1_BRUAB,0,1,1,1
tr|Q57AN9|Q57AN9_BRUAB,1,0,1,1
sp|Q57AP2|RL28_BRUAB,0,0,0,0
tr|Q57AP3|Q57AP3_BRUAB,0,0,0,0
tr|Q57AQ8|Q57AQ8_BRUAB,0,0,0,0
tr|Q57AR2|Q57AR2_BRUAB,0,0,0,0
tr|Q57AR4|Q57AR4_BRUAB,0,0,0,0
sp|Q57AR7|HIS8_BRUAB,0,0,0,0
tr|Q57AR9|Q57AR9_BRUAB,0,0,0,0
sp|Q57AS3|ARLY_BRUAB,0,0,0,0
tr|Q57AS9|Q57AS9_BRUAB,1,0,1,1
tr|Q57AT1|Q57AT1_BRUAB,1,0,1,1
tr|Q57AT5|Q57AT5_BRUAB,0,0,0,0
tr|Q57AV6|Q57AV6_BRUAB,1,1,1,1
sp|Q57AW2|GLO2_BRUAB,0,0,0,0
sp|Q57AW3|YCIB_BRUAB,0,0,0,0
tr|Q57AW4|Q57AW4_BRUAB,1,0,1,1
sp|Q57AX1|MDH_BRUAB,0,1,0,0
sp|Q57AX5|ODO1_BRUAB,0,0,0,0
tr|Q57AX6|Q57AX6_BRUAB,1,1,0,1
tr|Q57AY0|Q57AY0_BRUAB,0,0,0,0
tr|Q57AY2|Q57AY2_BRUAB,0,0,0,0
sp|Q57AY3|RIMM_BRUAB,0,1,1,1
sp|Q57AY4|TRMD_BRUAB,0,0,0,0
sp|Q57AY9|RL19_BRUAB,0,1,1,1
tr|Q57AZ2|Q57AZ2_BRUAB,1,0,1,1
tr|Q57AZ3|Q57AZ3_BRUAB,0,0,0,0
tr|Q57AZ9|Q57AZ9_BRUAB,0,0,0,0
tr|Q57B00|Q57B00_BRUAB,0,0,0,0
tr|Q57B09|Q57B09_BRUAB,0,0,0,0
tr|Q57B16|Q57B16_BRUAB,0,0,0,0
tr|Q57B20|Q57B20_BRUAB,0,0,0,0
tr|Q57B21|Q57B21_BRUAB,0,0,0,0
sp|Q57B22|RF1_BRUAB,0,0,0,0
tr|Q57B23|Q57B23_BRUAB,0,0,0,0
tr|Q57B27|Q57B27_BRUAB,0,0,0,0
tr|Q57B29|Q57B29_BRUAB,1,1,1,1
sp|Q57B47|PROA_BRUAB,0,1,0,0
sp|Q57B48|NADD_BRUAB,0,0,0,0
tr|Q57B49|Q57B49_BRUAB,0,0,0,0
sp|Q57B50|RLMH_BRUAB,0,1,1,1
sp|Q57B54|RPPH_BRUAB,0,1,0,0
tr|Q57B63|Q57B63_BRUAB,1,1,1,1
sp|Q57B65|RS16_BRUAB,1,0,1,1
tr|Q57B70|Q57B70_BRUAB,0,0,0,0
tr|Q57B73|Q57B73_BRUAB,0,1,0,0
sp|Q57B74|HTPX_BRUAB,0,0,0,0
sp|Q57B80|SYL_BRUAB,0,0,0,0
sp|Q57B82|TAL_BRUAB,0,0,0,0
sp|Q57B85|ATPD_BRUAB,1,1,0,1
sp|Q57B87|ATPG_BRUAB,0,0,0,0
sp|Q57B89|ATPE_BRUAB,0,0,1,0
sp|Q57BA8|RL32_BRUAB,0,1,1,1
tr|Q57BB5|Q57BB5_BRUAB,0,0,1,0
sp|Q57BC2|THIQ_BRUAB,1,0,0,0
sp|Q57BC3|THIP_BRUAB,1,0,0,0
sp|Q57BC4|THIB_BRUAB,0,0,0,0
tr|Q57BC5|Q57BC5_BRUAB,0,0,0,0
tr|Q57BD3|Q57BD3_BRUAB,0,0,0,0
sp|Q57BD5|RL36_BRUAB,0,0,0,0
tr|Q57BD7|Q57BD7_BRUAB,0,0,1,0
tr|Q57BF2|Q57BF2_BRUAB,0,0,0,0
tr|Q57BF3|Q57BF3_BRUAB,0,0,0,0
tr|Q57BF7|Q57BF7_BRUAB,1,0,0,0
sp|Q57BG4|RL31_BRUAB,1,1,1,1
tr|Q57BG9|Q57BG9_BRUAB,0,0,0,0
sp|Q57BH7|RUVA_BRUAB,1,0,1,1
tr|Q57BI0|Q57BI0_BRUAB,0,0,0,0
sp|Q57BI3|TOLB_BRUAB,1,0,1,1
tr|Q57BI7|Q57BI7_BRUAB,1,1,1,1
sp|Q57BI8|TILS_BRUAB,0,0,0,0
sp|Q57BJ0|GLMM_BRUAB,0,0,0,0
tr|Q57BJ3|Q57BJ3_BRUAB,0,0,0,0
tr|Q57BJ5|Q57BJ5_BRUAB,0,0,0,0
sp|Q57BK5|DUT_BRUAB,0,1,1,1
tr|Q57BL0|Q57BL0_BRUAB,1,1,1,1
tr|Q57BL1|Q57BL1_BRUAB,1,0,1,1
tr|Q57BM5|Q57BM5_BRUAB,1,0,0,0
tr|Q57BR0|Q57BR0_BRUAB,0,0,0,0
tr|Q57BR1|Q57BR1_BRUAB,0,0,0,0
tr|Q57BR2|Q57BR2_BRUAB,0,0,0,0
tr|Q57BU9|Q57BU9_BRUAB,0,0,0,0
tr|Q57BV2|Q57BV2_BRUAB,0,0,0,0
tr|Q57BX5|Q57BX5_BRUAB,0,0,0,0
tr|Q57BX6|Q57BX6_BRUAB,1,0,0,0
tr|Q57BY0|Q57BY0_BRUAB,0,0,0,0
sp|Q57BY2|RL25_BRUAB,1,1,0,1
tr|Q57BY7|Q57BY7_BRUAB,0,1,1,1
sp|Q57BY9|LGT_BRUAB,0,0,0,0
tr|Q57BZ3|Q57BZ3_BRUAB,0,0,0,0
tr|Q57BZ9|Q57BZ9_BRUAB,1,0,1,1
sp|Q57C09|GREA_BRUAB,0,0,1,0
tr|Q57C13|Q57C13_BRUAB,0,0,0,0
tr|Q57C14|Q57C14_BRUAB,0,0,0,0
tr|Q57C18|Q57C18_BRUAB,0,0,0,0
tr|Q57C32|Q57C32_BRUAB,0,0,0,0
tr|Q57C59|Q57C59_BRUAB,0,0,0,0
tr|Q57C68|Q57C68_BRUAB,1,0,0,0
tr|Q57C77|Q57C77_BRUAB,0,0,0,0
tr|Q57C82|Q57C82_BRUAB,0,0,0,0
tr|Q57C83|Q57C83_BRUAB,1,0,0,0
tr|Q57C87|Q57C87_BRUAB,0,0,0,0
tr|Q57C88|Q57C88_BRUAB,0,0,0,0
sp|Q57C92|PRMA_BRUAB,0,1,0,0
tr|Q57C96|Q57C96_BRUAB,0,0,0,0
tr|Q57CB0|Q57CB0_BRUAB,0,0,0,0
tr|Q57CB1|Q57CB1_BRUAB,1,1,1,1
tr|Q57CB2|Q57CB2_BRUAB,1,0,0,0
tr|Q57CB4|Q57CB4_BRUAB,1,1,1,1
tr|Q57CB6|Q57CB6_BRUAB,0,0,0,0
tr|Q57CB8|Q57CB8_BRUAB,1,0,1,1
sp|Q57CC4|KUP_BRUAB,0,0,0,0
sp|Q57CD6|CRCB2_BRUAB,0,0,1,0
sp|Q57CD7|CRCB1_BRUAB,0,0,0,0
sp|Q57CD8|Y1365_BRUAB,0,0,0,0
sp|Q57CE4|URED2_BRUAB,0,0,0,0
sp|Q57CE5|UREG2_BRUAB,0,0,1,0
sp|Q57CE6|UREF2_BRUAB,0,0,0,0
tr|Q57CE7|Q57CE7_BRUAB,0,1,0,0
sp|Q57CE9|URE22_BRUAB,0,1,0,0
tr|Q57CG6|Q57CG6_BRUAB,0,0,0,0
tr|Q57CH2|Q57CH2_BRUAB,0,0,0,0
tr|Q57CH8|Q57CH8_BRUAB,0,0,0,0
tr|Q57CI4|Q57CI4_BRUAB,0,1,1,1
sp|Q57CI7|COBQ_BRUAB,0,0,0,0
sp|Q57CK0|CBID_BRUAB,1,1,1,1
tr|Q57CK1|Q57CK1_BRUAB,0,0,0,0
tr|Q57CK3|Q57CK3_BRUAB,0,0,0,0
tr|Q57CK4|Q57CK4_BRUAB,0,0,0,0
sp|Q57CL3|Y1284_BRUAB,0,0,0,0
tr|Q57CM3|Q57CM3_BRUAB,0,0,0,0
tr|Q57CM5|Q57CM5_BRUAB,0,1,0,0
tr|Q57CN1|Q57CN1_BRUAB,0,1,1,1
tr|Q57CP1|Q57CP1_BRUAB,0,0,0,0
tr|Q57CP2|Q57CP2_BRUAB,0,0,0,0
tr|Q57CP3|Q57CP3_BRUAB,0,0,0,0
sp|Q57CP4|RL11_BRUAB,0,1,0,0
sp|Q57CP5|RL1_BRUAB,1,1,0,1
sp|Q57CP8|RPOB_BRUAB,0,0,0,0
sp|Q57CQ3|RS12_BRUAB,0,1,0,0
sp|Q57CQ4|RS7_BRUAB,0,0,0,0
sp|Q57CQ5|EFG_BRUAB,0,0,0,0
sp|Q57CQ7|RS10_BRUAB,1,0,1,1
sp|Q57CQ8|RL3_BRUAB,0,0,0,0
sp|Q57CQ9|RL4_BRUAB,0,0,1,0
sp|Q57CR0|RL23_BRUAB,1,1,1,1
sp|Q57CR1|RL2_BRUAB,0,1,1,1
sp|Q57CR2|RS19_BRUAB,0,0,1,0
sp|Q57CR3|RL22_BRUAB,0,0,0,0
sp|Q57CR4|RS3_BRUAB,0,0,0,0
sp|Q57CR6|RL29_BRUAB,0,0,0,0
sp|Q57CR7|RS17_BRUAB,0,0,0,0
sp|Q57CR8|RL14_BRUAB,1,0,0,0
sp|Q57CR9|RL24_BRUAB,0,1,1,1
sp|Q57CS0|RL5_BRUAB,0,0,0,0
sp|Q57CS1|RS14_BRUAB,0,0,0,0
sp|Q57CS2|RS8_BRUAB,1,0,0,0
sp|Q57CS3|RL6_BRUAB,1,1,1,1
sp|Q57CS4|RL18_BRUAB,0,1,1,1
sp|Q57CS5|RS5_BRUAB,1,0,0,0
sp|Q57CS6|RL30_BRUAB,1,0,1,1
sp|Q57CS7|RL15_BRUAB,1,1,1,1
tr|Q57CS8|Q57CS8_BRUAB,0,0,0,0
sp|Q57CT0|RS13_BRUAB,0,1,1,1
sp|Q57CT1|RS11_BRUAB,1,1,0,1
sp|Q57CT3|RL17_BRUAB,0,1,0,0
tr|Q57CT4|Q57CT4_BRUAB,1,1,1,1
tr|Q57CT5|Q57CT5_BRUAB,0,0,0,0
tr|Q57CU2|Q57CU2_BRUAB,1,0,0,0
sp|Q57CU6|MURI_BRUAB,1,0,0,0
tr|Q57CV2|Q57CV2_BRUAB,0,0,0,0
tr|Q57CW7|Q57CW7_BRUAB,1,1,1,1
tr|Q57CW9|Q57CW9_BRUAB,1,1,1,1
tr|Q57CX0|Q57CX0_BRUAB,0,0,0,0
sp|Q57CX8|EFTS_BRUAB,0,1,1,1
sp|Q57CY0|RRF_BRUAB,0,0,0,0
sp|Q57CY1|ISPT_BRUAB,0,0,0,0
tr|Q57CY3|Q57CY3_BRUAB,0,0,0,0
tr|Q57CY5|Q57CY5_BRUAB,1,1,1,1
tr|Q57CZ0|Q57CZ0_BRUAB,0,0,0,0
tr|Q57CZ1|Q57CZ1_BRUAB,0,0,0,0
tr|Q57CZ6|Q57CZ6_BRUAB,1,1,0,1
sp|Q57CZ7|MOAC_BRUAB,0,0,0,0
sp|Q57CZ8|TRPC_BRUAB,0,0,0,0
sp|Q57CZ9|TRPD_BRUAB,0,0,1,0
tr|Q57D00|Q57D00_BRUAB,0,0,0,0
tr|Q57D02|Q57D02_BRUAB,1,0,1,1
tr|Q57D03|Q57D03_BRUAB,1,1,1,1
sp|Q57D06|KDSA_BRUAB,0,0,0,0
tr|Q57D10|Q57D10_BRUAB,0,0,1,0
tr|Q57D11|Q57D11_BRUAB,0,0,0,0
tr|Q57D12|Q57D12_BRUAB,1,1,1,1
tr|Q57D13|Q57D13_BRUAB,0,1,0,0
tr|Q57D19|Q57D19_BRUAB,0,0,0,0
tr|Q57D21|Q57D21_BRUAB,0,0,0,0
tr|Q57D22|Q57D22_BRUAB,1,0,0,0
tr|Q57D27|Q57D27_BRUAB,1,0,0,0
sp|Q57D38|PHNN_BRUAB,0,0,0,0
sp|Q57D43|PPI1_BRUAB,0,0,0,0
tr|Q57D44|Q57D44_BRUAB,0,1,0,0
sp|Q57D45|QUEA_BRUAB,0,0,0,0
tr|Q57D64|Q57D64_BRUAB,1,1,0,1
tr|Q57D80|Q57D80_BRUAB,0,0,0,0
tr|Q57D87|Q57D87_BRUAB,0,0,0,0
tr|Q57D91|Q57D91_BRUAB,0,0,0,0
tr|Q57D94|Q57D94_BRUAB,1,0,0,0
tr|Q57D99|Q57D99_BRUAB,0,0,1,0
tr|Q57DA0|Q57DA0_BRUAB,0,0,0,0
tr|Q57DA1|Q57DA1_BRUAB,0,0,0,0
tr|Q57DA5|Q57DA5_BRUAB,1,1,1,1
tr|Q57DB1|Q57DB1_BRUAB,0,0,0,0
tr|Q57DB2|Q57DB2_BRUAB,0,0,0,0
tr|Q57DB6|Q57DB6_BRUAB,0,0,0,0
tr|Q57DB9|Q57DB9_BRUAB,0,1,0,0
tr|Q57DC4|Q57DC4_BRUAB,1,0,0,0
tr|Q57DC5|Q57DC5_BRUAB,1,1,0,1
tr|Q57DC9|Q57DC9_BRUAB,0,0,0,0
tr|Q57DD3|Q57DD3_BRUAB,0,0,0,0
tr|Q57DD6|Q57DD6_BRUAB,0,0,0,0
tr|Q57DD7|Q57DD7_BRUAB,0,1,0,0
tr|Q57DD8|Q57DD8_BRUAB,1,1,1,1
tr|Q57DG1|Q57DG1_BRUAB,1,0,0,0
tr|Q57DH3|Q57DH3_BRUAB,0,0,0,0
tr|Q57DH7|Q57DH7_BRUAB,0,0,0,0
tr|Q57DJ3|Q57DJ3_BRUAB,1,0,0,0
tr|Q57DJ5|Q57DJ5_BRUAB,1,0,0,0
tr|Q57DK2|Q57DK2_BRUAB,1,1,1,1
tr|Q57DK3|Q57DK3_BRUAB,0,0,1,0
sp|Q57DK8|GATB_BRUAB,0,0,0,0
sp|Q57DM1|SURE_BRUAB,1,0,0,0
tr|Q57DM3|Q57DM3_BRUAB,0,0,0,0
tr|Q57DM4|Q57DM4_BRUAB,1,1,1,1
sp|Q57DM5|TATA_BRUAB,0,0,1,0
sp|Q57DN0|SYR_BRUAB,0,0,0,0
sp|Q57DN9|COBT_BRUAB,0,0,0,0
tr|Q57DP9|Q57DP9_BRUAB,1,1,1,1
sp|Q57DR3|PUR7_BRUAB,0,0,0,0
tr|Q57DR4|Q57DR4_BRUAB,0,0,1,0
tr|Q57DS2|Q57DS2_BRUAB,0,0,0,0
sp|Q57DS5|RS4_BRUAB,1,0,1,1
tr|Q57DS8|Q57DS8_BRUAB,0,0,0,0
sp|Q57DS9|LOLD_BRUAB,0,0,0,0
sp|Q57DT1|SYP_BRUAB,1,0,1,1
tr|Q57DU0|Q57DU0_BRUAB,0,0,0,0
tr|Q57DU2|Q57DU2_BRUAB,0,0,0,0
sp|Q57DU4|NUOH_BRUAB,0,0,0,0
tr|Q57DU5|Q57DU5_BRUAB,0,0,0,0
tr|Q57DU6|Q57DU6_BRUAB,0,1,0,0
sp|Q57DU8|NUOD_BRUAB,0,0,0,0
sp|Q57DU9|NUOC_BRUAB,0,0,0,0
sp|Q57DW1|RL13_BRUAB,0,0,0,0
sp|Q57DW2|RS9_BRUAB,0,1,1,1
sp|Q57DW4|ARGC_BRUAB,0,1,0,0
sp|Q57DX3|IHFA_BRUAB,0,0,0,0
sp|Q57DY0|NUSB_BRUAB,0,0,0,0
sp|Q57DY4|NRDR_BRUAB,0,0,0,0
tr|Q57DZ2|Q57DZ2_BRUAB,0,0,1,0
sp|Q57DZ4|BPT_BRUAB,1,0,1,1
tr|Q57DZ9|Q57DZ9_BRUAB,0,0,0,0
tr|Q57E23|Q57E23_BRUAB,0,0,0,0
sp|Q57E30|PUR5_BRUAB,0,1,0,0
sp|Q57E41|UVRC_BRUAB,0,0,0,0
tr|Q57E55|Q57E55_BRUAB,1,1,1,1
tr|Q57E61|Q57E61_BRUAB,1,0,0,0
sp|Q57E65|SYC_BRUAB,0,0,0,0
tr|Q57E69|Q57E69_BRUAB,1,0,1,1
sp|Q57E78|RECO_BRUAB,0,0,0,0
tr|Q57E79|Q57E79_BRUAB,1,0,0,0
tr|Q57E82|Q57E82_BRUAB,1,1,0,1
sp|Q57E83|ACPS_BRUAB,0,0,0,0
sp|Q57E91|RPOZ_BRUAB,0,0,0,0
sp|Q57E95|SSRP_BRUAB,0,0,1,0
tr|Q57EB7|Q57EB7_BRUAB,0,0,0,0
tr|Q57EB9|Q57EB9_BRUAB,1,1,1,1
tr|Q57EC0|Q57EC0_BRUAB,0,0,0,0
tr|Q57EC3|Q57EC3_BRUAB,0,0,0,0
tr|Q57EC4|Q57EC4_BRUAB,0,0,0,0
tr|Q57ED0|Q57ED0_BRUAB,0,0,0,0
tr|Q57EF2|Q57EF2_BRUAB,0,0,0,0
tr|Q57EF8|Q57EF8_BRUAB,0,0,0,0
tr|Q57EG8|Q57EG8_BRUAB,1,0,1,1
tr|Q57EG9|Q57EG9_BRUAB,0,0,0,0
tr|Q57EH0|Q57EH0_BRUAB,1,0,1,1
sp|Q57EH9|BETI_BRUAB,1,0,0,0
tr|Q57EI3|Q57EI3_BRUAB,1,1,0,1
sp|Q57EI4|XYLA_BRUAB,0,0,0,0
tr|Q57EJ2|Q57EJ2_BRUAB,0,0,0,0
tr|Q57EK3|Q57EK3_BRUAB,0,0,0,0
tr|Q57EK5|Q57EK5_BRUAB,0,0,0,0
tr|Q57EL5|Q57EL5_BRUAB,1,0,0,0
sp|Q57EL6|ALLA_BRUAB,0,0,0,0
tr|Q57EM1|Q57EM1_BRUAB,0,0,0,0
tr|Q57EM2|Q57EM2_BRUAB,0,0,0,0
tr|Q57EM8|Q57EM8_BRUAB,0,1,0,0
tr|Q57EN7|Q57EN7_BRUAB,0,1,0,0
tr|Q57EP3|Q57EP3_BRUAB,0,0,0,0
sp|Q57EP5|KHSE_BRUAB,0,0,0,0
tr|Q57EP8|Q57EP8_BRUAB,0,0,0,0
tr|Q57EQ0|Q57EQ0_BRUAB,0,0,0,0
sp|Q57EQ3|KGUA_BRUAB,0,0,0,0
tr|Q57EQ5|Q57EQ5_BRUAB,1,1,1,1
tr|Q57EQ6|Q57EQ6_BRUAB,1,1,1,1
sp|Q57EQ8|ACP_BRUAB,0,1,1,1
tr|Q57EQ9|Q57EQ9_BRUAB,1,0,1,1
tr|Q57ER0|Q57ER0_BRUAB,0,1,0,0
sp|Q57ER2|RS6_BRUAB,0,1,0,0
sp|Q57ER3|RS18_BRUAB,0,0,0,0
sp|Q57ER5|RL9_BRUAB,1,1,1,1
tr|Q57ER7|Q57ER7_BRUAB,0,0,0,0
tr|Q57ER8|Q57ER8_BRUAB,0,0,0,0
tr|Q57ES1|Q57ES1_BRUAB,0,0,0,0
tr|Q57ES3|Q57ES3_BRUAB,0,0,0,0
tr|Q57ET6|Q57ET6_BRUAB,1,1,0,1
tr|Q57EU5|Q57EU5_BRUAB,0,0,0,0
tr|Q57EV1|Q57EV1_BRUAB,0,0,0,0
tr|Q57EW0|Q57EW0_BRUAB,0,0,0,0
tr|Q57EW1|Q57EW1_BRUAB,0,0,0,0
sp|Q57EW2|SYGA_BRUAB,1,0,0,0
tr|Q57EW6|Q57EW6_BRUAB,0,0,1,0
sp|Q57EY0|ATP6_BRUAB,0,0,0,0
tr|Q57EY1|Q57EY1_BRUAB,1,0,0,0
sp|Q57EY6|DER_BRUAB,1,0,0,0
tr|Q57EZ3|Q57EZ3_BRUAB,0,0,0,0
tr|Q57EZ6|Q57EZ6_BRUAB,1,1,1,1
tr|Q57F06|Q57F06_BRUAB,0,0,0,0
tr|Q57F13|Q57F13_BRUAB,0,0,0,0
tr|Q57F15|Q57F15_BRUAB,1,1,0,1
tr|Q57F16|Q57F16_BRUAB,0,0,0,0
tr|Q57F17|Q57F17_BRUAB,0,0,0,0
tr|Q57F25|Q57F25_BRUAB,0,0,0,0
tr|Q57F28|Q57F28_BRUAB,0,0,0,0
tr|Q57F38|Q57F38_BRUAB,0,0,0,0
tr|Q57F39|Q57F39_BRUAB,0,0,0,0
sp|Q57F40|MSCL_BRUAB,1,0,1,1
tr|Q57F42|Q57F42_BRUAB,0,0,0,0
tr|Q57F44|Q57F44_BRUAB,0,0,0,0
sp|Q57F56|OTC_BRUAB,0,0,0,0
tr|Q57F61|Q57F61_BRUAB,0,0,0,0
tr|Q57F66|Q57F66_BRUAB,0,0,0,0
tr|Q57F76|Q57F76_BRUAB,0,0,0,0
tr|Q57F81|Q57F81_BRUAB,0,0,0,0
sp|Q57F88|URED1_BRUAB,0,0,0,0
tr|Q57FA4|Q57FA4_BRUAB,1,1,1,1
tr|Q57FD7|Q57FD7_BRUAB,0,0,0,0
tr|Q57FF3|Q57FF3_BRUAB,0,0,0,0
tr|Q57FG6|Q57FG6_BRUAB,0,0,1,0
tr|Q57FG8|Q57FG8_BRUAB,0,0,0,0
tr|Q57FH8|Q57FH8_BRUAB,1,0,0,0
tr|Q57FJ0|Q57FJ0_BRUAB,0,1,1,1
tr|Q57FJ8|Q57FJ8_BRUAB,0,0,0,0
tr|Q57FK0|Q57FK0_BRUAB,0,0,0,0
tr|Q57FK1|Q57FK1_BRUAB,0,0,0,0
tr|Q57FK5|Q57FK5_BRUAB,1,0,1,1
tr|Q57FL6|Q57FL6_BRUAB,0,1,0,0
tr|Q57FL8|Q57FL8_BRUAB,0,0,0,0
sp|Q57FM3|IHFB_BRUAB,1,0,1,1
sp|Q57FM9|MUTS_BRUAB,0,0,0,0
tr|Q57FN1|Q57FN1_BRUAB,0,0,0,0
tr|Q57FN2|Q57FN2_BRUAB,0,0,0,0
tr|Q57FP2|Q57FP2_BRUAB,0,1,0,0
tr|Q57FP4|Q57FP4_BRUAB,0,0,0,0
tr|Q57FP8|Q57FP8_BRUAB,0,0,0,0
sp|Q57FQ9|PNCB_BRUAB,0,0,0,0
tr|Q57FR3|Q57FR3_BRUAB,0,0,0,0
tr|Q57FS4|Q57FS4_BRUAB,0,0,1,0
tr|Q57FS5|Q57FS5_BRUAB,0,0,0,0
tr|Q57FS6|Q57FS6_BRUAB,0,0,0,0
tr|Q57FS8|Q57FS8_BRUAB,0,1,0,0
tr|Q57FT5|Q57FT5_BRUAB,1,0,1,1
sp|Q57FT6|PHS_BRUAB,0,0,1,0
sp|Q57FU2|ASSY_BRUAB,0,0,0,0
sp|Q57FU7|DNAE2_BRUAB,0,0,0,0
tr|Q57FV9|Q57FV9_BRUAB,1,1,1,1
tr|Q57FX0|Q57FX0_BRUAB,0,0,0,0
tr|Q57FX1|Q57FX1_BRUAB,1,0,0,0
tr|Q57FX2|Q57FX2_BRUAB,0,0,0,0
sp|Q57FX6|KDSB_BRUAB,0,0,0,0
tr|Q57FX7|Q57FX7_BRUAB,0,0,0,0
tr|Q57FY0|Q57FY0_BRUAB,0,0,0,0
sp|Q57FY1|Y033_BRUAB,0,1,1,1
sp|Q57FY2|RECR_BRUAB,0,0,0,0
tr|Q57FY6|Q57FY6_BRUAB,0,1,0,0
sp|Q57FY7|KCY_BRUAB,0,0,0,0
sp|Q57G08|RECF_BRUAB,0,0,0,0
tr|Q57G09|Q57G09_BRUAB,0,0,1,0
sp|Q57G10|DNAA_BRUAB,0,0,0,0
sp|Q8VQK3|Y1030_BRUAB,0,1,0,0
sp|Q8VQK4|Y1031_BRUAB,0,0,0,0
sp|Q8VQK5|Y1032_BRUAB,0,0,0,0
sp|Q8VQK6|Y1033_BRUAB,0,0,0,0
sp|Q8VQK7|Y1034_BRUAB,1,0,0,0
sp|Q8VW57|RL21_BRUAB,1,1,1,1
sp|Q8VW58|RL27_BRUAB,1,1,1,1
sp|Q9AEQ5|PTH_BRUAB,1,0,1,1
sp|Q9L560|PGK_BRUAB,1,0,0,0
sp|Q9L7X5|CLPX_BRUAB,0,0,0,0
sp|Q9L7X6|CLPP_BRUAB,1,0,0,0
tr|F8WJP9|F8WJP9_BRUAB,1,0,0,0
tr|F8WJQ0|F8WJQ0_BRUAB,0,0,0,0
tr|F8WJQ1|F8WJQ1_BRUAB,0,0,0,0
tr|F8WJQ2|F8WJQ2_BRUAB,1,0,0,0
tr|F8WJQ3|F8WJQ3_BRUAB,0,0,0,0
tr|F8WJQ4|F8WJQ4_BRUAB,1,0,0,0
tr|F8WJQ5|F8WJQ5_BRUAB,0,0,0,0
tr|F8WJQ6|F8WJQ6_BRUAB,1,1,0,1
tr|F8WJQ8|F8WJQ8_BRUAB,0,1,0,0
tr|F8WJR0|F8WJR0_BRUAB,1,1,1,1
tr|F8WJR1|F8WJR1_BRUAB,0,0,0,0
tr|F8WJR2|F8WJR2_BRUAB,0,0,0,0
tr|F8WJR3|F8WJR3_BRUAB,0,0,0,0
tr|F8WJR4|F8WJR4_BRUAB,0,0,0,0
tr|F8WJR5|F8WJR5_BRUAB,1,0,0,0
tr|F8WJR6|F8WJR6_BRUAB,0,0,0,0
tr|F8WJR7|F8WJR7_BRUAB,0,0,0,0
tr|F8WJR8|F8WJR8_BRUAB,0,1,0,0
tr|F8WJR9|F8WJR9_BRUAB,0,0,0,0
tr|F8WJS0|F8WJS0_BRUAB,0,0,0,0
tr|F8WJS1|F8WJS1_BRUAB,1,1,1,1
tr|F8WJS2|F8WJS2_BRUAB,1,1,0,1
tr|F8WJS3|F8WJS3_BRUAB,0,0,0,0
tr|F8WJS4|F8WJS4_BRUAB,1,1,1,1
tr|F8WJS5|F8WJS5_BRUAB,1,1,1,1
tr|F8WJS6|F8WJS6_BRUAB,0,0,0,0
tr|F8WJS7|F8WJS7_BRUAB,1,0,0,0
tr|F8WJS8|F8WJS8_BRUAB,0,0,0,0
tr|F8WJS9|F8WJS9_BRUAB,0,0,0,0
tr|F8WJT0|F8WJT0_BRUAB,1,0,0,0
tr|F8WJT1|F8WJT1_BRUAB,0,0,0,0
tr|F8WJT2|F8WJT2_BRUAB,1,0,0,0
tr|F8WJT3|F8WJT3_BRUAB,0,0,0,0
tr|F8WJT5|F8WJT5_BRUAB,0,0,0,0
tr|F8WJT6|F8WJT6_BRUAB,0,0,0,0
tr|F8WJT8|F8WJT8_BRUAB,1,0,0,0
tr|F8WJT9|F8WJT9_BRUAB,0,0,0,0
tr|F8WJU1|F8WJU1_BRUAB,0,0,0,0
tr|F8WJU2|F8WJU2_BRUAB,1,1,1,1
tr|F8WJU3|F8WJU3_BRUAB,0,0,0,0
tr|F8WJU4|F8WJU4_BRUAB,1,1,1,1
tr|F8WJU6|F8WJU6_BRUAB,0,0,0,0
tr|F8WJU7|F8WJU7_BRUAB,1,1,1,1
tr|F8WJU8|F8WJU8_BRUAB,0,0,0,0
tr|F8WJU9|F8WJU9_BRUAB,0,0,0,0
tr|F8WJV0|F8WJV0_BRUAB,0,0,0,0
tr|F8WJV1|F8WJV1_BRUAB,1,0,0,0
tr|F8WJV2|F8WJV2_BRUAB,0,0,0,0
tr|F8WJV3|F8WJV3_BRUAB,0,1,0,0
tr|F8WJV4|F8WJV4_BRUAB,0,0,0,0
sp|P0A3T3|BCSP_BRUAB,1,1,1,1
sp|P0C525|VIRB4_BRUAB,0,0,0,0
sp|P0C526|VIRB3_BRUAB,0,0,1,0
sp|P0C533|VIRB9_BRUAB,1,1,0,1
sp|P0C536|YN58_BRUAB,1,1,1,1
tr|Q576C6|Q576C6_BRUAB,0,0,0,0
tr|Q576C7|Q576C7_BRUAB,0,0,0,0
tr|Q576C8|Q576C8_BRUAB,0,0,0,0
tr|Q576C9|Q576C9_BRUAB,1,0,1,1
tr|Q576D1|Q576D1_BRUAB,0,0,0,0
tr|Q576D2|Q576D2_BRUAB,0,0,0,0
tr|Q576D3|Q576D3_BRUAB,0,0,0,0
sp|Q576D4|LIVB5_BRUAB,1,1,0,1
tr|Q576D5|Q576D5_BRUAB,0,0,0,0
tr|Q576D6|Q576D6_BRUAB,0,0,0,0
tr|Q576D8|Q576D8_BRUAB,0,1,0,0
tr|Q576E2|Q576E2_BRUAB,0,0,0,0
tr|Q576E3|Q576E3_BRUAB,0,1,0,0
tr|Q576E4|Q576E4_BRUAB,0,0,0,0
tr|Q576E5|Q576E5_BRUAB,0,0,0,0
tr|Q576E6|Q576E6_BRUAB,1,0,1,1
tr|Q576E7|Q576E7_BRUAB,0,0,0,0
tr|Q576E8|Q576E8_BRUAB,0,0,1,0
tr|Q576E9|Q576E9_BRUAB,0,0,0,0
tr|Q576F0|Q576F0_BRUAB,0,0,0,0
tr|Q576F1|Q576F1_BRUAB,0,0,0,0
tr|Q576F2|Q576F2_BRUAB,1,0,1,1
tr|Q576F3|Q576F3_BRUAB,0,1,0,0
tr|Q576F4|Q576F4_BRUAB,0,0,0,0
tr|Q576F5|Q576F5_BRUAB,1,0,1,1
tr|Q576F6|Q576F6_BRUAB,0,0,0,0
tr|Q576F7|Q576F7_BRUAB,0,0,0,0
tr|Q576F8|Q576F8_BRUAB,0,0,0,0
tr|Q576F9|Q576F9_BRUAB,0,0,0,0
tr|Q576G0|Q576G0_BRUAB,0,0,0,0
tr|Q576G1|Q576G1_BRUAB,0,0,0,0
tr|Q576G2|Q576G2_BRUAB,0,0,0,0
tr|Q576G3|Q576G3_BRUAB,1,0,0,0
tr|Q576G4|Q576G4_BRUAB,0,0,0,0
tr|Q576G5|Q576G5_BRUAB,0,0,0,0
tr|Q576G6|Q576G6_BRUAB,0,0,1,0
tr|Q576G7|Q576G7_BRUAB,0,0,1,0
tr|Q576G8|Q576G8_BRUAB,0,0,0,0
tr|Q576G9|Q576G9_BRUAB,0,0,1,0
tr|Q576H0|Q576H0_BRUAB,0,0,0,0
tr|Q576H1|Q576H1_BRUAB,1,1,0,1
tr|Q576H2|Q576H2_BRUAB,0,0,1,0
tr|Q576H4|Q576H4_BRUAB,0,1,1,1
tr|Q576H5|Q576H5_BRUAB,0,0,0,0
tr|Q576H6|Q576H6_BRUAB,1,1,1,1
tr|Q576H9|Q576H9_BRUAB,0,0,1,0
tr|Q576I0|Q576I0_BRUAB,1,1,1,1
tr|Q576I1|Q576I1_BRUAB,1,0,0,0
tr|Q576I2|Q576I2_BRUAB,1,1,1,1
tr|Q576I3|Q576I3_BRUAB,0,0,1,0
tr|Q576I8|Q576I8_BRUAB,1,0,0,0
tr|Q576J0|Q576J0_BRUAB,1,1,1,1
tr|Q576J3|Q576J3_BRUAB,0,1,1,1
tr|Q576J4|Q576J4_BRUAB,0,0,1,0
tr|Q576J5|Q576J5_BRUAB,1,0,0,0
tr|Q576J6|Q576J6_BRUAB,0,0,1,0
tr|Q576J7|Q576J7_BRUAB,1,1,0,1
tr|Q576J8|Q576J8_BRUAB,0,0,0,0
tr|Q576J9|Q576J9_BRUAB,1,0,0,0
tr|Q576K2|Q576K2_BRUAB,1,0,0,0
tr|Q576K3|Q576K3_BRUAB,0,0,0,0
tr|Q576K4|Q576K4_BRUAB,0,1,0,0
tr|Q576K5|Q576K5_BRUAB,1,0,1,1
tr|Q576K6|Q576K6_BRUAB,0,1,1,1
tr|Q576K7|Q576K7_BRUAB,0,1,1,1
tr|Q576K8|Q576K8_BRUAB,1,0,1,1
tr|Q576L0|Q576L0_BRUAB,1,1,0,1
tr|Q576L1|Q576L1_BRUAB,0,0,0,0
tr|Q576L3|Q576L3_BRUAB,0,0,0,0
tr|Q576L8|Q576L8_BRUAB,0,0,0,0
tr|Q576M2|Q576M2_BRUAB,0,0,0,0
tr|Q576N0|Q576N0_BRUAB,0,0,0,0
tr|Q576N2|Q576N2_BRUAB,0,0,0,0
tr|Q576N5|Q576N5_BRUAB,0,0,0,0
tr|Q576P0|Q576P0_BRUAB,1,0,0,0
tr|Q576P2|Q576P2_BRUAB,0,0,1,0
tr|Q576P4|Q576P4_BRUAB,0,1,1,1
tr|Q576P5|Q576P5_BRUAB,1,0,1,1
tr|Q576P6|Q576P6_BRUAB,0,0,0,0
tr|Q576P7|Q576P7_BRUAB,0,0,0,0
tr|Q576Q1|Q576Q1_BRUAB,0,0,0,0
tr|Q576Q4|Q576Q4_BRUAB,1,0,1,1
tr|Q576Q6|Q576Q6_BRUAB,0,0,0,0
tr|Q576Q7|Q576Q7_BRUAB,0,0,0,0
tr|Q576Q8|Q576Q8_BRUAB,0,0,0,0
tr|Q576Q9|Q576Q9_BRUAB,1,0,0,0
tr|Q576R0|Q576R0_BRUAB,0,0,0,0
tr|Q576R1|Q576R1_BRUAB,1,0,0,0
tr|Q576R2|Q576R2_BRUAB,0,0,0,0
tr|Q576R5|Q576R5_BRUAB,0,0,0,0
tr|Q576R8|Q576R8_BRUAB,0,1,1,1
tr|Q576R9|Q576R9_BRUAB,1,0,0,0
tr|Q576S1|Q576S1_BRUAB,0,0,0,0
tr|Q576S2|Q576S2_BRUAB,0,0,0,0
tr|Q576S4|Q576S4_BRUAB,0,0,1,0
tr|Q576S6|Q576S6_BRUAB,0,0,1,0
tr|Q576S7|Q576S7_BRUAB,1,0,0,0
tr|Q576S8|Q576S8_BRUAB,0,0,0,0
tr|Q576T2|Q576T2_BRUAB,0,0,0,0
tr|Q576T4|Q576T4_BRUAB,1,1,1,1
tr|Q576T6|Q576T6_BRUAB,1,0,1,1
tr|Q576T7|Q576T7_BRUAB,1,0,0,0
tr|Q576U3|Q576U3_BRUAB,1,0,0,0
tr|Q576U4|Q576U4_BRUAB,1,0,0,0
tr|Q576U5|Q576U5_BRUAB,0,0,0,0
tr|Q576U6|Q576U6_BRUAB,0,1,1,1
tr|Q576U7|Q576U7_BRUAB,0,0,1,0
tr|Q576U8|Q576U8_BRUAB,0,0,0,0
tr|Q576U9|Q576U9_BRUAB,1,0,1,1
tr|Q576V0|Q576V0_BRUAB,1,1,0,1
tr|Q576V1|Q576V1_BRUAB,0,0,0,0
tr|Q576V2|Q576V2_BRUAB,0,0,0,0
tr|Q576V3|Q576V3_BRUAB,0,0,0,0
tr|Q576V4|Q576V4_BRUAB,0,0,0,0
tr|Q576V5|Q576V5_BRUAB,1,0,0,0
tr|Q576W0|Q576W0_BRUAB,1,0,0,0
tr|Q576W1|Q576W1_BRUAB,0,0,0,0
tr|Q576W4|Q576W4_BRUAB,1,0,1,1
tr|Q576W5|Q576W5_BRUAB,0,0,0,0
tr|Q576W6|Q576W6_BRUAB,1,0,0,0
tr|Q576W7|Q576W7_BRUAB,1,1,0,1
tr|Q576W8|Q576W8_BRUAB,0,0,0,0
tr|Q576W9|Q576W9_BRUAB,1,0,0,0
tr|Q576X1|Q576X1_BRUAB,0,0,0,0
tr|Q576X2|Q576X2_BRUAB,0,0,0,0
tr|Q576X3|Q576X3_BRUAB,0,0,0,0
tr|Q576X4|Q576X4_BRUAB,0,0,0,0
tr|Q576X5|Q576X5_BRUAB,0,0,0,0
tr|Q576X6|Q576X6_BRUAB,0,0,0,0
tr|Q576X7|Q576X7_BRUAB,1,0,0,0
tr|Q576X8|Q576X8_BRUAB,0,0,1,0
tr|Q576Y0|Q576Y0_BRUAB,1,1,0,1
tr|Q576Y1|Q576Y1_BRUAB,0,0,0,0
tr|Q576Y2|Q576Y2_BRUAB,0,0,1,0
tr|Q576Y3|Q576Y3_BRUAB,0,0,0,0
tr|Q576Y4|Q576Y4_BRUAB,0,0,0,0
tr|Q576Y5|Q576Y5_BRUAB,1,0,0,0
tr|Q576Y6|Q576Y6_BRUAB,1,1,1,1
tr|Q576Y7|Q576Y7_BRUAB,0,0,0,0
tr|Q576Y8|Q576Y8_BRUAB,0,0,0,0
tr|Q576Y9|Q576Y9_BRUAB,0,0,0,0
tr|Q576Z0|Q576Z0_BRUAB,1,1,1,1
tr|Q576Z1|Q576Z1_BRUAB,0,0,0,0
tr|Q576Z3|Q576Z3_BRUAB,0,1,1,1
tr|Q576Z4|Q576Z4_BRUAB,0,0,0,0
tr|Q576Z5|Q576Z5_BRUAB,1,0,1,1
tr|Q576Z6|Q576Z6_BRUAB,0,0,0,0
tr|Q576Z8|Q576Z8_BRUAB,0,0,0,0
tr|Q576Z9|Q576Z9_BRUAB,0,0,0,0
tr|Q577A0|Q577A0_BRUAB,0,0,0,0
tr|Q577A1|Q577A1_BRUAB,0,0,0,0
tr|Q577A2|Q577A2_BRUAB,0,0,0,0
tr|Q577A3|Q577A3_BRUAB,0,0,0,0
tr|Q577A4|Q577A4_BRUAB,1,0,0,0
tr|Q577A7|Q577A7_BRUAB,0,0,0,0
tr|Q577A9|Q577A9_BRUAB,1,0,1,1
tr|Q577B1|Q577B1_BRUAB,0,0,0,0
tr|Q577B2|Q577B2_BRUAB,0,0,0,0
tr|Q577B3|Q577B3_BRUAB,1,0,0,0
tr|Q577B5|Q577B5_BRUAB,0,0,0,0
tr|Q577B6|Q577B6_BRUAB,0,0,0,0
tr|Q577B7|Q577B7_BRUAB,0,0,0,0
tr|Q577B8|Q577B8_BRUAB,0,1,0,0
tr|Q577B9|Q577B9_BRUAB,1,0,0,0
tr|Q577C0|Q577C0_BRUAB,1,0,0,0
tr|Q577C1|Q577C1_BRUAB,0,0,1,0
tr|Q577C2|Q577C2_BRUAB,0,0,0,0
tr|Q577C3|Q577C3_BRUAB,0,0,0,0
tr|Q577C4|Q577C4_BRUAB,0,1,0,0
tr|Q577C5|Q577C5_BRUAB,1,1,1,1
tr|Q577C6|Q577C6_BRUAB,1,1,1,1
sp|Q577C7|NRDI_BRUAB,1,1,1,1
tr|Q577D0|Q577D0_BRUAB,1,0,0,0
tr|Q577D1|Q577D1_BRUAB,0,0,1,0
tr|Q577D2|Q577D2_BRUAB,1,0,0,0
tr|Q577D6|Q577D6_BRUAB,0,1,0,0
tr|Q577D7|Q577D7_BRUAB,1,1,1,1
tr|Q577D8|Q577D8_BRUAB,1,0,0,0
tr|Q577E0|Q577E0_BRUAB,0,0,0,0
tr|Q577E1|Q577E1_BRUAB,0,0,0,0
tr|Q577E2|Q577E2_BRUAB,0,0,0,0
tr|Q577E3|Q577E3_BRUAB,0,0,0,0
tr|Q577E4|Q577E4_BRUAB,0,0,0,0
tr|Q577E5|Q577E5_BRUAB,1,0,0,0
tr|Q577E6|Q577E6_BRUAB,1,1,1,1
tr|Q577E7|Q577E7_BRUAB,0,0,1,0
tr|Q577E8|Q577E8_BRUAB,1,1,1,1
tr|Q577E9|Q577E9_BRUAB,0,0,0,0
tr|Q577F2|Q577F2_BRUAB,1,0,0,0
tr|Q577F3|Q577F3_BRUAB,0,0,0,0
tr|Q577F5|Q577F5_BRUAB,0,0,1,0
tr|Q577F6|Q577F6_BRUAB,0,0,0,0
tr|Q577F8|Q577F8_BRUAB,0,1,0,0
tr|Q577F9|Q577F9_BRUAB,1,1,1,1
tr|Q577G0|Q577G0_BRUAB,0,0,1,0
tr|Q577G2|Q577G2_BRUAB,1,0,1,1
tr|Q577G5|Q577G5_BRUAB,0,0,0,0
tr|Q577G6|Q577G6_BRUAB,0,0,0,0
tr|Q577G7|Q577G7_BRUAB,0,0,0,0
tr|Q577G8|Q577G8_BRUAB,0,0,0,0
tr|Q577G9|Q577G9_BRUAB,0,1,1,1
sp|Q577H1|Y820_BRUAB,0,0,1,0
tr|Q577H2|Q577H2_BRUAB,0,0,0,0
tr|Q577H3|Q577H3_BRUAB,0,0,0,0
tr|Q577H4|Q577H4_BRUAB,0,0,0,0
tr|Q577H5|Q577H5_BRUAB,0,0,0,0
tr|Q577H7|Q577H7_BRUAB,1,0,0,0
tr|Q577H8|Q577H8_BRUAB,0,0,0,0
tr|Q577H9|Q577H9_BRUAB,1,0,0,0
tr|Q577I0|Q577I0_BRUAB,1,0,1,1
tr|Q577I1|Q577I1_BRUAB,0,0,0,0
sp|Q577I2|LIVB8_BRUAB,1,1,1,1
tr|Q577I3|Q577I3_BRUAB,0,0,0,0
tr|Q577I4|Q577I4_BRUAB,0,0,0,0
tr|Q577I5|Q577I5_BRUAB,0,0,0,0
tr|Q577I6|Q577I6_BRUAB,0,0,0,0
tr|Q577I7|Q577I7_BRUAB,1,0,0,0
tr|Q577I8|Q577I8_BRUAB,1,1,0,1
tr|Q577I9|Q577I9_BRUAB,0,0,0,0
tr|Q577J1|Q577J1_BRUAB,0,0,0,0
tr|Q577J2|Q577J2_BRUAB,0,0,0,0
tr|Q577J3|Q577J3_BRUAB,0,0,0,0
tr|Q577J6|Q577J6_BRUAB,0,0,0,0
tr|Q577J9|Q577J9_BRUAB,0,0,0,0
tr|Q577K2|Q577K2_BRUAB,1,0,1,1
tr|Q577K3|Q577K3_BRUAB,0,0,0,0
tr|Q577K4|Q577K4_BRUAB,1,0,0,0
tr|Q577K5|Q577K5_BRUAB,0,0,0,0
tr|Q577K6|Q577K6_BRUAB,0,0,1,0
tr|Q577K7|Q577K7_BRUAB,1,0,0,0
tr|Q577K8|Q577K8_BRUAB,0,0,0,0
tr|Q577L0|Q577L0_BRUAB,0,0,0,0
tr|Q577L1|Q577L1_BRUAB,1,1,1,1
tr|Q577L2|Q577L2_BRUAB,0,0,0,0
tr|Q577L3|Q577L3_BRUAB,1,0,1,1
tr|Q577L6|Q577L6_BRUAB,0,0,0,0
tr|Q577L7|Q577L7_BRUAB,0,0,0,0
tr|Q577L8|Q577L8_BRUAB,0,0,0,0
tr|Q577L9|Q577L9_BRUAB,0,0,1,0
tr|Q577M0|Q577M0_BRUAB,0,0,0,0
tr|Q577M1|Q577M1_BRUAB,0,0,0,0
tr|Q577M2|Q577M2_BRUAB,0,1,1,1
tr|Q577M3|Q577M3_BRUAB,0,0,0,0
tr|Q577M4|Q577M4_BRUAB,1,1,0,1
tr|Q577M5|Q577M5_BRUAB,0,0,0,0
tr|Q577M6|Q577M6_BRUAB,1,0,0,0
tr|Q577M7|Q577M7_BRUAB,0,0,0,0
tr|Q577M8|Q577M8_BRUAB,0,0,0,0
tr|Q577M9|Q577M9_BRUAB,0,0,0,0
tr|Q577N0|Q577N0_BRUAB,0,0,0,0
tr|Q577N1|Q577N1_BRUAB,0,0,0,0
tr|Q577N2|Q577N2_BRUAB,1,1,1,1
tr|Q577N3|Q577N3_BRUAB,1,0,0,0
tr|Q577N4|Q577N4_BRUAB,0,0,0,0
tr|Q577N5|Q577N5_BRUAB,0,1,1,1
tr|Q577N6|Q577N6_BRUAB,1,1,1,1
tr|Q577N7|Q577N7_BRUAB,0,0,0,0
tr|Q577N8|Q577N8_BRUAB,1,0,0,0
tr|Q577N9|Q577N9_BRUAB,0,0,0,0
tr|Q577P0|Q577P0_BRUAB,0,1,0,0
tr|Q577P1|Q577P1_BRUAB,1,0,1,1
tr|Q577P2|Q577P2_BRUAB,0,0,0,0
tr|Q577P7|Q577P7_BRUAB,0,0,0,0
tr|Q577P9|Q577P9_BRUAB,1,0,0,0
tr|Q577Q0|Q577Q0_BRUAB,0,0,0,0
tr|Q577Q1|Q577Q1_BRUAB,1,0,1,1
tr|Q577Q2|Q577Q2_BRUAB,0,0,1,0
tr|Q577Q3|Q577Q3_BRUAB,0,0,0,0
tr|Q577Q4|Q577Q4_BRUAB,1,0,1,1
tr|Q577Q5|Q577Q5_BRUAB,0,0,0,0
tr|Q577Q6|Q577Q6_BRUAB,0,0,0,0
tr|Q577Q7|Q577Q7_BRUAB,0,0,0,0
tr|Q577Q8|Q577Q8_BRUAB,0,0,0,0
tr|Q577Q9|Q577Q9_BRUAB,0,0,0,0
tr|Q577R0|Q577R0_BRUAB,1,0,0,0
tr|Q577R1|Q577R1_BRUAB,0,0,0,0
tr|Q577R2|Q577R2_BRUAB,1,1,1,1
tr|Q577R3|Q577R3_BRUAB,0,0,0,0
tr|Q577R4|Q577R4_BRUAB,0,0,0,0
tr|Q577R8|Q577R8_BRUAB,0,0,0,0
tr|Q577R9|Q577R9_BRUAB,1,0,0,0
tr|Q577S0|Q577S0_BRUAB,1,1,1,1
tr|Q577S1|Q577S1_BRUAB,1,1,1,1
tr|Q577S2|Q577S2_BRUAB,0,0,0,0
tr|Q577S3|Q577S3_BRUAB,0,0,0,0
tr|Q577S4|Q577S4_BRUAB,1,0,0,0
tr|Q577S5|Q577S5_BRUAB,1,0,1,1
tr|Q577S6|Q577S6_BRUAB,1,0,1,1
tr|Q577S8|Q577S8_BRUAB,1,1,0,1
tr|Q577S9|Q577S9_BRUAB,0,1,0,0
tr|Q577T1|Q577T1_BRUAB,1,0,0,0
tr|Q577T2|Q577T2_BRUAB,0,1,0,0
tr|Q577T4|Q577T4_BRUAB,0,1,1,1
tr|Q577T5|Q577T5_BRUAB,0,0,0,0
tr|Q577T6|Q577T6_BRUAB,0,1,0,0
tr|Q577T7|Q577T7_BRUAB,1,0,1,1
tr|Q577T9|Q577T9_BRUAB,1,0,0,0
tr|Q577U0|Q577U0_BRUAB,0,0,0,0
tr|Q577U1|Q577U1_BRUAB,0,0,0,0
tr|Q577U2|Q577U2_BRUAB,0,0,0,0
tr|Q577U3|Q577U3_BRUAB,1,0,1,1
tr|Q577U4|Q577U4_BRUAB,1,1,0,1
tr|Q577U5|Q577U5_BRUAB,0,0,1,0
tr|Q577U6|Q577U6_BRUAB,0,1,0,0
tr|Q577U9|Q577U9_BRUAB,1,0,1,1
tr|Q577V1|Q577V1_BRUAB,0,0,1,0
tr|Q577V2|Q577V2_BRUAB,1,0,1,1
tr|Q577V3|Q577V3_BRUAB,0,0,1,0
tr|Q577V4|Q577V4_BRUAB,0,0,0,0
tr|Q577V5|Q577V5_BRUAB,0,0,0,0
tr|Q577V6|Q577V6_BRUAB,1,0,0,0
tr|Q577V7|Q577V7_BRUAB,0,1,0,0
tr|Q577V8|Q577V8_BRUAB,1,1,0,1
tr|Q577V9|Q577V9_BRUAB,0,0,1,0
tr|Q577W0|Q577W0_BRUAB,1,0,1,1
tr|Q577W1|Q577W1_BRUAB,0,0,0,0
tr|Q577W2|Q577W2_BRUAB,0,0,0,0
tr|Q577W3|Q577W3_BRUAB,0,0,0,0
tr|Q577W4|Q577W4_BRUAB,0,0,0,0
tr|Q577W7|Q577W7_BRUAB,1,0,1,1
tr|Q577W8|Q577W8_BRUAB,0,0,0,0
tr|Q577W9|Q577W9_BRUAB,0,0,0,0
tr|Q577X0|Q577X0_BRUAB,0,0,0,0
tr|Q577X2|Q577X2_BRUAB,1,0,0,0
tr|Q577X3|Q577X3_BRUAB,0,1,0,0
tr|Q577X4|Q577X4_BRUAB,1,0,1,1
tr|Q577X6|Q577X6_BRUAB,0,0,0,0
tr|Q577X7|Q577X7_BRUAB,0,0,0,0
tr|Q577X9|Q577X9_BRUAB,0,0,0,0
tr|Q577Y3|Q577Y3_BRUAB,1,0,0,0
tr|Q577Y5|Q577Y5_BRUAB,1,1,0,1
tr|Q577Y9|Q577Y9_BRUAB,0,0,0,0
tr|Q577Z1|Q577Z1_BRUAB,0,0,0,0
tr|Q577Z2|Q577Z2_BRUAB,0,0,0,0
sp|Q577Z5|Y2928_BRUAB,1,0,0,0
tr|Q577Z7|Q577Z7_BRUAB,0,0,0,0
tr|Q577Z9|Q577Z9_BRUAB,0,0,0,0
tr|Q578A1|Q578A1_BRUAB,1,1,0,1
tr|Q578A2|Q578A2_BRUAB,1,0,1,1
tr|Q578A5|Q578A5_BRUAB,0,0,0,0
tr|Q578A6|Q578A6_BRUAB,0,0,0,0
tr|Q578A7|Q578A7_BRUAB,0,0,0,0
tr|Q578A9|Q578A9_BRUAB,0,0,0,0
tr|Q578B1|Q578B1_BRUAB,0,0,1,0
tr|Q578B2|Q578B2_BRUAB,1,0,0,0
tr|Q578B4|Q578B4_BRUAB,0,1,0,0
tr|Q578B5|Q578B5_BRUAB,0,1,0,0
tr|Q578B6|Q578B6_BRUAB,0,1,1,1
tr|Q578B7|Q578B7_BRUAB,0,0,0,0
tr|Q578B8|Q578B8_BRUAB,0,0,0,0
tr|Q578B9|Q578B9_BRUAB,1,0,0,0
tr|Q578C0|Q578C0_BRUAB,0,0,0,0
tr|Q578C1|Q578C1_BRUAB,1,0,1,1
tr|Q578C3|Q578C3_BRUAB,0,0,0,0
tr|Q578C4|Q578C4_BRUAB,1,0,0,0
tr|Q578C5|Q578C5_BRUAB,1,0,0,0
tr|Q578C6|Q578C6_BRUAB,1,1,1,1
tr|Q578C7|Q578C7_BRUAB,0,0,0,0
tr|Q578C8|Q578C8_BRUAB,0,0,0,0
tr|Q578C9|Q578C9_BRUAB,0,0,0,0
tr|Q578D0|Q578D0_BRUAB,0,0,0,0
tr|Q578D1|Q578D1_BRUAB,1,0,0,0
tr|Q578D2|Q578D2_BRUAB,0,0,0,0
tr|Q578D3|Q578D3_BRUAB,0,0,0,0
tr|Q578D4|Q578D4_BRUAB,0,0,0,0
tr|Q578D5|Q578D5_BRUAB,1,0,0,0
tr|Q578D6|Q578D6_BRUAB,0,0,0,0
tr|Q578D7|Q578D7_BRUAB,1,0,0,0
tr|Q578D8|Q578D8_BRUAB,1,1,1,1
tr|Q578D9|Q578D9_BRUAB,0,0,0,0
sp|Q578E0|LIVB6_BRUAB,1,0,0,0
tr|Q578E1|Q578E1_BRUAB,0,0,0,0
tr|Q578E2|Q578E2_BRUAB,1,0,0,0
tr|Q578E3|Q578E3_BRUAB,0,0,0,0
tr|Q578E5|Q578E5_BRUAB,1,1,0,1
tr|Q578F0|Q578F0_BRUAB,0,0,0,0
tr|Q578F1|Q578F1_BRUAB,0,0,0,0
tr|Q578F2|Q578F2_BRUAB,0,0,0,0
tr|Q578F3|Q578F3_BRUAB,1,0,1,1
tr|Q578F4|Q578F4_BRUAB,0,0,0,0
tr|Q578F5|Q578F5_BRUAB,1,1,1,1
tr|Q578F6|Q578F6_BRUAB,0,0,0,0
tr|Q578F7|Q578F7_BRUAB,0,0,0,0
tr|Q578F8|Q578F8_BRUAB,1,1,1,1
tr|Q578F9|Q578F9_BRUAB,0,0,0,0
tr|Q578G0|Q578G0_BRUAB,0,1,1,1
tr|Q578G1|Q578G1_BRUAB,1,0,0,0
tr|Q578G2|Q578G2_BRUAB,0,0,0,0
tr|Q578G3|Q578G3_BRUAB,1,0,1,1
tr|Q578G4|Q578G4_BRUAB,1,0,0,0
tr|Q578G5|Q578G5_BRUAB,0,0,0,0
tr|Q578G6|Q578G6_BRUAB,1,0,0,0
tr|Q578G7|Q578G7_BRUAB,0,0,0,0
tr|Q578G8|Q578G8_BRUAB,0,0,0,0
tr|Q578G9|Q578G9_BRUAB,0,0,0,0
tr|Q578H0|Q578H0_BRUAB,0,0,0,0
tr|Q578H1|Q578H1_BRUAB,0,0,0,0
tr|Q578H2|Q578H2_BRUAB,0,0,0,0
tr|Q578H3|Q578H3_BRUAB,1,1,1,1
tr|Q578H5|Q578H5_BRUAB,0,0,0,0
tr|Q578H6|Q578H6_BRUAB,0,0,0,0
tr|Q578H7|Q578H7_BRUAB,1,0,0,0
tr|Q578H8|Q578H8_BRUAB,0,0,0,0
tr|Q578I0|Q578I0_BRUAB,1,1,1,1
tr|Q578I3|Q578I3_BRUAB,1,0,0,0
tr|Q578I4|Q578I4_BRUAB,0,0,0,0
tr|Q578I5|Q578I5_BRUAB,0,0,0,0
tr|Q578I6|Q578I6_BRUAB,0,0,1,0
tr|Q578I7|Q578I7_BRUAB,1,1,1,1
tr|Q578I9|Q578I9_BRUAB,1,1,1,1
tr|Q578J0|Q578J0_BRUAB,1,0,1,1
tr|Q578J1|Q578J1_BRUAB,0,0,0,0
tr|Q578J3|Q578J3_BRUAB,1,0,1,1
tr|Q578J4|Q578J4_BRUAB,0,0,0,0
tr|Q578J5|Q578J5_BRUAB,0,0,0,0
tr|Q578J6|Q578J6_BRUAB,1,0,0,0
tr|Q578J7|Q578J7_BRUAB,0,1,0,0
tr|Q578J8|Q578J8_BRUAB,1,0,0,0
tr|Q578J9|Q578J9_BRUAB,0,0,0,0
tr|Q578K0|Q578K0_BRUAB,0,0,0,0
tr|Q578K1|Q578K1_BRUAB,1,0,0,0
tr|Q578K2|Q578K2_BRUAB,0,0,0,0
tr|Q578K4|Q578K4_BRUAB,0,0,0,0
tr|Q578K5|Q578K5_BRUAB,0,0,1,0
tr|Q578K7|Q578K7_BRUAB,0,0,0,0
tr|Q578K8|Q578K8_BRUAB,1,1,1,1
tr|Q578L2|Q578L2_BRUAB,0,0,0,0
tr|Q578L3|Q578L3_BRUAB,0,0,0,0
tr|Q578L4|Q578L4_BRUAB,0,0,0,0
tr|Q578L5|Q578L5_BRUAB,1,0,0,0
tr|Q578L6|Q578L6_BRUAB,0,0,0,0
tr|Q578L7|Q578L7_BRUAB,0,0,0,0
tr|Q578L9|Q578L9_BRUAB,0,0,1,0
tr|Q578M0|Q578M0_BRUAB,0,0,0,0
tr|Q578M1|Q578M1_BRUAB,1,0,0,0
tr|Q578M2|Q578M2_BRUAB,0,0,0,0
tr|Q578M3|Q578M3_BRUAB,1,0,1,1
tr|Q578M4|Q578M4_BRUAB,0,0,0,0
tr|Q578M6|Q578M6_BRUAB,0,0,0,0
tr|Q578M7|Q578M7_BRUAB,0,0,1,0
tr|Q578N0|Q578N0_BRUAB,1,0,0,0
tr|Q578N1|Q578N1_BRUAB,0,0,0,0
tr|Q578N2|Q578N2_BRUAB,0,0,0,0
tr|Q578N3|Q578N3_BRUAB,1,1,1,1
tr|Q578N4|Q578N4_BRUAB,0,0,0,0
tr|Q578N5|Q578N5_BRUAB,0,0,0,0
tr|Q578N6|Q578N6_BRUAB,0,1,0,0
tr|Q578N7|Q578N7_BRUAB,1,0,1,1
tr|Q578N8|Q578N8_BRUAB,0,1,0,0
tr|Q578N9|Q578N9_BRUAB,1,0,0,0
tr|Q578P0|Q578P0_BRUAB,0,0,0,0
tr|Q578P1|Q578P1_BRUAB,0,0,0,0
tr|Q578P5|Q578P5_BRUAB,0,0,0,0
tr|Q578P6|Q578P6_BRUAB,0,0,0,0
tr|Q578P7|Q578P7_BRUAB,1,1,1,1
tr|Q578P8|Q578P8_BRUAB,0,1,0,0
tr|Q578P9|Q578P9_BRUAB,0,0,0,0
tr|Q578Q0|Q578Q0_BRUAB,1,0,1,1
tr|Q578Q1|Q578Q1_BRUAB,0,0,0,0
tr|Q578Q2|Q578Q2_BRUAB,0,0,0,0
tr|Q578Q3|Q578Q3_BRUAB,0,0,0,0
tr|Q578Q4|Q578Q4_BRUAB,1,0,0,0
tr|Q578Q5|Q578Q5_BRUAB,0,0,0,0
tr|Q578Q6|Q578Q6_BRUAB,1,0,0,0
tr|Q578R2|Q578R2_BRUAB,0,0,0,0
tr|Q578R3|Q578R3_BRUAB,0,0,0,0
tr|Q578R4|Q578R4_BRUAB,0,0,0,0
tr|Q578R5|Q578R5_BRUAB,0,0,0,0
tr|Q578R7|Q578R7_BRUAB,0,0,0,0
tr|Q578R9|Q578R9_BRUAB,1,1,1,1
tr|Q578S0|Q578S0_BRUAB,0,0,0,0
tr|Q578S2|Q578S2_BRUAB,0,1,0,0
tr|Q578S3|Q578S3_BRUAB,0,0,0,0
tr|Q578S4|Q578S4_BRUAB,1,0,0,0
tr|Q578S5|Q578S5_BRUAB,0,0,0,0
tr|Q578S6|Q578S6_BRUAB,1,0,0,0
tr|Q578S9|Q578S9_BRUAB,0,0,0,0
tr|Q578T0|Q578T0_BRUAB,0,0,0,0
tr|Q578T2|Q578T2_BRUAB,1,1,0,1
tr|Q578T3|Q578T3_BRUAB,0,0,0,0
tr|Q578T4|Q578T4_BRUAB,0,0,0,0
tr|Q578T5|Q578T5_BRUAB,1,1,1,1
tr|Q578T6|Q578T6_BRUAB,0,0,0,0
tr|Q578T7|Q578T7_BRUAB,0,1,0,0
tr|Q578T8|Q578T8_BRUAB,0,0,0,0
tr|Q578U2|Q578U2_BRUAB,0,0,0,0
tr|Q578U3|Q578U3_BRUAB,0,0,1,0
tr|Q578U4|Q578U4_BRUAB,0,0,1,0
tr|Q578U5|Q578U5_BRUAB,1,0,1,1
tr|Q578U6|Q578U6_BRUAB,0,0,0,0
tr|Q578U7|Q578U7_BRUAB,0,0,0,0
tr|Q578U8|Q578U8_BRUAB,0,0,0,0
tr|Q578U9|Q578U9_BRUAB,0,0,0,0
tr|Q578V0|Q578V0_BRUAB,0,0,0,0
tr|Q578V1|Q578V1_BRUAB,0,1,1,1
tr|Q578V2|Q578V2_BRUAB,1,0,1,1
tr|Q578V3|Q578V3_BRUAB,0,1,0,0
tr|Q578V4|Q578V4_BRUAB,0,1,1,1
tr|Q578V5|Q578V5_BRUAB,0,0,0,0
tr|Q578V6|Q578V6_BRUAB,0,0,0,0
tr|Q578V7|Q578V7_BRUAB,0,0,0,0
tr|Q578V8|Q578V8_BRUAB,0,0,1,0
tr|Q578V9|Q578V9_BRUAB,1,1,1,1
tr|Q578W0|Q578W0_BRUAB,1,1,1,1
tr|Q578W1|Q578W1_BRUAB,1,1,1,1
tr|Q578W2|Q578W2_BRUAB,0,0,1,0
tr|Q578W3|Q578W3_BRUAB,0,0,0,0
tr|Q578W5|Q578W5_BRUAB,0,0,0,0
tr|Q578W7|Q578W7_BRUAB,0,0,0,0
tr|Q578W8|Q578W8_BRUAB,0,0,0,0
tr|Q578W9|Q578W9_BRUAB,0,0,0,0
tr|Q578X1|Q578X1_BRUAB,1,0,1,1
tr|Q578X2|Q578X2_BRUAB,0,0,0,0
tr|Q578X3|Q578X3_BRUAB,0,0,0,0
tr|Q578X4|Q578X4_BRUAB,0,0,0,0
tr|Q578X5|Q578X5_BRUAB,1,0,0,0
tr|Q578X6|Q578X6_BRUAB,0,0,0,0
tr|Q578X7|Q578X7_BRUAB,0,0,0,0
tr|Q578X8|Q578X8_BRUAB,0,0,1,0
tr|Q578X9|Q578X9_BRUAB,0,0,0,0
tr|Q578Y0|Q578Y0_BRUAB,0,0,0,0
tr|Q578Y1|Q578Y1_BRUAB,0,0,0,0
tr|Q578Y2|Q578Y2_BRUAB,0,0,0,0
tr|Q578Y3|Q578Y3_BRUAB,0,1,0,0
tr|Q578Y4|Q578Y4_BRUAB,0,0,0,0
tr|Q578Y7|Q578Y7_BRUAB,0,0,0,0
tr|Q578Z1|Q578Z1_BRUAB,0,0,0,0
tr|Q578Z4|Q578Z4_BRUAB,0,0,0,0
tr|Q578Z5|Q578Z5_BRUAB,0,0,0,0
tr|Q578Z8|Q578Z8_BRUAB,1,1,0,1
tr|Q578Z9|Q578Z9_BRUAB,0,0,0,0
tr|Q579A0|Q579A0_BRUAB,1,1,1,1
tr|Q579A1|Q579A1_BRUAB,1,1,0,1
tr|Q579A2|Q579A2_BRUAB,0,0,0,0
tr|Q579A3|Q579A3_BRUAB,1,1,0,1
tr|Q579A5|Q579A5_BRUAB,0,0,0,0
tr|Q579A6|Q579A6_BRUAB,1,1,1,1
tr|Q579A7|Q579A7_BRUAB,0,0,0,0
tr|Q579A9|Q579A9_BRUAB,0,0,0,0
sp|Q579B2|Y2641_BRUAB,1,0,1,1
tr|Q579B3|Q579B3_BRUAB,0,0,0,0
tr|Q579B4|Q579B4_BRUAB,0,1,1,1
tr|Q579B5|Q579B5_BRUAB,1,0,0,0
tr|Q579B6|Q579B6_BRUAB,0,0,0,0
tr|Q579B7|Q579B7_BRUAB,0,0,1,0
tr|Q579B8|Q579B8_BRUAB,0,0,0,0
tr|Q579C1|Q579C1_BRUAB,0,0,0,0
tr|Q579C2|Q579C2_BRUAB,0,0,0,0
tr|Q579C3|Q579C3_BRUAB,0,0,0,0
tr|Q579C4|Q579C4_BRUAB,0,0,0,0
tr|Q579C5|Q579C5_BRUAB,0,0,0,0
tr|Q579C6|Q579C6_BRUAB,0,0,0,0
sp|Q579C9|Y2623_BRUAB,0,0,1,0
tr|Q579D1|Q579D1_BRUAB,0,0,1,0
tr|Q579D2|Q579D2_BRUAB,0,0,0,0
tr|Q579D3|Q579D3_BRUAB,1,0,0,0
tr|Q579D4|Q579D4_BRUAB,0,0,0,0
tr|Q579D5|Q579D5_BRUAB,0,0,0,0
tr|Q579D6|Q579D6_BRUAB,1,1,0,1
tr|Q579D7|Q579D7_BRUAB,0,0,0,0
tr|Q579D8|Q579D8_BRUAB,0,0,0,0
sp|Q579D9|Y312_BRUAB,1,1,1,1
tr|Q579E0|Q579E0_BRUAB,0,0,0,0
tr|Q579E3|Q579E3_BRUAB,0,0,0,0
tr|Q579E4|Q579E4_BRUAB,0,0,0,0
tr|Q579E5|Q579E5_BRUAB,0,0,1,0
tr|Q579E6|Q579E6_BRUAB,0,1,0,0
tr|Q579E9|Q579E9_BRUAB,0,0,0,0
tr|Q579F1|Q579F1_BRUAB,1,1,1,1
tr|Q579F2|Q579F2_BRUAB,0,0,0,0
tr|Q579F3|Q579F3_BRUAB,0,0,0,0
tr|Q579F4|Q579F4_BRUAB,0,0,0,0
tr|Q579F5|Q579F5_BRUAB,0,1,0,0
tr|Q579F6|Q579F6_BRUAB,0,0,0,0
tr|Q579F7|Q579F7_BRUAB,1,1,0,1
tr|Q579F8|Q579F8_BRUAB,0,0,0,0
tr|Q579F9|Q579F9_BRUAB,1,1,1,1
tr|Q579G0|Q579G0_BRUAB,0,0,1,0
tr|Q579G1|Q579G1_BRUAB,0,0,0,0
tr|Q579G2|Q579G2_BRUAB,0,0,0,0
tr|Q579G3|Q579G3_BRUAB,0,0,0,0
tr|Q579G5|Q579G5_BRUAB,1,0,1,1
tr|Q579G6|Q579G6_BRUAB,0,0,0,0
tr|Q579G7|Q579G7_BRUAB,0,1,1,1
tr|Q579G8|Q579G8_BRUAB,0,0,0,0
tr|Q579G9|Q579G9_BRUAB,0,0,0,0
tr|Q579H0|Q579H0_BRUAB,0,0,0,0
tr|Q579H1|Q579H1_BRUAB,0,0,0,0
tr|Q579H2|Q579H2_BRUAB,0,0,0,0
tr|Q579H3|Q579H3_BRUAB,0,0,0,0
tr|Q579H4|Q579H4_BRUAB,0,0,0,0
tr|Q579H5|Q579H5_BRUAB,1,0,0,0
tr|Q579H6|Q579H6_BRUAB,0,0,0,0
tr|Q579H7|Q579H7_BRUAB,1,0,1,1
tr|Q579H9|Q579H9_BRUAB,0,0,0,0
tr|Q579I0|Q579I0_BRUAB,1,1,1,1
tr|Q579I1|Q579I1_BRUAB,1,1,1,1
tr|Q579I2|Q579I2_BRUAB,0,1,1,1
tr|Q579I4|Q579I4_BRUAB,1,0,0,0
tr|Q579I5|Q579I5_BRUAB,0,0,0,0
tr|Q579I6|Q579I6_BRUAB,0,1,0,0
tr|Q579I9|Q579I9_BRUAB,1,0,1,1
tr|Q579J0|Q579J0_BRUAB,0,0,0,0
tr|Q579J1|Q579J1_BRUAB,1,0,0,0
tr|Q579J2|Q579J2_BRUAB,0,1,1,1
tr|Q579J3|Q579J3_BRUAB,1,1,0,1
tr|Q579J4|Q579J4_BRUAB,1,1,0,1
tr|Q579J5|Q579J5_BRUAB,1,0,0,0
tr|Q579J6|Q579J6_BRUAB,0,0,0,0
tr|Q579J7|Q579J7_BRUAB,0,0,0,0
tr|Q579J8|Q579J8_BRUAB,0,0,0,0
tr|Q579J9|Q579J9_BRUAB,0,0,0,0
tr|Q579K0|Q579K0_BRUAB,0,0,0,0
tr|Q579K1|Q579K1_BRUAB,1,1,1,1
tr|Q579K2|Q579K2_BRUAB,1,0,0,0
tr|Q579K5|Q579K5_BRUAB,0,0,0,0
tr|Q579K6|Q579K6_BRUAB,1,0,1,1
tr|Q579K7|Q579K7_BRUAB,0,0,1,0
tr|Q579K8|Q579K8_BRUAB,0,1,0,0
tr|Q579L0|Q579L0_BRUAB,1,0,0,0
tr|Q579L1|Q579L1_BRUAB,1,1,1,1
tr|Q579L2|Q579L2_BRUAB,0,0,0,0
tr|Q579L3|Q579L3_BRUAB,0,0,0,0
tr|Q579L4|Q579L4_BRUAB,0,0,0,0
tr|Q579L6|Q579L6_BRUAB,0,1,1,1
tr|Q579L7|Q579L7_BRUAB,1,1,1,1
tr|Q579L8|Q579L8_BRUAB,1,0,0,0
tr|Q579L9|Q579L9_BRUAB,1,0,0,0
tr|Q579M1|Q579M1_BRUAB,0,0,0,0
tr|Q579M2|Q579M2_BRUAB,0,0,0,0
tr|Q579M3|Q579M3_BRUAB,0,0,0,0
tr|Q579M4|Q579M4_BRUAB,1,0,0,0
tr|Q579M5|Q579M5_BRUAB,0,0,0,0
tr|Q579M6|Q579M6_BRUAB,0,0,0,0
tr|Q579M8|Q579M8_BRUAB,0,0,0,0
tr|Q579N1|Q579N1_BRUAB,1,0,0,0
tr|Q579N2|Q579N2_BRUAB,0,0,0,0
tr|Q579N3|Q579N3_BRUAB,0,0,0,0
tr|Q579N4|Q579N4_BRUAB,1,1,1,1
tr|Q579N5|Q579N5_BRUAB,0,0,0,0
tr|Q579N6|Q579N6_BRUAB,0,1,1,1
tr|Q579N7|Q579N7_BRUAB,1,0,0,0
tr|Q579N8|Q579N8_BRUAB,0,0,0,0
tr|Q579P1|Q579P1_BRUAB,0,0,0,0
tr|Q579P2|Q579P2_BRUAB,1,1,1,1
tr|Q579P5|Q579P5_BRUAB,1,0,0,0
tr|Q579P6|Q579P6_BRUAB,0,0,0,0
tr|Q579P7|Q579P7_BRUAB,1,1,1,1
tr|Q579P8|Q579P8_BRUAB,1,0,0,0
tr|Q579Q1|Q579Q1_BRUAB,0,1,1,1
tr|Q579Q2|Q579Q2_BRUAB,1,0,0,0
tr|Q579Q4|Q579Q4_BRUAB,1,0,0,0
tr|Q579Q9|Q579Q9_BRUAB,0,0,0,0
tr|Q579R0|Q579R0_BRUAB,0,0,0,0
tr|Q579R1|Q579R1_BRUAB,0,1,0,0
tr|Q579R2|Q579R2_BRUAB,0,0,0,0
tr|Q579R4|Q579R4_BRUAB,0,1,0,0
tr|Q579R5|Q579R5_BRUAB,0,0,0,0
tr|Q579R6|Q579R6_BRUAB,1,1,0,1
tr|Q579R7|Q579R7_BRUAB,0,0,0,0
tr|Q579R8|Q579R8_BRUAB,0,0,0,0
tr|Q579R9|Q579R9_BRUAB,0,0,1,0
tr|Q579S0|Q579S0_BRUAB,1,1,1,1
tr|Q579S1|Q579S1_BRUAB,0,0,1,0
tr|Q579S2|Q579S2_BRUAB,1,1,1,1
tr|Q579S3|Q579S3_BRUAB,1,1,1,1
tr|Q579S4|Q579S4_BRUAB,0,1,1,1
tr|Q579S5|Q579S5_BRUAB,0,0,0,0
tr|Q579S6|Q579S6_BRUAB,1,1,1,1
tr|Q579S7|Q579S7_BRUAB,1,0,0,0
tr|Q579S8|Q579S8_BRUAB,1,1,0,1
tr|Q579S9|Q579S9_BRUAB,1,0,0,0
tr|Q579T0|Q579T0_BRUAB,0,1,0,0
tr|Q579T1|Q579T1_BRUAB,0,0,0,0
tr|Q579T2|Q579T2_BRUAB,1,1,1,1
tr|Q579T3|Q579T3_BRUAB,0,0,0,0
tr|Q579T7|Q579T7_BRUAB,1,1,1,1
tr|Q579U1|Q579U1_BRUAB,1,0,1,1
tr|Q579U3|Q579U3_BRUAB,0,0,0,0
tr|Q579U4|Q579U4_BRUAB,1,0,1,1
tr|Q579U5|Q579U5_BRUAB,1,0,1,1
tr|Q579U6|Q579U6_BRUAB,0,0,0,0
tr|Q579U7|Q579U7_BRUAB,0,0,1,0
tr|Q579U8|Q579U8_BRUAB,1,0,0,0
tr|Q579U9|Q579U9_BRUAB,0,0,0,0
tr|Q579V0|Q579V0_BRUAB,0,0,1,0
tr|Q579V1|Q579V1_BRUAB,1,1,1,1
tr|Q579V2|Q579V2_BRUAB,1,0,0,0
tr|Q579V3|Q579V3_BRUAB,1,0,0,0
tr|Q579V4|Q579V4_BRUAB,0,0,0,0
tr|Q579V5|Q579V5_BRUAB,0,1,0,0
tr|Q579V6|Q579V6_BRUAB,0,0,0,0
tr|Q579V7|Q579V7_BRUAB,0,1,1,1
tr|Q579V8|Q579V8_BRUAB,0,0,1,0
tr|Q579V9|Q579V9_BRUAB,0,0,0,0
tr|Q579W0|Q579W0_BRUAB,0,1,1,1
tr|Q579W2|Q579W2_BRUAB,1,1,1,1
tr|Q579W3|Q579W3_BRUAB,0,0,1,0
tr|Q579W4|Q579W4_BRUAB,0,0,0,0
tr|Q579W5|Q579W5_BRUAB,1,1,1,1
tr|Q579W8|Q579W8_BRUAB,0,0,0,0
tr|Q579X0|Q579X0_BRUAB,0,0,0,0
tr|Q579X1|Q579X1_BRUAB,1,1,1,1
tr|Q579X2|Q579X2_BRUAB,0,0,0,0
tr|Q579X3|Q579X3_BRUAB,0,0,0,0
tr|Q579X6|Q579X6_BRUAB,0,0,0,0
tr|Q579X7|Q579X7_BRUAB,0,0,0,0
tr|Q579X8|Q579X8_BRUAB,0,0,0,0
tr|Q579X9|Q579X9_BRUAB,0,0,0,0
tr|Q579Y0|Q579Y0_BRUAB,0,0,0,0
tr|Q579Y1|Q579Y1_BRUAB,0,0,0,0
tr|Q579Y2|Q579Y2_BRUAB,0,1,1,1
tr|Q579Y3|Q579Y3_BRUAB,0,1,1,1
tr|Q579Y4|Q579Y4_BRUAB,0,0,0,0
tr|Q579Y5|Q579Y5_BRUAB,1,1,0,1
tr|Q579Y6|Q579Y6_BRUAB,0,0,0,0
tr|Q579Y7|Q579Y7_BRUAB,0,0,0,0
tr|Q579Y9|Q579Y9_BRUAB,1,0,0,0
tr|Q579Z0|Q579Z0_BRUAB,0,1,1,1
tr|Q579Z1|Q579Z1_BRUAB,0,0,0,0
tr|Q579Z2|Q579Z2_BRUAB,0,0,1,0
tr|Q579Z5|Q579Z5_BRUAB,0,0,0,0
tr|Q579Z6|Q579Z6_BRUAB,0,1,1,1
tr|Q579Z8|Q579Z8_BRUAB,0,0,0,0
tr|Q579Z9|Q579Z9_BRUAB,1,0,0,0
tr|Q57A00|Q57A00_BRUAB,1,1,1,1
tr|Q57A01|Q57A01_BRUAB,0,0,0,0
tr|Q57A02|Q57A02_BRUAB,0,0,0,0
tr|Q57A03|Q57A03_BRUAB,0,0,0,0
tr|Q57A04|Q57A04_BRUAB,0,0,0,0
tr|Q57A05|Q57A05_BRUAB,0,0,0,0
tr|Q57A08|Q57A08_BRUAB,1,1,0,1
tr|Q57A09|Q57A09_BRUAB,0,0,0,0
tr|Q57A11|Q57A11_BRUAB,1,1,1,1
tr|Q57A13|Q57A13_BRUAB,0,0,0,0
sp|Q57A18|VIRB5_BRUAB,1,0,0,0
tr|Q57A26|Q57A26_BRUAB,0,1,1,1
tr|Q57A27|Q57A27_BRUAB,0,0,0,0
tr|Q57A28|Q57A28_BRUAB,0,1,0,0
tr|Q57A30|Q57A30_BRUAB,0,0,0,0
tr|Q57A32|Q57A32_BRUAB,1,0,1,1
tr|Q57A33|Q57A33_BRUAB,1,1,0,1
tr|Q57A34|Q57A34_BRUAB,1,0,1,1
tr|Q57A35|Q57A35_BRUAB,0,1,1,1
tr|Q57A36|Q57A36_BRUAB,1,1,0,1
tr|Q57A37|Q57A37_BRUAB,0,0,0,0
tr|Q57A38|Q57A38_BRUAB,0,0,0,0
tr|Q57A39|Q57A39_BRUAB,0,0,0,0
tr|Q57A40|Q57A40_BRUAB,0,0,0,0
tr|Q57A41|Q57A41_BRUAB,1,0,0,0
tr|Q57A42|Q57A42_BRUAB,0,0,0,0
tr|Q57A44|Q57A44_BRUAB,0,0,1,0
tr|Q57A45|Q57A45_BRUAB,1,1,1,1
tr|Q57A47|Q57A47_BRUAB,0,0,1,0
tr|Q57A48|Q57A48_BRUAB,1,0,1,1
tr|Q57A50|Q57A50_BRUAB,0,0,0,0
tr|Q57A51|Q57A51_BRUAB,0,0,1,0
tr|Q57A52|Q57A52_BRUAB,0,0,1,0
tr|Q57A53|Q57A53_BRUAB,0,0,0,0
tr|Q57A54|Q57A54_BRUAB,1,1,0,1
tr|Q57A55|Q57A55_BRUAB,0,0,0,0
tr|Q57A56|Q57A56_BRUAB,0,0,0,0
tr|Q57A57|Q57A57_BRUAB,0,0,0,0
tr|Q57A59|Q57A59_BRUAB,0,0,0,0
tr|Q57A60|Q57A60_BRUAB,0,0,0,0
tr|Q57A61|Q57A61_BRUAB,0,0,0,0
tr|Q57A62|Q57A62_BRUAB,0,1,0,0
tr|Q57A63|Q57A63_BRUAB,0,0,0,0
tr|Q57A64|Q57A64_BRUAB,0,0,0,0
tr|Q57A65|Q57A65_BRUAB,0,0,0,0
tr|Q57A67|Q57A67_BRUAB,0,0,0,0
tr|Q57A70|Q57A70_BRUAB,1,0,0,0
tr|Q57A71|Q57A71_BRUAB,0,1,0,0
tr|Q57A72|Q57A72_BRUAB,1,0,0,0
tr|Q57A73|Q57A73_BRUAB,0,0,0,0
tr|Q57A74|Q57A74_BRUAB,0,0,0,0
tr|Q57A75|Q57A75_BRUAB,0,0,0,0
tr|Q57A77|Q57A77_BRUAB,0,0,0,0
tr|Q57A78|Q57A78_BRUAB,0,0,1,0
tr|Q57A79|Q57A79_BRUAB,0,1,0,0
tr|Q57A80|Q57A80_BRUAB,0,0,0,0
tr|Q57A82|Q57A82_BRUAB,0,0,0,0
tr|Q57A84|Q57A84_BRUAB,0,0,1,0
tr|Q57A85|Q57A85_BRUAB,1,0,0,0
tr|Q57A86|Q57A86_BRUAB,0,1,1,1
tr|Q57A87|Q57A87_BRUAB,1,1,0,1
tr|Q57A88|Q57A88_BRUAB,0,0,0,0
tr|Q57A89|Q57A89_BRUAB,0,0,0,0
tr|Q57A90|Q57A90_BRUAB,1,1,0,1
tr|Q57A91|Q57A91_BRUAB,0,0,0,0
tr|Q57A94|Q57A94_BRUAB,0,1,0,0
tr|Q57AA1|Q57AA1_BRUAB,1,1,0,1
tr|Q57AA6|Q57AA6_BRUAB,0,0,1,0
tr|Q57AA8|Q57AA8_BRUAB,0,0,0,0
tr|Q57AB0|Q57AB0_BRUAB,0,0,0,0
tr|Q57AB2|Q57AB2_BRUAB,0,0,0,0
tr|Q57AB3|Q57AB3_BRUAB,0,0,0,0
tr|Q57AB4|Q57AB4_BRUAB,0,0,1,0
tr|Q57AB5|Q57AB5_BRUAB,1,0,0,0
tr|Q57AB6|Q57AB6_BRUAB,0,0,0,0
tr|Q57AB7|Q57AB7_BRUAB,0,0,1,0
tr|Q57AB8|Q57AB8_BRUAB,0,1,1,1
tr|Q57AB9|Q57AB9_BRUAB,0,1,0,0
tr|Q57AC5|Q57AC5_BRUAB,0,1,0,0
tr|Q57AC6|Q57AC6_BRUAB,1,0,0,0
tr|Q57AC7|Q57AC7_BRUAB,1,1,0,1
tr|Q57AC9|Q57AC9_BRUAB,0,1,0,0
tr|Q57AD0|Q57AD0_BRUAB,0,0,0,0
tr|Q57AD2|Q57AD2_BRUAB,0,1,1,1
tr|Q57AD3|Q57AD3_BRUAB,0,0,0,0
tr|Q57AD5|Q57AD5_BRUAB,1,0,1,1
tr|Q57AD8|Q57AD8_BRUAB,1,1,0,1
tr|Q57AE1|Q57AE1_BRUAB,1,0,0,0
tr|Q57AE4|Q57AE4_BRUAB,0,0,0,0
tr|Q57AE6|Q57AE6_BRUAB,0,0,0,0
tr|Q57AE7|Q57AE7_BRUAB,1,0,0,0
tr|Q57AE8|Q57AE8_BRUAB,0,0,0,0
tr|Q57AF1|Q57AF1_BRUAB,0,0,0,0
tr|Q57AF5|Q57AF5_BRUAB,0,0,1,0
tr|Q57AF6|Q57AF6_BRUAB,0,0,0,0
tr|Q57AF8|Q57AF8_BRUAB,0,0,0,0
tr|Q57AF9|Q57AF9_BRUAB,0,0,0,0
tr|Q57AG0|Q57AG0_BRUAB,0,0,0,0
tr|Q57AG1|Q57AG1_BRUAB,0,0,0,0
tr|Q57AG2|Q57AG2_BRUAB,1,1,1,1
tr|Q57AG4|Q57AG4_BRUAB,0,0,1,0
tr|Q57AG5|Q57AG5_BRUAB,0,0,0,0
tr|Q57AG6|Q57AG6_BRUAB,1,1,0,1
tr|Q57AG7|Q57AG7_BRUAB,0,0,0,0
tr|Q57AH0|Q57AH0_BRUAB,0,1,1,1
tr|Q57AH6|Q57AH6_BRUAB,1,0,1,1
tr|Q57AI0|Q57AI0_BRUAB,1,1,1,1
tr|Q57AI1|Q57AI1_BRUAB,0,1,0,0
tr|Q57AI2|Q57AI2_BRUAB,1,1,1,1
tr|Q57AI4|Q57AI4_BRUAB,1,1,1,1
tr|Q57AI5|Q57AI5_BRUAB,1,0,0,0
tr|Q57AJ5|Q57AJ5_BRUAB,0,0,0,0
tr|Q57AJ9|Q57AJ9_BRUAB,0,0,0,0
tr|Q57AK0|Q57AK0_BRUAB,0,0,0,0
tr|Q57AK1|Q57AK1_BRUAB,0,0,0,0
tr|Q57AK2|Q57AK2_BRUAB,0,0,1,0
tr|Q57AK3|Q57AK3_BRUAB,1,0,0,0
tr|Q57AK4|Q57AK4_BRUAB,0,0,0,0
tr|Q57AK5|Q57AK5_BRUAB,0,1,0,0
tr|Q57AK6|Q57AK6_BRUAB,0,0,0,0
tr|Q57AK7|Q57AK7_BRUAB,0,0,1,0
tr|Q57AK8|Q57AK8_BRUAB,0,0,0,0
tr|Q57AK9|Q57AK9_BRUAB,1,0,0,0
tr|Q57AL0|Q57AL0_BRUAB,0,1,0,0
tr|Q57AL1|Q57AL1_BRUAB,0,1,0,0
tr|Q57AL2|Q57AL2_BRUAB,0,0,0,0
tr|Q57AL3|Q57AL3_BRUAB,0,0,1,0
tr|Q57AL4|Q57AL4_BRUAB,0,0,1,0
tr|Q57AL5|Q57AL5_BRUAB,1,1,1,1
tr|Q57AL6|Q57AL6_BRUAB,0,1,1,1
tr|Q57AL7|Q57AL7_BRUAB,0,0,0,0
tr|Q57AL8|Q57AL8_BRUAB,0,1,1,1
tr|Q57AL9|Q57AL9_BRUAB,1,1,0,1
tr|Q57AM0|Q57AM0_BRUAB,0,0,0,0
tr|Q57AM2|Q57AM2_BRUAB,0,0,0,0
tr|Q57AM3|Q57AM3_BRUAB,0,0,0,0
tr|Q57AM4|Q57AM4_BRUAB,0,1,1,1
tr|Q57AM7|Q57AM7_BRUAB,0,0,0,0
tr|Q57AN0|Q57AN0_BRUAB,0,0,0,0
tr|Q57AN1|Q57AN1_BRUAB,0,0,0,0
tr|Q57AN2|Q57AN2_BRUAB,0,0,0,0
tr|Q57AN3|Q57AN3_BRUAB,0,0,1,0
tr|Q57AN4|Q57AN4_BRUAB,1,1,1,1
tr|Q57AN5|Q57AN5_BRUAB,1,1,0,1
tr|Q57AN6|Q57AN6_BRUAB,0,0,0,0
tr|Q57AN7|Q57AN7_BRUAB,1,1,1,1
tr|Q57AN8|Q57AN8_BRUAB,1,1,0,1
tr|Q57AP0|Q57AP0_BRUAB,0,0,0,0
tr|Q57AP1|Q57AP1_BRUAB,0,0,0,0
tr|Q57AP4|Q57AP4_BRUAB,1,1,1,1
tr|Q57AP5|Q57AP5_BRUAB,1,1,1,1
tr|Q57AP6|Q57AP6_BRUAB,0,0,1,0
tr|Q57AP7|Q57AP7_BRUAB,0,0,1,0
tr|Q57AP8|Q57AP8_BRUAB,1,0,0,0
tr|Q57AP9|Q57AP9_BRUAB,0,0,0,0
tr|Q57AQ0|Q57AQ0_BRUAB,0,0,0,0
tr|Q57AQ1|Q57AQ1_BRUAB,1,0,0,0
tr|Q57AQ2|Q57AQ2_BRUAB,0,1,0,0
tr|Q57AQ3|Q57AQ3_BRUAB,1,0,0,0
tr|Q57AQ5|Q57AQ5_BRUAB,0,0,0,0
tr|Q57AQ6|Q57AQ6_BRUAB,1,0,0,0
tr|Q57AQ7|Q57AQ7_BRUAB,0,1,0,0
tr|Q57AQ9|Q57AQ9_BRUAB,1,0,0,0
tr|Q57AR0|Q57AR0_BRUAB,0,0,0,0
tr|Q57AR1|Q57AR1_BRUAB,0,0,0,0
tr|Q57AR3|Q57AR3_BRUAB,0,0,0,0
tr|Q57AR5|Q57AR5_BRUAB,0,1,1,1
tr|Q57AR6|Q57AR6_BRUAB,0,0,0,0
tr|Q57AR8|Q57AR8_BRUAB,0,0,0,0
tr|Q57AS0|Q57AS0_BRUAB,0,0,0,0
tr|Q57AS2|Q57AS2_BRUAB,1,0,1,1
tr|Q57AS4|Q57AS4_BRUAB,0,1,0,0
sp|Q57AS5|Y1955_BRUAB,1,0,1,1
tr|Q57AS6|Q57AS6_BRUAB,0,0,0,0
tr|Q57AS7|Q57AS7_BRUAB,0,0,0,0
tr|Q57AS8|Q57AS8_BRUAB,0,0,0,0
tr|Q57AT3|Q57AT3_BRUAB,0,0,0,0
tr|Q57AT4|Q57AT4_BRUAB,1,1,0,1
tr|Q57AT6|Q57AT6_BRUAB,1,1,1,1
tr|Q57AT7|Q57AT7_BRUAB,0,0,0,0
tr|Q57AT8|Q57AT8_BRUAB,1,1,0,1
tr|Q57AT9|Q57AT9_BRUAB,0,0,0,0
tr|Q57AU0|Q57AU0_BRUAB,0,0,0,0
tr|Q57AU1|Q57AU1_BRUAB,0,1,1,1
tr|Q57AU2|Q57AU2_BRUAB,0,0,0,0
tr|Q57AU3|Q57AU3_BRUAB,0,0,0,0
tr|Q57AU4|Q57AU4_BRUAB,0,1,0,0
tr|Q57AU5|Q57AU5_BRUAB,0,0,0,0
tr|Q57AU6|Q57AU6_BRUAB,0,0,0,0
tr|Q57AU7|Q57AU7_BRUAB,1,0,0,0
tr|Q57AU8|Q57AU8_BRUAB,0,0,1,0
tr|Q57AU9|Q57AU9_BRUAB,0,0,0,0
tr|Q57AV0|Q57AV0_BRUAB,0,1,1,1
tr|Q57AV1|Q57AV1_BRUAB,0,0,0,0
tr|Q57AV2|Q57AV2_BRUAB,0,0,0,0
tr|Q57AV3|Q57AV3_BRUAB,0,1,1,1
tr|Q57AV5|Q57AV5_BRUAB,1,1,1,1
tr|Q57AV7|Q57AV7_BRUAB,0,0,0,0
tr|Q57AV9|Q57AV9_BRUAB,0,0,0,0
tr|Q57AW0|Q57AW0_BRUAB,0,0,0,0
tr|Q57AW1|Q57AW1_BRUAB,0,0,0,0
tr|Q57AW5|Q57AW5_BRUAB,0,0,0,0
tr|Q57AW7|Q57AW7_BRUAB,1,1,1,1
tr|Q57AW9|Q57AW9_BRUAB,0,0,0,0
tr|Q57AX0|Q57AX0_BRUAB,0,0,0,0
tr|Q57AX4|Q57AX4_BRUAB,1,1,0,1
tr|Q57AX7|Q57AX7_BRUAB,0,0,0,0
tr|Q57AX8|Q57AX8_BRUAB,1,0,0,0
tr|Q57AX9|Q57AX9_BRUAB,1,1,0,1
tr|Q57AY1|Q57AY1_BRUAB,0,0,0,0
tr|Q57AY5|Q57AY5_BRUAB,0,0,0,0
tr|Q57AY6|Q57AY6_BRUAB,0,1,1,1
tr|Q57AY7|Q57AY7_BRUAB,0,0,0,0
tr|Q57AY8|Q57AY8_BRUAB,1,0,1,1
tr|Q57AZ1|Q57AZ1_BRUAB,0,0,0,0
tr|Q57AZ6|Q57AZ6_BRUAB,0,0,1,0
tr|Q57AZ7|Q57AZ7_BRUAB,1,0,0,0
tr|Q57AZ8|Q57AZ8_BRUAB,1,0,0,0
tr|Q57B01|Q57B01_BRUAB,1,0,0,0
tr|Q57B02|Q57B02_BRUAB,0,0,0,0
tr|Q57B03|Q57B03_BRUAB,0,0,0,0
tr|Q57B04|Q57B04_BRUAB,0,0,0,0
tr|Q57B05|Q57B05_BRUAB,1,1,1,1
tr|Q57B10|Q57B10_BRUAB,1,1,1,1
tr|Q57B11|Q57B11_BRUAB,1,0,0,0
tr|Q57B12|Q57B12_BRUAB,1,1,0,1
tr|Q57B13|Q57B13_BRUAB,0,0,0,0
tr|Q57B14|Q57B14_BRUAB,0,1,0,0
tr|Q57B15|Q57B15_BRUAB,0,0,0,0
tr|Q57B17|Q57B17_BRUAB,0,0,0,0
tr|Q57B18|Q57B18_BRUAB,0,0,0,0
tr|Q57B19|Q57B19_BRUAB,1,0,0,0
tr|Q57B24|Q57B24_BRUAB,0,0,0,0
tr|Q57B25|Q57B25_BRUAB,0,0,0,0
tr|Q57B26|Q57B26_BRUAB,0,1,1,1
tr|Q57B28|Q57B28_BRUAB,0,0,0,0
tr|Q57B30|Q57B30_BRUAB,1,1,1,1
tr|Q57B31|Q57B31_BRUAB,0,0,0,0
tr|Q57B32|Q57B32_BRUAB,1,1,1,1
tr|Q57B33|Q57B33_BRUAB,0,0,0,0
tr|Q57B34|Q57B34_BRUAB,0,0,0,0
tr|Q57B36|Q57B36_BRUAB,1,0,1,1
tr|Q57B38|Q57B38_BRUAB,0,0,0,0
tr|Q57B42|Q57B42_BRUAB,1,0,0,0
tr|Q57B43|Q57B43_BRUAB,0,0,0,0
tr|Q57B44|Q57B44_BRUAB,1,1,1,1
tr|Q57B51|Q57B51_BRUAB,0,0,0,0
tr|Q57B52|Q57B52_BRUAB,1,1,1,1
tr|Q57B53|Q57B53_BRUAB,1,1,1,1
tr|Q57B55|Q57B55_BRUAB,1,1,1,1
tr|Q57B56|Q57B56_BRUAB,0,0,0,0
tr|Q57B57|Q57B57_BRUAB,0,0,0,0
tr|Q57B58|Q57B58_BRUAB,0,0,0,0
tr|Q57B59|Q57B59_BRUAB,1,0,1,1
tr|Q57B60|Q57B60_BRUAB,1,0,0,0
tr|Q57B61|Q57B61_BRUAB,0,0,1,0
tr|Q57B62|Q57B62_BRUAB,1,0,1,1
tr|Q57B64|Q57B64_BRUAB,0,0,1,0
tr|Q57B66|Q57B66_BRUAB,0,0,0,0
tr|Q57B67|Q57B67_BRUAB,0,0,0,0
tr|Q57B68|Q57B68_BRUAB,1,1,1,1
tr|Q57B69|Q57B69_BRUAB,0,0,0,0
tr|Q57B72|Q57B72_BRUAB,1,0,0,0
tr|Q57B75|Q57B75_BRUAB,1,1,1,1
tr|Q57B77|Q57B77_BRUAB,0,0,0,0
tr|Q57B78|Q57B78_BRUAB,0,0,0,0
tr|Q57B79|Q57B79_BRUAB,0,1,0,0
tr|Q57B81|Q57B81_BRUAB,1,1,1,1
tr|Q57B84|Q57B84_BRUAB,0,0,0,0
tr|Q57B90|Q57B90_BRUAB,0,0,0,0
tr|Q57B91|Q57B91_BRUAB,0,0,0,0
tr|Q57B92|Q57B92_BRUAB,0,0,0,0
tr|Q57B93|Q57B93_BRUAB,0,1,0,0
tr|Q57B95|Q57B95_BRUAB,0,0,0,0
tr|Q57B96|Q57B96_BRUAB,0,0,0,0
tr|Q57B97|Q57B97_BRUAB,0,0,0,0
tr|Q57B98|Q57B98_BRUAB,0,0,0,0
sp|Q57B99|LIVB1_BRUAB,1,0,0,0
tr|Q57BA0|Q57BA0_BRUAB,1,0,1,1
sp|Q57BA1|LIVB2_BRUAB,1,1,1,1
tr|Q57BA3|Q57BA3_BRUAB,0,0,0,0
tr|Q57BA4|Q57BA4_BRUAB,0,0,0,0
tr|Q57BA6|Q57BA6_BRUAB,0,1,1,1
tr|Q57BA9|Q57BA9_BRUAB,1,0,1,1
tr|Q57BB0|Q57BB0_BRUAB,1,1,1,1
tr|Q57BB1|Q57BB1_BRUAB,1,1,0,1
tr|Q57BB2|Q57BB2_BRUAB,0,0,0,0
tr|Q57BB3|Q57BB3_BRUAB,1,1,0,1
tr|Q57BB4|Q57BB4_BRUAB,0,1,0,0
tr|Q57BB6|Q57BB6_BRUAB,0,1,1,1
tr|Q57BB7|Q57BB7_BRUAB,0,1,1,1
tr|Q57BB8|Q57BB8_BRUAB,0,0,0,0
tr|Q57BB9|Q57BB9_BRUAB,1,1,1,1
tr|Q57BC0|Q57BC0_BRUAB,1,1,1,1
tr|Q57BC1|Q57BC1_BRUAB,0,0,0,0
tr|Q57BC6|Q57BC6_BRUAB,1,1,1,1
tr|Q57BC7|Q57BC7_BRUAB,0,0,0,0
tr|Q57BC8|Q57BC8_BRUAB,0,0,0,0
sp|Q57BC9|Y1737_BRUAB,1,1,1,1
tr|Q57BD0|Q57BD0_BRUAB,0,0,0,0
tr|Q57BD1|Q57BD1_BRUAB,0,0,0,0
tr|Q57BD2|Q57BD2_BRUAB,1,1,1,1
tr|Q57BD4|Q57BD4_BRUAB,0,0,0,0
tr|Q57BD8|Q57BD8_BRUAB,1,1,0,1
tr|Q57BD9|Q57BD9_BRUAB,1,1,1,1
tr|Q57BE0|Q57BE0_BRUAB,1,1,0,1
tr|Q57BE1|Q57BE1_BRUAB,1,1,1,1
tr|Q57BE2|Q57BE2_BRUAB,0,0,0,0
tr|Q57BE3|Q57BE3_BRUAB,1,1,1,1
tr|Q57BE4|Q57BE4_BRUAB,0,0,0,0
tr|Q57BE5|Q57BE5_BRUAB,0,1,0,0
tr|Q57BE6|Q57BE6_BRUAB,0,0,0,0
tr|Q57BE7|Q57BE7_BRUAB,0,0,1,0
tr|Q57BE8|Q57BE8_BRUAB,0,0,1,0
tr|Q57BE9|Q57BE9_BRUAB,0,0,0,0
tr|Q57BF0|Q57BF0_BRUAB,0,0,0,0
tr|Q57BF4|Q57BF4_BRUAB,1,0,1,1
tr|Q57BF5|Q57BF5_BRUAB,1,1,1,1
tr|Q57BF6|Q57BF6_BRUAB,1,0,1,1
tr|Q57BF8|Q57BF8_BRUAB,0,0,0,0
tr|Q57BF9|Q57BF9_BRUAB,0,0,0,0
tr|Q57BG0|Q57BG0_BRUAB,0,0,0,0
tr|Q57BG1|Q57BG1_BRUAB,0,0,0,0
tr|Q57BG2|Q57BG2_BRUAB,0,0,0,0
sp|Q57BG3|Y1702_BRUAB,0,0,1,0
tr|Q57BG5|Q57BG5_BRUAB,0,0,0,0
tr|Q57BG6|Q57BG6_BRUAB,1,0,0,0
tr|Q57BG7|Q57BG7_BRUAB,0,0,0,0
tr|Q57BG8|Q57BG8_BRUAB,0,0,0,0
tr|Q57BH1|Q57BH1_BRUAB,0,0,0,0
tr|Q57BH2|Q57BH2_BRUAB,0,0,1,0
tr|Q57BH3|Q57BH3_BRUAB,0,0,1,0
tr|Q57BH4|Q57BH4_BRUAB,0,0,0,0
tr|Q57BH5|Q57BH5_BRUAB,1,0,0,0
tr|Q57BH9|Q57BH9_BRUAB,0,0,0,0
tr|Q57BI1|Q57BI1_BRUAB,0,0,0,0
tr|Q57BI2|Q57BI2_BRUAB,1,1,1,1
tr|Q57BI4|Q57BI4_BRUAB,0,1,1,1
tr|Q57BI6|Q57BI6_BRUAB,1,0,0,0
tr|Q57BJ1|Q57BJ1_BRUAB,1,1,1,1
tr|Q57BJ2|Q57BJ2_BRUAB,0,0,0,0
tr|Q57BJ4|Q57BJ4_BRUAB,0,0,1,0
tr|Q57BJ6|Q57BJ6_BRUAB,1,0,0,0
tr|Q57BJ8|Q57BJ8_BRUAB,0,0,0,0
tr|Q57BJ9|Q57BJ9_BRUAB,1,1,1,1
tr|Q57BK0|Q57BK0_BRUAB,1,0,0,0
tr|Q57BK1|Q57BK1_BRUAB,0,0,0,0
tr|Q57BK2|Q57BK2_BRUAB,0,1,0,0
tr|Q57BK3|Q57BK3_BRUAB,0,0,0,0
tr|Q57BK4|Q57BK4_BRUAB,0,0,0,0
tr|Q57BK6|Q57BK6_BRUAB,1,0,0,0
tr|Q57BK7|Q57BK7_BRUAB,1,1,0,1
tr|Q57BK8|Q57BK8_BRUAB,1,1,1,1
tr|Q57BK9|Q57BK9_BRUAB,1,0,1,1
tr|Q57BL2|Q57BL2_BRUAB,0,0,0,0
tr|Q57BL3|Q57BL3_BRUAB,0,0,0,0
tr|Q57BL4|Q57BL4_BRUAB,0,0,1,0
tr|Q57BL5|Q57BL5_BRUAB,1,0,1,1
tr|Q57BL6|Q57BL6_BRUAB,1,1,1,1
tr|Q57BL7|Q57BL7_BRUAB,0,0,0,0
tr|Q57BL8|Q57BL8_BRUAB,0,0,0,0
tr|Q57BL9|Q57BL9_BRUAB,0,0,1,0
tr|Q57BM0|Q57BM0_BRUAB,0,0,0,0
sp|Q57BM1|Y1643_BRUAB,1,1,1,1
tr|Q57BM2|Q57BM2_BRUAB,0,0,0,0
tr|Q57BM4|Q57BM4_BRUAB,0,0,0,0
tr|Q57BM7|Q57BM7_BRUAB,0,0,0,0
tr|Q57BM9|Q57BM9_BRUAB,0,0,0,0
tr|Q57BN0|Q57BN0_BRUAB,0,0,0,0
tr|Q57BN1|Q57BN1_BRUAB,0,1,0,0
tr|Q57BN2|Q57BN2_BRUAB,1,1,1,1
tr|Q57BN3|Q57BN3_BRUAB,1,1,0,1
tr|Q57BN4|Q57BN4_BRUAB,0,0,0,0
tr|Q57BN5|Q57BN5_BRUAB,0,0,0,0
tr|Q57BN6|Q57BN6_BRUAB,1,0,0,0
tr|Q57BN7|Q57BN7_BRUAB,0,0,0,0
tr|Q57BN9|Q57BN9_BRUAB,0,0,0,0
tr|Q57BP0|Q57BP0_BRUAB,1,1,0,1
tr|Q57BP1|Q57BP1_BRUAB,0,1,0,0
tr|Q57BP2|Q57BP2_BRUAB,1,1,1,1
tr|Q57BP3|Q57BP3_BRUAB,1,0,0,0
tr|Q57BP4|Q57BP4_BRUAB,0,0,0,0
tr|Q57BP5|Q57BP5_BRUAB,0,0,1,0
tr|Q57BP6|Q57BP6_BRUAB,0,0,0,0
tr|Q57BP7|Q57BP7_BRUAB,0,0,1,0
tr|Q57BP8|Q57BP8_BRUAB,0,1,1,1
tr|Q57BP9|Q57BP9_BRUAB,1,0,0,0
tr|Q57BQ0|Q57BQ0_BRUAB,0,0,1,0
tr|Q57BQ1|Q57BQ1_BRUAB,1,0,1,1
tr|Q57BQ2|Q57BQ2_BRUAB,0,0,0,0
tr|Q57BQ3|Q57BQ3_BRUAB,0,0,0,0
tr|Q57BQ5|Q57BQ5_BRUAB,0,0,0,0
tr|Q57BQ6|Q57BQ6_BRUAB,0,0,1,0
tr|Q57BQ7|Q57BQ7_BRUAB,0,1,1,1
tr|Q57BQ8|Q57BQ8_BRUAB,1,0,0,0
tr|Q57BQ9|Q57BQ9_BRUAB,0,0,0,0
tr|Q57BR3|Q57BR3_BRUAB,0,0,0,0
tr|Q57BR4|Q57BR4_BRUAB,1,1,1,1
tr|Q57BR5|Q57BR5_BRUAB,1,0,1,1
tr|Q57BR7|Q57BR7_BRUAB,0,0,0,0
tr|Q57BR8|Q57BR8_BRUAB,1,0,0,0
tr|Q57BR9|Q57BR9_BRUAB,0,1,0,0
tr|Q57BS0|Q57BS0_BRUAB,0,0,0,0
tr|Q57BS1|Q57BS1_BRUAB,0,0,0,0
tr|Q57BS2|Q57BS2_BRUAB,1,1,1,1
tr|Q57BS4|Q57BS4_BRUAB,1,1,1,1
tr|Q57BS5|Q57BS5_BRUAB,0,1,0,0
tr|Q57BS6|Q57BS6_BRUAB,0,1,1,1
tr|Q57BS7|Q57BS7_BRUAB,1,1,1,1
tr|Q57BS8|Q57BS8_BRUAB,0,0,0,0
tr|Q57BS9|Q57BS9_BRUAB,0,0,0,0
tr|Q57BT0|Q57BT0_BRUAB,0,0,0,0
tr|Q57BT2|Q57BT2_BRUAB,0,0,0,0
tr|Q57BT3|Q57BT3_BRUAB,0,0,0,0
tr|Q57BT4|Q57BT4_BRUAB,1,0,0,0
tr|Q57BT5|Q57BT5_BRUAB,0,0,0,0
tr|Q57BT6|Q57BT6_BRUAB,0,0,0,0
tr|Q57BT7|Q57BT7_BRUAB,0,0,0,0
tr|Q57BT8|Q57BT8_BRUAB,0,0,0,0
tr|Q57BT9|Q57BT9_BRUAB,0,0,0,0
tr|Q57BU0|Q57BU0_BRUAB,0,0,0,0
tr|Q57BU1|Q57BU1_BRUAB,0,0,0,0
tr|Q57BU2|Q57BU2_BRUAB,0,1,1,1
tr|Q57BU3|Q57BU3_BRUAB,0,0,0,0
tr|Q57BU4|Q57BU4_BRUAB,1,1,1,1
tr|Q57BU5|Q57BU5_BRUAB,0,0,0,0
tr|Q57BU6|Q57BU6_BRUAB,0,0,0,0
tr|Q57BU7|Q57BU7_BRUAB,0,0,0,0
tr|Q57BU8|Q57BU8_BRUAB,0,0,0,0
tr|Q57BV0|Q57BV0_BRUAB,0,0,0,0
tr|Q57BV1|Q57BV1_BRUAB,0,1,1,1
tr|Q57BV3|Q57BV3_BRUAB,0,1,0,0
tr|Q57BV4|Q57BV4_BRUAB,0,0,0,0
tr|Q57BV5|Q57BV5_BRUAB,1,0,0,0
tr|Q57BV6|Q57BV6_BRUAB,0,1,0,0
tr|Q57BV7|Q57BV7_BRUAB,1,0,0,0
tr|Q57BV8|Q57BV8_BRUAB,0,0,0,0
tr|Q57BV9|Q57BV9_BRUAB,0,1,0,0
tr|Q57BW0|Q57BW0_BRUAB,0,1,0,0
tr|Q57BW1|Q57BW1_BRUAB,0,0,0,0
tr|Q57BW2|Q57BW2_BRUAB,0,0,0,0
tr|Q57BW3|Q57BW3_BRUAB,1,0,1,1
tr|Q57BW4|Q57BW4_BRUAB,1,1,0,1
tr|Q57BW5|Q57BW5_BRUAB,0,0,0,0
tr|Q57BW6|Q57BW6_BRUAB,1,0,1,1
tr|Q57BW8|Q57BW8_BRUAB,0,0,0,0
tr|Q57BW9|Q57BW9_BRUAB,0,0,0,0
tr|Q57BX0|Q57BX0_BRUAB,0,1,0,0
tr|Q57BX8|Q57BX8_BRUAB,1,0,1,1
tr|Q57BX9|Q57BX9_BRUAB,1,1,1,1
tr|Q57BY3|Q57BY3_BRUAB,0,0,0,0
tr|Q57BY5|Q57BY5_BRUAB,1,1,1,1
tr|Q57BY6|Q57BY6_BRUAB,0,0,0,0
tr|Q57BY8|Q57BY8_BRUAB,0,0,0,0
tr|Q57BZ0|Q57BZ0_BRUAB,1,1,1,1
tr|Q57BZ1|Q57BZ1_BRUAB,0,0,0,0
tr|Q57BZ2|Q57BZ2_BRUAB,1,0,0,0
tr|Q57BZ4|Q57BZ4_BRUAB,0,0,0,0
tr|Q57BZ5|Q57BZ5_BRUAB,0,0,0,0
tr|Q57BZ6|Q57BZ6_BRUAB,1,0,1,1
tr|Q57BZ7|Q57BZ7_BRUAB,1,0,1,1
tr|Q57BZ8|Q57BZ8_BRUAB,0,0,1,0
tr|Q57C00|Q57C00_BRUAB,1,1,1,1
tr|Q57C01|Q57C01_BRUAB,1,1,1,1
tr|Q57C03|Q57C03_BRUAB,1,1,1,1
tr|Q57C04|Q57C04_BRUAB,1,0,0,0
tr|Q57C05|Q57C05_BRUAB,0,0,0,0
tr|Q57C06|Q57C06_BRUAB,0,0,0,0
tr|Q57C07|Q57C07_BRUAB,0,0,0,0
tr|Q57C08|Q57C08_BRUAB,1,1,1,1
tr|Q57C10|Q57C10_BRUAB,0,0,0,0
tr|Q57C11|Q57C11_BRUAB,0,0,0,0
tr|Q57C12|Q57C12_BRUAB,1,1,1,1
tr|Q57C15|Q57C15_BRUAB,0,0,0,0
tr|Q57C16|Q57C16_BRUAB,0,1,0,0
tr|Q57C17|Q57C17_BRUAB,0,1,1,1
tr|Q57C19|Q57C19_BRUAB,0,1,0,0
tr|Q57C20|Q57C20_BRUAB,0,0,0,0
tr|Q57C21|Q57C21_BRUAB,0,0,0,0
tr|Q57C22|Q57C22_BRUAB,0,0,0,0
tr|Q57C23|Q57C23_BRUAB,0,0,1,0
tr|Q57C25|Q57C25_BRUAB,0,0,0,0
tr|Q57C26|Q57C26_BRUAB,1,0,0,0
tr|Q57C27|Q57C27_BRUAB,1,1,1,1
tr|Q57C29|Q57C29_BRUAB,1,1,0,1
tr|Q57C30|Q57C30_BRUAB,0,0,0,0
tr|Q57C33|Q57C33_BRUAB,1,0,0,0
sp|Q57C34|Y1472_BRUAB,0,1,0,0
tr|Q57C35|Q57C35_BRUAB,0,0,1,0
tr|Q57C37|Q57C37_BRUAB,1,0,0,0
tr|Q57C38|Q57C38_BRUAB,1,0,1,1
tr|Q57C39|Q57C39_BRUAB,1,0,0,0
tr|Q57C40|Q57C40_BRUAB,0,1,1,1
tr|Q57C41|Q57C41_BRUAB,1,0,0,0
tr|Q57C42|Q57C42_BRUAB,0,1,1,1
tr|Q57C43|Q57C43_BRUAB,0,1,0,0
tr|Q57C44|Q57C44_BRUAB,0,0,1,0
tr|Q57C45|Q57C45_BRUAB,0,0,0,0
tr|Q57C46|Q57C46_BRUAB,0,0,0,0
tr|Q57C47|Q57C47_BRUAB,1,1,0,1
tr|Q57C48|Q57C48_BRUAB,0,0,1,0
tr|Q57C49|Q57C49_BRUAB,1,0,0,0
tr|Q57C50|Q57C50_BRUAB,1,1,0,1
tr|Q57C51|Q57C51_BRUAB,0,1,0,0
tr|Q57C52|Q57C52_BRUAB,0,0,0,0
tr|Q57C53|Q57C53_BRUAB,1,1,0,1
tr|Q57C55|Q57C55_BRUAB,1,1,0,1
tr|Q57C56|Q57C56_BRUAB,1,0,0,0
tr|Q57C57|Q57C57_BRUAB,0,0,0,0
tr|Q57C58|Q57C58_BRUAB,1,0,0,0
tr|Q57C60|Q57C60_BRUAB,0,0,0,0
tr|Q57C61|Q57C61_BRUAB,1,1,1,1
tr|Q57C62|Q57C62_BRUAB,1,1,1,1
tr|Q57C63|Q57C63_BRUAB,1,0,1,1
tr|Q57C64|Q57C64_BRUAB,0,0,0,0
tr|Q57C65|Q57C65_BRUAB,0,0,0,0
tr|Q57C66|Q57C66_BRUAB,1,1,1,1
tr|Q57C67|Q57C67_BRUAB,1,1,1,1
tr|Q57C69|Q57C69_BRUAB,0,0,1,0
tr|Q57C71|Q57C71_BRUAB,0,0,0,0
tr|Q57C72|Q57C72_BRUAB,1,1,1,1
tr|Q57C86|Q57C86_BRUAB,0,0,0,0
tr|Q57C90|Q57C90_BRUAB,0,0,0,0
tr|Q57C91|Q57C91_BRUAB,0,1,0,0
tr|Q57C93|Q57C93_BRUAB,1,0,1,1
tr|Q57C94|Q57C94_BRUAB,0,0,0,0
tr|Q57C95|Q57C95_BRUAB,0,0,0,0
tr|Q57C97|Q57C97_BRUAB,0,0,0,0
sp|Q57C98|Y1406_BRUAB,0,1,1,1
tr|Q57C99|Q57C99_BRUAB,0,0,0,0
tr|Q57CA0|Q57CA0_BRUAB,0,0,0,0
tr|Q57CA1|Q57CA1_BRUAB,1,1,1,1
tr|Q57CA2|Q57CA2_BRUAB,0,0,0,0
tr|Q57CA3|Q57CA3_BRUAB,1,1,0,1
tr|Q57CA4|Q57CA4_BRUAB,0,0,1,0
tr|Q57CA5|Q57CA5_BRUAB,0,1,1,1
tr|Q57CA6|Q57CA6_BRUAB,0,0,1,0
tr|Q57CA7|Q57CA7_BRUAB,0,0,1,0
tr|Q57CA8|Q57CA8_BRUAB,0,0,0,0
tr|Q57CB3|Q57CB3_BRUAB,1,0,1,1
tr|Q57CB5|Q57CB5_BRUAB,1,0,0,0
tr|Q57CC0|Q57CC0_BRUAB,0,1,0,0
tr|Q57CC1|Q57CC1_BRUAB,0,0,0,0
tr|Q57CC3|Q57CC3_BRUAB,1,1,1,1
tr|Q57CC5|Q57CC5_BRUAB,1,0,1,1
tr|Q57CC6|Q57CC6_BRUAB,0,0,0,0
tr|Q57CC8|Q57CC8_BRUAB,0,0,0,0
tr|Q57CC9|Q57CC9_BRUAB,0,0,0,0
tr|Q57CD0|Q57CD0_BRUAB,1,1,0,1
tr|Q57CD1|Q57CD1_BRUAB,0,0,0,0
tr|Q57CD2|Q57CD2_BRUAB,0,1,1,1
tr|Q57CD3|Q57CD3_BRUAB,0,1,0,0
tr|Q57CD4|Q57CD4_BRUAB,1,0,0,0
tr|Q57CD5|Q57CD5_BRUAB,0,0,0,0
tr|Q57CD9|Q57CD9_BRUAB,0,0,0,0
tr|Q57CE0|Q57CE0_BRUAB,1,1,1,1
tr|Q57CE1|Q57CE1_BRUAB,0,0,1,0
tr|Q57CE2|Q57CE2_BRUAB,1,1,1,1
tr|Q57CE3|Q57CE3_BRUAB,0,0,0,0
tr|Q57CF1|Q57CF1_BRUAB,0,1,1,1
tr|Q57CF2|Q57CF2_BRUAB,1,1,1,1
tr|Q57CF3|Q57CF3_BRUAB,1,1,1,1
tr|Q57CF4|Q57CF4_BRUAB,0,1,1,1
tr|Q57CF5|Q57CF5_BRUAB,1,0,0,0
tr|Q57CF6|Q57CF6_BRUAB,0,0,0,0
tr|Q57CF7|Q57CF7_BRUAB,1,1,1,1
tr|Q57CF8|Q57CF8_BRUAB,0,0,0,0
tr|Q57CF9|Q57CF9_BRUAB,1,0,1,1
tr|Q57CG0|Q57CG0_BRUAB,0,0,0,0
tr|Q57CG1|Q57CG1_BRUAB,0,0,0,0
tr|Q57CG2|Q57CG2_BRUAB,1,1,1,1
tr|Q57CG3|Q57CG3_BRUAB,1,1,1,1
tr|Q57CG4|Q57CG4_BRUAB,0,1,0,0
tr|Q57CG5|Q57CG5_BRUAB,0,0,0,0
tr|Q57CG8|Q57CG8_BRUAB,0,0,0,0
tr|Q57CG9|Q57CG9_BRUAB,0,0,0,0
tr|Q57CH0|Q57CH0_BRUAB,0,0,0,0
tr|Q57CH1|Q57CH1_BRUAB,1,0,0,0
tr|Q57CH3|Q57CH3_BRUAB,0,0,0,0
tr|Q57CH4|Q57CH4_BRUAB,0,0,0,0
tr|Q57CH5|Q57CH5_BRUAB,0,0,0,0
tr|Q57CH7|Q57CH7_BRUAB,0,0,0,0
tr|Q57CH9|Q57CH9_BRUAB,0,1,1,1
tr|Q57CI0|Q57CI0_BRUAB,0,0,0,0
tr|Q57CI1|Q57CI1_BRUAB,0,0,0,0
tr|Q57CI2|Q57CI2_BRUAB,0,0,1,0
tr|Q57CI3|Q57CI3_BRUAB,0,0,0,0
tr|Q57CI5|Q57CI5_BRUAB,1,0,0,0
tr|Q57CI6|Q57CI6_BRUAB,1,0,1,1
tr|Q57CI8|Q57CI8_BRUAB,1,0,0,0
tr|Q57CI9|Q57CI9_BRUAB,0,0,0,0
tr|Q57CJ1|Q57CJ1_BRUAB,0,0,0,0
tr|Q57CJ2|Q57CJ2_BRUAB,0,1,0,0
tr|Q57CJ4|Q57CJ4_BRUAB,0,0,1,0
tr|Q57CJ5|Q57CJ5_BRUAB,0,0,0,0
tr|Q57CJ6|Q57CJ6_BRUAB,0,0,0,0
tr|Q57CJ7|Q57CJ7_BRUAB,1,0,0,0
tr|Q57CJ8|Q57CJ8_BRUAB,0,0,0,0
tr|Q57CJ9|Q57CJ9_BRUAB,0,0,0,0
tr|Q57CK5|Q57CK5_BRUAB,0,1,1,1
tr|Q57CK6|Q57CK6_BRUAB,1,1,1,1
tr|Q57CK7|Q57CK7_BRUAB,0,1,0,0
tr|Q57CK8|Q57CK8_BRUAB,0,0,0,0
tr|Q57CK9|Q57CK9_BRUAB,0,0,0,0
tr|Q57CL0|Q57CL0_BRUAB,1,0,0,0
tr|Q57CL1|Q57CL1_BRUAB,1,1,0,1
sp|Q57CL5|SFSA_BRUAB,0,0,0,0
tr|Q57CL6|Q57CL6_BRUAB,1,0,0,0
tr|Q57CL7|Q57CL7_BRUAB,1,0,0,0
tr|Q57CL8|Q57CL8_BRUAB,0,0,0,0
tr|Q57CL9|Q57CL9_BRUAB,1,1,1,1
tr|Q57CM0|Q57CM0_BRUAB,1,1,1,1
tr|Q57CM1|Q57CM1_BRUAB,0,0,0,0
tr|Q57CM6|Q57CM6_BRUAB,0,0,0,0
tr|Q57CM7|Q57CM7_BRUAB,0,0,0,0
tr|Q57CM8|Q57CM8_BRUAB,0,0,0,0
tr|Q57CM9|Q57CM9_BRUAB,0,0,0,0
tr|Q57CN0|Q57CN0_BRUAB,0,0,0,0
tr|Q57CN2|Q57CN2_BRUAB,1,1,1,1
tr|Q57CN3|Q57CN3_BRUAB,0,0,0,0
tr|Q57CN4|Q57CN4_BRUAB,0,0,0,0
tr|Q57CN5|Q57CN5_BRUAB,0,0,0,0
tr|Q57CN6|Q57CN6_BRUAB,1,0,1,1
tr|Q57CN7|Q57CN7_BRUAB,1,0,0,0
tr|Q57CN8|Q57CN8_BRUAB,0,0,0,0
tr|Q57CN9|Q57CN9_BRUAB,0,0,0,0
tr|Q57CP0|Q57CP0_BRUAB,1,0,0,0
tr|Q57CQ0|Q57CQ0_BRUAB,1,0,0,0
tr|Q57CQ1|Q57CQ1_BRUAB,0,1,1,1
tr|Q57CQ2|Q57CQ2_BRUAB,0,0,0,0
tr|Q57CT6|Q57CT6_BRUAB,1,1,0,1
tr|Q57CT7|Q57CT7_BRUAB,0,1,1,1
tr|Q57CT8|Q57CT8_BRUAB,0,0,1,0
tr|Q57CU1|Q57CU1_BRUAB,1,1,1,1
tr|Q57CU3|Q57CU3_BRUAB,0,0,0,0
tr|Q57CU4|Q57CU4_BRUAB,0,0,0,0
tr|Q57CU8|Q57CU8_BRUAB,1,0,0,0
tr|Q57CU9|Q57CU9_BRUAB,0,0,0,0
tr|Q57CV0|Q57CV0_BRUAB,0,0,0,0
tr|Q57CV1|Q57CV1_BRUAB,0,0,0,0
tr|Q57CV3|Q57CV3_BRUAB,0,0,0,0
tr|Q57CV4|Q57CV4_BRUAB,0,0,0,0
tr|Q57CV5|Q57CV5_BRUAB,0,0,0,0
tr|Q57CV6|Q57CV6_BRUAB,1,1,1,1
tr|Q57CV8|Q57CV8_BRUAB,1,1,1,1
tr|Q57CV9|Q57CV9_BRUAB,1,0,0,0
tr|Q57CW0|Q57CW0_BRUAB,0,0,0,0
tr|Q57CW1|Q57CW1_BRUAB,0,0,0,0
tr|Q57CW2|Q57CW2_BRUAB,0,0,0,0
tr|Q57CW3|Q57CW3_BRUAB,0,0,0,0
tr|Q57CW4|Q57CW4_BRUAB,0,0,0,0
tr|Q57CW5|Q57CW5_BRUAB,0,0,0,0
tr|Q57CW6|Q57CW6_BRUAB,0,0,0,0
tr|Q57CW8|Q57CW8_BRUAB,0,1,0,0
tr|Q57CX1|Q57CX1_BRUAB,0,0,0,0
tr|Q57CX2|Q57CX2_BRUAB,1,0,0,0
tr|Q57CX3|Q57CX3_BRUAB,0,0,0,0
tr|Q57CX4|Q57CX4_BRUAB,0,0,1,0
tr|Q57CX5|Q57CX5_BRUAB,1,1,0,1
tr|Q57CX6|Q57CX6_BRUAB,1,1,1,1
sp|Q57CX7|RS2_BRUAB,0,0,0,0
tr|Q57CY4|Q57CY4_BRUAB,0,1,1,1
tr|Q57CY9|Q57CY9_BRUAB,1,1,1,1
tr|Q57CZ3|Q57CZ3_BRUAB,0,0,1,0
tr|Q57CZ4|Q57CZ4_BRUAB,0,0,0,0
tr|Q57D04|Q57D04_BRUAB,0,0,0,0
tr|Q57D08|Q57D08_BRUAB,0,0,0,0
tr|Q57D09|Q57D09_BRUAB,0,0,0,0
tr|Q57D14|Q57D14_BRUAB,0,0,1,0
tr|Q57D16|Q57D16_BRUAB,0,0,0,0
tr|Q57D17|Q57D17_BRUAB,1,0,1,1
tr|Q57D20|Q57D20_BRUAB,0,0,0,0
tr|Q57D23|Q57D23_BRUAB,0,0,0,0
tr|Q57D24|Q57D24_BRUAB,0,0,0,0
tr|Q57D25|Q57D25_BRUAB,1,0,1,1
tr|Q57D30|Q57D30_BRUAB,1,0,1,1
tr|Q57D32|Q57D32_BRUAB,1,1,1,1
tr|Q57D34|Q57D34_BRUAB,1,0,1,1
tr|Q57D36|Q57D36_BRUAB,1,1,1,1
tr|Q57D37|Q57D37_BRUAB,0,0,0,0
tr|Q57D39|Q57D39_BRUAB,0,0,0,0
tr|Q57D41|Q57D41_BRUAB,0,0,0,0
tr|Q57D47|Q57D47_BRUAB,0,0,0,0
tr|Q57D48|Q57D48_BRUAB,1,1,0,1
tr|Q57D49|Q57D49_BRUAB,0,0,0,0
tr|Q57D50|Q57D50_BRUAB,0,1,0,0
tr|Q57D51|Q57D51_BRUAB,0,0,0,0
tr|Q57D52|Q57D52_BRUAB,1,1,0,1
tr|Q57D53|Q57D53_BRUAB,0,0,0,0
tr|Q57D54|Q57D54_BRUAB,0,1,1,1
tr|Q57D55|Q57D55_BRUAB,0,0,0,0
tr|Q57D56|Q57D56_BRUAB,0,0,0,0
tr|Q57D57|Q57D57_BRUAB,0,0,0,0
tr|Q57D58|Q57D58_BRUAB,1,0,0,0
tr|Q57D59|Q57D59_BRUAB,0,0,0,0
tr|Q57D62|Q57D62_BRUAB,1,0,0,0
sp|Q57D63|YIDD_BRUAB,1,1,0,1
tr|Q57D66|Q57D66_BRUAB,0,1,1,1
tr|Q57D67|Q57D67_BRUAB,0,0,0,0
tr|Q57D68|Q57D68_BRUAB,0,0,0,0
tr|Q57D69|Q57D69_BRUAB,0,1,1,1
tr|Q57D71|Q57D71_BRUAB,0,0,0,0
tr|Q57D74|Q57D74_BRUAB,0,0,0,0
tr|Q57D75|Q57D75_BRUAB,0,0,0,0
tr|Q57D76|Q57D76_BRUAB,1,1,1,1
tr|Q57D77|Q57D77_BRUAB,1,1,1,1
tr|Q57D78|Q57D78_BRUAB,0,1,0,0
tr|Q57D79|Q57D79_BRUAB,1,0,0,0
tr|Q57D81|Q57D81_BRUAB,0,0,1,0
tr|Q57D83|Q57D83_BRUAB,0,0,0,0
tr|Q57D84|Q57D84_BRUAB,0,0,0,0
tr|Q57D85|Q57D85_BRUAB,0,0,0,0
tr|Q57D86|Q57D86_BRUAB,1,1,1,1
tr|Q57D88|Q57D88_BRUAB,0,0,0,0
tr|Q57D89|Q57D89_BRUAB,0,0,0,0
tr|Q57D90|Q57D90_BRUAB,0,0,0,0
tr|Q57D92|Q57D92_BRUAB,1,1,1,1
tr|Q57D93|Q57D93_BRUAB,0,0,1,0
tr|Q57D95|Q57D95_BRUAB,0,0,0,0
tr|Q57D96|Q57D96_BRUAB,0,0,0,0
sp|Q57D97|Y1038_BRUAB,0,0,0,0
tr|Q57D98|Q57D98_BRUAB,0,1,1,1
tr|Q57DA2|Q57DA2_BRUAB,0,0,0,0
tr|Q57DA3|Q57DA3_BRUAB,1,1,1,1
tr|Q57DA4|Q57DA4_BRUAB,0,0,0,0
tr|Q57DA6|Q57DA6_BRUAB,0,0,1,0
tr|Q57DA7|Q57DA7_BRUAB,1,1,0,1
tr|Q57DA8|Q57DA8_BRUAB,1,0,0,0
tr|Q57DA9|Q57DA9_BRUAB,0,0,0,0
tr|Q57DB0|Q57DB0_BRUAB,0,0,0,0
tr|Q57DB8|Q57DB8_BRUAB,1,1,1,1
tr|Q57DC0|Q57DC0_BRUAB,0,0,1,0
tr|Q57DC2|Q57DC2_BRUAB,1,1,1,1
tr|Q57DC6|Q57DC6_BRUAB,0,0,0,0
tr|Q57DC7|Q57DC7_BRUAB,0,0,0,0
tr|Q57DC8|Q57DC8_BRUAB,1,0,0,0
tr|Q57DD1|Q57DD1_BRUAB,0,1,1,1
tr|Q57DD2|Q57DD2_BRUAB,0,0,0,0
tr|Q57DD4|Q57DD4_BRUAB,1,0,0,0
tr|Q57DD5|Q57DD5_BRUAB,0,0,0,0
tr|Q57DD9|Q57DD9_BRUAB,0,0,0,0
tr|Q57DE0|Q57DE0_BRUAB,0,0,0,0
tr|Q57DE1|Q57DE1_BRUAB,0,0,1,0
tr|Q57DE2|Q57DE2_BRUAB,0,0,1,0
tr|Q57DE3|Q57DE3_BRUAB,0,0,0,0
tr|Q57DE4|Q57DE4_BRUAB,1,0,0,0
tr|Q57DE5|Q57DE5_BRUAB,0,0,0,0
tr|Q57DE6|Q57DE6_BRUAB,0,0,0,0
tr|Q57DE7|Q57DE7_BRUAB,0,1,1,1
tr|Q57DE8|Q57DE8_BRUAB,1,0,1,1
tr|Q57DF0|Q57DF0_BRUAB,0,0,0,0
tr|Q57DF1|Q57DF1_BRUAB,1,1,1,1
tr|Q57DF2|Q57DF2_BRUAB,0,1,0,0
tr|Q57DF3|Q57DF3_BRUAB,0,0,1,0
tr|Q57DF4|Q57DF4_BRUAB,1,0,1,1
tr|Q57DF5|Q57DF5_BRUAB,0,0,0,0
tr|Q57DF6|Q57DF6_BRUAB,1,0,0,0
tr|Q57DF7|Q57DF7_BRUAB,0,0,0,0
tr|Q57DF8|Q57DF8_BRUAB,0,0,0,0
tr|Q57DF9|Q57DF9_BRUAB,0,0,1,0
tr|Q57DG0|Q57DG0_BRUAB,1,0,0,0
tr|Q57DG2|Q57DG2_BRUAB,0,0,0,0
tr|Q57DG6|Q57DG6_BRUAB,0,0,0,0
tr|Q57DG7|Q57DG7_BRUAB,1,0,0,0
tr|Q57DG8|Q57DG8_BRUAB,1,1,1,1
tr|Q57DG9|Q57DG9_BRUAB,1,0,1,1
tr|Q57DH0|Q57DH0_BRUAB,1,1,1,1
tr|Q57DH1|Q57DH1_BRUAB,0,0,0,0
tr|Q57DH2|Q57DH2_BRUAB,0,0,1,0
tr|Q57DH5|Q57DH5_BRUAB,0,0,0,0
tr|Q57DH6|Q57DH6_BRUAB,0,0,1,0
tr|Q57DH8|Q57DH8_BRUAB,0,0,0,0
tr|Q57DH9|Q57DH9_BRUAB,1,0,0,0
tr|Q57DI0|Q57DI0_BRUAB,0,0,1,0
tr|Q57DI1|Q57DI1_BRUAB,0,1,0,0
tr|Q57DI2|Q57DI2_BRUAB,0,0,0,0
tr|Q57DI3|Q57DI3_BRUAB,1,0,1,1
tr|Q57DI6|Q57DI6_BRUAB,1,1,1,1
tr|Q57DI7|Q57DI7_BRUAB,1,0,0,0
tr|Q57DI8|Q57DI8_BRUAB,0,0,0,0
tr|Q57DI9|Q57DI9_BRUAB,1,0,1,1
tr|Q57DJ0|Q57DJ0_BRUAB,1,0,1,1
tr|Q57DJ1|Q57DJ1_BRUAB,1,0,1,1
tr|Q57DJ2|Q57DJ2_BRUAB,0,1,1,1
tr|Q57DJ6|Q57DJ6_BRUAB,0,1,0,0
tr|Q57DJ8|Q57DJ8_BRUAB,0,0,0,0
tr|Q57DJ9|Q57DJ9_BRUAB,1,1,0,1
tr|Q57DK0|Q57DK0_BRUAB,0,0,1,0
tr|Q57DK5|Q57DK5_BRUAB,1,0,0,0
tr|Q57DK6|Q57DK6_BRUAB,0,0,1,0
tr|Q57DK7|Q57DK7_BRUAB,0,0,0,0
tr|Q57DL0|Q57DL0_BRUAB,1,0,0,0
tr|Q57DL1|Q57DL1_BRUAB,0,0,0,0
tr|Q57DL2|Q57DL2_BRUAB,0,0,1,0
tr|Q57DL4|Q57DL4_BRUAB,0,0,0,0
tr|Q57DL5|Q57DL5_BRUAB,1,0,1,1
tr|Q57DL8|Q57DL8_BRUAB,0,0,0,0
tr|Q57DL9|Q57DL9_BRUAB,1,1,1,1
tr|Q57DM0|Q57DM0_BRUAB,0,0,0,0
tr|Q57DM6|Q57DM6_BRUAB,1,1,0,1
tr|Q57DM7|Q57DM7_BRUAB,0,0,0,0
tr|Q57DM8|Q57DM8_BRUAB,0,0,0,0
tr|Q57DM9|Q57DM9_BRUAB,1,0,1,1
sp|Q57DN1|DGTL1_BRUAB,0,0,0,0
tr|Q57DN2|Q57DN2_BRUAB,0,0,1,0
tr|Q57DN3|Q57DN3_BRUAB,0,0,1,0
tr|Q57DN4|Q57DN4_BRUAB,1,0,0,0
tr|Q57DN5|Q57DN5_BRUAB,0,0,1,0
tr|Q57DN6|Q57DN6_BRUAB,0,0,1,0
tr|Q57DN7|Q57DN7_BRUAB,0,1,0,0
tr|Q57DN8|Q57DN8_BRUAB,0,0,0,0
tr|Q57DP1|Q57DP1_BRUAB,0,0,0,0
tr|Q57DP2|Q57DP2_BRUAB,1,0,1,1
tr|Q57DP4|Q57DP4_BRUAB,0,0,0,0
tr|Q57DP5|Q57DP5_BRUAB,0,0,0,0
tr|Q57DP6|Q57DP6_BRUAB,0,0,0,0
tr|Q57DP7|Q57DP7_BRUAB,0,0,0,0
tr|Q57DP8|Q57DP8_BRUAB,1,0,0,0
tr|Q57DQ0|Q57DQ0_BRUAB,0,1,1,1
tr|Q57DQ1|Q57DQ1_BRUAB,0,0,0,0
tr|Q57DQ2|Q57DQ2_BRUAB,0,1,1,1
tr|Q57DQ3|Q57DQ3_BRUAB,1,1,1,1
tr|Q57DQ4|Q57DQ4_BRUAB,0,0,0,0
tr|Q57DQ5|Q57DQ5_BRUAB,0,0,1,0
tr|Q57DQ8|Q57DQ8_BRUAB,1,0,0,0
tr|Q57DQ9|Q57DQ9_BRUAB,1,0,1,1
tr|Q57DR0|Q57DR0_BRUAB,0,0,0,0
tr|Q57DR1|Q57DR1_BRUAB,0,0,1,0
tr|Q57DR2|Q57DR2_BRUAB,0,1,1,1
tr|Q57DR6|Q57DR6_BRUAB,0,0,0,0
tr|Q57DR7|Q57DR7_BRUAB,1,1,1,1
tr|Q57DR9|Q57DR9_BRUAB,0,0,1,0
tr|Q57DS0|Q57DS0_BRUAB,0,0,0,0
tr|Q57DS1|Q57DS1_BRUAB,1,0,1,1
tr|Q57DS3|Q57DS3_BRUAB,0,0,0,0
tr|Q57DS6|Q57DS6_BRUAB,1,0,0,0
tr|Q57DS7|Q57DS7_BRUAB,1,1,1,1
tr|Q57DT0|Q57DT0_BRUAB,0,0,0,0
tr|Q57DT2|Q57DT2_BRUAB,0,0,1,0
tr|Q57DT3|Q57DT3_BRUAB,0,0,0,0
tr|Q57DT4|Q57DT4_BRUAB,1,0,0,0
tr|Q57DT5|Q57DT5_BRUAB,0,1,0,0
tr|Q57DT6|Q57DT6_BRUAB,0,0,0,0
tr|Q57DT7|Q57DT7_BRUAB,0,0,0,0
tr|Q57DT9|Q57DT9_BRUAB,0,0,0,0
tr|Q57DU7|Q57DU7_BRUAB,0,0,1,0
tr|Q57DV2|Q57DV2_BRUAB,1,0,0,0
tr|Q57DV3|Q57DV3_BRUAB,1,0,0,0
tr|Q57DV4|Q57DV4_BRUAB,0,1,0,0
tr|Q57DV5|Q57DV5_BRUAB,1,0,1,1
tr|Q57DV6|Q57DV6_BRUAB,1,1,1,1
tr|Q57DV7|Q57DV7_BRUAB,0,0,0,0
tr|Q57DV8|Q57DV8_BRUAB,1,0,1,1
tr|Q57DV9|Q57DV9_BRUAB,0,0,0,0
tr|Q57DW0|Q57DW0_BRUAB,0,0,0,0
tr|Q57DW3|Q57DW3_BRUAB,0,0,1,0
tr|Q57DW6|Q57DW6_BRUAB,0,0,0,0
tr|Q57DW7|Q57DW7_BRUAB,0,0,0,0
tr|Q57DW8|Q57DW8_BRUAB,0,1,0,0
tr|Q57DW9|Q57DW9_BRUAB,1,0,0,0
tr|Q57DX0|Q57DX0_BRUAB,1,0,0,0
tr|Q57DX1|Q57DX1_BRUAB,1,0,0,0
tr|Q57DX2|Q57DX2_BRUAB,0,0,0,0
tr|Q57DX6|Q57DX6_BRUAB,1,0,0,0
tr|Q57DX7|Q57DX7_BRUAB,0,0,0,0
tr|Q57DX8|Q57DX8_BRUAB,0,0,0,0
tr|Q57DY2|Q57DY2_BRUAB,0,0,1,0
tr|Q57DY6|Q57DY6_BRUAB,1,0,1,1
tr|Q57DY7|Q57DY7_BRUAB,0,1,1,1
tr|Q57DY8|Q57DY8_BRUAB,0,1,1,1
tr|Q57DY9|Q57DY9_BRUAB,0,0,0,0
tr|Q57DZ0|Q57DZ0_BRUAB,0,0,0,0
tr|Q57DZ1|Q57DZ1_BRUAB,1,0,0,0
tr|Q57DZ3|Q57DZ3_BRUAB,1,0,0,0
tr|Q57DZ6|Q57DZ6_BRUAB,0,0,0,0
tr|Q57DZ7|Q57DZ7_BRUAB,1,1,1,1
tr|Q57E00|Q57E00_BRUAB,0,0,0,0
tr|Q57E02|Q57E02_BRUAB,0,0,0,0
tr|Q57E03|Q57E03_BRUAB,0,0,0,0
tr|Q57E04|Q57E04_BRUAB,0,0,0,0
tr|Q57E05|Q57E05_BRUAB,1,0,0,0
tr|Q57E06|Q57E06_BRUAB,0,0,0,0
tr|Q57E07|Q57E07_BRUAB,0,0,0,0
tr|Q57E08|Q57E08_BRUAB,1,0,1,1
tr|Q57E09|Q57E09_BRUAB,1,1,1,1
tr|Q57E10|Q57E10_BRUAB,0,0,0,0
tr|Q57E11|Q57E11_BRUAB,1,0,0,0
tr|Q57E12|Q57E12_BRUAB,0,0,0,0
tr|Q57E13|Q57E13_BRUAB,0,0,0,0
tr|Q57E14|Q57E14_BRUAB,0,0,0,0
tr|Q57E15|Q57E15_BRUAB,1,0,0,0
tr|Q57E16|Q57E16_BRUAB,0,1,1,1
tr|Q57E17|Q57E17_BRUAB,0,0,1,0
tr|Q57E18|Q57E18_BRUAB,0,0,0,0
tr|Q57E19|Q57E19_BRUAB,0,0,0,0
tr|Q57E20|Q57E20_BRUAB,0,0,0,0
tr|Q57E21|Q57E21_BRUAB,0,0,0,0
tr|Q57E22|Q57E22_BRUAB,1,0,1,1
tr|Q57E24|Q57E24_BRUAB,0,0,1,0
tr|Q57E25|Q57E25_BRUAB,1,1,1,1
tr|Q57E26|Q57E26_BRUAB,0,1,0,0
tr|Q57E27|Q57E27_BRUAB,1,1,1,1
tr|Q57E28|Q57E28_BRUAB,0,0,0,0
tr|Q57E29|Q57E29_BRUAB,0,1,0,0
tr|Q57E32|Q57E32_BRUAB,1,1,1,1
tr|Q57E33|Q57E33_BRUAB,0,0,0,0
tr|Q57E34|Q57E34_BRUAB,0,0,0,0
tr|Q57E36|Q57E36_BRUAB,0,0,0,0
tr|Q57E37|Q57E37_BRUAB,1,0,1,1
tr|Q57E38|Q57E38_BRUAB,0,0,0,0
tr|Q57E40|Q57E40_BRUAB,0,0,0,0
tr|Q57E42|Q57E42_BRUAB,0,0,0,0
tr|Q57E43|Q57E43_BRUAB,1,0,1,1
tr|Q57E45|Q57E45_BRUAB,0,0,0,0
tr|Q57E47|Q57E47_BRUAB,1,0,1,1
tr|Q57E48|Q57E48_BRUAB,1,0,0,0
tr|Q57E49|Q57E49_BRUAB,1,0,0,0
tr|Q57E50|Q57E50_BRUAB,0,0,0,0
tr|Q57E52|Q57E52_BRUAB,1,0,0,0
tr|Q57E53|Q57E53_BRUAB,1,0,0,0
tr|Q57E54|Q57E54_BRUAB,0,0,0,0
tr|Q57E56|Q57E56_BRUAB,0,0,0,0
tr|Q57E59|Q57E59_BRUAB,1,1,1,1
tr|Q57E60|Q57E60_BRUAB,0,0,0,0
tr|Q57E62|Q57E62_BRUAB,0,1,1,1
tr|Q57E63|Q57E63_BRUAB,1,1,0,1
tr|Q57E66|Q57E66_BRUAB,0,0,0,0
tr|Q57E67|Q57E67_BRUAB,0,1,0,0
tr|Q57E68|Q57E68_BRUAB,0,0,0,0
tr|Q57E70|Q57E70_BRUAB,0,0,0,0
tr|Q57E71|Q57E71_BRUAB,1,0,1,1
tr|Q57E72|Q57E72_BRUAB,0,0,0,0
tr|Q57E73|Q57E73_BRUAB,1,1,1,1
tr|Q57E74|Q57E74_BRUAB,0,1,0,0
tr|Q57E75|Q57E75_BRUAB,0,0,1,0
tr|Q57E76|Q57E76_BRUAB,0,0,0,0
tr|Q57E77|Q57E77_BRUAB,0,0,0,0
tr|Q57E80|Q57E80_BRUAB,1,0,1,1
tr|Q57E84|Q57E84_BRUAB,0,0,0,0
tr|Q57E85|Q57E85_BRUAB,0,0,0,0
tr|Q57E86|Q57E86_BRUAB,0,0,0,0
tr|Q57E88|Q57E88_BRUAB,0,0,0,0
tr|Q57E92|Q57E92_BRUAB,1,0,1,1
tr|Q57E93|Q57E93_BRUAB,1,0,1,1
tr|Q57E94|Q57E94_BRUAB,1,1,1,1
tr|Q57E97|Q57E97_BRUAB,0,1,0,0
tr|Q57E98|Q57E98_BRUAB,0,0,0,0
tr|Q57E99|Q57E99_BRUAB,1,1,1,1
tr|Q57EA0|Q57EA0_BRUAB,1,1,0,1
tr|Q57EA1|Q57EA1_BRUAB,0,0,0,0
tr|Q57EA3|Q57EA3_BRUAB,0,1,1,1
tr|Q57EA5|Q57EA5_BRUAB,0,0,0,0
tr|Q57EA6|Q57EA6_BRUAB,0,0,0,0
tr|Q57EA7|Q57EA7_BRUAB,0,0,0,0
tr|Q57EA8|Q57EA8_BRUAB,1,1,1,1
tr|Q57EA9|Q57EA9_BRUAB,1,1,0,1
tr|Q57EB0|Q57EB0_BRUAB,0,0,0,0
tr|Q57EB1|Q57EB1_BRUAB,0,0,0,0
tr|Q57EB2|Q57EB2_BRUAB,0,0,0,0
tr|Q57EB3|Q57EB3_BRUAB,0,1,1,1
tr|Q57EB4|Q57EB4_BRUAB,0,0,0,0
tr|Q57EB5|Q57EB5_BRUAB,0,0,1,0
tr|Q57EB6|Q57EB6_BRUAB,1,1,0,1
tr|Q57EB8|Q57EB8_BRUAB,0,0,0,0
tr|Q57EC1|Q57EC1_BRUAB,1,0,0,0
tr|Q57EC2|Q57EC2_BRUAB,0,0,0,0
tr|Q57EC5|Q57EC5_BRUAB,0,0,0,0
tr|Q57EC7|Q57EC7_BRUAB,1,0,0,0
tr|Q57EC8|Q57EC8_BRUAB,0,0,0,0
tr|Q57ED1|Q57ED1_BRUAB,0,0,0,0
tr|Q57ED3|Q57ED3_BRUAB,1,1,1,1
tr|Q57ED4|Q57ED4_BRUAB,1,1,1,1
tr|Q57ED5|Q57ED5_BRUAB,1,0,0,0
tr|Q57ED7|Q57ED7_BRUAB,1,0,1,1
tr|Q57ED8|Q57ED8_BRUAB,1,0,0,0
tr|Q57ED9|Q57ED9_BRUAB,0,0,0,0
tr|Q57EE0|Q57EE0_BRUAB,0,1,1,1
tr|Q57EE1|Q57EE1_BRUAB,0,0,1,0
tr|Q57EE2|Q57EE2_BRUAB,0,0,1,0
tr|Q57EE3|Q57EE3_BRUAB,0,0,0,0
tr|Q57EE4|Q57EE4_BRUAB,0,0,1,0
tr|Q57EE5|Q57EE5_BRUAB,0,0,0,0
tr|Q57EE6|Q57EE6_BRUAB,1,0,0,0
tr|Q57EE7|Q57EE7_BRUAB,1,0,0,0
tr|Q57EE8|Q57EE8_BRUAB,0,0,0,0
tr|Q57EE9|Q57EE9_BRUAB,1,0,0,0
tr|Q57EF0|Q57EF0_BRUAB,0,1,0,0
tr|Q57EF1|Q57EF1_BRUAB,1,1,1,1
tr|Q57EF3|Q57EF3_BRUAB,1,1,1,1
tr|Q57EF4|Q57EF4_BRUAB,0,1,0,0
tr|Q57EF5|Q57EF5_BRUAB,0,0,0,0
tr|Q57EF6|Q57EF6_BRUAB,0,0,0,0
tr|Q57EF7|Q57EF7_BRUAB,1,1,1,1
tr|Q57EF9|Q57EF9_BRUAB,1,0,0,0
tr|Q57EG0|Q57EG0_BRUAB,1,0,0,0
tr|Q57EG1|Q57EG1_BRUAB,1,1,0,1
tr|Q57EG2|Q57EG2_BRUAB,0,0,0,0
tr|Q57EG3|Q57EG3_BRUAB,0,0,0,0
tr|Q57EG4|Q57EG4_BRUAB,0,0,0,0
tr|Q57EG5|Q57EG5_BRUAB,1,0,1,1
tr|Q57EG6|Q57EG6_BRUAB,1,0,1,1
tr|Q57EG7|Q57EG7_BRUAB,0,0,0,0
tr|Q57EH1|Q57EH1_BRUAB,0,0,0,0
tr|Q57EH2|Q57EH2_BRUAB,1,1,1,1
tr|Q57EH3|Q57EH3_BRUAB,0,1,0,0
tr|Q57EH4|Q57EH4_BRUAB,0,0,0,0
tr|Q57EH5|Q57EH5_BRUAB,0,0,1,0
tr|Q57EH6|Q57EH6_BRUAB,1,0,0,0
tr|Q57EH7|Q57EH7_BRUAB,1,1,0,1
tr|Q57EH8|Q57EH8_BRUAB,0,0,0,0
tr|Q57EI1|Q57EI1_BRUAB,0,1,0,0
tr|Q57EI2|Q57EI2_BRUAB,0,0,0,0
tr|Q57EI5|Q57EI5_BRUAB,0,1,0,0
tr|Q57EI6|Q57EI6_BRUAB,0,0,0,0
tr|Q57EI7|Q57EI7_BRUAB,0,0,0,0
tr|Q57EI8|Q57EI8_BRUAB,0,0,0,0
tr|Q57EI9|Q57EI9_BRUAB,0,0,0,0
tr|Q57EJ0|Q57EJ0_BRUAB,1,1,0,1
tr|Q57EJ1|Q57EJ1_BRUAB,1,0,0,0
tr|Q57EJ3|Q57EJ3_BRUAB,1,0,0,0
tr|Q57EJ4|Q57EJ4_BRUAB,1,1,1,1
tr|Q57EJ5|Q57EJ5_BRUAB,1,0,0,0
tr|Q57EJ6|Q57EJ6_BRUAB,1,0,0,0
tr|Q57EJ7|Q57EJ7_BRUAB,0,1,0,0
tr|Q57EJ8|Q57EJ8_BRUAB,1,0,0,0
tr|Q57EJ9|Q57EJ9_BRUAB,1,0,1,1
tr|Q57EK1|Q57EK1_BRUAB,1,1,1,1
tr|Q57EK2|Q57EK2_BRUAB,0,0,0,0
tr|Q57EK4|Q57EK4_BRUAB,1,0,0,0
tr|Q57EK6|Q57EK6_BRUAB,0,0,0,0
tr|Q57EK7|Q57EK7_BRUAB,0,1,0,0
tr|Q57EK8|Q57EK8_BRUAB,0,0,0,0
tr|Q57EK9|Q57EK9_BRUAB,0,0,1,0
tr|Q57EL0|Q57EL0_BRUAB,0,1,0,0
tr|Q57EL1|Q57EL1_BRUAB,0,0,0,0
tr|Q57EL2|Q57EL2_BRUAB,0,0,0,0
tr|Q57EL3|Q57EL3_BRUAB,0,0,0,0
tr|Q57EL4|Q57EL4_BRUAB,1,1,1,1
tr|Q57EL7|Q57EL7_BRUAB,0,0,0,0
tr|Q57EL8|Q57EL8_BRUAB,1,1,0,1
tr|Q57EL9|Q57EL9_BRUAB,0,0,0,0
tr|Q57EM0|Q57EM0_BRUAB,1,0,0,0
tr|Q57EM3|Q57EM3_BRUAB,0,1,1,1
tr|Q57EM5|Q57EM5_BRUAB,0,0,0,0
tr|Q57EM6|Q57EM6_BRUAB,0,0,1,0
tr|Q57EM7|Q57EM7_BRUAB,1,0,0,0
tr|Q57EM9|Q57EM9_BRUAB,0,0,0,0
tr|Q57EN1|Q57EN1_BRUAB,0,0,0,0
tr|Q57EN2|Q57EN2_BRUAB,0,0,0,0
tr|Q57EN3|Q57EN3_BRUAB,0,0,0,0
tr|Q57EN4|Q57EN4_BRUAB,0,0,0,0
tr|Q57EN5|Q57EN5_BRUAB,1,1,1,1
tr|Q57EN6|Q57EN6_BRUAB,0,0,1,0
tr|Q57EN8|Q57EN8_BRUAB,1,0,0,0
tr|Q57EN9|Q57EN9_BRUAB,0,0,0,0
tr|Q57EP0|Q57EP0_BRUAB,0,0,0,0
sp|Q57EP1|Y502_BRUAB,1,0,0,0
tr|Q57EP2|Q57EP2_BRUAB,1,1,1,1
tr|Q57EP7|Q57EP7_BRUAB,1,0,0,0
tr|Q57EQ1|Q57EQ1_BRUAB,1,1,1,1
tr|Q57EQ2|Q57EQ2_BRUAB,1,1,1,1
tr|Q57EQ4|Q57EQ4_BRUAB,1,0,0,0
tr|Q57EQ7|Q57EQ7_BRUAB,1,1,1,1
tr|Q57ER1|Q57ER1_BRUAB,0,0,0,0
tr|Q57ER4|Q57ER4_BRUAB,1,0,0,0
tr|Q57ER6|Q57ER6_BRUAB,0,0,0,0
tr|Q57ER9|Q57ER9_BRUAB,1,0,0,0
tr|Q57ES0|Q57ES0_BRUAB,1,1,0,1
tr|Q57ES2|Q57ES2_BRUAB,0,0,0,0
tr|Q57ES5|Q57ES5_BRUAB,0,0,0,0
tr|Q57ES6|Q57ES6_BRUAB,1,1,1,1
tr|Q57ES7|Q57ES7_BRUAB,1,0,0,0
tr|Q57ES8|Q57ES8_BRUAB,0,0,0,0
tr|Q57ES9|Q57ES9_BRUAB,0,0,0,0
tr|Q57ET0|Q57ET0_BRUAB,1,0,1,1
tr|Q57ET2|Q57ET2_BRUAB,1,1,1,1
tr|Q57ET3|Q57ET3_BRUAB,1,1,1,1
tr|Q57ET4|Q57ET4_BRUAB,1,0,1,1
tr|Q57ET5|Q57ET5_BRUAB,1,0,0,0
tr|Q57ET7|Q57ET7_BRUAB,0,0,0,0
tr|Q57ET9|Q57ET9_BRUAB,1,0,0,0
tr|Q57EU0|Q57EU0_BRUAB,1,1,0,1
tr|Q57EU1|Q57EU1_BRUAB,0,1,1,1
tr|Q57EU2|Q57EU2_BRUAB,0,0,1,0
tr|Q57EU3|Q57EU3_BRUAB,0,0,0,0
tr|Q57EU4|Q57EU4_BRUAB,0,0,0,0
tr|Q57EU6|Q57EU6_BRUAB,0,0,1,0
tr|Q57EU7|Q57EU7_BRUAB,1,1,1,1
tr|Q57EU8|Q57EU8_BRUAB,0,1,1,1
tr|Q57EV2|Q57EV2_BRUAB,0,0,0,0
tr|Q57EV3|Q57EV3_BRUAB,1,0,0,0
tr|Q57EV4|Q57EV4_BRUAB,1,0,0,0
tr|Q57EV5|Q57EV5_BRUAB,0,0,0,0
tr|Q57EV6|Q57EV6_BRUAB,0,0,0,0
tr|Q57EV7|Q57EV7_BRUAB,0,0,0,0
tr|Q57EV8|Q57EV8_BRUAB,1,0,0,0
tr|Q57EV9|Q57EV9_BRUAB,0,1,0,0
tr|Q57EW3|Q57EW3_BRUAB,1,0,1,1
tr|Q57EW4|Q57EW4_BRUAB,0,0,0,0
tr|Q57EW5|Q57EW5_BRUAB,0,0,0,0
tr|Q57EW7|Q57EW7_BRUAB,0,0,0,0
tr|Q57EW8|Q57EW8_BRUAB,1,0,0,0
tr|Q57EX0|Q57EX0_BRUAB,0,0,0,0
tr|Q57EX1|Q57EX1_BRUAB,0,0,1,0
tr|Q57EX2|Q57EX2_BRUAB,1,0,1,1
tr|Q57EX3|Q57EX3_BRUAB,1,1,0,1
tr|Q57EX4|Q57EX4_BRUAB,0,1,1,1
tr|Q57EX5|Q57EX5_BRUAB,0,0,0,0
tr|Q57EY2|Q57EY2_BRUAB,0,0,1,0
tr|Q57EY3|Q57EY3_BRUAB,0,0,0,0
tr|Q57EY4|Q57EY4_BRUAB,0,1,1,1
tr|Q57EY5|Q57EY5_BRUAB,1,0,0,0
tr|Q57EY7|Q57EY7_BRUAB,0,0,0,0
tr|Q57EY8|Q57EY8_BRUAB,1,1,1,1
tr|Q57EZ0|Q57EZ0_BRUAB,0,0,0,0
tr|Q57EZ1|Q57EZ1_BRUAB,0,0,0,0
tr|Q57EZ2|Q57EZ2_BRUAB,0,0,0,0
tr|Q57EZ4|Q57EZ4_BRUAB,0,0,0,0
tr|Q57EZ5|Q57EZ5_BRUAB,0,1,1,1
tr|Q57EZ8|Q57EZ8_BRUAB,1,0,0,0
tr|Q57EZ9|Q57EZ9_BRUAB,1,0,1,1
tr|Q57F01|Q57F01_BRUAB,0,0,0,0
tr|Q57F02|Q57F02_BRUAB,0,0,1,0
tr|Q57F03|Q57F03_BRUAB,0,0,0,0
tr|Q57F04|Q57F04_BRUAB,0,0,0,0
tr|Q57F05|Q57F05_BRUAB,1,1,1,1
tr|Q57F07|Q57F07_BRUAB,0,0,0,0
tr|Q57F08|Q57F08_BRUAB,0,0,0,0
tr|Q57F09|Q57F09_BRUAB,0,0,0,0
tr|Q57F10|Q57F10_BRUAB,1,1,0,1
tr|Q57F11|Q57F11_BRUAB,1,0,0,0
tr|Q57F12|Q57F12_BRUAB,0,0,0,0
tr|Q57F14|Q57F14_BRUAB,0,1,0,0
tr|Q57F18|Q57F18_BRUAB,0,0,0,0
tr|Q57F19|Q57F19_BRUAB,1,0,0,0
sp|Q57F20|Y366_BRUAB,0,1,0,0
tr|Q57F21|Q57F21_BRUAB,0,1,1,1
sp|Q57F22|Y363_BRUAB,0,1,0,0
tr|Q57F23|Q57F23_BRUAB,1,1,1,1
tr|Q57F24|Q57F24_BRUAB,0,0,0,0
tr|Q57F26|Q57F26_BRUAB,1,1,1,1
tr|Q57F27|Q57F27_BRUAB,0,0,1,0
tr|Q57F31|Q57F31_BRUAB,0,1,0,0
tr|Q57F32|Q57F32_BRUAB,0,0,0,0
tr|Q57F33|Q57F33_BRUAB,0,0,0,0
tr|Q57F34|Q57F34_BRUAB,0,0,0,0
tr|Q57F35|Q57F35_BRUAB,0,1,1,1
tr|Q57F36|Q57F36_BRUAB,0,0,0,0
tr|Q57F37|Q57F37_BRUAB,1,0,0,0
tr|Q57F41|Q57F41_BRUAB,1,1,0,1
tr|Q57F43|Q57F43_BRUAB,0,0,0,0
tr|Q57F45|Q57F45_BRUAB,1,1,1,1
tr|Q57F46|Q57F46_BRUAB,0,0,1,0
tr|Q57F48|Q57F48_BRUAB,0,0,0,0
tr|Q57F49|Q57F49_BRUAB,0,0,0,0
tr|Q57F50|Q57F50_BRUAB,0,0,1,0
tr|Q57F51|Q57F51_BRUAB,0,0,0,0
tr|Q57F52|Q57F52_BRUAB,0,1,0,0
sp|Q57F54|APAG_BRUAB,1,1,1,1
tr|Q57F55|Q57F55_BRUAB,1,1,0,1
tr|Q57F58|Q57F58_BRUAB,1,1,1,1
tr|Q57F59|Q57F59_BRUAB,1,0,0,0
tr|Q57F60|Q57F60_BRUAB,0,0,0,0
tr|Q57F62|Q57F62_BRUAB,0,0,0,0
tr|Q57F63|Q57F63_BRUAB,0,0,0,0
tr|Q57F64|Q57F64_BRUAB,1,0,1,1
tr|Q57F65|Q57F65_BRUAB,0,0,0,0
tr|Q57F67|Q57F67_BRUAB,1,1,1,1
tr|Q57F68|Q57F68_BRUAB,1,0,0,0
tr|Q57F69|Q57F69_BRUAB,0,0,0,0
tr|Q57F70|Q57F70_BRUAB,1,1,0,1
tr|Q57F71|Q57F71_BRUAB,0,0,0,0
tr|Q57F72|Q57F72_BRUAB,0,1,0,0
tr|Q57F74|Q57F74_BRUAB,0,0,0,0
tr|Q57F75|Q57F75_BRUAB,1,1,0,1
tr|Q57F77|Q57F77_BRUAB,0,0,0,0
tr|Q57F78|Q57F78_BRUAB,0,0,0,0
tr|Q57F79|Q57F79_BRUAB,1,0,1,1
tr|Q57F80|Q57F80_BRUAB,1,0,1,1
tr|Q57F89|Q57F89_BRUAB,0,0,0,0
tr|Q57F90|Q57F90_BRUAB,1,1,0,1
tr|Q57F91|Q57F91_BRUAB,0,0,0,0
tr|Q57F92|Q57F92_BRUAB,0,1,1,1
tr|Q57F94|Q57F94_BRUAB,0,0,0,0
tr|Q57F95|Q57F95_BRUAB,0,1,0,0
tr|Q57F96|Q57F96_BRUAB,1,1,1,1
tr|Q57F98|Q57F98_BRUAB,1,0,0,0
sp|Q57FA0|Y279_BRUAB,1,0,0,0
tr|Q57FA1|Q57FA1_BRUAB,0,0,0,0
tr|Q57FA5|Q57FA5_BRUAB,1,0,1,1
tr|Q57FA6|Q57FA6_BRUAB,1,1,0,1
tr|Q57FA7|Q57FA7_BRUAB,1,1,1,1
tr|Q57FA8|Q57FA8_BRUAB,1,0,0,0
tr|Q57FA9|Q57FA9_BRUAB,1,0,1,1
tr|Q57FB0|Q57FB0_BRUAB,0,0,0,0
tr|Q57FB1|Q57FB1_BRUAB,0,0,0,0
tr|Q57FB2|Q57FB2_BRUAB,1,1,1,1
tr|Q57FB3|Q57FB3_BRUAB,0,0,0,0
tr|Q57FB4|Q57FB4_BRUAB,0,0,0,0
tr|Q57FB5|Q57FB5_BRUAB,0,0,0,0
tr|Q57FB6|Q57FB6_BRUAB,0,1,1,1
tr|Q57FB7|Q57FB7_BRUAB,0,0,0,0
tr|Q57FB8|Q57FB8_BRUAB,1,1,1,1
tr|Q57FB9|Q57FB9_BRUAB,0,1,0,0
tr|Q57FC0|Q57FC0_BRUAB,0,0,0,0
tr|Q57FC1|Q57FC1_BRUAB,1,1,1,1
tr|Q57FC2|Q57FC2_BRUAB,1,1,0,1
tr|Q57FC3|Q57FC3_BRUAB,1,1,1,1
tr|Q57FC4|Q57FC4_BRUAB,0,0,0,0
tr|Q57FC5|Q57FC5_BRUAB,0,0,0,0
tr|Q57FC6|Q57FC6_BRUAB,1,1,1,1
tr|Q57FC7|Q57FC7_BRUAB,0,1,1,1
tr|Q57FC8|Q57FC8_BRUAB,0,0,1,0
tr|Q57FC9|Q57FC9_BRUAB,1,0,1,1
tr|Q57FD0|Q57FD0_BRUAB,1,1,1,1
tr|Q57FD1|Q57FD1_BRUAB,0,0,0,0
tr|Q57FD2|Q57FD2_BRUAB,1,0,0,0
tr|Q57FD3|Q57FD3_BRUAB,0,1,1,1
tr|Q57FD4|Q57FD4_BRUAB,0,0,1,0
tr|Q57FD5|Q57FD5_BRUAB,1,0,1,1
tr|Q57FD6|Q57FD6_BRUAB,0,0,0,0
tr|Q57FD8|Q57FD8_BRUAB,1,1,1,1
tr|Q57FD9|Q57FD9_BRUAB,0,0,1,0
tr|Q57FE0|Q57FE0_BRUAB,1,0,0,0
tr|Q57FE1|Q57FE1_BRUAB,1,0,0,0
tr|Q57FE2|Q57FE2_BRUAB,0,0,0,0
tr|Q57FE3|Q57FE3_BRUAB,0,0,0,0
tr|Q57FE4|Q57FE4_BRUAB,0,0,0,0
tr|Q57FE5|Q57FE5_BRUAB,0,0,0,0
tr|Q57FE6|Q57FE6_BRUAB,0,0,0,0
tr|Q57FE7|Q57FE7_BRUAB,1,0,0,0
tr|Q57FE8|Q57FE8_BRUAB,0,0,0,0
tr|Q57FE9|Q57FE9_BRUAB,0,0,0,0
tr|Q57FF0|Q57FF0_BRUAB,0,1,0,0
tr|Q57FF1|Q57FF1_BRUAB,1,0,0,0
tr|Q57FF2|Q57FF2_BRUAB,1,0,0,0
tr|Q57FF4|Q57FF4_BRUAB,0,1,1,1
tr|Q57FF5|Q57FF5_BRUAB,1,1,0,1
tr|Q57FF6|Q57FF6_BRUAB,0,0,0,0
tr|Q57FF7|Q57FF7_BRUAB,0,0,0,0
tr|Q57FF8|Q57FF8_BRUAB,1,0,0,0
tr|Q57FF9|Q57FF9_BRUAB,0,0,0,0
tr|Q57FG0|Q57FG0_BRUAB,1,0,0,0
tr|Q57FG1|Q57FG1_BRUAB,0,0,0,0
tr|Q57FG2|Q57FG2_BRUAB,1,0,0,0
tr|Q57FG3|Q57FG3_BRUAB,0,0,0,0
tr|Q57FG4|Q57FG4_BRUAB,0,0,1,0
tr|Q57FG7|Q57FG7_BRUAB,0,0,0,0
tr|Q57FG9|Q57FG9_BRUAB,0,0,0,0
tr|Q57FH0|Q57FH0_BRUAB,0,1,0,0
tr|Q57FH1|Q57FH1_BRUAB,0,1,1,1
tr|Q57FH2|Q57FH2_BRUAB,1,0,1,1
tr|Q57FH3|Q57FH3_BRUAB,1,1,1,1
tr|Q57FH4|Q57FH4_BRUAB,0,0,0,0
tr|Q57FH5|Q57FH5_BRUAB,1,0,0,0
tr|Q57FH6|Q57FH6_BRUAB,0,1,1,1
tr|Q57FH7|Q57FH7_BRUAB,1,0,0,0
tr|Q57FH9|Q57FH9_BRUAB,0,0,0,0
tr|Q57FI0|Q57FI0_BRUAB,0,0,1,0
tr|Q57FI1|Q57FI1_BRUAB,0,0,0,0
tr|Q57FI2|Q57FI2_BRUAB,0,0,0,0
tr|Q57FI6|Q57FI6_BRUAB,1,0,1,1
tr|Q57FI7|Q57FI7_BRUAB,0,0,0,0
tr|Q57FI8|Q57FI8_BRUAB,0,0,0,0
tr|Q57FJ1|Q57FJ1_BRUAB,0,0,1,0
tr|Q57FJ2|Q57FJ2_BRUAB,1,1,1,1
tr|Q57FJ3|Q57FJ3_BRUAB,0,0,0,0
tr|Q57FJ4|Q57FJ4_BRUAB,1,0,0,0
tr|Q57FJ6|Q57FJ6_BRUAB,1,0,0,0
tr|Q57FJ7|Q57FJ7_BRUAB,1,0,0,0
sp|Q57FJ9|Y174_BRUAB,0,0,0,0
tr|Q57FK4|Q57FK4_BRUAB,0,0,0,0
tr|Q57FK6|Q57FK6_BRUAB,0,0,0,0
tr|Q57FK7|Q57FK7_BRUAB,0,0,0,0
tr|Q57FK8|Q57FK8_BRUAB,1,0,1,1
tr|Q57FK9|Q57FK9_BRUAB,0,0,0,0
tr|Q57FL1|Q57FL1_BRUAB,0,0,0,0
tr|Q57FL2|Q57FL2_BRUAB,1,1,0,1
tr|Q57FL3|Q57FL3_BRUAB,0,0,0,0
tr|Q57FL4|Q57FL4_BRUAB,1,0,1,1
tr|Q57FL5|Q57FL5_BRUAB,1,0,0,0
tr|Q57FL7|Q57FL7_BRUAB,0,0,0,0
tr|Q57FL9|Q57FL9_BRUAB,0,1,0,0
tr|Q57FM0|Q57FM0_BRUAB,1,1,1,1
tr|Q57FM1|Q57FM1_BRUAB,1,1,1,1
tr|Q57FM2|Q57FM2_BRUAB,0,0,0,0
tr|Q57FM4|Q57FM4_BRUAB,1,0,0,0
tr|Q57FM5|Q57FM5_BRUAB,1,1,0,1
tr|Q57FM6|Q57FM6_BRUAB,1,0,0,0
tr|Q57FM8|Q57FM8_BRUAB,0,0,0,0
tr|Q57FN3|Q57FN3_BRUAB,1,1,1,1
tr|Q57FN4|Q57FN4_BRUAB,0,0,0,0
tr|Q57FN5|Q57FN5_BRUAB,1,0,1,1
tr|Q57FN6|Q57FN6_BRUAB,0,0,0,0
tr|Q57FN7|Q57FN7_BRUAB,0,0,0,0
tr|Q57FN8|Q57FN8_BRUAB,0,0,0,0
tr|Q57FN9|Q57FN9_BRUAB,1,0,1,1
tr|Q57FP1|Q57FP1_BRUAB,0,0,0,0
tr|Q57FP3|Q57FP3_BRUAB,0,0,0,0
tr|Q57FP5|Q57FP5_BRUAB,0,0,0,0
tr|Q57FP7|Q57FP7_BRUAB,0,0,1,0
tr|Q57FP9|Q57FP9_BRUAB,0,1,1,1
tr|Q57FQ0|Q57FQ0_BRUAB,1,0,0,0
tr|Q57FQ1|Q57FQ1_BRUAB,0,0,0,0
tr|Q57FQ5|Q57FQ5_BRUAB,1,1,1,1
tr|Q57FQ6|Q57FQ6_BRUAB,1,1,0,1
tr|Q57FQ7|Q57FQ7_BRUAB,0,0,0,0
tr|Q57FQ8|Q57FQ8_BRUAB,0,1,0,0
tr|Q57FR0|Q57FR0_BRUAB,0,0,0,0
tr|Q57FR1|Q57FR1_BRUAB,0,1,0,0
tr|Q57FR2|Q57FR2_BRUAB,0,0,0,0
tr|Q57FR4|Q57FR4_BRUAB,1,0,1,1
tr|Q57FR5|Q57FR5_BRUAB,0,0,0,0
tr|Q57FR6|Q57FR6_BRUAB,1,0,0,0
tr|Q57FR7|Q57FR7_BRUAB,0,0,1,0
tr|Q57FR8|Q57FR8_BRUAB,0,0,0,0
tr|Q57FR9|Q57FR9_BRUAB,0,0,0,0
tr|Q57FS0|Q57FS0_BRUAB,1,0,1,1
tr|Q57FS1|Q57FS1_BRUAB,0,0,1,0
tr|Q57FS3|Q57FS3_BRUAB,0,0,0,0
tr|Q57FS9|Q57FS9_BRUAB,1,1,0,1
tr|Q57FT0|Q57FT0_BRUAB,0,0,0,0
tr|Q57FT1|Q57FT1_BRUAB,0,0,0,0
tr|Q57FT2|Q57FT2_BRUAB,0,0,0,0
tr|Q57FT3|Q57FT3_BRUAB,1,0,1,1
tr|Q57FT4|Q57FT4_BRUAB,0,0,0,0
tr|Q57FT7|Q57FT7_BRUAB,0,0,0,0
tr|Q57FT8|Q57FT8_BRUAB,1,1,1,1
tr|Q57FU0|Q57FU0_BRUAB,0,0,0,0
tr|Q57FU1|Q57FU1_BRUAB,0,0,0,0
tr|Q57FU3|Q57FU3_BRUAB,0,1,1,1
tr|Q57FU4|Q57FU4_BRUAB,1,1,1,1
tr|Q57FU5|Q57FU5_BRUAB,0,1,1,1
tr|Q57FU6|Q57FU6_BRUAB,0,0,0,0
tr|Q57FU8|Q57FU8_BRUAB,0,0,0,0
tr|Q57FU9|Q57FU9_BRUAB,1,1,1,1
tr|Q57FV0|Q57FV0_BRUAB,1,1,1,1
tr|Q57FV1|Q57FV1_BRUAB,0,0,1,0
tr|Q57FV2|Q57FV2_BRUAB,1,0,1,1
tr|Q57FV3|Q57FV3_BRUAB,1,0,1,1
tr|Q57FV4|Q57FV4_BRUAB,0,0,0,0
tr|Q57FV5|Q57FV5_BRUAB,0,1,0,0
tr|Q57FV6|Q57FV6_BRUAB,0,0,0,0
tr|Q57FV7|Q57FV7_BRUAB,0,0,0,0
tr|Q57FV8|Q57FV8_BRUAB,0,1,1,1
tr|Q57FW0|Q57FW0_BRUAB,0,0,0,0
tr|Q57FW1|Q57FW1_BRUAB,1,0,1,1
tr|Q57FW2|Q57FW2_BRUAB,1,1,1,1
tr|Q57FW3|Q57FW3_BRUAB,0,1,1,1
tr|Q57FW4|Q57FW4_BRUAB,1,0,0,0
tr|Q57FW5|Q57FW5_BRUAB,0,0,0,0
tr|Q57FW6|Q57FW6_BRUAB,1,1,1,1
tr|Q57FW7|Q57FW7_BRUAB,1,1,1,1
tr|Q57FW8|Q57FW8_BRUAB,1,1,1,1
tr|Q57FW9|Q57FW9_BRUAB,1,0,1,1
tr|Q57FX3|Q57FX3_BRUAB,0,1,1,1
tr|Q57FX4|Q57FX4_BRUAB,0,0,0,0
tr|Q57FX5|Q57FX5_BRUAB,1,1,1,1
tr|Q57FX8|Q57FX8_BRUAB,0,0,0,0
tr|Q57FX9|Q57FX9_BRUAB,0,0,0,0
tr|Q57FY3|Q57FY3_BRUAB,0,0,0,0
tr|Q57FY4|Q57FY4_BRUAB,0,0,0,0
tr|Q57FY5|Q57FY5_BRUAB,1,0,0,0
tr|Q57FY9|Q57FY9_BRUAB,1,1,1,1
tr|Q57FZ0|Q57FZ0_BRUAB,0,0,0,0
tr|Q57FZ1|Q57FZ1_BRUAB,0,1,1,1
tr|Q57FZ2|Q57FZ2_BRUAB,1,1,1,1
tr|Q57FZ3|Q57FZ3_BRUAB,1,1,0,1
tr|Q57FZ4|Q57FZ4_BRUAB,1,0,0,0
tr|Q57FZ5|Q57FZ5_BRUAB,0,0,0,0
tr|Q57FZ6|Q57FZ6_BRUAB,0,0,0,0
tr|Q57FZ7|Q57FZ7_BRUAB,1,1,1,1
tr|Q57FZ8|Q57FZ8_BRUAB,0,0,0,0
tr|Q57FZ9|Q57FZ9_BRUAB,0,0,0,0
tr|Q57G00|Q57G00_BRUAB,0,1,0,0
tr|Q57G01|Q57G01_BRUAB,0,0,0,0
tr|Q57G02|Q57G02_BRUAB,1,0,0,0
tr|Q57G03|Q57G03_BRUAB,0,0,0,0
tr|Q57G04|Q57G04_BRUAB,0,0,0,0
tr|Q57G05|Q57G05_BRUAB,0,0,0,0
tr|Q57G06|Q57G06_BRUAB,0,0,0,0
tr|Q57G07|Q57G07_BRUAB,0,1,0,0
