protein,xgboost,random_subspace,random forest,fuse 2/3
sp|Q2YKV1|RISB2_BRUA2,1,0,0,0
tr|Q2YP45|Q2YP45_BRUA2,0,0,0,0
sp|Q2YQA5|CHPT_BRUA2,1,1,1,1
sp|P0DOA0|CCKA_BRUA2,0,0,0,0
sp|Q2YIF7|CPDR_BRUA2,0,0,0,0
sp|Q2YIQ6|ERYH_BRUA2,0,0,0,0
tr|Q2YJM6|Q2YJM6_BRUA2,0,0,0,0
tr|Q2YJP3|Q2YJP3_BRUA2,0,0,0,0
sp|Q2YKD6|CYDX_BRUA2,0,0,0,0
sp|Q2YKK2|GLMU_BRUA2,0,0,0,0
tr|Q2YL55|Q2YL55_BRUA2,1,0,0,0
tr|Q2YLX8|Q2YLX8_BRUA2,0,0,0,0
tr|Q2YM66|Q2YM66_BRUA2,0,0,0,0
sp|Q2YN92|RISA_BRUA2,0,0,1,0
sp|Q2YNC6|RISB1_BRUA2,1,0,0,0
sp|Q2YNV3|RLMN_BRUA2,0,0,0,0
sp|Q2YPD5|URE11_BRUA2,1,1,1,1
sp|Q2YPU8|PYRG_BRUA2,0,0,0,0
sp|Q2YPX3|LON_BRUA2,0,0,0,0
sp|Q2YQ27|XGPT_BRUA2,0,0,0,0
tr|Q2YQ65|Q2YQ65_BRUA2,0,1,1,1
sp|Q2YQA4|CTRA_BRUA2,0,0,0,0
sp|Q2YQD8|URE12_BRUA2,1,1,1,1
sp|Q2YQQ8|FABA_BRUA2,0,0,1,0
sp|Q2YRJ0|EIPB_BRUA2,1,1,0,1
sp|Q2YRU7|RECA_BRUA2,1,0,1,1
sp|P0C124|SYI_BRUA2,0,0,0,0
sp|P0C145|UREE1_BRUA2,0,0,0,0
tr|Q2YII9|Q2YII9_BRUA2,0,0,0,0
sp|Q2YIJ3|CH60_BRUA2,1,1,0,1
tr|Q2YIJ6|Q2YIJ6_BRUA2,0,0,0,0
tr|Q2YIK0|Q2YIK0_BRUA2,1,1,1,1
sp|Q2YIL5|HUTI_BRUA2,0,0,0,0
sp|Q2YIL8|HUTU_BRUA2,0,0,0,0
sp|Q2YIN5|MODC_BRUA2,1,0,0,0
sp|Q2YIQ1|ERYA_BRUA2,1,1,1,1
sp|Q2YIQ2|ERYB_BRUA2,1,1,0,1
sp|Q2YIQ4|ERYD_BRUA2,0,0,0,0
tr|Q2YIQ8|Q2YIQ8_BRUA2,0,0,0,0
sp|Q2YIQ9|F16PA_BRUA2,1,1,1,1
tr|Q2YIR2|Q2YIR2_BRUA2,0,0,0,0
tr|Q2YIR7|Q2YIR7_BRUA2,0,0,0,0
sp|Q2YIS9|HEMH_BRUA2,0,0,0,0
sp|Q2YIU9|ALR_BRUA2,0,1,0,0
sp|Q2YIV5|METN_BRUA2,0,0,0,0
tr|Q2YJ89|Q2YJ89_BRUA2,0,0,0,0
tr|Q2YJA5|Q2YJA5_BRUA2,0,0,0,0
sp|Q2YJB2|BHUA_BRUA2,1,1,1,1
sp|Q2YJE7|XYLG_BRUA2,0,0,0,0
sp|Q2YJH4|ZNUC_BRUA2,0,0,0,0
sp|Q2YJH5|ZNUA_BRUA2,0,0,0,0
sp|Q2YJM4|UBIE_BRUA2,0,0,1,0
sp|Q2YJN6|GPMA_BRUA2,0,0,0,0
sp|Q2YJN7|DAPB_BRUA2,1,0,0,0
sp|Q2YJP6|UPPP_BRUA2,0,0,0,0
sp|Q2YJP8|LEPA_BRUA2,0,0,0,0
sp|Q2YJQ4|TRUA_BRUA2,0,0,0,0
sp|Q2YJQ6|DAPE_BRUA2,1,1,1,1
sp|Q2YJR0|ARGB_BRUA2,0,0,0,0
tr|Q2YJW2|Q2YJW2_BRUA2,1,1,1,1
tr|Q2YJZ4|Q2YJZ4_BRUA2,0,0,0,0
tr|Q2YK29|Q2YK29_BRUA2,1,1,0,1
sp|Q2YK38|GUAA_BRUA2,0,0,0,0
tr|Q2YK45|Q2YK45_BRUA2,0,0,0,0
sp|Q2YK69|NANM_BRUA2,1,1,1,1
sp|Q2YKB2|METAA_BRUA2,0,1,0,0
sp|Q2YKB4|BIOZ_BRUA2,0,1,0,0
tr|Q2YKB5|Q2YKB5_BRUA2,0,0,0,0
sp|Q2YKB6|BIOD_BRUA2,0,0,0,0
sp|Q2YKB8|BIOB_BRUA2,0,0,0,0
sp|Q2YKI5|RIMO_BRUA2,0,0,0,0
tr|Q2YKK1|Q2YKK1_BRUA2,0,0,0,0
sp|Q2YKK7|LOVHK_BRUA2,0,0,0,0
sp|Q2YKK8|LIPB_BRUA2,0,0,0,0
tr|Q2YKL0|Q2YKL0_BRUA2,0,0,0,0
sp|Q2YKM0|PLSY_BRUA2,0,0,0,0
tr|Q2YKM3|Q2YKM3_BRUA2,1,0,1,1
tr|Q2YKN4|Q2YKN4_BRUA2,0,0,0,0
sp|Q2YKR8|UGPC_BRUA2,0,0,0,0
sp|Q2YKU4|RLME_BRUA2,0,1,1,1
sp|Q2YKX3|FBPC_BRUA2,1,1,1,1
tr|Q2YKX6|Q2YKX6_BRUA2,0,0,0,0
sp|Q2YKY9|14KL_BRUA2,1,0,1,1
tr|Q2YL30|Q2YL30_BRUA2,0,0,0,0
sp|Q2YL33|FOLD_BRUA2,0,0,0,0
sp|Q2YL58|LEU3_BRUA2,0,0,0,0
sp|Q2YL69|NIKE_BRUA2,0,0,0,0
sp|Q2YL70|NIKD_BRUA2,0,0,0,0
sp|Q2YLB4|DAP_BRUA2,0,0,0,0
tr|Q2YLC8|Q2YLC8_BRUA2,1,0,0,0
sp|Q2YLE6|ATPB_BRUA2,0,1,1,1
sp|Q2YLF3|4HYPE_BRUA2,0,0,0,0
tr|Q2YLG1|Q2YLG1_BRUA2,0,0,0,0
sp|Q2YLG4|ISPG_BRUA2,0,1,0,0
tr|Q2YLG6|Q2YLG6_BRUA2,0,0,0,0
sp|Q2YLH0|PUR9_BRUA2,0,0,0,0
sp|Q2YLH5|ACSA_BRUA2,0,1,1,1
tr|Q2YLI2|Q2YLI2_BRUA2,0,0,0,0
sp|Q2YLI5|ATPA_BRUA2,0,0,0,0
tr|Q2YLK4|Q2YLK4_BRUA2,1,1,1,1
sp|Q2YLM2|OBG_BRUA2,0,0,0,0
sp|Q2YLM3|PROB_BRUA2,0,1,0,0
sp|Q2YLM4|TSAD_BRUA2,0,0,0,0
sp|Q2YLM5|HEM3_BRUA2,0,1,0,0
sp|Q2YLN5|UBIG_BRUA2,0,0,0,0
sp|Q2YLP7|LEUC_BRUA2,0,0,0,0
tr|Q2YLQ1|Q2YLQ1_BRUA2,0,1,0,0
tr|Q2YLQ2|Q2YLQ2_BRUA2,0,0,0,0
sp|Q2YLR3|GPDA_BRUA2,0,1,1,1
sp|Q2YLR4|DAPF_BRUA2,0,1,1,1
tr|Q2YLS0|Q2YLS0_BRUA2,0,0,0,0
tr|Q2YLS1|Q2YLS1_BRUA2,0,1,1,1
sp|Q2YLU0|SECA_BRUA2,0,0,0,0
tr|Q2YLU4|Q2YLU4_BRUA2,1,0,1,1
sp|Q2YLU8|GLO2_BRUA2,0,0,0,0
tr|Q2YLV0|Q2YLV0_BRUA2,1,0,1,1
sp|Q2YLW6|THIQ_BRUA2,1,0,0,0
sp|Q2YLY5|MURG_BRUA2,0,1,0,0
sp|Q2YLY6|MURC_BRUA2,0,0,0,0
sp|Q2YLY7|MURB_BRUA2,1,0,0,0
tr|Q2YLY8|Q2YLY8_BRUA2,0,0,0,0
tr|Q2YLZ1|Q2YLZ1_BRUA2,0,1,1,1
sp|Q2YLZ2|LPXC_BRUA2,0,0,0,0
sp|Q2YLZ6|DNLJ_BRUA2,0,0,0,0
sp|Q2YM08|EFTU_BRUA2,0,0,0,0
sp|Q2YM16|RPOC_BRUA2,0,0,0,0
sp|Q2YM22|CARA_BRUA2,1,1,0,1
tr|Q2YM25|Q2YM25_BRUA2,0,0,0,0
tr|Q2YM29|Q2YM29_BRUA2,0,0,0,0
tr|Q2YM51|Q2YM51_BRUA2,1,0,0,0
sp|Q2YM57|APT_BRUA2,0,0,0,0
sp|Q2YM63|RSMH_BRUA2,0,0,0,0
tr|Q2YM67|Q2YM67_BRUA2,0,0,0,0
sp|Q2YM68|MRAY_BRUA2,0,0,0,0
sp|Q2YM69|MURD_BRUA2,1,1,1,1
tr|Q2YM74|Q2YM74_BRUA2,0,1,0,0
tr|Q2YM76|Q2YM76_BRUA2,0,0,0,0
tr|Q2YM82|Q2YM82_BRUA2,0,0,0,0
tr|Q2YM85|Q2YM85_BRUA2,1,0,0,0
sp|Q2YMB3|NHAA_BRUA2,0,0,0,0
sp|Q2YMB5|ISPE_BRUA2,0,1,0,0
sp|Q2YMC3|RNH2_BRUA2,0,0,1,0
sp|Q2YMC5|ATPF1_BRUA2,1,1,1,1
tr|Q2YMC6|Q2YMC6_BRUA2,1,1,1,1
sp|Q2YMD1|PDXH_BRUA2,1,0,1,1
tr|Q2YMD2|Q2YMD2_BRUA2,0,0,0,0
sp|Q2YMF0|DXS_BRUA2,0,1,0,0
tr|Q2YMF7|Q2YMF7_BRUA2,0,1,0,0
sp|Q2YMF8|AROC_BRUA2,1,1,1,1
tr|Q2YMG6|Q2YMG6_BRUA2,1,0,1,1
sp|Q2YMH5|RADA_BRUA2,0,0,0,0
tr|Q2YMH7|Q2YMH7_BRUA2,0,0,0,0
sp|Q2YMI0|PSD_BRUA2,1,0,0,0
sp|Q2YMI3|RNH_BRUA2,0,0,1,0
tr|Q2YMI5|Q2YMI5_BRUA2,0,0,0,0
tr|Q2YMI8|Q2YMI8_BRUA2,0,0,0,0
tr|Q2YMJ6|Q2YMJ6_BRUA2,1,1,1,1
sp|Q2YMK2|CCRM_BRUA2,0,0,0,0
sp|Q2YML4|WBKC_BRUA2,0,0,0,0
tr|Q2YMM9|Q2YMM9_BRUA2,0,0,0,0
sp|Q2YMP8|BETB_BRUA2,0,0,0,0
sp|Q2YMU7|CCME_BRUA2,1,0,1,1
tr|Q2YMX3|Q2YMX3_BRUA2,0,0,0,0
sp|Q2YMX6|DEGPL_BRUA2,1,1,1,1
tr|Q2YMY1|Q2YMY1_BRUA2,1,0,1,1
sp|Q2YN02|RNC_BRUA2,0,0,0,0
tr|Q2YN08|Q2YN08_BRUA2,0,0,0,0
sp|Q2YN10|PYRE_BRUA2,0,0,0,0
sp|Q2YN11|RSH_BRUA2,0,0,0,0
sp|Q2YN15|RSMA_BRUA2,1,0,0,0
sp|Q2YN22|SYC_BRUA2,0,0,0,0
tr|Q2YN38|Q2YN38_BRUA2,0,0,0,0
sp|Q2YN40|NDK_BRUA2,1,0,0,0
tr|Q2YN45|Q2YN45_BRUA2,1,0,0,0
tr|Q2YN50|Q2YN50_BRUA2,0,0,0,0
tr|Q2YN60|Q2YN60_BRUA2,1,0,0,0
tr|Q2YN64|Q2YN64_BRUA2,0,0,0,0
tr|Q2YN79|Q2YN79_BRUA2,0,0,0,0
tr|Q2YN93|Q2YN93_BRUA2,1,0,0,0
sp|Q2YN95|GLYA_BRUA2,0,0,0,0
tr|Q2YNA5|Q2YNA5_BRUA2,0,0,0,0
sp|Q2YNA7|SYDND_BRUA2,0,0,0,0
sp|Q2YNB0|CTAA_BRUA2,0,0,0,0
sp|Q2YNB9|FABH_BRUA2,0,1,0,0
sp|Q2YNC0|PLSX_BRUA2,0,1,0,0
tr|Q2YNC4|Q2YNC4_BRUA2,0,0,1,0
sp|Q2YNC8|NUOB_BRUA2,0,1,1,1
tr|Q2YNC9|Q2YNC9_BRUA2,0,0,0,0
tr|Q2YNF0|Q2YNF0_BRUA2,0,0,0,0
sp|Q2YNF3|NUOK_BRUA2,0,0,0,0
sp|Q2YNF5|NUOI_BRUA2,0,0,0,0
sp|Q2YNG3|PURQ_BRUA2,0,0,0,0
sp|Q2YNG6|PURL_BRUA2,1,1,0,1
sp|Q2YNH1|TTCA_BRUA2,0,0,0,0
tr|Q2YNI8|Q2YNI8_BRUA2,0,0,0,0
tr|Q2YNI9|Q2YNI9_BRUA2,0,0,0,0
sp|Q2YNK8|COBS_BRUA2,0,0,1,0
tr|Q2YNL1|Q2YNL1_BRUA2,1,0,0,0
sp|Q2YNL3|TIG_BRUA2,1,0,1,1
sp|Q2YNL7|TRMFO_BRUA2,0,0,0,0
sp|Q2YNM6|SYS_BRUA2,0,0,0,0
tr|Q2YNN5|Q2YNN5_BRUA2,1,0,1,1
tr|Q2YNN7|Q2YNN7_BRUA2,0,0,1,0
sp|Q2YNP1|AROQ_BRUA2,1,0,0,0
sp|Q2YNP4|LFTR_BRUA2,0,0,0,0
tr|Q2YNP9|Q2YNP9_BRUA2,0,1,0,0
sp|Q2YNQ9|ANMK_BRUA2,1,1,1,1
sp|Q2YNR0|SYY_BRUA2,0,0,0,0
sp|Q2YNR6|MOBA_BRUA2,0,0,0,0
tr|Q2YNR9|Q2YNR9_BRUA2,0,0,0,0
sp|Q2YNT7|MOAA_BRUA2,0,0,0,0
sp|Q2YNU0|CCMA_BRUA2,0,0,0,0
sp|Q2YNW9|ILVD_BRUA2,0,0,0,0
tr|Q2YNX7|Q2YNX7_BRUA2,0,1,0,0
tr|Q2YNY5|Q2YNY5_BRUA2,1,1,1,1
sp|Q2YNY8|LSPA_BRUA2,0,0,0,0
sp|Q2YNY9|OLSB_BRUA2,0,0,0,0
sp|Q2YNZ1|GLND_BRUA2,0,0,0,0
tr|Q2YP05|Q2YP05_BRUA2,0,0,0,0
tr|Q2YP25|Q2YP25_BRUA2,0,0,0,0
tr|Q2YP32|Q2YP32_BRUA2,1,1,0,1
sp|Q2YP33|RNPH_BRUA2,0,0,0,0
tr|Q2YP44|Q2YP44_BRUA2,0,0,0,0
sp|Q2YP46|CYSD_BRUA2,1,0,0,0
tr|Q2YP51|Q2YP51_BRUA2,0,0,0,0
sp|Q2YP58|THIG_BRUA2,0,0,0,0
sp|Q2YPB6|MURA_BRUA2,0,0,0,0
sp|Q2YPB8|HISX_BRUA2,0,0,0,0
sp|Q2YPC2|NTPPA_BRUA2,0,1,1,1
sp|Q2YPD2|UREG1_BRUA2,1,1,1,1
sp|Q2YPD6|URE21_BRUA2,1,1,1,1
sp|Q2YPD7|URE31_BRUA2,0,0,0,0
sp|Q2YPF3|G6PI_BRUA2,1,0,0,0
sp|Q2YPG3|PYRD_BRUA2,0,0,1,0
tr|Q2YPG9|Q2YPG9_BRUA2,1,0,0,0
tr|Q2YPH3|Q2YPH3_BRUA2,0,0,0,0
tr|Q2YPH8|Q2YPH8_BRUA2,0,0,0,0
sp|Q2YPI1|PANB_BRUA2,0,0,0,0
sp|Q2YPI2|PANC_BRUA2,0,0,0,0
sp|Q2YPN5|KCY_BRUA2,0,0,0,0
sp|Q2YPN6|AROA_BRUA2,1,0,1,1
sp|Q2YPV0|ENO_BRUA2,0,0,1,0
tr|Q2YPV5|Q2YPV5_BRUA2,1,1,1,1
sp|Q2YPV8|LIPA_BRUA2,0,0,0,0
sp|Q2YPW1|ISPDF_BRUA2,0,0,0,0
tr|Q2YPW5|Q2YPW5_BRUA2,1,0,0,0
sp|Q2YPX5|UVRA_BRUA2,1,1,0,1
tr|Q2YPY2|Q2YPY2_BRUA2,1,1,0,1
sp|Q2YPY4|COAD_BRUA2,1,0,0,0
tr|Q2YPY8|Q2YPY8_BRUA2,0,0,0,0
sp|Q2YQ02|HIS3_BRUA2,1,0,0,0
sp|Q2YQ03|GCH1_BRUA2,0,0,0,0
sp|Q2YQ07|SYT_BRUA2,0,0,0,0
sp|Q2YQ23|NQOR_BRUA2,1,0,1,1
sp|Q2YQ56|SYE1_BRUA2,0,0,0,0
tr|Q2YQ57|Q2YQ57_BRUA2,0,0,0,0
tr|Q2YQ60|Q2YQ60_BRUA2,0,0,0,0
tr|Q2YQ63|Q2YQ63_BRUA2,0,0,0,0
sp|Q2YQ73|NDVA_BRUA2,0,0,0,0
tr|Q2YQ76|Q2YQ76_BRUA2,0,0,0,0
sp|Q2YQB2|MNMA_BRUA2,0,1,0,0
sp|Q2YQD9|URE22_BRUA2,0,1,0,0
sp|Q2YQE0|URE32_BRUA2,0,0,0,0
tr|Q2YQF9|Q2YQF9_BRUA2,0,0,0,0
tr|Q2YQH7|Q2YQH7_BRUA2,0,1,0,0
sp|Q2YQH8|GLMM_BRUA2,0,0,0,0
sp|Q2YQI5|PURA_BRUA2,1,1,1,1
tr|Q2YQK4|Q2YQK4_BRUA2,0,0,0,0
tr|Q2YQK7|Q2YQK7_BRUA2,0,0,0,0
tr|Q2YQL7|Q2YQL7_BRUA2,0,0,0,0
tr|Q2YQM4|Q2YQM4_BRUA2,0,0,0,0
sp|Q2YQM7|PDXJ_BRUA2,0,0,0,0
sp|Q2YQN2|ILVC_BRUA2,0,0,0,0
sp|Q2YQP8|FPG_BRUA2,0,0,0,0
sp|Q2YQR3|PNP_BRUA2,0,0,0,0
sp|Q2YQS8|MIAB_BRUA2,0,0,0,0
sp|Q2YQS9|OLSA_BRUA2,0,0,0,0
sp|Q2YQT8|PSTB_BRUA2,0,0,0,0
sp|Q2YQU9|PYRF_BRUA2,0,1,0,0
sp|Q2YQV1|DNAJ_BRUA2,1,0,1,1
sp|Q2YQV4|SYFB_BRUA2,0,1,0,0
sp|Q2YQV5|SYFA_BRUA2,0,0,0,0
sp|Q2YQW8|ACCD_BRUA2,1,1,0,1
tr|Q2YQW9|Q2YQW9_BRUA2,0,0,0,0
sp|Q2YQY8|HIS6_BRUA2,0,0,0,0
sp|Q2YQZ0|HIS5_BRUA2,0,0,0,0
sp|Q2YQZ3|HSLV_BRUA2,0,0,0,0
sp|Q2YR03|COAE_BRUA2,0,0,1,0
sp|Q2YR04|AROE_BRUA2,0,0,1,0
sp|Q2YR06|PDRP_BRUA2,0,0,0,0
sp|Q2YR07|DCUP_BRUA2,0,0,0,0
tr|Q2YR08|Q2YR08_BRUA2,0,0,0,0
tr|Q2YR09|Q2YR09_BRUA2,0,0,0,0
sp|Q2YR11|MNME_BRUA2,0,0,0,0
tr|Q2YR39|Q2YR39_BRUA2,0,0,0,0
sp|Q2YR40|XERD_BRUA2,0,0,0,0
sp|Q2YR42|AROK_BRUA2,0,0,0,0
sp|Q2YR43|AROB_BRUA2,0,0,0,0
tr|Q2YR76|Q2YR76_BRUA2,0,0,0,0
tr|Q2YR85|Q2YR85_BRUA2,0,0,0,0
tr|Q2YR94|Q2YR94_BRUA2,0,1,1,1
sp|Q2YR96|QUEC_BRUA2,0,0,0,0
sp|Q2YRB4|PDHS_BRUA2,1,1,0,1
sp|Q2YRD0|RUVC_BRUA2,0,0,0,0
sp|Q2YRD2|RUVB_BRUA2,0,0,0,0
tr|Q2YRG0|Q2YRG0_BRUA2,0,0,1,0
sp|Q2YRG4|DUT_BRUA2,0,1,1,1
sp|Q2YRG7|MACB_BRUA2,0,0,0,0
tr|Q2YRK3|Q2YRK3_BRUA2,0,0,0,0
sp|Q2YRK5|MASZ_BRUA2,0,0,0,0
tr|Q2YRM2|Q2YRM2_BRUA2,0,1,1,1
tr|Q2YRN2|Q2YRN2_BRUA2,0,0,0,0
tr|Q2YRP6|Q2YRP6_BRUA2,0,1,0,0
sp|Q2YRP9|CDSA_BRUA2,0,0,0,0
sp|Q2YRQ4|FABZ_BRUA2,0,0,0,0
sp|Q2YRQ9|SYE2_BRUA2,0,0,0,0
sp|Q2YRR1|LEXA_BRUA2,0,1,0,0
sp|Q2YRR3|MOAC_BRUA2,0,0,0,0
tr|Q2YRR7|Q2YRR7_BRUA2,0,0,1,0
sp|Q2YRT7|KAD_BRUA2,0,0,0,0
sp|Q2YRU0|RPOA_BRUA2,0,0,0,0
sp|Q2YRU8|SYA_BRUA2,0,0,0,0
tr|Q2YRV3|Q2YRV3_BRUA2,1,0,1,1
sp|Q2YRW5|QUEF_BRUA2,1,0,0,0
tr|Q2YRY8|Q2YRY8_BRUA2,0,0,0,0
sp|Q2YS10|HEM6_BRUA2,0,0,0,0
sp|Q2YS22|TYSY_BRUA2,0,0,0,0
sp|Q2YS31|MIAA_BRUA2,0,0,0,0
sp|Q9ZB26|ERYI_BRUA2,1,0,0,0
sp|P0C0Z4|RL16_BRUA2,1,0,0,0
sp|P0C0Z6|RS15_BRUA2,0,0,0,0
sp|P0C126|SECB_BRUA2,1,1,1,1
tr|Q2YIF9|Q2YIF9_BRUA2,0,0,0,0
sp|Q2YIG0|MGTC_BRUA2,0,0,0,0
tr|Q2YIG5|Q2YIG5_BRUA2,0,0,0,0
sp|Q2YIH2|MUTL_BRUA2,0,0,0,0
sp|Q2YIH4|LPXK_BRUA2,0,1,0,0
tr|Q2YIH5|Q2YIH5_BRUA2,1,0,0,0
sp|Q2YIH8|HISZ_BRUA2,0,0,0,0
sp|Q2YIH9|SYH_BRUA2,0,0,0,0
tr|Q2YII3|Q2YII3_BRUA2,0,0,0,0
sp|Q2YIJ2|CH10_BRUA2,1,1,1,1
sp|Q2YIJ8|GLUP_BRUA2,0,0,0,0
sp|Q2YIJ9|HIS1_BRUA2,0,0,0,0
sp|Q2YIK1|MSRQ_BRUA2,0,0,0,0
sp|Q2YIL0|DADA_BRUA2,1,0,1,1
sp|Q2YIL6|HUTH_BRUA2,1,0,1,1
tr|Q2YIM4|Q2YIM4_BRUA2,1,0,0,0
tr|Q2YIM5|Q2YIM5_BRUA2,1,1,1,1
tr|Q2YIN1|Q2YIN1_BRUA2,0,0,0,0
tr|Q2YIN6|Q2YIN6_BRUA2,1,0,1,1
sp|Q2YIN9|TRHO_BRUA2,0,0,0,0
sp|Q2YIQ3|ERYC_BRUA2,0,0,0,0
tr|Q2YIR3|Q2YIR3_BRUA2,0,0,0,0
tr|Q2YIT3|Q2YIT3_BRUA2,0,0,0,0
sp|Q2YIT5|VIRB1_BRUA2,1,1,1,1
sp|Q2YIT6|VIRB2_BRUA2,1,0,1,1
sp|Q2YIT7|VIRB3_BRUA2,0,0,1,0
sp|Q2YIT8|VIRB4_BRUA2,0,0,0,0
tr|Q2YIT9|Q2YIT9_BRUA2,0,0,0,0
tr|Q2YIU5|Q2YIU5_BRUA2,0,0,0,0
sp|Q2YIW0|RS21_BRUA2,1,1,1,1
tr|Q2YIW6|Q2YIW6_BRUA2,0,0,0,0
tr|Q2YIX0|Q2YIX0_BRUA2,0,0,0,0
tr|Q2YJ10|Q2YJ10_BRUA2,0,1,0,0
tr|Q2YJ12|Q2YJ12_BRUA2,0,0,0,0
tr|Q2YJ16|Q2YJ16_BRUA2,0,0,0,0
tr|Q2YJ30|Q2YJ30_BRUA2,1,1,1,1
tr|Q2YJ31|Q2YJ31_BRUA2,0,0,1,0
sp|Q2YJ35|NIKR_BRUA2,1,0,1,1
tr|Q2YJ43|Q2YJ43_BRUA2,0,0,0,0
tr|Q2YJ44|Q2YJ44_BRUA2,0,0,0,0
tr|Q2YJ45|Q2YJ45_BRUA2,0,0,0,0
tr|Q2YJ46|Q2YJ46_BRUA2,1,0,1,1
tr|Q2YJ47|Q2YJ47_BRUA2,0,0,0,0
tr|Q2YJ49|Q2YJ49_BRUA2,0,0,1,0
sp|Q2YJ50|VJBR_BRUA2,0,0,1,0
tr|Q2YJ57|Q2YJ57_BRUA2,0,0,0,0
tr|Q2YJ61|Q2YJ61_BRUA2,0,0,0,0
tr|Q2YJ65|Q2YJ65_BRUA2,0,0,0,0
tr|Q2YJ66|Q2YJ66_BRUA2,1,1,0,1
sp|Q2YJ67|FLGH_BRUA2,1,1,1,1
tr|Q2YJ69|Q2YJ69_BRUA2,1,0,0,0
tr|Q2YJ70|Q2YJ70_BRUA2,1,1,1,1
sp|Q2YJ71|FLIE_BRUA2,1,1,1,1
tr|Q2YJ73|Q2YJ73_BRUA2,0,0,0,0
sp|Q2YJ75|VIRB5_BRUA2,1,0,0,0
sp|Q2YJ76|VIRB6_BRUA2,0,1,0,0
sp|Q2YJ77|VIRB7_BRUA2,1,1,0,1
sp|Q2YJ78|VIRB8_BRUA2,1,1,1,1
sp|Q2YJ79|VIRB9_BRUA2,1,1,0,1
tr|Q2YJ80|Q2YJ80_BRUA2,0,0,0,0
sp|Q2YJ81|VIRBA_BRUA2,1,1,1,1
sp|Q2YJ82|VIRBB_BRUA2,0,0,0,0
sp|Q2YJ83|YP57_BRUA2,1,1,1,1
tr|Q2YJ87|Q2YJ87_BRUA2,1,0,0,0
sp|Q2YJB4|Y3648_BRUA2,0,0,0,0
sp|Q2YJB5|Y3647_BRUA2,0,0,0,0
sp|Q2YJB6|Y3646_BRUA2,0,0,0,0
tr|Q2YJF1|Q2YJF1_BRUA2,0,1,1,1
tr|Q2YJF2|Q2YJF2_BRUA2,0,1,1,1
sp|Q2YJF8|FTCR_BRUA2,1,0,0,0
tr|Q2YJG1|Q2YJG1_BRUA2,1,1,1,1
sp|Q2YJG3|FLBT_BRUA2,1,0,0,0
tr|Q2YJG5|Q2YJG5_BRUA2,0,0,0,0
tr|Q2YJG6|Q2YJG6_BRUA2,0,0,0,0
sp|Q2YJJ8|Y1053_BRUA2,1,0,0,0
sp|Q2YJJ9|Y1052_BRUA2,0,0,0,0
sp|Q2YJK0|Y1051_BRUA2,0,0,0,0
sp|Q2YJK1|Y1050_BRUA2,0,0,0,0
sp|Q2YJK2|Y1049_BRUA2,0,1,0,0
sp|Q2YJM1|MSRA_BRUA2,1,0,0,0
tr|Q2YJM3|Q2YJM3_BRUA2,0,0,0,0
tr|Q2YJM5|Q2YJM5_BRUA2,0,0,0,0
tr|Q2YJM7|Q2YJM7_BRUA2,0,0,0,0
tr|Q2YJM8|Q2YJM8_BRUA2,0,0,0,0
sp|Q2YJN9|GLK_BRUA2,0,1,1,1
sp|Q2YJP0|MGSA_BRUA2,0,0,0,0
tr|Q2YJQ2|Q2YJQ2_BRUA2,0,0,0,0
sp|Q2YJQ3|FMT_BRUA2,0,0,1,0
sp|Q2YJQ7|DAPD_BRUA2,0,0,0,0
tr|Q2YJQ8|Q2YJQ8_BRUA2,1,0,1,1
sp|Q2YJR1|ENGB_BRUA2,1,0,0,0
tr|Q2YJR2|Q2YJR2_BRUA2,0,0,1,0
tr|Q2YJR3|Q2YJR3_BRUA2,0,0,0,0
sp|Q2YJR4|RL34_BRUA2,0,0,0,0
sp|Q2YJT9|NORD_BRUA2,0,0,0,0
tr|Q2YJU8|Q2YJU8_BRUA2,1,1,1,1
tr|Q2YJV9|Q2YJV9_BRUA2,0,0,0,0
tr|Q2YJW7|Q2YJW7_BRUA2,0,0,0,0
tr|Q2YJX5|Q2YJX5_BRUA2,0,0,0,0
tr|Q2YJX6|Q2YJX6_BRUA2,0,0,0,0
tr|Q2YJX8|Q2YJX8_BRUA2,0,0,0,0
tr|Q2YJY0|Q2YJY0_BRUA2,0,0,1,0
tr|Q2YJY4|Q2YJY4_BRUA2,1,0,1,1
sp|Q2YJZ2|NRDI_BRUA2,1,1,1,1
tr|Q2YJZ3|Q2YJZ3_BRUA2,1,0,0,0
tr|Q2YJZ8|Q2YJZ8_BRUA2,1,1,1,1
tr|Q2YJZ9|Q2YJZ9_BRUA2,0,0,0,0
sp|Q2YK00|MINE_BRUA2,0,0,0,0
tr|Q2YK04|Q2YK04_BRUA2,0,0,0,0
tr|Q2YK14|Q2YK14_BRUA2,1,0,0,0
tr|Q2YK15|Q2YK15_BRUA2,0,0,1,0
sp|Q2YK17|GLSA_BRUA2,1,1,1,1
sp|Q2YK18|HDEA_BRUA2,0,0,0,0
tr|Q2YK21|Q2YK21_BRUA2,0,0,0,0
tr|Q2YK24|Q2YK24_BRUA2,0,0,0,0
tr|Q2YK32|Q2YK32_BRUA2,1,0,1,1
tr|Q2YK35|Q2YK35_BRUA2,0,0,0,0
sp|Q2YK62|Y3318_BRUA2,1,0,0,0
sp|Q2YK63|Y3317_BRUA2,0,0,0,0
sp|Q2YK65|Y3315_BRUA2,0,0,0,0
sp|Q2YK66|Y3312_BRUA2,0,0,0,0
tr|Q2YK68|Q2YK68_BRUA2,0,0,1,0
tr|Q2YK77|Q2YK77_BRUA2,0,1,1,1
tr|Q2YK82|Q2YK82_BRUA2,1,0,0,0
tr|Q2YK83|Q2YK83_BRUA2,0,0,1,0
tr|Q2YKA1|Q2YKA1_BRUA2,1,0,0,0
tr|Q2YKD3|Q2YKD3_BRUA2,1,0,0,0
tr|Q2YKD4|Q2YKD4_BRUA2,0,0,0,0
tr|Q2YKE5|Q2YKE5_BRUA2,0,0,0,0
tr|Q2YKE8|Q2YKE8_BRUA2,1,0,0,0
tr|Q2YKF1|Q2YKF1_BRUA2,0,1,0,0
tr|Q2YKG5|Q2YKG5_BRUA2,0,1,0,0
tr|Q2YKG6|Q2YKG6_BRUA2,0,0,0,0
tr|Q2YKG8|Q2YKG8_BRUA2,0,0,0,0
tr|Q2YKI4|Q2YKI4_BRUA2,0,0,0,0
sp|Q2YKI6|PBP_BRUA2,1,0,1,1
tr|Q2YKJ1|Q2YKJ1_BRUA2,0,0,0,0
tr|Q2YKJ2|Q2YKJ2_BRUA2,1,0,0,0
sp|Q2YKJ5|Y3164_BRUA2,0,0,0,0
tr|Q2YKJ8|Q2YKJ8_BRUA2,0,0,0,0
tr|Q2YKK0|Q2YKK0_BRUA2,0,0,0,0
tr|Q2YKK4|Q2YKK4_BRUA2,0,0,0,0
tr|Q2YKK5|Q2YKK5_BRUA2,1,1,1,1
tr|Q2YKK6|Q2YKK6_BRUA2,1,0,1,1
sp|Q2YKL3|GATA_BRUA2,0,0,1,0
sp|Q2YKL4|GATC_BRUA2,0,0,0,0
sp|Q2YKL6|YQGF_BRUA2,0,0,0,0
sp|Q2YKL8|PYRB_BRUA2,0,0,0,0
tr|Q2YKM4|Q2YKM4_BRUA2,0,0,0,0
sp|Q2YKM8|RL33_BRUA2,0,0,0,0
sp|Q2YKN1|DIVK_BRUA2,0,0,0,0
tr|Q2YKP0|Q2YKP0_BRUA2,0,0,0,0
sp|Q2YKR3|ADEC_BRUA2,0,0,0,0
sp|Q2YKR5|UGPB_BRUA2,1,0,0,0
sp|Q2YKR6|UGPA_BRUA2,0,0,0,0
sp|Q2YKR7|UGPE_BRUA2,1,0,0,0
tr|Q2YKV2|Q2YKV2_BRUA2,0,1,0,0
tr|Q2YKV9|Q2YKV9_BRUA2,1,1,1,1
sp|Q2YKW2|AHPD_BRUA2,0,1,0,0
sp|Q2YKX9|GCSP_BRUA2,0,0,0,0
sp|Q2YKY0|GCSH_BRUA2,0,0,1,0
tr|Q2YKY1|Q2YKY1_BRUA2,1,1,0,1
sp|Q2YKZ7|Y2993_BRUA2,1,1,1,1
sp|Q2YKZ9|Y2991_BRUA2,1,1,1,1
sp|Q2YL00|Y2990_BRUA2,0,0,0,0
tr|Q2YL13|Q2YL13_BRUA2,0,0,0,0
tr|Q2YL14|Q2YL14_BRUA2,0,0,0,0
sp|Q2YL15|EX7L_BRUA2,0,0,0,0
tr|Q2YL31|Q2YL31_BRUA2,1,1,1,1
tr|Q2YL32|Q2YL32_BRUA2,0,1,0,0
tr|Q2YL34|Q2YL34_BRUA2,0,0,0,0
tr|Q2YL41|Q2YL41_BRUA2,0,0,0,0
tr|Q2YL43|Q2YL43_BRUA2,1,0,0,0
sp|Q2YL51|LEUD_BRUA2,1,0,1,1
tr|Q2YL57|Q2YL57_BRUA2,0,0,0,0
tr|Q2YL64|Q2YL64_BRUA2,0,0,0,0
tr|Q2YL72|Q2YL72_BRUA2,0,0,0,0
tr|Q2YL75|Q2YL75_BRUA2,0,0,0,0
tr|Q2YL78|Q2YL78_BRUA2,1,1,1,1
sp|Q2YL86|LIVB4_BRUA2,0,0,1,0
tr|Q2YL94|Q2YL94_BRUA2,1,0,0,0
tr|Q2YL96|Q2YL96_BRUA2,0,0,0,0
tr|Q2YL98|Q2YL98_BRUA2,1,0,0,0
sp|Q2YLD3|RL32_BRUA2,0,1,1,1
tr|Q2YLE0|Q2YLE0_BRUA2,0,0,1,0
sp|Q2YLE7|ATPE_BRUA2,0,0,1,0
sp|Q2YLG0|LIVB2_BRUA2,1,1,1,1
tr|Q2YLG9|Q2YLG9_BRUA2,0,0,0,0
tr|Q2YLH2|Q2YLH2_BRUA2,0,1,0,0
sp|Q2YLH3|HTPX_BRUA2,0,0,0,0
tr|Q2YLH8|Q2YLH8_BRUA2,0,1,0,0
sp|Q2YLH9|SYL_BRUA2,0,0,0,0
sp|Q2YLI1|TAL_BRUA2,0,0,0,0
sp|Q2YLI4|ATPD_BRUA2,1,1,0,1
sp|Q2YLI6|ATPG_BRUA2,0,0,0,0
sp|Q2YLI7|PROA_BRUA2,0,1,0,0
sp|Q2YLI8|NADD_BRUA2,0,0,0,0
tr|Q2YLI9|Q2YLI9_BRUA2,0,0,0,0
sp|Q2YLJ0|RLMH_BRUA2,0,1,1,1
sp|Q2YLJ4|RPPH_BRUA2,0,1,0,0
tr|Q2YLK1|Q2YLK1_BRUA2,1,0,0,0
sp|Q2YLK6|RS16_BRUA2,1,0,1,1
sp|Q2YLL7|RL21_BRUA2,1,1,1,1
sp|Q2YLL8|RL27_BRUA2,1,1,1,1
tr|Q2YLM6|Q2YLM6_BRUA2,0,0,0,0
tr|Q2YLN2|Q2YLN2_BRUA2,0,0,0,0
tr|Q2YLN6|Q2YLN6_BRUA2,0,0,0,0
tr|Q2YLN7|Q2YLN7_BRUA2,0,0,0,0
sp|Q2YLN8|RF1_BRUA2,0,0,0,0
tr|Q2YLN9|Q2YLN9_BRUA2,0,0,0,0
tr|Q2YLP2|Q2YLP2_BRUA2,0,0,0,0
sp|Q2YLP6|RL19_BRUA2,0,1,1,1
tr|Q2YLP9|Q2YLP9_BRUA2,1,0,1,1
tr|Q2YLQ0|Q2YLQ0_BRUA2,0,0,0,0
tr|Q2YLQ6|Q2YLQ6_BRUA2,0,0,0,0
tr|Q2YLQ7|Q2YLQ7_BRUA2,0,1,0,0
sp|Q2YLR6|OMP19_BRUA2,1,1,1,1
sp|Q2YLR9|MDH_BRUA2,0,1,0,0
sp|Q2YLS2|ODO1_BRUA2,0,0,0,0
tr|Q2YLS3|Q2YLS3_BRUA2,1,1,0,1
tr|Q2YLS7|Q2YLS7_BRUA2,0,0,0,0
tr|Q2YLS9|Q2YLS9_BRUA2,0,0,0,0
sp|Q2YLT0|RIMM_BRUA2,0,1,1,1
sp|Q2YLT1|TRMD_BRUA2,0,0,0,0
tr|Q2YLU2|Q2YLU2_BRUA2,1,1,1,1
sp|Q2YLU9|YCIB_BRUA2,0,0,0,0
tr|Q2YLV2|Q2YLV2_BRUA2,0,0,0,0
tr|Q2YLV4|Q2YLV4_BRUA2,0,0,0,0
tr|Q2YLV9|Q2YLV9_BRUA2,0,1,1,1
sp|Q2YLW7|THIP_BRUA2,1,0,0,0
sp|Q2YLW8|THIB_BRUA2,0,0,0,0
tr|Q2YLW9|Q2YLW9_BRUA2,0,0,0,0
tr|Q2YLX4|Q2YLX4_BRUA2,0,0,0,0
sp|Q2YLX5|PTH_BRUA2,1,0,1,1
sp|Q2YLX6|RL25_BRUA2,1,1,0,1
tr|Q2YLY1|Q2YLY1_BRUA2,0,1,1,1
sp|Q2YLY3|LGT_BRUA2,0,0,0,0
tr|Q2YLY9|Q2YLY9_BRUA2,0,0,0,0
tr|Q2YLZ0|Q2YLZ0_BRUA2,1,0,0,0
tr|Q2YLZ4|Q2YLZ4_BRUA2,0,0,0,0
tr|Q2YLZ5|Q2YLZ5_BRUA2,0,0,0,0
sp|Q2YLZ8|RS12_BRUA2,0,1,0,0
sp|Q2YLZ9|RS7_BRUA2,0,0,0,0
sp|Q2YM00|EFG_BRUA2,0,0,0,0
sp|Q2YM02|RS10_BRUA2,1,0,1,1
sp|Q2YM03|RL3_BRUA2,0,0,0,0
sp|Q2YM04|RL4_BRUA2,0,0,1,0
sp|Q2YM05|RL23_BRUA2,1,1,1,1
sp|Q2YM06|RL2_BRUA2,0,1,1,1
sp|Q2YM07|RS19_BRUA2,0,0,1,0
tr|Q2YM09|Q2YM09_BRUA2,0,0,0,0
tr|Q2YM10|Q2YM10_BRUA2,0,0,0,0
sp|Q2YM11|RL11_BRUA2,0,1,0,0
sp|Q2YM12|RL1_BRUA2,1,1,0,1
sp|Q2YM13|RL10_BRUA2,1,0,0,0
sp|Q2YM14|RL7_BRUA2,1,1,1,1
sp|Q2YM15|RPOB_BRUA2,0,0,0,0
tr|Q2YM26|Q2YM26_BRUA2,0,0,0,0
tr|Q2YM35|Q2YM35_BRUA2,0,0,0,0
tr|Q2YM53|Q2YM53_BRUA2,0,0,0,0
tr|Q2YM54|Q2YM54_BRUA2,1,1,1,1
tr|Q2YM55|Q2YM55_BRUA2,0,0,0,0
tr|Q2YM56|Q2YM56_BRUA2,1,0,0,0
tr|Q2YM61|Q2YM61_BRUA2,1,0,0,0
tr|Q2YM70|Q2YM70_BRUA2,0,0,0,0
tr|Q2YM75|Q2YM75_BRUA2,0,0,0,0
tr|Q2YM77|Q2YM77_BRUA2,0,1,0,0
tr|Q2YM81|Q2YM81_BRUA2,1,1,1,1
tr|Q2YM88|Q2YM88_BRUA2,0,0,0,0
tr|Q2YM91|Q2YM91_BRUA2,0,0,0,0
sp|Q2YM92|ATP6_BRUA2,0,0,0,0
tr|Q2YM93|Q2YM93_BRUA2,1,0,0,0
sp|Q2YM98|DER_BRUA2,1,0,0,0
tr|Q2YMA5|Q2YMA5_BRUA2,0,0,0,0
sp|Q2YMC4|ATPF2_BRUA2,1,1,1,1
tr|Q2YMC8|Q2YMC8_BRUA2,0,0,0,0
tr|Q2YMD3|Q2YMD3_BRUA2,0,0,0,0
tr|Q2YME1|Q2YME1_BRUA2,0,0,0,0
tr|Q2YME2|Q2YME2_BRUA2,0,0,0,0
sp|Q2YME4|SYGA_BRUA2,1,0,0,0
tr|Q2YMF5|Q2YMF5_BRUA2,1,1,0,1
sp|Q2YMG5|ACP_BRUA2,0,1,1,1
tr|Q2YMG7|Q2YMG7_BRUA2,0,1,0,0
sp|Q2YMG9|RS6_BRUA2,0,1,0,0
sp|Q2YMH0|RS18_BRUA2,0,0,0,0
sp|Q2YMH2|RL9_BRUA2,1,1,1,1
tr|Q2YMH3|Q2YMH3_BRUA2,0,0,0,0
tr|Q2YMH4|Q2YMH4_BRUA2,0,0,0,0
tr|Q2YMH9|Q2YMH9_BRUA2,0,0,0,0
tr|Q2YMI2|Q2YMI2_BRUA2,1,0,1,1
sp|Q2YMI4|KHSE_BRUA2,0,0,0,0
tr|Q2YMI7|Q2YMI7_BRUA2,0,0,0,0
tr|Q2YMI9|Q2YMI9_BRUA2,0,0,0,0
sp|Q2YMJ2|KGUA_BRUA2,0,0,0,0
tr|Q2YMJ4|Q2YMJ4_BRUA2,1,1,1,1
tr|Q2YMJ5|Q2YMJ5_BRUA2,1,1,1,1
tr|Q2YMK0|Q2YMK0_BRUA2,0,1,0,0
tr|Q2YMK8|Q2YMK8_BRUA2,0,1,0,0
tr|Q2YMM2|Q2YMM2_BRUA2,1,0,0,0
sp|Q2YMM3|ALLA_BRUA2,0,0,0,0
tr|Q2YMM8|Q2YMM8_BRUA2,0,0,0,0
tr|Q2YMP3|Q2YMP3_BRUA2,0,0,0,0
tr|Q2YMP5|Q2YMP5_BRUA2,0,0,0,0
tr|Q2YMQ1|Q2YMQ1_BRUA2,1,1,0,1
sp|Q2YMQ2|XYLA_BRUA2,0,0,0,0
tr|Q2YMQ9|Q2YMQ9_BRUA2,0,0,0,0
tr|Q2YMR6|Q2YMR6_BRUA2,1,0,1,1
tr|Q2YMR7|Q2YMR7_BRUA2,0,0,0,0
sp|Q2YMS6|BETI_BRUA2,1,0,0,0
tr|Q2YMT5|Q2YMT5_BRUA2,0,0,0,0
tr|Q2YMU1|Q2YMU1_BRUA2,0,0,0,0
tr|Q2YMV0|Q2YMV0_BRUA2,0,0,0,0
tr|Q2YMV1|Q2YMV1_BRUA2,1,0,0,0
tr|Q2YMW4|Q2YMW4_BRUA2,0,0,0,0
tr|Q2YMW6|Q2YMW6_BRUA2,1,1,1,1
tr|Q2YMW7|Q2YMW7_BRUA2,0,0,0,0
tr|Q2YMX0|Q2YMX0_BRUA2,0,0,0,0
tr|Q2YMX1|Q2YMX1_BRUA2,0,0,0,0
tr|Q2YMX4|Q2YMX4_BRUA2,1,0,0,0
tr|Q2YMX7|Q2YMX7_BRUA2,0,0,0,0
sp|Q2YMY0|SSRP_BRUA2,0,0,1,0
sp|Q2YMY7|OMP2B_BRUA2,0,1,1,1
sp|Q2YMY8|OMP2A_BRUA2,0,1,1,1
sp|Q2YMZ9|RECO_BRUA2,0,0,0,0
tr|Q2YN00|Q2YN00_BRUA2,1,0,0,0
tr|Q2YN03|Q2YN03_BRUA2,1,1,0,1
sp|Q2YN04|ACPS_BRUA2,0,0,0,0
sp|Q2YN12|RPOZ_BRUA2,0,0,0,0
tr|Q2YN18|Q2YN18_BRUA2,1,0,0,0
tr|Q2YN26|Q2YN26_BRUA2,1,0,1,1
tr|Q2YN31|Q2YN31_BRUA2,0,1,0,0
sp|Q2YN35|UVRC_BRUA2,0,0,0,0
tr|Q2YN36|Q2YN36_BRUA2,0,0,0,0
tr|Q2YN48|Q2YN48_BRUA2,1,1,1,1
tr|Q2YN52|Q2YN52_BRUA2,0,0,0,0
sp|Q2YN59|PUR5_BRUA2,0,1,0,0
tr|Q2YN87|Q2YN87_BRUA2,0,0,0,0
sp|Q2YN94|NRDR_BRUA2,0,0,0,0
tr|Q2YNA2|Q2YNA2_BRUA2,0,0,1,0
sp|Q2YNA4|BPT_BRUA2,1,0,1,1
tr|Q2YNA8|Q2YNA8_BRUA2,0,0,0,0
sp|Q2YNB8|IHFA_BRUA2,0,0,0,0
sp|Q2YNC5|NUSB_BRUA2,0,0,0,0
sp|Q2YNC7|NUOC_BRUA2,0,0,0,0
sp|Q2YND8|RL13_BRUA2,0,0,0,0
sp|Q2YND9|RS9_BRUA2,0,1,1,1
sp|Q2YNE1|ARGC_BRUA2,0,1,0,0
sp|Q2YNE3|SYP_BRUA2,1,0,1,1
tr|Q2YNF2|Q2YNF2_BRUA2,0,0,0,0
tr|Q2YNF4|Q2YNF4_BRUA2,0,0,0,0
sp|Q2YNF6|NUOH_BRUA2,0,0,0,0
tr|Q2YNF7|Q2YNF7_BRUA2,0,0,0,0
tr|Q2YNF8|Q2YNF8_BRUA2,0,1,0,0
tr|Q2YNF9|Q2YNF9_BRUA2,0,0,1,0
sp|Q2YNG0|NUOD_BRUA2,0,0,0,0
sp|Q2YNG1|PUR7_BRUA2,0,0,0,0
tr|Q2YNG2|Q2YNG2_BRUA2,0,0,1,0
tr|Q2YNG9|Q2YNG9_BRUA2,0,0,0,0
sp|Q2YNH2|RS4_BRUA2,1,0,1,1
tr|Q2YNH5|Q2YNH5_BRUA2,0,0,0,0
sp|Q2YNH6|LOLD_BRUA2,0,0,0,0
tr|Q2YNI1|Q2YNI1_BRUA2,1,1,1,1
sp|Q2YNJ9|SYR_BRUA2,0,0,0,0
sp|Q2YNK7|COBT_BRUA2,0,0,0,0
sp|Q2YNL2|GATB_BRUA2,0,0,0,0
sp|Q2YNM0|SECDF_BRUA2,1,0,0,0
sp|Q2YNM1|YAJC_BRUA2,1,0,0,0
sp|Q2YNM5|SURE_BRUA2,1,0,0,0
tr|Q2YNM7|Q2YNM7_BRUA2,0,0,0,0
tr|Q2YNM8|Q2YNM8_BRUA2,1,1,1,1
tr|Q2YNM9|Q2YNM9_BRUA2,1,0,1,1
tr|Q2YNN4|Q2YNN4_BRUA2,1,0,0,0
tr|Q2YNN6|Q2YNN6_BRUA2,1,0,0,0
tr|Q2YNP2|Q2YNP2_BRUA2,1,1,1,1
tr|Q2YNP3|Q2YNP3_BRUA2,0,0,1,0
tr|Q2YNQ2|Q2YNQ2_BRUA2,0,0,0,0
tr|Q2YNQ6|Q2YNQ6_BRUA2,0,1,0,0
tr|Q2YNS8|Q2YNS8_BRUA2,0,0,0,0
tr|Q2YNT5|Q2YNT5_BRUA2,1,0,0,0
tr|Q2YNT8|Q2YNT8_BRUA2,0,0,0,0
tr|Q2YNT9|Q2YNT9_BRUA2,0,0,0,0
tr|Q2YNU1|Q2YNU1_BRUA2,0,1,0,0
tr|Q2YNU9|Q2YNU9_BRUA2,1,0,1,1
sp|Q2YNV0|PHS_BRUA2,0,0,1,0
sp|Q2YNV6|PNCB_BRUA2,0,0,0,0
tr|Q2YNV7|Q2YNV7_BRUA2,0,0,0,0
tr|Q2YNW0|Q2YNW0_BRUA2,0,0,0,0
tr|Q2YNX1|Q2YNX1_BRUA2,0,0,1,0
tr|Q2YNX3|Q2YNX3_BRUA2,0,1,0,0
tr|Q2YNX5|Q2YNX5_BRUA2,0,0,1,0
tr|Q2YNX8|Q2YNX8_BRUA2,0,0,1,0
tr|Q2YNX9|Q2YNX9_BRUA2,0,0,0,0
sp|Q2YNZ0|MUTS_BRUA2,0,0,0,0
tr|Q2YNZ2|Q2YNZ2_BRUA2,0,0,0,0
tr|Q2YNZ3|Q2YNZ3_BRUA2,0,0,0,0
tr|Q2YP02|Q2YP02_BRUA2,0,0,0,0
tr|Q2YP11|Q2YP11_BRUA2,0,1,0,0
tr|Q2YP13|Q2YP13_BRUA2,0,0,0,0
sp|Q2YP18|IHFB_BRUA2,1,0,1,1
tr|Q2YP28|Q2YP28_BRUA2,0,0,0,0
tr|Q2YP30|Q2YP30_BRUA2,0,0,0,0
tr|Q2YP31|Q2YP31_BRUA2,0,0,0,0
tr|Q2YP35|Q2YP35_BRUA2,1,0,1,1
tr|Q2YP39|Q2YP39_BRUA2,1,0,0,0
tr|Q2YP52|Q2YP52_BRUA2,0,1,1,1
tr|Q2YP59|Q2YP59_BRUA2,0,0,1,0
tr|Q2YP61|Q2YP61_BRUA2,0,0,0,0
tr|Q2YP74|Q2YP74_BRUA2,0,0,0,0
tr|Q2YP88|Q2YP88_BRUA2,0,0,0,0
sp|Q2YPC1|IF1_BRUA2,0,0,0,0
sp|Q2YPC3|YACG_BRUA2,1,1,1,1
tr|Q2YPD1|Q2YPD1_BRUA2,0,0,0,0
sp|Q2YPD3|UREF1_BRUA2,0,0,1,0
sp|Q2YPD8|URED1_BRUA2,0,0,0,0
tr|Q2YPE6|Q2YPE6_BRUA2,0,0,0,0
tr|Q2YPF6|Q2YPF6_BRUA2,0,0,0,0
tr|Q2YPG0|Q2YPG0_BRUA2,0,0,0,0
sp|Q2YPH2|OTC_BRUA2,0,0,0,0
tr|Q2YPH7|Q2YPH7_BRUA2,0,0,0,0
tr|Q2YPI0|Q2YPI0_BRUA2,0,0,0,0
tr|Q2YPJ0|Q2YPJ0_BRUA2,0,0,0,0
tr|Q2YPJ1|Q2YPJ1_BRUA2,0,0,0,0
sp|Q2YPJ2|MSCL_BRUA2,1,0,1,1
tr|Q2YPJ4|Q2YPJ4_BRUA2,0,0,0,0
tr|Q2YPJ9|Q2YPJ9_BRUA2,0,0,0,0
tr|Q2YPK1|Q2YPK1_BRUA2,1,1,0,1
tr|Q2YPK2|Q2YPK2_BRUA2,0,0,0,0
tr|Q2YPK4|Q2YPK4_BRUA2,1,0,0,0
tr|Q2YPK9|Q2YPK9_BRUA2,0,0,0,0
sp|Q2YPM3|RECF_BRUA2,0,0,0,0
tr|Q2YPM4|Q2YPM4_BRUA2,0,0,1,0
tr|Q2YPM5|Q2YPM5_BRUA2,0,0,0,0
tr|Q2YPM8|Q2YPM8_BRUA2,0,0,0,0
sp|Q2YPM9|Y030_BRUA2,0,1,1,1
sp|Q2YPN0|RECR_BRUA2,0,0,0,0
tr|Q2YPN4|Q2YPN4_BRUA2,0,1,0,0
tr|Q2YPQ0|Q2YPQ0_BRUA2,0,0,0,0
tr|Q2YPQ1|Q2YPQ1_BRUA2,1,0,0,0
tr|Q2YPQ2|Q2YPQ2_BRUA2,0,0,0,0
sp|Q2YPQ5|KDSB_BRUA2,0,0,0,0
sp|Q2YPQ8|ASSY_BRUA2,0,0,0,0
tr|Q2YPR3|Q2YPR3_BRUA2,0,0,0,0
tr|Q2YPS4|Q2YPS4_BRUA2,0,1,1,1
tr|Q2YPS5|Q2YPS5_BRUA2,1,1,1,1
sp|Q2YPS7|PRMA_BRUA2,0,1,0,0
tr|Q2YPT1|Q2YPT1_BRUA2,0,0,0,0
tr|Q2YPU3|Q2YPU3_BRUA2,0,0,0,0
tr|Q2YPU5|Q2YPU5_BRUA2,1,0,1,1
sp|Q2YPU9|KDSA_BRUA2,0,0,0,0
tr|Q2YPV3|Q2YPV3_BRUA2,0,0,1,0
tr|Q2YPV4|Q2YPV4_BRUA2,0,0,0,0
tr|Q2YPV6|Q2YPV6_BRUA2,0,1,0,0
tr|Q2YPW2|Q2YPW2_BRUA2,0,0,0,0
tr|Q2YPW4|Q2YPW4_BRUA2,0,0,0,0
sp|Q2YPW9|HFQ_BRUA2,0,0,1,0
tr|Q2YPX0|Q2YPX0_BRUA2,1,0,0,0
sp|Q2YPX1|CLPP_BRUA2,1,0,0,0
sp|Q2YPX2|CLPX_BRUA2,0,0,0,0
sp|Q2YPX7|SSB_BRUA2,1,1,1,1
tr|Q2YPY0|Q2YPY0_BRUA2,0,0,0,0
sp|Q2YPY5|PPI1_BRUA2,0,0,0,0
tr|Q2YPY6|Q2YPY6_BRUA2,0,1,0,0
sp|Q2YPY7|QUEA_BRUA2,0,0,0,0
tr|Q2YQ06|Q2YQ06_BRUA2,1,1,0,1
tr|Q2YQ12|Q2YQ12_BRUA2,0,0,0,0
tr|Q2YQ30|Q2YQ30_BRUA2,0,0,0,0
tr|Q2YQ36|Q2YQ36_BRUA2,1,0,0,0
tr|Q2YQ41|Q2YQ41_BRUA2,0,0,1,0
tr|Q2YQ42|Q2YQ42_BRUA2,0,0,0,0
tr|Q2YQ43|Q2YQ43_BRUA2,0,0,0,0
tr|Q2YQ47|Q2YQ47_BRUA2,1,1,1,1
tr|Q2YQ53|Q2YQ53_BRUA2,0,0,0,0
tr|Q2YQ54|Q2YQ54_BRUA2,0,0,0,0
tr|Q2YQ58|Q2YQ58_BRUA2,0,0,0,0
tr|Q2YQ59|Q2YQ59_BRUA2,0,0,0,0
tr|Q2YQ66|Q2YQ66_BRUA2,1,0,0,0
tr|Q2YQ67|Q2YQ67_BRUA2,1,1,0,1
tr|Q2YQ71|Q2YQ71_BRUA2,0,0,0,0
tr|Q2YQ79|Q2YQ79_BRUA2,0,0,0,0
tr|Q2YQ80|Q2YQ80_BRUA2,0,1,0,0
tr|Q2YQ81|Q2YQ81_BRUA2,1,1,1,1
tr|Q2YQA0|Q2YQA0_BRUA2,0,0,0,0
tr|Q2YQA1|Q2YQA1_BRUA2,0,0,0,0
tr|Q2YQA2|Q2YQA2_BRUA2,0,0,0,0
tr|Q2YQA7|Q2YQA7_BRUA2,1,1,1,1
sp|Q2YQD5|URED2_BRUA2,0,0,0,0
sp|Q2YQD6|UREG2_BRUA2,0,0,1,0
sp|Q2YQD7|UREF2_BRUA2,0,0,0,0
tr|Q2YQE7|Q2YQE7_BRUA2,0,0,0,0
tr|Q2YQF3|Q2YQF3_BRUA2,0,0,0,0
tr|Q2YQG6|Q2YQG6_BRUA2,0,0,0,0
tr|Q2YQH3|Q2YQH3_BRUA2,1,1,1,1
tr|Q2YQH5|Q2YQH5_BRUA2,1,1,1,1
sp|Q2YQH6|TILS_BRUA2,0,0,0,0
tr|Q2YQI1|Q2YQI1_BRUA2,0,0,0,0
tr|Q2YQI3|Q2YQI3_BRUA2,0,0,0,0
tr|Q2YQJ3|Q2YQJ3_BRUA2,0,0,0,0
tr|Q2YQJ9|Q2YQJ9_BRUA2,0,1,1,1
sp|Q2YQK2|COBQ_BRUA2,0,0,0,0
sp|Q2YQL5|CBID_BRUA2,1,1,1,1
tr|Q2YQL6|Q2YQL6_BRUA2,0,0,0,0
tr|Q2YQL8|Q2YQL8_BRUA2,0,0,0,0
tr|Q2YQL9|Q2YQL9_BRUA2,0,0,0,0
sp|Q2YQM9|KUP_BRUA2,0,0,0,0
tr|Q2YQP1|Q2YQP1_BRUA2,0,0,1,0
tr|Q2YQP2|Q2YQP2_BRUA2,0,0,0,0
sp|Q2YQP3|Y1388_BRUA2,0,0,0,0
sp|Q2YQP6|RS20_BRUA2,1,0,1,1
tr|Q2YQQ7|Q2YQQ7_BRUA2,1,0,0,0
tr|Q2YQR0|Q2YQR0_BRUA2,0,0,0,0
sp|Q2YQR5|TRUB_BRUA2,1,0,1,1
sp|Q2YQR6|RBFA_BRUA2,1,0,1,1
sp|Q2YQR7|IF2_BRUA2,0,0,0,0
tr|Q2YQR9|Q2YQR9_BRUA2,0,0,0,0
sp|Q2YQS0|RIMP_BRUA2,0,1,0,0
sp|Q2YQS1|TRMB_BRUA2,0,0,0,0
tr|Q2YQS2|Q2YQS2_BRUA2,1,0,0,0
tr|Q2YQS4|Q2YQS4_BRUA2,0,0,0,0
sp|Q2YQS6|YBEY_BRUA2,1,0,1,1
tr|Q2YQT3|Q2YQT3_BRUA2,0,0,0,0
tr|Q2YQT6|Q2YQT6_BRUA2,0,0,0,0
tr|Q2YQT7|Q2YQT7_BRUA2,0,0,1,0
tr|Q2YQT9|Q2YQT9_BRUA2,0,0,0,0
tr|Q2YQU0|Q2YQU0_BRUA2,0,0,0,0
tr|Q2YQU4|Q2YQU4_BRUA2,1,0,1,1
tr|Q2YQU6|Q2YQU6_BRUA2,0,0,0,0
tr|Q2YQV2|Q2YQV2_BRUA2,0,0,0,0
sp|Q2YQV7|RL20_BRUA2,0,0,0,0
sp|Q2YQV8|RL35_BRUA2,0,0,1,0
sp|Q2YQW4|TRPF_BRUA2,0,0,1,0
sp|Q2YQW5|TRPB_BRUA2,0,1,1,1
sp|Q2YQW7|TRPA_BRUA2,0,1,0,0
tr|Q2YQX2|Q2YQX2_BRUA2,0,0,0,0
sp|Q2YQX8|SAHH_BRUA2,0,0,0,0
tr|Q2YQY3|Q2YQY3_BRUA2,0,0,0,0
sp|Q2YQY6|COAA_BRUA2,0,0,0,0
sp|Q2YQY7|HIS2_BRUA2,1,1,1,1
sp|Q2YQY9|HIS4_BRUA2,0,0,0,0
sp|Q2YQZ2|HIS7_BRUA2,0,0,0,0
sp|Q2YQZ4|HSLU_BRUA2,0,0,0,0
tr|Q2YQZ8|Q2YQZ8_BRUA2,1,1,0,1
tr|Q2YR02|Q2YR02_BRUA2,0,0,0,0
sp|Q2YR05|NTPPB_BRUA2,0,0,0,0
sp|Q2YR12|MNMG_BRUA2,0,0,1,0
sp|Q2YR13|RSMG_BRUA2,0,0,0,0
tr|Q2YR35|Q2YR35_BRUA2,0,1,1,1
tr|Q2YR53|Q2YR53_BRUA2,1,0,1,1
sp|Q2YR56|RL28_BRUA2,0,0,0,0
tr|Q2YR57|Q2YR57_BRUA2,0,0,0,0
sp|Q2YR68|AQPZ_BRUA2,0,0,1,0
tr|Q2YR72|Q2YR72_BRUA2,0,0,0,0
tr|Q2YR78|Q2YR78_BRUA2,0,0,0,0
sp|Q2YR81|HIS8_BRUA2,0,0,0,0
tr|Q2YR83|Q2YR83_BRUA2,0,0,0,0
sp|Q2YR87|ARLY_BRUA2,0,0,0,0
tr|Q2YR93|Q2YR93_BRUA2,1,0,1,1
tr|Q2YR95|Q2YR95_BRUA2,1,0,1,1
tr|Q2YR99|Q2YR99_BRUA2,0,0,0,0
sp|Q2YRA0|RL22_BRUA2,0,0,0,0
sp|Q2YRA1|RS3_BRUA2,0,0,0,0
sp|Q2YRA3|RL29_BRUA2,0,0,0,0
sp|Q2YRA4|RS17_BRUA2,0,0,0,0
sp|Q2YRA5|RL14_BRUA2,1,0,0,0
sp|Q2YRA6|RL24_BRUA2,0,1,1,1
sp|Q2YRA7|RL5_BRUA2,0,0,0,0
sp|Q2YRA8|RS14_BRUA2,0,0,0,0
sp|Q2YRA9|RS8_BRUA2,1,0,0,0
sp|Q2YRB0|RL6_BRUA2,1,1,1,1
tr|Q2YRC3|Q2YRC3_BRUA2,0,0,0,0
sp|Q2YRC4|EFP_BRUA2,0,0,0,0
sp|Q2YRD1|RUVA_BRUA2,1,0,1,1
tr|Q2YRD4|Q2YRD4_BRUA2,0,0,0,0
sp|Q2YRD7|TOLB_BRUA2,1,0,1,1
tr|Q2YRD9|Q2YRD9_BRUA2,1,0,0,0
tr|Q2YRE0|Q2YRE0_BRUA2,0,0,0,0
tr|Q2YRE1|Q2YRE1_BRUA2,0,0,0,0
tr|Q2YRE6|Q2YRE6_BRUA2,1,0,0,0
sp|Q2YRF3|RL31_BRUA2,1,1,1,1
tr|Q2YRF4|Q2YRF4_BRUA2,0,0,0,0
sp|Q2YRF9|Y1301_BRUA2,0,0,0,0
tr|Q2YRH0|Q2YRH0_BRUA2,1,1,1,1
tr|Q2YRH1|Q2YRH1_BRUA2,1,1,1,1
tr|Q2YRI3|Q2YRI3_BRUA2,1,0,0,0
tr|Q2YRJ2|Q2YRJ2_BRUA2,1,1,1,1
tr|Q2YRJ3|Q2YRJ3_BRUA2,1,1,1,1
sp|Q2YRK0|FUR_BRUA2,0,0,0,0
tr|Q2YRK2|Q2YRK2_BRUA2,1,0,0,0
tr|Q2YRL3|Q2YRL3_BRUA2,0,0,0,0
tr|Q2YRL9|Q2YRL9_BRUA2,1,0,1,1
tr|Q2YRM6|Q2YRM6_BRUA2,0,0,0,0
sp|Q2YRN8|GREA_BRUA2,0,0,1,0
tr|Q2YRP2|Q2YRP2_BRUA2,0,0,0,0
tr|Q2YRP3|Q2YRP3_BRUA2,0,0,0,0
sp|Q2YRP5|EFTS_BRUA2,0,1,1,1
sp|Q2YRP7|RRF_BRUA2,0,0,0,0
tr|Q2YRP8|Q2YRP8_BRUA2,0,0,0,0
tr|Q2YRQ0|Q2YRQ0_BRUA2,0,0,0,0
tr|Q2YRQ2|Q2YRQ2_BRUA2,1,1,1,1
sp|Q2YRQ3|LPXD_BRUA2,1,1,1,1
sp|Q2YRQ5|LPXA_BRUA2,1,1,1,1
tr|Q2YRQ7|Q2YRQ7_BRUA2,0,0,0,0
tr|Q2YRQ8|Q2YRQ8_BRUA2,0,0,0,0
tr|Q2YRR2|Q2YRR2_BRUA2,1,1,0,1
sp|Q2YRR4|TRPC_BRUA2,0,0,0,0
sp|Q2YRR5|TRPD_BRUA2,0,0,1,0
tr|Q2YRR6|Q2YRR6_BRUA2,0,0,0,0
tr|Q2YRS8|Q2YRS8_BRUA2,0,0,0,0
tr|Q2YRT1|Q2YRT1_BRUA2,0,0,0,0
sp|Q2YRT2|RL18_BRUA2,0,1,1,1
sp|Q2YRT3|RS5_BRUA2,1,0,0,0
sp|Q2YRT4|RL30_BRUA2,1,0,1,1
sp|Q2YRT5|RL15_BRUA2,1,1,1,1
tr|Q2YRT6|Q2YRT6_BRUA2,0,0,0,0
sp|Q2YRT8|RS13_BRUA2,0,1,1,1
sp|Q2YRT9|RS11_BRUA2,1,1,0,1
sp|Q2YRU1|RL17_BRUA2,0,1,0,0
tr|Q2YRU2|Q2YRU2_BRUA2,1,1,1,1
tr|Q2YRU3|Q2YRU3_BRUA2,0,0,0,0
tr|Q2YRV0|Q2YRV0_BRUA2,1,0,0,0
sp|Q2YRV4|MURI_BRUA2,1,0,0,0
tr|Q2YRW0|Q2YRW0_BRUA2,0,0,0,0
tr|Q2YRY5|Q2YRY5_BRUA2,0,0,0,0
sp|Q2YRY7|RL36_BRUA2,0,0,0,0
tr|Q2YRY9|Q2YRY9_BRUA2,0,0,1,0
tr|Q2YS23|Q2YS23_BRUA2,0,0,0,0
tr|Q2YS24|Q2YS24_BRUA2,1,1,1,1
tr|Q2YS25|Q2YS25_BRUA2,1,0,0,0
tr|Q2YS27|Q2YS27_BRUA2,1,1,1,1
tr|Q2YS30|Q2YS30_BRUA2,0,1,0,0
tr|Q2YS32|Q2YS32_BRUA2,1,0,1,1
tr|Q2YIE9|Q2YIE9_BRUA2,1,0,1,1
tr|Q2YIF0|Q2YIF0_BRUA2,1,1,0,1
tr|Q2YIF1|Q2YIF1_BRUA2,1,0,1,1
tr|Q2YIF2|Q2YIF2_BRUA2,1,0,0,0
tr|Q2YIF3|Q2YIF3_BRUA2,1,1,0,1
tr|Q2YIF4|Q2YIF4_BRUA2,0,0,0,0
tr|Q2YIF5|Q2YIF5_BRUA2,0,0,0,0
tr|Q2YIF6|Q2YIF6_BRUA2,0,0,0,0
tr|Q2YIF8|Q2YIF8_BRUA2,1,0,0,0
tr|Q2YIG1|Q2YIG1_BRUA2,0,0,0,0
tr|Q2YIG2|Q2YIG2_BRUA2,0,0,1,0
tr|Q2YIG3|Q2YIG3_BRUA2,0,0,0,0
tr|Q2YIG4|Q2YIG4_BRUA2,0,0,0,0
tr|Q2YIG6|Q2YIG6_BRUA2,0,0,0,0
tr|Q2YIG7|Q2YIG7_BRUA2,0,0,0,0
tr|Q2YIG8|Q2YIG8_BRUA2,0,0,0,0
tr|Q2YIG9|Q2YIG9_BRUA2,1,0,0,0
tr|Q2YIH0|Q2YIH0_BRUA2,0,0,0,0
tr|Q2YIH1|Q2YIH1_BRUA2,0,0,0,0
tr|Q2YIH3|Q2YIH3_BRUA2,0,0,0,0
tr|Q2YIH6|Q2YIH6_BRUA2,1,0,0,0
tr|Q2YIH7|Q2YIH7_BRUA2,0,0,0,0
tr|Q2YII0|Q2YII0_BRUA2,0,0,0,0
tr|Q2YII1|Q2YII1_BRUA2,0,0,0,0
tr|Q2YII2|Q2YII2_BRUA2,0,0,0,0
tr|Q2YII4|Q2YII4_BRUA2,0,1,0,0
tr|Q2YII5|Q2YII5_BRUA2,0,0,0,0
tr|Q2YII6|Q2YII6_BRUA2,0,0,0,0
tr|Q2YII7|Q2YII7_BRUA2,0,0,0,0
tr|Q2YII8|Q2YII8_BRUA2,0,0,1,0
tr|Q2YIJ0|Q2YIJ0_BRUA2,1,0,0,0
tr|Q2YIJ1|Q2YIJ1_BRUA2,0,0,0,0
tr|Q2YIJ4|Q2YIJ4_BRUA2,0,1,1,1
tr|Q2YIJ5|Q2YIJ5_BRUA2,1,0,0,0
tr|Q2YIJ7|Q2YIJ7_BRUA2,1,0,0,0
tr|Q2YIK2|Q2YIK2_BRUA2,0,0,0,0
tr|Q2YIK3|Q2YIK3_BRUA2,1,0,1,1
tr|Q2YIK4|Q2YIK4_BRUA2,0,0,1,0
tr|Q2YIK5|Q2YIK5_BRUA2,1,1,0,1
tr|Q2YIK6|Q2YIK6_BRUA2,0,0,0,0
tr|Q2YIK7|Q2YIK7_BRUA2,1,0,0,0
tr|Q2YIK8|Q2YIK8_BRUA2,1,1,1,1
tr|Q2YIK9|Q2YIK9_BRUA2,0,0,0,0
tr|Q2YIL1|Q2YIL1_BRUA2,0,0,0,0
tr|Q2YIL2|Q2YIL2_BRUA2,0,0,0,0
tr|Q2YIL3|Q2YIL3_BRUA2,0,0,1,0
tr|Q2YIL4|Q2YIL4_BRUA2,0,1,0,0
tr|Q2YIL7|Q2YIL7_BRUA2,0,0,0,0
tr|Q2YIL9|Q2YIL9_BRUA2,1,1,1,1
tr|Q2YIM0|Q2YIM0_BRUA2,0,0,0,0
tr|Q2YIM1|Q2YIM1_BRUA2,1,0,0,0
tr|Q2YIM2|Q2YIM2_BRUA2,0,0,0,0
tr|Q2YIM3|Q2YIM3_BRUA2,0,1,0,0
tr|Q2YIM6|Q2YIM6_BRUA2,1,0,1,1
tr|Q2YIM7|Q2YIM7_BRUA2,0,0,0,0
tr|Q2YIM8|Q2YIM8_BRUA2,1,0,0,0
tr|Q2YIM9|Q2YIM9_BRUA2,0,1,1,1
tr|Q2YIN0|Q2YIN0_BRUA2,1,1,0,1
tr|Q2YIN2|Q2YIN2_BRUA2,0,0,0,0
tr|Q2YIN3|Q2YIN3_BRUA2,0,0,0,0
tr|Q2YIN4|Q2YIN4_BRUA2,0,0,1,0
tr|Q2YIN7|Q2YIN7_BRUA2,0,0,0,0
tr|Q2YIN8|Q2YIN8_BRUA2,0,1,1,1
tr|Q2YIP0|Q2YIP0_BRUA2,0,0,0,0
tr|Q2YIP1|Q2YIP1_BRUA2,1,0,0,0
tr|Q2YIP2|Q2YIP2_BRUA2,1,1,1,1
tr|Q2YIP3|Q2YIP3_BRUA2,0,0,0,0
tr|Q2YIP4|Q2YIP4_BRUA2,0,0,0,0
tr|Q2YIP5|Q2YIP5_BRUA2,0,0,0,0
tr|Q2YIP6|Q2YIP6_BRUA2,0,0,0,0
tr|Q2YIP7|Q2YIP7_BRUA2,0,0,0,0
tr|Q2YIP8|Q2YIP8_BRUA2,0,1,1,1
tr|Q2YIP9|Q2YIP9_BRUA2,0,1,0,0
tr|Q2YIQ0|Q2YIQ0_BRUA2,0,0,0,0
tr|Q2YIQ5|Q2YIQ5_BRUA2,1,0,0,0
tr|Q2YIR0|Q2YIR0_BRUA2,0,0,0,0
tr|Q2YIR1|Q2YIR1_BRUA2,0,0,0,0
tr|Q2YIR4|Q2YIR4_BRUA2,1,0,0,0
tr|Q2YIR5|Q2YIR5_BRUA2,0,0,0,0
tr|Q2YIR6|Q2YIR6_BRUA2,0,0,0,0
tr|Q2YIR8|Q2YIR8_BRUA2,0,0,0,0
tr|Q2YIR9|Q2YIR9_BRUA2,0,0,1,0
tr|Q2YIS0|Q2YIS0_BRUA2,0,0,0,0
tr|Q2YIS1|Q2YIS1_BRUA2,1,1,1,1
tr|Q2YIS2|Q2YIS2_BRUA2,0,0,1,0
tr|Q2YIS3|Q2YIS3_BRUA2,0,0,0,0
tr|Q2YIS4|Q2YIS4_BRUA2,1,0,0,0
tr|Q2YIS5|Q2YIS5_BRUA2,1,1,0,1
tr|Q2YIS6|Q2YIS6_BRUA2,1,0,0,0
tr|Q2YIS7|Q2YIS7_BRUA2,0,0,0,0
tr|Q2YIS8|Q2YIS8_BRUA2,1,1,1,1
tr|Q2YIT0|Q2YIT0_BRUA2,1,1,0,1
tr|Q2YIT1|Q2YIT1_BRUA2,0,0,0,0
tr|Q2YIT2|Q2YIT2_BRUA2,1,1,1,1
tr|Q2YIT4|Q2YIT4_BRUA2,0,0,0,0
tr|Q2YIU0|Q2YIU0_BRUA2,0,0,0,0
tr|Q2YIU1|Q2YIU1_BRUA2,1,0,0,0
tr|Q2YIU2|Q2YIU2_BRUA2,0,0,0,0
tr|Q2YIU3|Q2YIU3_BRUA2,1,1,0,1
tr|Q2YIU4|Q2YIU4_BRUA2,0,0,0,0
sp|Q2YIU6|Y314_BRUA2,1,1,1,1
tr|Q2YIU7|Q2YIU7_BRUA2,0,0,0,0
tr|Q2YIU8|Q2YIU8_BRUA2,0,0,0,0
tr|Q2YIV0|Q2YIV0_BRUA2,0,0,0,0
tr|Q2YIV1|Q2YIV1_BRUA2,0,0,0,0
tr|Q2YIV2|Q2YIV2_BRUA2,1,0,0,0
tr|Q2YIV3|Q2YIV3_BRUA2,0,0,0,0
tr|Q2YIV4|Q2YIV4_BRUA2,1,0,1,1
tr|Q2YIV6|Q2YIV6_BRUA2,0,0,0,0
tr|Q2YIV7|Q2YIV7_BRUA2,1,1,1,1
tr|Q2YIV8|Q2YIV8_BRUA2,1,1,1,1
tr|Q2YIV9|Q2YIV9_BRUA2,0,1,1,1
tr|Q2YIW1|Q2YIW1_BRUA2,0,0,0,0
tr|Q2YIW2|Q2YIW2_BRUA2,0,1,1,1
tr|Q2YIW3|Q2YIW3_BRUA2,1,1,1,1
tr|Q2YIW4|Q2YIW4_BRUA2,0,0,1,0
tr|Q2YIW5|Q2YIW5_BRUA2,0,0,0,0
tr|Q2YIW7|Q2YIW7_BRUA2,0,0,0,0
tr|Q2YIW8|Q2YIW8_BRUA2,0,0,0,0
tr|Q2YIW9|Q2YIW9_BRUA2,0,0,0,0
tr|Q2YIX1|Q2YIX1_BRUA2,0,0,0,0
tr|Q2YIX3|Q2YIX3_BRUA2,1,0,1,1
tr|Q2YIX4|Q2YIX4_BRUA2,0,0,0,0
tr|Q2YIX5|Q2YIX5_BRUA2,0,0,0,0
tr|Q2YIX6|Q2YIX6_BRUA2,0,0,0,0
tr|Q2YIX7|Q2YIX7_BRUA2,1,0,0,0
tr|Q2YIX8|Q2YIX8_BRUA2,0,0,0,0
tr|Q2YIX9|Q2YIX9_BRUA2,0,0,0,0
tr|Q2YIY0|Q2YIY0_BRUA2,0,0,1,0
tr|Q2YIY1|Q2YIY1_BRUA2,1,0,0,0
tr|Q2YIY2|Q2YIY2_BRUA2,0,0,0,0
tr|Q2YIY3|Q2YIY3_BRUA2,0,0,0,0
tr|Q2YIY4|Q2YIY4_BRUA2,0,0,0,0
tr|Q2YIY5|Q2YIY5_BRUA2,0,0,0,0
tr|Q2YIY6|Q2YIY6_BRUA2,0,0,1,0
tr|Q2YIY7|Q2YIY7_BRUA2,1,0,1,1
tr|Q2YIY8|Q2YIY8_BRUA2,0,0,0,0
tr|Q2YIY9|Q2YIY9_BRUA2,0,0,0,0
tr|Q2YIZ0|Q2YIZ0_BRUA2,0,0,0,0
tr|Q2YIZ1|Q2YIZ1_BRUA2,0,0,0,0
tr|Q2YIZ2|Q2YIZ2_BRUA2,0,0,0,0
tr|Q2YIZ3|Q2YIZ3_BRUA2,0,1,1,1
tr|Q2YIZ4|Q2YIZ4_BRUA2,1,0,1,1
tr|Q2YIZ5|Q2YIZ5_BRUA2,0,1,0,0
tr|Q2YIZ6|Q2YIZ6_BRUA2,0,0,0,0
tr|Q2YIZ7|Q2YIZ7_BRUA2,0,0,0,0
tr|Q2YIZ8|Q2YIZ8_BRUA2,1,1,0,1
tr|Q2YIZ9|Q2YIZ9_BRUA2,1,0,0,0
tr|Q2YJ00|Q2YJ00_BRUA2,0,0,0,0
tr|Q2YJ01|Q2YJ01_BRUA2,0,0,0,0
tr|Q2YJ02|Q2YJ02_BRUA2,0,0,0,0
tr|Q2YJ03|Q2YJ03_BRUA2,1,1,1,1
tr|Q2YJ04|Q2YJ04_BRUA2,0,0,0,0
tr|Q2YJ05|Q2YJ05_BRUA2,0,0,0,0
tr|Q2YJ06|Q2YJ06_BRUA2,0,0,0,0
tr|Q2YJ07|Q2YJ07_BRUA2,1,1,1,1
tr|Q2YJ08|Q2YJ08_BRUA2,1,0,0,0
tr|Q2YJ09|Q2YJ09_BRUA2,0,0,0,0
sp|Q2YJ11|Y2825_BRUA2,0,0,1,0
tr|Q2YJ13|Q2YJ13_BRUA2,0,0,1,0
tr|Q2YJ14|Q2YJ14_BRUA2,0,0,0,0
tr|Q2YJ15|Q2YJ15_BRUA2,0,0,0,0
tr|Q2YJ17|Q2YJ17_BRUA2,0,0,0,0
tr|Q2YJ18|Q2YJ18_BRUA2,0,0,0,0
tr|Q2YJ19|Q2YJ19_BRUA2,0,1,0,0
tr|Q2YJ20|Q2YJ20_BRUA2,0,0,0,0
tr|Q2YJ21|Q2YJ21_BRUA2,1,1,0,1
tr|Q2YJ22|Q2YJ22_BRUA2,0,0,0,0
tr|Q2YJ23|Q2YJ23_BRUA2,1,1,1,1
tr|Q2YJ24|Q2YJ24_BRUA2,0,0,1,0
tr|Q2YJ25|Q2YJ25_BRUA2,0,0,0,0
tr|Q2YJ26|Q2YJ26_BRUA2,1,1,1,1
tr|Q2YJ27|Q2YJ27_BRUA2,0,0,0,0
tr|Q2YJ28|Q2YJ28_BRUA2,0,1,1,1
tr|Q2YJ29|Q2YJ29_BRUA2,0,0,0,0
tr|Q2YJ32|Q2YJ32_BRUA2,0,0,0,0
tr|Q2YJ33|Q2YJ33_BRUA2,1,1,1,1
tr|Q2YJ36|Q2YJ36_BRUA2,0,1,0,0
tr|Q2YJ37|Q2YJ37_BRUA2,0,0,0,0
tr|Q2YJ38|Q2YJ38_BRUA2,0,0,0,0
tr|Q2YJ39|Q2YJ39_BRUA2,1,1,1,1
tr|Q2YJ40|Q2YJ40_BRUA2,0,0,0,0
tr|Q2YJ41|Q2YJ41_BRUA2,0,1,0,0
tr|Q2YJ42|Q2YJ42_BRUA2,0,0,0,0
tr|Q2YJ48|Q2YJ48_BRUA2,0,0,0,0
tr|Q2YJ51|Q2YJ51_BRUA2,0,0,0,0
tr|Q2YJ52|Q2YJ52_BRUA2,1,1,1,1
tr|Q2YJ53|Q2YJ53_BRUA2,0,0,0,0
tr|Q2YJ54|Q2YJ54_BRUA2,0,0,0,0
tr|Q2YJ55|Q2YJ55_BRUA2,0,0,0,0
tr|Q2YJ56|Q2YJ56_BRUA2,0,0,0,0
tr|Q2YJ58|Q2YJ58_BRUA2,0,1,1,1
tr|Q2YJ59|Q2YJ59_BRUA2,1,1,1,1
tr|Q2YJ60|Q2YJ60_BRUA2,1,0,0,0
tr|Q2YJ62|Q2YJ62_BRUA2,0,0,0,0
tr|Q2YJ63|Q2YJ63_BRUA2,0,0,0,0
tr|Q2YJ64|Q2YJ64_BRUA2,0,0,0,0
tr|Q2YJ68|Q2YJ68_BRUA2,1,1,1,1
tr|Q2YJ72|Q2YJ72_BRUA2,1,0,1,1
tr|Q2YJ74|Q2YJ74_BRUA2,0,0,0,0
tr|Q2YJ84|Q2YJ84_BRUA2,0,1,1,1
tr|Q2YJ85|Q2YJ85_BRUA2,0,0,0,0
tr|Q2YJ86|Q2YJ86_BRUA2,0,1,0,0
tr|Q2YJ88|Q2YJ88_BRUA2,0,0,0,0
tr|Q2YJ90|Q2YJ90_BRUA2,0,0,0,0
tr|Q2YJ91|Q2YJ91_BRUA2,0,0,0,0
tr|Q2YJ92|Q2YJ92_BRUA2,1,0,0,0
tr|Q2YJ93|Q2YJ93_BRUA2,0,0,0,0
tr|Q2YJ94|Q2YJ94_BRUA2,0,0,0,0
tr|Q2YJ95|Q2YJ95_BRUA2,0,0,0,0
tr|Q2YJ96|Q2YJ96_BRUA2,0,1,1,1
tr|Q2YJ97|Q2YJ97_BRUA2,0,1,1,1
tr|Q2YJ98|Q2YJ98_BRUA2,0,0,0,0
tr|Q2YJ99|Q2YJ99_BRUA2,1,1,0,1
tr|Q2YJA0|Q2YJA0_BRUA2,0,0,0,0
tr|Q2YJA1|Q2YJA1_BRUA2,0,0,0,0
tr|Q2YJA2|Q2YJA2_BRUA2,0,0,0,0
tr|Q2YJA3|Q2YJA3_BRUA2,0,0,0,0
tr|Q2YJA4|Q2YJA4_BRUA2,0,0,0,0
tr|Q2YJA6|Q2YJA6_BRUA2,0,0,0,0
tr|Q2YJA7|Q2YJA7_BRUA2,0,0,0,0
tr|Q2YJA8|Q2YJA8_BRUA2,0,0,0,0
sp|Q2YJA9|LIVB5_BRUA2,1,1,0,1
tr|Q2YJB0|Q2YJB0_BRUA2,0,0,0,0
tr|Q2YJB1|Q2YJB1_BRUA2,0,0,0,0
tr|Q2YJB3|Q2YJB3_BRUA2,0,1,0,0
tr|Q2YJB7|Q2YJB7_BRUA2,0,0,0,0
tr|Q2YJB8|Q2YJB8_BRUA2,0,1,0,0
tr|Q2YJB9|Q2YJB9_BRUA2,0,0,0,0
tr|Q2YJC0|Q2YJC0_BRUA2,0,0,0,0
tr|Q2YJC1|Q2YJC1_BRUA2,0,0,0,0
tr|Q2YJC2|Q2YJC2_BRUA2,0,0,1,0
tr|Q2YJC3|Q2YJC3_BRUA2,0,0,0,0
tr|Q2YJC4|Q2YJC4_BRUA2,0,0,0,0
tr|Q2YJC5|Q2YJC5_BRUA2,0,0,0,0
tr|Q2YJC6|Q2YJC6_BRUA2,1,0,1,1
tr|Q2YJC7|Q2YJC7_BRUA2,0,1,0,0
tr|Q2YJC8|Q2YJC8_BRUA2,0,0,0,0
tr|Q2YJC9|Q2YJC9_BRUA2,1,0,1,1
tr|Q2YJD0|Q2YJD0_BRUA2,0,0,0,0
tr|Q2YJD1|Q2YJD1_BRUA2,0,0,0,0
tr|Q2YJD2|Q2YJD2_BRUA2,0,0,0,0
tr|Q2YJD3|Q2YJD3_BRUA2,0,0,0,0
tr|Q2YJD4|Q2YJD4_BRUA2,0,0,0,0
tr|Q2YJD5|Q2YJD5_BRUA2,0,0,0,0
tr|Q2YJD6|Q2YJD6_BRUA2,0,0,0,0
tr|Q2YJD7|Q2YJD7_BRUA2,1,0,0,0
tr|Q2YJD8|Q2YJD8_BRUA2,0,0,0,0
tr|Q2YJD9|Q2YJD9_BRUA2,0,0,0,0
tr|Q2YJE0|Q2YJE0_BRUA2,0,0,1,0
tr|Q2YJE1|Q2YJE1_BRUA2,0,0,1,0
tr|Q2YJE2|Q2YJE2_BRUA2,0,0,0,0
tr|Q2YJE3|Q2YJE3_BRUA2,0,0,1,0
tr|Q2YJE4|Q2YJE4_BRUA2,0,0,0,0
tr|Q2YJE5|Q2YJE5_BRUA2,1,1,0,1
tr|Q2YJE6|Q2YJE6_BRUA2,0,0,1,0
tr|Q2YJE8|Q2YJE8_BRUA2,0,1,1,1
tr|Q2YJE9|Q2YJE9_BRUA2,0,0,0,0
tr|Q2YJF0|Q2YJF0_BRUA2,1,1,1,1
tr|Q2YJF3|Q2YJF3_BRUA2,0,0,1,0
tr|Q2YJF4|Q2YJF4_BRUA2,1,1,1,1
tr|Q2YJF5|Q2YJF5_BRUA2,1,0,0,0
tr|Q2YJF6|Q2YJF6_BRUA2,1,1,1,1
tr|Q2YJF7|Q2YJF7_BRUA2,0,0,1,0
tr|Q2YJF9|Q2YJF9_BRUA2,1,1,1,1
tr|Q2YJG0|Q2YJG0_BRUA2,1,1,1,1
tr|Q2YJG2|Q2YJG2_BRUA2,1,0,0,0
tr|Q2YJG4|Q2YJG4_BRUA2,1,1,1,1
tr|Q2YJG7|Q2YJG7_BRUA2,0,1,1,1
tr|Q2YJG8|Q2YJG8_BRUA2,0,0,1,0
tr|Q2YJG9|Q2YJG9_BRUA2,1,0,0,0
tr|Q2YJH0|Q2YJH0_BRUA2,0,0,1,0
tr|Q2YJH1|Q2YJH1_BRUA2,0,1,0,0
tr|Q2YJH2|Q2YJH2_BRUA2,0,0,0,0
tr|Q2YJH3|Q2YJH3_BRUA2,1,0,0,0
tr|Q2YJH6|Q2YJH6_BRUA2,1,0,0,0
tr|Q2YJH7|Q2YJH7_BRUA2,0,0,0,0
tr|Q2YJH8|Q2YJH8_BRUA2,0,1,0,0
tr|Q2YJH9|Q2YJH9_BRUA2,1,0,1,1
tr|Q2YJI0|Q2YJI0_BRUA2,0,1,1,1
tr|Q2YJI1|Q2YJI1_BRUA2,0,0,0,0
tr|Q2YJI2|Q2YJI2_BRUA2,0,1,1,1
tr|Q2YJI3|Q2YJI3_BRUA2,0,0,0,0
tr|Q2YJI4|Q2YJI4_BRUA2,1,1,0,1
tr|Q2YJI5|Q2YJI5_BRUA2,0,0,0,0
tr|Q2YJI6|Q2YJI6_BRUA2,1,1,0,1
tr|Q2YJI7|Q2YJI7_BRUA2,0,0,0,0
tr|Q2YJI8|Q2YJI8_BRUA2,1,0,0,0
tr|Q2YJI9|Q2YJI9_BRUA2,1,0,0,0
tr|Q2YJJ0|Q2YJJ0_BRUA2,0,0,0,0
tr|Q2YJJ1|Q2YJJ1_BRUA2,1,1,0,1
tr|Q2YJJ2|Q2YJJ2_BRUA2,0,0,0,0
tr|Q2YJJ3|Q2YJJ3_BRUA2,1,0,0,0
tr|Q2YJJ4|Q2YJJ4_BRUA2,0,0,0,0
tr|Q2YJJ5|Q2YJJ5_BRUA2,0,0,0,0
tr|Q2YJJ6|Q2YJJ6_BRUA2,0,0,0,0
tr|Q2YJJ7|Q2YJJ7_BRUA2,0,0,0,0
tr|Q2YJK3|Q2YJK3_BRUA2,0,0,0,0
tr|Q2YJK4|Q2YJK4_BRUA2,1,1,1,1
tr|Q2YJK5|Q2YJK5_BRUA2,0,0,0,0
tr|Q2YJK6|Q2YJK6_BRUA2,0,0,0,0
tr|Q2YJK7|Q2YJK7_BRUA2,0,0,0,0
tr|Q2YJK8|Q2YJK8_BRUA2,0,1,0,0
tr|Q2YJK9|Q2YJK9_BRUA2,0,0,0,0
tr|Q2YJL0|Q2YJL0_BRUA2,0,0,0,0
tr|Q2YJL1|Q2YJL1_BRUA2,0,0,0,0
tr|Q2YJL2|Q2YJL2_BRUA2,0,0,0,0
tr|Q2YJL3|Q2YJL3_BRUA2,1,0,0,0
tr|Q2YJL4|Q2YJL4_BRUA2,1,0,0,0
tr|Q2YJL5|Q2YJL5_BRUA2,0,0,0,0
tr|Q2YJL6|Q2YJL6_BRUA2,0,0,1,0
tr|Q2YJL7|Q2YJL7_BRUA2,0,0,0,0
tr|Q2YJL8|Q2YJL8_BRUA2,1,0,1,1
tr|Q2YJL9|Q2YJL9_BRUA2,0,0,0,0
tr|Q2YJM0|Q2YJM0_BRUA2,0,0,0,0
tr|Q2YJM2|Q2YJM2_BRUA2,1,0,0,0
tr|Q2YJM9|Q2YJM9_BRUA2,0,0,0,0
tr|Q2YJN0|Q2YJN0_BRUA2,0,0,0,0
tr|Q2YJN1|Q2YJN1_BRUA2,0,0,0,0
tr|Q2YJN2|Q2YJN2_BRUA2,1,0,0,0
tr|Q2YJN3|Q2YJN3_BRUA2,0,0,0,0
tr|Q2YJN4|Q2YJN4_BRUA2,1,0,0,0
tr|Q2YJN5|Q2YJN5_BRUA2,0,0,0,0
tr|Q2YJN8|Q2YJN8_BRUA2,0,0,0,0
tr|Q2YJP1|Q2YJP1_BRUA2,0,1,1,1
tr|Q2YJP2|Q2YJP2_BRUA2,1,0,0,0
tr|Q2YJP4|Q2YJP4_BRUA2,0,0,0,0
tr|Q2YJP5|Q2YJP5_BRUA2,0,0,0,0
tr|Q2YJP7|Q2YJP7_BRUA2,1,1,0,1
tr|Q2YJP9|Q2YJP9_BRUA2,0,0,1,0
tr|Q2YJQ0|Q2YJQ0_BRUA2,1,0,0,0
tr|Q2YJQ1|Q2YJQ1_BRUA2,0,0,0,0
tr|Q2YJQ5|Q2YJQ5_BRUA2,0,0,0,0
tr|Q2YJQ9|Q2YJQ9_BRUA2,1,0,0,0
tr|Q2YJR5|Q2YJR5_BRUA2,1,0,0,0
tr|Q2YJR6|Q2YJR6_BRUA2,1,0,0,0
tr|Q2YJR7|Q2YJR7_BRUA2,0,0,0,0
tr|Q2YJR8|Q2YJR8_BRUA2,0,1,1,1
tr|Q2YJR9|Q2YJR9_BRUA2,0,0,1,0
tr|Q2YJS0|Q2YJS0_BRUA2,0,0,0,0
tr|Q2YJS1|Q2YJS1_BRUA2,1,0,1,1
tr|Q2YJS2|Q2YJS2_BRUA2,1,1,0,1
tr|Q2YJS3|Q2YJS3_BRUA2,0,0,0,0
tr|Q2YJS4|Q2YJS4_BRUA2,0,0,0,0
tr|Q2YJS5|Q2YJS5_BRUA2,0,0,0,0
tr|Q2YJS6|Q2YJS6_BRUA2,0,0,0,0
tr|Q2YJS7|Q2YJS7_BRUA2,1,0,0,0
tr|Q2YJS8|Q2YJS8_BRUA2,0,0,0,0
tr|Q2YJS9|Q2YJS9_BRUA2,0,0,0,0
tr|Q2YJT0|Q2YJT0_BRUA2,0,0,0,0
tr|Q2YJT1|Q2YJT1_BRUA2,0,0,0,0
tr|Q2YJT2|Q2YJT2_BRUA2,0,0,0,0
tr|Q2YJT3|Q2YJT3_BRUA2,1,0,1,1
tr|Q2YJT4|Q2YJT4_BRUA2,0,0,0,0
tr|Q2YJT5|Q2YJT5_BRUA2,1,0,0,0
tr|Q2YJT6|Q2YJT6_BRUA2,1,1,0,1
tr|Q2YJT7|Q2YJT7_BRUA2,0,0,0,0
tr|Q2YJT8|Q2YJT8_BRUA2,1,0,0,0
tr|Q2YJU0|Q2YJU0_BRUA2,0,0,0,0
tr|Q2YJU1|Q2YJU1_BRUA2,0,0,0,0
tr|Q2YJU2|Q2YJU2_BRUA2,0,0,0,0
tr|Q2YJU3|Q2YJU3_BRUA2,0,0,0,0
tr|Q2YJU4|Q2YJU4_BRUA2,0,0,0,0
tr|Q2YJU5|Q2YJU5_BRUA2,0,0,0,0
tr|Q2YJU6|Q2YJU6_BRUA2,1,1,1,1
tr|Q2YJU7|Q2YJU7_BRUA2,0,0,1,0
tr|Q2YJU9|Q2YJU9_BRUA2,1,1,0,1
tr|Q2YJV0|Q2YJV0_BRUA2,0,0,0,0
tr|Q2YJV1|Q2YJV1_BRUA2,0,0,1,0
tr|Q2YJV2|Q2YJV2_BRUA2,0,0,0,0
tr|Q2YJV3|Q2YJV3_BRUA2,0,0,0,0
tr|Q2YJV4|Q2YJV4_BRUA2,0,0,0,0
tr|Q2YJV5|Q2YJV5_BRUA2,1,0,0,0
tr|Q2YJV6|Q2YJV6_BRUA2,1,1,1,1
tr|Q2YJV7|Q2YJV7_BRUA2,0,0,0,0
tr|Q2YJV8|Q2YJV8_BRUA2,0,0,0,0
tr|Q2YJW0|Q2YJW0_BRUA2,1,1,1,1
tr|Q2YJW1|Q2YJW1_BRUA2,0,0,0,0
tr|Q2YJW3|Q2YJW3_BRUA2,0,1,1,1
tr|Q2YJW4|Q2YJW4_BRUA2,0,0,0,0
tr|Q2YJW5|Q2YJW5_BRUA2,1,0,1,1
tr|Q2YJW6|Q2YJW6_BRUA2,0,0,0,0
tr|Q2YJW8|Q2YJW8_BRUA2,0,0,0,0
tr|Q2YJW9|Q2YJW9_BRUA2,0,0,0,0
tr|Q2YJX0|Q2YJX0_BRUA2,0,0,0,0
tr|Q2YJX1|Q2YJX1_BRUA2,0,0,0,0
tr|Q2YJX2|Q2YJX2_BRUA2,0,0,0,0
tr|Q2YJX3|Q2YJX3_BRUA2,0,0,0,0
tr|Q2YJX4|Q2YJX4_BRUA2,1,0,1,1
tr|Q2YJX7|Q2YJX7_BRUA2,0,0,0,0
tr|Q2YJX9|Q2YJX9_BRUA2,1,0,1,1
tr|Q2YJY1|Q2YJY1_BRUA2,0,0,0,0
tr|Q2YJY2|Q2YJY2_BRUA2,0,0,0,0
tr|Q2YJY3|Q2YJY3_BRUA2,1,0,0,0
tr|Q2YJY5|Q2YJY5_BRUA2,1,0,0,0
tr|Q2YJY6|Q2YJY6_BRUA2,0,0,1,0
tr|Q2YJY7|Q2YJY7_BRUA2,0,0,0,0
tr|Q2YJY8|Q2YJY8_BRUA2,1,0,1,1
tr|Q2YJY9|Q2YJY9_BRUA2,0,1,0,0
tr|Q2YJZ0|Q2YJZ0_BRUA2,1,1,1,1
tr|Q2YJZ1|Q2YJZ1_BRUA2,1,1,1,1
tr|Q2YJZ5|Q2YJZ5_BRUA2,1,0,0,0
tr|Q2YJZ6|Q2YJZ6_BRUA2,0,0,1,0
tr|Q2YJZ7|Q2YJZ7_BRUA2,1,0,0,0
tr|Q2YK01|Q2YK01_BRUA2,0,1,0,0
tr|Q2YK02|Q2YK02_BRUA2,1,1,1,1
tr|Q2YK03|Q2YK03_BRUA2,1,0,0,0
tr|Q2YK05|Q2YK05_BRUA2,0,0,0,0
tr|Q2YK06|Q2YK06_BRUA2,0,0,0,0
tr|Q2YK07|Q2YK07_BRUA2,0,0,0,0
tr|Q2YK08|Q2YK08_BRUA2,0,0,0,0
tr|Q2YK09|Q2YK09_BRUA2,0,0,0,0
tr|Q2YK10|Q2YK10_BRUA2,1,0,0,0
tr|Q2YK11|Q2YK11_BRUA2,1,1,1,1
tr|Q2YK12|Q2YK12_BRUA2,0,0,1,0
tr|Q2YK13|Q2YK13_BRUA2,1,1,1,1
tr|Q2YK16|Q2YK16_BRUA2,0,0,0,0
tr|Q2YK19|Q2YK19_BRUA2,1,0,0,0
tr|Q2YK20|Q2YK20_BRUA2,0,0,0,0
tr|Q2YK22|Q2YK22_BRUA2,0,0,1,0
tr|Q2YK23|Q2YK23_BRUA2,0,0,0,0
tr|Q2YK25|Q2YK25_BRUA2,0,1,0,0
tr|Q2YK26|Q2YK26_BRUA2,1,1,1,1
tr|Q2YK27|Q2YK27_BRUA2,1,1,1,1
tr|Q2YK28|Q2YK28_BRUA2,0,0,1,0
tr|Q2YK30|Q2YK30_BRUA2,1,0,1,1
tr|Q2YK31|Q2YK31_BRUA2,0,0,0,0
tr|Q2YK33|Q2YK33_BRUA2,0,0,0,0
tr|Q2YK34|Q2YK34_BRUA2,0,0,0,0
tr|Q2YK36|Q2YK36_BRUA2,0,0,0,0
tr|Q2YK37|Q2YK37_BRUA2,0,1,1,1
tr|Q2YK39|Q2YK39_BRUA2,1,1,1,1
sp|Q2YK40|Y840_BRUA2,0,0,1,0
tr|Q2YK41|Q2YK41_BRUA2,0,0,0,0
tr|Q2YK42|Q2YK42_BRUA2,0,0,0,0
tr|Q2YK43|Q2YK43_BRUA2,0,0,0,0
sp|Q2YK44|PHK_BRUA2,0,0,0,0
tr|Q2YK46|Q2YK46_BRUA2,1,0,0,0
tr|Q2YK47|Q2YK47_BRUA2,0,0,0,0
tr|Q2YK48|Q2YK48_BRUA2,1,0,0,0
tr|Q2YK49|Q2YK49_BRUA2,0,0,0,0
sp|Q2YK50|LIVB8_BRUA2,1,1,1,1
tr|Q2YK51|Q2YK51_BRUA2,0,0,0,0
tr|Q2YK52|Q2YK52_BRUA2,0,0,0,0
tr|Q2YK53|Q2YK53_BRUA2,0,0,0,0
tr|Q2YK54|Q2YK54_BRUA2,0,0,0,0
tr|Q2YK55|Q2YK55_BRUA2,1,0,0,0
tr|Q2YK56|Q2YK56_BRUA2,1,1,0,1
tr|Q2YK57|Q2YK57_BRUA2,0,0,0,0
sp|Q2YK58|LIVB7_BRUA2,1,0,1,1
tr|Q2YK59|Q2YK59_BRUA2,0,0,0,0
tr|Q2YK60|Q2YK60_BRUA2,0,0,0,0
tr|Q2YK61|Q2YK61_BRUA2,0,0,0,0
tr|Q2YK64|Q2YK64_BRUA2,0,0,0,0
tr|Q2YK67|Q2YK67_BRUA2,0,0,0,0
tr|Q2YK70|Q2YK70_BRUA2,1,0,1,1
tr|Q2YK71|Q2YK71_BRUA2,0,0,0,0
tr|Q2YK72|Q2YK72_BRUA2,1,0,0,0
tr|Q2YK73|Q2YK73_BRUA2,0,0,0,0
tr|Q2YK74|Q2YK74_BRUA2,0,0,1,0
tr|Q2YK75|Q2YK75_BRUA2,1,0,0,0
tr|Q2YK76|Q2YK76_BRUA2,0,0,0,0
tr|Q2YK78|Q2YK78_BRUA2,0,0,0,0
tr|Q2YK79|Q2YK79_BRUA2,1,1,1,1
tr|Q2YK80|Q2YK80_BRUA2,0,0,0,0
tr|Q2YK81|Q2YK81_BRUA2,1,0,1,1
tr|Q2YK84|Q2YK84_BRUA2,0,0,0,0
tr|Q2YK85|Q2YK85_BRUA2,0,0,0,0
tr|Q2YK86|Q2YK86_BRUA2,0,0,0,0
tr|Q2YK87|Q2YK87_BRUA2,0,0,1,0
tr|Q2YK88|Q2YK88_BRUA2,0,0,0,0
tr|Q2YK89|Q2YK89_BRUA2,0,0,0,0
tr|Q2YK90|Q2YK90_BRUA2,1,1,0,1
tr|Q2YK91|Q2YK91_BRUA2,0,0,0,0
tr|Q2YK92|Q2YK92_BRUA2,1,1,0,1
tr|Q2YK93|Q2YK93_BRUA2,0,0,0,0
tr|Q2YK94|Q2YK94_BRUA2,1,0,0,0
tr|Q2YK95|Q2YK95_BRUA2,0,0,0,0
tr|Q2YK96|Q2YK96_BRUA2,0,0,0,0
tr|Q2YK97|Q2YK97_BRUA2,0,0,0,0
tr|Q2YK98|Q2YK98_BRUA2,0,0,0,0
tr|Q2YK99|Q2YK99_BRUA2,0,0,0,0
tr|Q2YKA0|Q2YKA0_BRUA2,1,1,1,1
tr|Q2YKA2|Q2YKA2_BRUA2,0,0,0,0
tr|Q2YKA3|Q2YKA3_BRUA2,0,1,1,1
tr|Q2YKA4|Q2YKA4_BRUA2,1,1,1,1
tr|Q2YKA5|Q2YKA5_BRUA2,0,0,0,0
tr|Q2YKA6|Q2YKA6_BRUA2,1,0,0,0
tr|Q2YKA7|Q2YKA7_BRUA2,0,0,0,0
tr|Q2YKA8|Q2YKA8_BRUA2,0,1,0,0
tr|Q2YKA9|Q2YKA9_BRUA2,1,0,1,1
tr|Q2YKB0|Q2YKB0_BRUA2,0,0,0,0
tr|Q2YKB1|Q2YKB1_BRUA2,1,1,1,1
tr|Q2YKB3|Q2YKB3_BRUA2,1,0,1,1
tr|Q2YKB7|Q2YKB7_BRUA2,0,0,0,0
tr|Q2YKB9|Q2YKB9_BRUA2,1,0,0,0
tr|Q2YKC0|Q2YKC0_BRUA2,0,0,0,0
tr|Q2YKC1|Q2YKC1_BRUA2,0,0,1,0
tr|Q2YKC2|Q2YKC2_BRUA2,0,0,0,0
tr|Q2YKC3|Q2YKC3_BRUA2,0,0,0,0
tr|Q2YKC4|Q2YKC4_BRUA2,0,0,0,0
tr|Q2YKC5|Q2YKC5_BRUA2,0,0,0,0
tr|Q2YKC6|Q2YKC6_BRUA2,0,0,0,0
tr|Q2YKC7|Q2YKC7_BRUA2,0,0,0,0
tr|Q2YKC8|Q2YKC8_BRUA2,1,0,0,0
tr|Q2YKC9|Q2YKC9_BRUA2,0,0,0,0
tr|Q2YKD0|Q2YKD0_BRUA2,1,1,1,1
tr|Q2YKD1|Q2YKD1_BRUA2,1,0,0,0
tr|Q2YKD2|Q2YKD2_BRUA2,0,0,0,0
tr|Q2YKD5|Q2YKD5_BRUA2,0,0,0,0
tr|Q2YKD7|Q2YKD7_BRUA2,1,0,0,0
tr|Q2YKD8|Q2YKD8_BRUA2,1,1,1,1
tr|Q2YKD9|Q2YKD9_BRUA2,1,1,1,1
tr|Q2YKE0|Q2YKE0_BRUA2,0,0,0,0
tr|Q2YKE1|Q2YKE1_BRUA2,0,0,0,0
tr|Q2YKE2|Q2YKE2_BRUA2,1,0,0,0
tr|Q2YKE3|Q2YKE3_BRUA2,1,0,1,1
tr|Q2YKE4|Q2YKE4_BRUA2,1,0,1,1
tr|Q2YKE6|Q2YKE6_BRUA2,1,1,0,1
tr|Q2YKE7|Q2YKE7_BRUA2,0,1,0,0
tr|Q2YKE9|Q2YKE9_BRUA2,1,0,0,0
tr|Q2YKF0|Q2YKF0_BRUA2,0,1,0,0
tr|Q2YKF2|Q2YKF2_BRUA2,0,1,1,1
tr|Q2YKF3|Q2YKF3_BRUA2,0,0,0,0
tr|Q2YKF4|Q2YKF4_BRUA2,1,1,0,1
tr|Q2YKF6|Q2YKF6_BRUA2,1,0,0,0
tr|Q2YKF7|Q2YKF7_BRUA2,1,0,0,0
tr|Q2YKF8|Q2YKF8_BRUA2,1,0,0,0
tr|Q2YKF9|Q2YKF9_BRUA2,0,0,0,0
tr|Q2YKG0|Q2YKG0_BRUA2,0,0,0,0
tr|Q2YKG1|Q2YKG1_BRUA2,1,0,1,1
tr|Q2YKG2|Q2YKG2_BRUA2,1,1,0,1
tr|Q2YKG3|Q2YKG3_BRUA2,0,0,1,0
tr|Q2YKG4|Q2YKG4_BRUA2,0,1,0,0
tr|Q2YKG7|Q2YKG7_BRUA2,1,0,1,1
tr|Q2YKG9|Q2YKG9_BRUA2,0,0,1,0
tr|Q2YKH0|Q2YKH0_BRUA2,1,0,1,1
tr|Q2YKH1|Q2YKH1_BRUA2,0,0,1,0
tr|Q2YKH2|Q2YKH2_BRUA2,0,0,0,0
tr|Q2YKH3|Q2YKH3_BRUA2,0,0,0,0
tr|Q2YKH4|Q2YKH4_BRUA2,0,0,0,0
tr|Q2YKH5|Q2YKH5_BRUA2,0,0,0,0
tr|Q2YKH6|Q2YKH6_BRUA2,0,1,0,0
tr|Q2YKH7|Q2YKH7_BRUA2,1,1,0,1
tr|Q2YKH8|Q2YKH8_BRUA2,0,0,0,0
tr|Q2YKH9|Q2YKH9_BRUA2,1,0,1,1
tr|Q2YKI0|Q2YKI0_BRUA2,0,0,0,0
tr|Q2YKI1|Q2YKI1_BRUA2,0,0,0,0
tr|Q2YKI2|Q2YKI2_BRUA2,0,0,0,0
tr|Q2YKI3|Q2YKI3_BRUA2,0,0,0,0
tr|Q2YKI7|Q2YKI7_BRUA2,0,0,0,0
tr|Q2YKI8|Q2YKI8_BRUA2,0,0,0,0
tr|Q2YKI9|Q2YKI9_BRUA2,0,0,0,0
tr|Q2YKJ0|Q2YKJ0_BRUA2,0,0,0,0
tr|Q2YKJ3|Q2YKJ3_BRUA2,0,1,0,0
tr|Q2YKJ4|Q2YKJ4_BRUA2,1,0,1,1
tr|Q2YKJ6|Q2YKJ6_BRUA2,0,0,0,0
tr|Q2YKJ7|Q2YKJ7_BRUA2,0,0,0,0
tr|Q2YKJ9|Q2YKJ9_BRUA2,0,0,0,0
tr|Q2YKK3|Q2YKK3_BRUA2,1,0,0,0
tr|Q2YKK9|Q2YKK9_BRUA2,0,0,0,0
tr|Q2YKL1|Q2YKL1_BRUA2,0,0,0,0
tr|Q2YKL2|Q2YKL2_BRUA2,0,0,0,0
sp|Q2YKL5|Y3144_BRUA2,1,0,0,0
tr|Q2YKL7|Q2YKL7_BRUA2,0,0,0,0
tr|Q2YKL9|Q2YKL9_BRUA2,0,0,0,0
tr|Q2YKM1|Q2YKM1_BRUA2,1,1,0,1
tr|Q2YKM2|Q2YKM2_BRUA2,1,0,1,1
tr|Q2YKM5|Q2YKM5_BRUA2,0,0,0,0
tr|Q2YKM6|Q2YKM6_BRUA2,0,0,0,0
tr|Q2YKM7|Q2YKM7_BRUA2,0,0,0,0
tr|Q2YKM9|Q2YKM9_BRUA2,0,0,0,0
tr|Q2YKN0|Q2YKN0_BRUA2,1,0,0,0
tr|Q2YKN2|Q2YKN2_BRUA2,0,0,1,0
tr|Q2YKN3|Q2YKN3_BRUA2,1,0,1,1
tr|Q2YKN5|Q2YKN5_BRUA2,0,1,0,0
tr|Q2YKN6|Q2YKN6_BRUA2,0,0,0,0
tr|Q2YKN7|Q2YKN7_BRUA2,1,0,0,0
tr|Q2YKN8|Q2YKN8_BRUA2,0,0,0,0
tr|Q2YKN9|Q2YKN9_BRUA2,1,0,1,1
tr|Q2YKP1|Q2YKP1_BRUA2,0,0,0,0
tr|Q2YKP2|Q2YKP2_BRUA2,1,0,0,0
tr|Q2YKP3|Q2YKP3_BRUA2,1,0,0,0
tr|Q2YKP4|Q2YKP4_BRUA2,1,1,1,1
tr|Q2YKP5|Q2YKP5_BRUA2,0,0,0,0
tr|Q2YKP6|Q2YKP6_BRUA2,0,0,0,0
tr|Q2YKP7|Q2YKP7_BRUA2,0,0,0,0
tr|Q2YKP8|Q2YKP8_BRUA2,1,1,1,1
tr|Q2YKP9|Q2YKP9_BRUA2,0,0,0,0
tr|Q2YKQ0|Q2YKQ0_BRUA2,1,0,0,0
tr|Q2YKQ1|Q2YKQ1_BRUA2,0,0,0,0
tr|Q2YKQ2|Q2YKQ2_BRUA2,0,0,0,0
tr|Q2YKQ3|Q2YKQ3_BRUA2,0,0,0,0
tr|Q2YKQ4|Q2YKQ4_BRUA2,1,0,0,0
tr|Q2YKQ5|Q2YKQ5_BRUA2,0,0,0,0
tr|Q2YKQ6|Q2YKQ6_BRUA2,1,0,0,0
tr|Q2YKQ7|Q2YKQ7_BRUA2,1,1,1,1
tr|Q2YKQ8|Q2YKQ8_BRUA2,0,0,0,0
sp|Q2YKQ9|LIVB6_BRUA2,1,0,0,0
tr|Q2YKR0|Q2YKR0_BRUA2,0,0,0,0
tr|Q2YKR1|Q2YKR1_BRUA2,1,0,0,0
tr|Q2YKR2|Q2YKR2_BRUA2,0,0,0,0
tr|Q2YKR4|Q2YKR4_BRUA2,1,1,0,1
tr|Q2YKR9|Q2YKR9_BRUA2,0,0,0,0
tr|Q2YKS0|Q2YKS0_BRUA2,0,0,0,0
tr|Q2YKS1|Q2YKS1_BRUA2,1,0,1,1
tr|Q2YKS2|Q2YKS2_BRUA2,0,0,0,0
tr|Q2YKS3|Q2YKS3_BRUA2,1,1,1,1
tr|Q2YKS4|Q2YKS4_BRUA2,0,0,0,0
tr|Q2YKS5|Q2YKS5_BRUA2,0,0,0,0
tr|Q2YKS6|Q2YKS6_BRUA2,1,0,0,0
tr|Q2YKS7|Q2YKS7_BRUA2,1,1,1,1
tr|Q2YKS8|Q2YKS8_BRUA2,0,0,0,0
tr|Q2YKS9|Q2YKS9_BRUA2,0,1,1,1
tr|Q2YKT0|Q2YKT0_BRUA2,1,0,0,0
tr|Q2YKT1|Q2YKT1_BRUA2,1,0,0,0
tr|Q2YKT2|Q2YKT2_BRUA2,0,0,0,0
tr|Q2YKT3|Q2YKT3_BRUA2,1,0,1,1
tr|Q2YKT4|Q2YKT4_BRUA2,1,0,0,0
tr|Q2YKT5|Q2YKT5_BRUA2,0,0,0,0
tr|Q2YKT6|Q2YKT6_BRUA2,1,0,0,0
tr|Q2YKT7|Q2YKT7_BRUA2,0,0,0,0
tr|Q2YKT8|Q2YKT8_BRUA2,0,0,0,0
tr|Q2YKT9|Q2YKT9_BRUA2,0,0,0,0
tr|Q2YKU0|Q2YKU0_BRUA2,0,0,0,0
tr|Q2YKU1|Q2YKU1_BRUA2,0,0,0,0
tr|Q2YKU2|Q2YKU2_BRUA2,0,0,0,0
tr|Q2YKU3|Q2YKU3_BRUA2,1,1,1,1
tr|Q2YKU5|Q2YKU5_BRUA2,0,0,0,0
tr|Q2YKU6|Q2YKU6_BRUA2,0,0,0,0
tr|Q2YKU7|Q2YKU7_BRUA2,1,0,0,0
tr|Q2YKU8|Q2YKU8_BRUA2,0,0,0,0
tr|Q2YKU9|Q2YKU9_BRUA2,0,0,0,0
tr|Q2YKV0|Q2YKV0_BRUA2,1,1,1,1
tr|Q2YKV3|Q2YKV3_BRUA2,1,0,0,0
tr|Q2YKV4|Q2YKV4_BRUA2,0,0,0,0
tr|Q2YKV5|Q2YKV5_BRUA2,0,0,0,0
tr|Q2YKV6|Q2YKV6_BRUA2,0,0,0,0
tr|Q2YKV7|Q2YKV7_BRUA2,0,0,1,0
tr|Q2YKV8|Q2YKV8_BRUA2,1,1,1,1
tr|Q2YKW0|Q2YKW0_BRUA2,1,1,1,1
tr|Q2YKW1|Q2YKW1_BRUA2,0,0,0,0
tr|Q2YKW3|Q2YKW3_BRUA2,1,0,1,1
tr|Q2YKW4|Q2YKW4_BRUA2,0,0,0,0
tr|Q2YKW5|Q2YKW5_BRUA2,0,0,0,0
tr|Q2YKW6|Q2YKW6_BRUA2,1,0,0,0
tr|Q2YKW7|Q2YKW7_BRUA2,0,1,0,0
tr|Q2YKW8|Q2YKW8_BRUA2,1,0,0,0
tr|Q2YKW9|Q2YKW9_BRUA2,0,0,0,0
tr|Q2YKX0|Q2YKX0_BRUA2,0,0,0,0
tr|Q2YKX1|Q2YKX1_BRUA2,1,0,0,0
tr|Q2YKX2|Q2YKX2_BRUA2,0,0,0,0
tr|Q2YKX4|Q2YKX4_BRUA2,0,0,0,0
tr|Q2YKX5|Q2YKX5_BRUA2,0,0,1,0
tr|Q2YKX7|Q2YKX7_BRUA2,0,0,0,0
tr|Q2YKX8|Q2YKX8_BRUA2,0,1,0,0
tr|Q2YKY2|Q2YKY2_BRUA2,0,0,0,0
tr|Q2YKY3|Q2YKY3_BRUA2,0,0,0,0
tr|Q2YKY4|Q2YKY4_BRUA2,0,0,0,0
tr|Q2YKY5|Q2YKY5_BRUA2,1,1,0,1
tr|Q2YKY6|Q2YKY6_BRUA2,1,0,0,0
tr|Q2YKY7|Q2YKY7_BRUA2,0,0,0,0
tr|Q2YKY8|Q2YKY8_BRUA2,0,0,0,0
tr|Q2YKZ0|Q2YKZ0_BRUA2,0,0,1,0
tr|Q2YKZ1|Q2YKZ1_BRUA2,0,0,0,0
tr|Q2YKZ2|Q2YKZ2_BRUA2,1,0,0,0
tr|Q2YKZ3|Q2YKZ3_BRUA2,0,0,0,0
tr|Q2YKZ4|Q2YKZ4_BRUA2,0,0,0,0
tr|Q2YKZ5|Q2YKZ5_BRUA2,1,0,1,1
tr|Q2YKZ6|Q2YKZ6_BRUA2,0,0,0,0
tr|Q2YKZ8|Q2YKZ8_BRUA2,0,0,0,0
tr|Q2YL01|Q2YL01_BRUA2,1,0,0,0
tr|Q2YL02|Q2YL02_BRUA2,0,0,0,0
tr|Q2YL03|Q2YL03_BRUA2,0,0,0,0
tr|Q2YL04|Q2YL04_BRUA2,1,1,1,1
tr|Q2YL05|Q2YL05_BRUA2,0,0,0,0
tr|Q2YL06|Q2YL06_BRUA2,0,0,0,0
tr|Q2YL07|Q2YL07_BRUA2,0,1,0,0
tr|Q2YL08|Q2YL08_BRUA2,1,0,1,1
tr|Q2YL09|Q2YL09_BRUA2,0,1,0,0
tr|Q2YL10|Q2YL10_BRUA2,1,0,0,0
tr|Q2YL11|Q2YL11_BRUA2,0,0,0,0
tr|Q2YL12|Q2YL12_BRUA2,0,0,0,0
tr|Q2YL16|Q2YL16_BRUA2,0,0,0,0
tr|Q2YL17|Q2YL17_BRUA2,0,0,0,0
tr|Q2YL18|Q2YL18_BRUA2,1,1,1,1
tr|Q2YL19|Q2YL19_BRUA2,0,1,0,0
tr|Q2YL20|Q2YL20_BRUA2,0,0,0,0
tr|Q2YL21|Q2YL21_BRUA2,1,0,1,1
tr|Q2YL22|Q2YL22_BRUA2,0,1,1,1
tr|Q2YL23|Q2YL23_BRUA2,0,1,0,0
tr|Q2YL24|Q2YL24_BRUA2,0,0,0,0
tr|Q2YL25|Q2YL25_BRUA2,0,0,0,0
tr|Q2YL26|Q2YL26_BRUA2,0,0,0,0
tr|Q2YL27|Q2YL27_BRUA2,1,0,0,0
tr|Q2YL28|Q2YL28_BRUA2,0,0,0,0
tr|Q2YL29|Q2YL29_BRUA2,1,0,0,0
tr|Q2YL35|Q2YL35_BRUA2,0,0,0,0
tr|Q2YL36|Q2YL36_BRUA2,0,0,0,0
tr|Q2YL37|Q2YL37_BRUA2,0,0,0,0
tr|Q2YL38|Q2YL38_BRUA2,0,0,0,0
tr|Q2YL39|Q2YL39_BRUA2,0,0,0,0
tr|Q2YL40|Q2YL40_BRUA2,0,0,0,0
tr|Q2YL42|Q2YL42_BRUA2,0,0,0,0
tr|Q2YL44|Q2YL44_BRUA2,1,1,1,1
tr|Q2YL45|Q2YL45_BRUA2,1,1,0,1
tr|Q2YL46|Q2YL46_BRUA2,0,0,0,0
tr|Q2YL47|Q2YL47_BRUA2,1,1,1,1
tr|Q2YL48|Q2YL48_BRUA2,1,1,0,1
tr|Q2YL49|Q2YL49_BRUA2,0,0,0,0
tr|Q2YL50|Q2YL50_BRUA2,1,1,0,1
tr|Q2YL52|Q2YL52_BRUA2,0,0,0,0
tr|Q2YL53|Q2YL53_BRUA2,1,1,1,1
tr|Q2YL54|Q2YL54_BRUA2,0,0,0,0
tr|Q2YL56|Q2YL56_BRUA2,0,0,0,0
sp|Q2YL59|Y2845_BRUA2,1,0,1,1
tr|Q2YL60|Q2YL60_BRUA2,0,0,0,0
tr|Q2YL61|Q2YL61_BRUA2,0,1,1,1
tr|Q2YL62|Q2YL62_BRUA2,1,0,0,0
tr|Q2YL63|Q2YL63_BRUA2,0,0,0,0
tr|Q2YL65|Q2YL65_BRUA2,0,1,0,0
tr|Q2YL66|Q2YL66_BRUA2,0,0,0,0
tr|Q2YL67|Q2YL67_BRUA2,0,0,0,0
tr|Q2YL68|Q2YL68_BRUA2,1,0,0,0
tr|Q2YL71|Q2YL71_BRUA2,0,0,0,0
tr|Q2YL73|Q2YL73_BRUA2,0,0,1,0
tr|Q2YL74|Q2YL74_BRUA2,1,1,1,1
tr|Q2YL76|Q2YL76_BRUA2,0,0,1,0
tr|Q2YL77|Q2YL77_BRUA2,1,0,1,1
tr|Q2YL79|Q2YL79_BRUA2,0,0,0,0
tr|Q2YL80|Q2YL80_BRUA2,0,0,1,0
tr|Q2YL81|Q2YL81_BRUA2,0,0,0,0
tr|Q2YL82|Q2YL82_BRUA2,1,1,0,1
tr|Q2YL83|Q2YL83_BRUA2,0,0,0,0
tr|Q2YL84|Q2YL84_BRUA2,0,0,0,0
tr|Q2YL85|Q2YL85_BRUA2,0,0,0,0
tr|Q2YL87|Q2YL87_BRUA2,0,0,0,0
tr|Q2YL88|Q2YL88_BRUA2,0,0,0,0
tr|Q2YL89|Q2YL89_BRUA2,0,0,0,0
tr|Q2YL90|Q2YL90_BRUA2,0,1,0,0
tr|Q2YL91|Q2YL91_BRUA2,0,0,0,0
tr|Q2YL92|Q2YL92_BRUA2,0,0,0,0
tr|Q2YL93|Q2YL93_BRUA2,0,0,0,0
tr|Q2YL95|Q2YL95_BRUA2,0,0,0,0
tr|Q2YL97|Q2YL97_BRUA2,1,0,0,0
tr|Q2YL99|Q2YL99_BRUA2,1,0,0,0
tr|Q2YLA0|Q2YLA0_BRUA2,0,1,0,0
tr|Q2YLA1|Q2YLA1_BRUA2,1,0,1,1
tr|Q2YLA2|Q2YLA2_BRUA2,1,0,1,1
tr|Q2YLA3|Q2YLA3_BRUA2,0,0,0,0
tr|Q2YLA4|Q2YLA4_BRUA2,0,0,1,0
tr|Q2YLA5|Q2YLA5_BRUA2,1,0,0,0
tr|Q2YLA6|Q2YLA6_BRUA2,0,0,0,0
tr|Q2YLA7|Q2YLA7_BRUA2,1,0,1,1
tr|Q2YLA8|Q2YLA8_BRUA2,0,0,1,0
tr|Q2YLA9|Q2YLA9_BRUA2,1,1,1,1
tr|Q2YLB0|Q2YLB0_BRUA2,1,0,0,0
tr|Q2YLB1|Q2YLB1_BRUA2,0,0,0,0
tr|Q2YLB2|Q2YLB2_BRUA2,0,0,0,0
tr|Q2YLB3|Q2YLB3_BRUA2,0,0,0,0
tr|Q2YLB5|Q2YLB5_BRUA2,1,0,1,1
tr|Q2YLB6|Q2YLB6_BRUA2,0,0,0,0
tr|Q2YLB7|Q2YLB7_BRUA2,0,0,0,0
tr|Q2YLB8|Q2YLB8_BRUA2,0,0,0,0
tr|Q2YLB9|Q2YLB9_BRUA2,0,0,0,0
tr|Q2YLC0|Q2YLC0_BRUA2,0,0,0,0
tr|Q2YLC1|Q2YLC1_BRUA2,0,0,0,0
tr|Q2YLC2|Q2YLC2_BRUA2,1,0,0,0
tr|Q2YLC3|Q2YLC3_BRUA2,0,0,0,0
tr|Q2YLC4|Q2YLC4_BRUA2,0,1,0,0
tr|Q2YLC5|Q2YLC5_BRUA2,0,0,0,0
tr|Q2YLC6|Q2YLC6_BRUA2,0,0,0,0
tr|Q2YLC7|Q2YLC7_BRUA2,0,1,1,1
tr|Q2YLC9|Q2YLC9_BRUA2,1,1,1,1
tr|Q2YLD0|Q2YLD0_BRUA2,0,0,1,0
tr|Q2YLD1|Q2YLD1_BRUA2,0,0,0,0
tr|Q2YLD2|Q2YLD2_BRUA2,1,1,1,1
tr|Q2YLD4|Q2YLD4_BRUA2,1,0,1,1
tr|Q2YLD5|Q2YLD5_BRUA2,1,1,1,1
tr|Q2YLD6|Q2YLD6_BRUA2,1,1,0,1
tr|Q2YLD7|Q2YLD7_BRUA2,0,0,0,0
tr|Q2YLD8|Q2YLD8_BRUA2,1,1,0,1
tr|Q2YLD9|Q2YLD9_BRUA2,0,1,0,0
tr|Q2YLE1|Q2YLE1_BRUA2,1,1,1,1
tr|Q2YLE2|Q2YLE2_BRUA2,0,1,1,1
tr|Q2YLE3|Q2YLE3_BRUA2,0,0,0,0
tr|Q2YLE4|Q2YLE4_BRUA2,1,1,1,1
tr|Q2YLE5|Q2YLE5_BRUA2,1,1,1,1
tr|Q2YLE8|Q2YLE8_BRUA2,0,0,0,0
tr|Q2YLE9|Q2YLE9_BRUA2,0,0,0,0
tr|Q2YLF0|Q2YLF0_BRUA2,0,0,0,0
tr|Q2YLF1|Q2YLF1_BRUA2,0,0,0,0
tr|Q2YLF2|Q2YLF2_BRUA2,0,1,0,0
tr|Q2YLF4|Q2YLF4_BRUA2,0,0,0,0
tr|Q2YLF5|Q2YLF5_BRUA2,0,0,0,0
tr|Q2YLF6|Q2YLF6_BRUA2,0,0,0,0
tr|Q2YLF7|Q2YLF7_BRUA2,0,0,0,0
sp|Q2YLF8|LIVB1_BRUA2,1,0,0,0
tr|Q2YLF9|Q2YLF9_BRUA2,1,1,0,1
tr|Q2YLG2|Q2YLG2_BRUA2,0,0,0,0
tr|Q2YLG3|Q2YLG3_BRUA2,0,0,0,0
tr|Q2YLG5|Q2YLG5_BRUA2,0,1,1,1
tr|Q2YLG7|Q2YLG7_BRUA2,1,1,1,1
tr|Q2YLG8|Q2YLG8_BRUA2,0,0,0,0
tr|Q2YLH1|Q2YLH1_BRUA2,0,0,0,0
tr|Q2YLH4|Q2YLH4_BRUA2,1,1,1,1
tr|Q2YLH6|Q2YLH6_BRUA2,0,0,0,0
tr|Q2YLH7|Q2YLH7_BRUA2,0,0,0,0
tr|Q2YLI0|Q2YLI0_BRUA2,1,1,1,1
tr|Q2YLI3|Q2YLI3_BRUA2,0,0,0,0
tr|Q2YLJ1|Q2YLJ1_BRUA2,0,0,0,0
tr|Q2YLJ2|Q2YLJ2_BRUA2,1,1,1,1
tr|Q2YLJ3|Q2YLJ3_BRUA2,1,1,1,1
tr|Q2YLJ5|Q2YLJ5_BRUA2,0,0,1,0
tr|Q2YLJ6|Q2YLJ6_BRUA2,0,0,0,0
tr|Q2YLJ7|Q2YLJ7_BRUA2,0,0,0,0
tr|Q2YLJ8|Q2YLJ8_BRUA2,0,0,0,0
tr|Q2YLJ9|Q2YLJ9_BRUA2,1,0,1,1
tr|Q2YLK0|Q2YLK0_BRUA2,1,0,0,0
tr|Q2YLK2|Q2YLK2_BRUA2,0,0,1,0
tr|Q2YLK3|Q2YLK3_BRUA2,1,0,1,1
tr|Q2YLK5|Q2YLK5_BRUA2,0,0,1,0
tr|Q2YLK7|Q2YLK7_BRUA2,0,0,0,0
tr|Q2YLK8|Q2YLK8_BRUA2,0,0,0,0
tr|Q2YLK9|Q2YLK9_BRUA2,1,1,1,1
tr|Q2YLL0|Q2YLL0_BRUA2,0,0,0,0
tr|Q2YLL1|Q2YLL1_BRUA2,0,0,0,0
tr|Q2YLL3|Q2YLL3_BRUA2,1,0,1,1
tr|Q2YLL4|Q2YLL4_BRUA2,0,0,0,0
tr|Q2YLL5|Q2YLL5_BRUA2,0,0,0,0
tr|Q2YLL6|Q2YLL6_BRUA2,0,0,0,0
tr|Q2YLL9|Q2YLL9_BRUA2,1,0,0,0
tr|Q2YLM0|Q2YLM0_BRUA2,0,0,0,0
tr|Q2YLM1|Q2YLM1_BRUA2,1,1,1,1
tr|Q2YLM7|Q2YLM7_BRUA2,1,1,1,1
tr|Q2YLM8|Q2YLM8_BRUA2,1,0,0,0
tr|Q2YLM9|Q2YLM9_BRUA2,0,0,0,0
tr|Q2YLN0|Q2YLN0_BRUA2,0,1,0,0
tr|Q2YLN1|Q2YLN1_BRUA2,0,0,0,0
tr|Q2YLN3|Q2YLN3_BRUA2,0,0,0,0
tr|Q2YLN4|Q2YLN4_BRUA2,0,0,0,0
tr|Q2YLP0|Q2YLP0_BRUA2,0,0,0,0
tr|Q2YLP1|Q2YLP1_BRUA2,0,1,1,1
tr|Q2YLP3|Q2YLP3_BRUA2,1,1,1,1
tr|Q2YLP4|Q2YLP4_BRUA2,1,0,1,1
tr|Q2YLP5|Q2YLP5_BRUA2,0,0,0,0
tr|Q2YLP8|Q2YLP8_BRUA2,0,0,0,0
tr|Q2YLQ3|Q2YLQ3_BRUA2,0,0,1,0
tr|Q2YLQ4|Q2YLQ4_BRUA2,1,0,0,0
tr|Q2YLQ5|Q2YLQ5_BRUA2,1,0,0,0
tr|Q2YLQ8|Q2YLQ8_BRUA2,0,0,0,0
tr|Q2YLQ9|Q2YLQ9_BRUA2,0,0,0,0
tr|Q2YLR0|Q2YLR0_BRUA2,0,0,0,0
tr|Q2YLR1|Q2YLR1_BRUA2,0,0,0,0
tr|Q2YLR2|Q2YLR2_BRUA2,1,1,1,1
tr|Q2YLR5|Q2YLR5_BRUA2,1,1,1,1
tr|Q2YLR7|Q2YLR7_BRUA2,0,0,0,0
tr|Q2YLR8|Q2YLR8_BRUA2,0,0,0,0
tr|Q2YLS4|Q2YLS4_BRUA2,0,0,0,0
tr|Q2YLS5|Q2YLS5_BRUA2,1,0,0,0
tr|Q2YLS6|Q2YLS6_BRUA2,1,1,0,1
tr|Q2YLS8|Q2YLS8_BRUA2,0,0,0,0
tr|Q2YLT2|Q2YLT2_BRUA2,0,0,0,0
tr|Q2YLT3|Q2YLT3_BRUA2,0,1,1,1
tr|Q2YLT4|Q2YLT4_BRUA2,0,0,0,0
tr|Q2YLT5|Q2YLT5_BRUA2,0,0,0,0
tr|Q2YLT6|Q2YLT6_BRUA2,0,1,1,1
tr|Q2YLT7|Q2YLT7_BRUA2,0,0,0,0
tr|Q2YLT8|Q2YLT8_BRUA2,0,0,0,0
tr|Q2YLT9|Q2YLT9_BRUA2,0,1,1,1
tr|Q2YLU1|Q2YLU1_BRUA2,1,1,1,1
tr|Q2YLU3|Q2YLU3_BRUA2,0,0,0,0
tr|Q2YLU5|Q2YLU5_BRUA2,0,0,0,0
tr|Q2YLU6|Q2YLU6_BRUA2,0,0,0,0
tr|Q2YLU7|Q2YLU7_BRUA2,0,0,0,0
tr|Q2YLV1|Q2YLV1_BRUA2,0,0,0,0
tr|Q2YLV3|Q2YLV3_BRUA2,1,1,1,1
tr|Q2YLV5|Q2YLV5_BRUA2,1,1,0,1
tr|Q2YLV6|Q2YLV6_BRUA2,0,0,0,0
tr|Q2YLV7|Q2YLV7_BRUA2,0,1,1,1
tr|Q2YLV8|Q2YLV8_BRUA2,0,0,0,0
tr|Q2YLW0|Q2YLW0_BRUA2,0,0,0,0
tr|Q2YLW1|Q2YLW1_BRUA2,0,0,0,0
tr|Q2YLW2|Q2YLW2_BRUA2,0,0,0,0
tr|Q2YLW3|Q2YLW3_BRUA2,0,0,0,0
tr|Q2YLW4|Q2YLW4_BRUA2,0,0,0,0
tr|Q2YLW5|Q2YLW5_BRUA2,1,0,0,0
tr|Q2YLX0|Q2YLX0_BRUA2,0,0,0,0
tr|Q2YLX1|Q2YLX1_BRUA2,0,0,0,0
sp|Q2YLX2|Y1765_BRUA2,1,1,1,1
tr|Q2YLX3|Q2YLX3_BRUA2,0,0,0,0
tr|Q2YLX7|Q2YLX7_BRUA2,0,0,0,0
tr|Q2YLX9|Q2YLX9_BRUA2,1,1,1,1
tr|Q2YLY0|Q2YLY0_BRUA2,0,0,0,0
tr|Q2YLY2|Q2YLY2_BRUA2,0,0,0,0
tr|Q2YLY4|Q2YLY4_BRUA2,1,1,1,1
tr|Q2YLZ3|Q2YLZ3_BRUA2,0,0,0,0
tr|Q2YLZ7|Q2YLZ7_BRUA2,0,0,0,0
tr|Q2YM17|Q2YM17_BRUA2,1,0,1,1
tr|Q2YM18|Q2YM18_BRUA2,0,0,0,0
tr|Q2YM19|Q2YM19_BRUA2,1,0,0,0
tr|Q2YM20|Q2YM20_BRUA2,1,1,1,1
tr|Q2YM21|Q2YM21_BRUA2,0,0,0,0
tr|Q2YM23|Q2YM23_BRUA2,1,1,0,1
tr|Q2YM24|Q2YM24_BRUA2,0,0,0,0
tr|Q2YM27|Q2YM27_BRUA2,1,0,0,0
sp|Q2YM28|Y1496_BRUA2,0,1,0,0
tr|Q2YM30|Q2YM30_BRUA2,0,0,0,0
tr|Q2YM31|Q2YM31_BRUA2,1,0,0,0
tr|Q2YM32|Q2YM32_BRUA2,1,0,0,0
tr|Q2YM33|Q2YM33_BRUA2,0,0,0,0
tr|Q2YM34|Q2YM34_BRUA2,1,0,0,0
tr|Q2YM36|Q2YM36_BRUA2,0,0,0,0
tr|Q2YM37|Q2YM37_BRUA2,1,1,1,1
tr|Q2YM38|Q2YM38_BRUA2,1,1,1,1
tr|Q2YM39|Q2YM39_BRUA2,1,0,1,1
tr|Q2YM40|Q2YM40_BRUA2,0,0,0,0
tr|Q2YM41|Q2YM41_BRUA2,0,0,0,0
tr|Q2YM42|Q2YM42_BRUA2,0,0,0,0
tr|Q2YM43|Q2YM43_BRUA2,0,0,0,0
tr|Q2YM44|Q2YM44_BRUA2,1,1,0,1
tr|Q2YM45|Q2YM45_BRUA2,0,0,1,0
tr|Q2YM46|Q2YM46_BRUA2,1,0,0,0
tr|Q2YM47|Q2YM47_BRUA2,1,1,0,1
tr|Q2YM48|Q2YM48_BRUA2,0,0,0,0
tr|Q2YM49|Q2YM49_BRUA2,1,1,0,1
tr|Q2YM50|Q2YM50_BRUA2,0,1,0,0
tr|Q2YM52|Q2YM52_BRUA2,0,0,0,0
tr|Q2YM58|Q2YM58_BRUA2,1,0,1,1
tr|Q2YM59|Q2YM59_BRUA2,1,1,1,1
tr|Q2YM60|Q2YM60_BRUA2,1,1,1,1
tr|Q2YM62|Q2YM62_BRUA2,0,0,1,0
tr|Q2YM64|Q2YM64_BRUA2,0,0,0,0
tr|Q2YM65|Q2YM65_BRUA2,1,1,1,1
tr|Q2YM71|Q2YM71_BRUA2,1,1,1,1
tr|Q2YM72|Q2YM72_BRUA2,1,1,1,1
tr|Q2YM73|Q2YM73_BRUA2,0,0,0,0
tr|Q2YM78|Q2YM78_BRUA2,0,0,0,0
tr|Q2YM79|Q2YM79_BRUA2,0,0,0,0
tr|Q2YM80|Q2YM80_BRUA2,0,0,0,0
tr|Q2YM83|Q2YM83_BRUA2,1,0,0,0
tr|Q2YM84|Q2YM84_BRUA2,1,0,1,1
tr|Q2YM86|Q2YM86_BRUA2,0,0,0,0
tr|Q2YM87|Q2YM87_BRUA2,0,0,1,0
tr|Q2YM89|Q2YM89_BRUA2,0,0,0,0
tr|Q2YM90|Q2YM90_BRUA2,1,1,1,1
tr|Q2YM94|Q2YM94_BRUA2,0,0,1,0
tr|Q2YM95|Q2YM95_BRUA2,0,0,0,0
tr|Q2YM96|Q2YM96_BRUA2,0,1,1,1
tr|Q2YM97|Q2YM97_BRUA2,1,0,0,0
tr|Q2YM99|Q2YM99_BRUA2,0,0,0,0
tr|Q2YMA0|Q2YMA0_BRUA2,1,1,1,1
tr|Q2YMA1|Q2YMA1_BRUA2,1,0,0,0
tr|Q2YMA2|Q2YMA2_BRUA2,0,0,0,0
tr|Q2YMA3|Q2YMA3_BRUA2,0,0,0,0
tr|Q2YMA4|Q2YMA4_BRUA2,0,0,0,0
tr|Q2YMA6|Q2YMA6_BRUA2,0,0,0,0
tr|Q2YMA7|Q2YMA7_BRUA2,0,1,1,1
tr|Q2YMA8|Q2YMA8_BRUA2,1,0,1,1
tr|Q2YMA9|Q2YMA9_BRUA2,0,0,0,0
tr|Q2YMB0|Q2YMB0_BRUA2,0,0,0,0
tr|Q2YMB1|Q2YMB1_BRUA2,0,0,1,0
tr|Q2YMB2|Q2YMB2_BRUA2,0,0,0,0
tr|Q2YMB4|Q2YMB4_BRUA2,1,0,0,0
tr|Q2YMB6|Q2YMB6_BRUA2,0,0,0,0
tr|Q2YMB7|Q2YMB7_BRUA2,1,0,0,0
tr|Q2YMB8|Q2YMB8_BRUA2,1,0,1,1
tr|Q2YMB9|Q2YMB9_BRUA2,1,0,1,1
tr|Q2YMC0|Q2YMC0_BRUA2,1,1,0,1
tr|Q2YMC1|Q2YMC1_BRUA2,0,1,1,1
tr|Q2YMC2|Q2YMC2_BRUA2,0,0,0,0
tr|Q2YMC7|Q2YMC7_BRUA2,0,0,0,0
tr|Q2YMC9|Q2YMC9_BRUA2,1,1,1,1
tr|Q2YMD0|Q2YMD0_BRUA2,0,1,1,1
tr|Q2YMD4|Q2YMD4_BRUA2,0,0,0,0
tr|Q2YMD5|Q2YMD5_BRUA2,1,0,0,0
tr|Q2YMD6|Q2YMD6_BRUA2,1,0,0,0
tr|Q2YMD7|Q2YMD7_BRUA2,0,0,0,0
tr|Q2YMD8|Q2YMD8_BRUA2,0,0,0,0
tr|Q2YMD9|Q2YMD9_BRUA2,1,0,0,0
tr|Q2YME0|Q2YME0_BRUA2,0,1,0,0
tr|Q2YME3|Q2YME3_BRUA2,0,1,0,0
tr|Q2YME5|Q2YME5_BRUA2,1,1,1,1
tr|Q2YME6|Q2YME6_BRUA2,1,0,0,0
tr|Q2YME7|Q2YME7_BRUA2,0,0,0,0
tr|Q2YME8|Q2YME8_BRUA2,0,0,0,0
tr|Q2YME9|Q2YME9_BRUA2,1,0,1,1
tr|Q2YMF1|Q2YMF1_BRUA2,1,1,1,1
tr|Q2YMF2|Q2YMF2_BRUA2,1,1,1,1
tr|Q2YMF3|Q2YMF3_BRUA2,1,0,1,1
tr|Q2YMF4|Q2YMF4_BRUA2,1,0,0,0
tr|Q2YMF6|Q2YMF6_BRUA2,0,0,0,0
tr|Q2YMF9|Q2YMF9_BRUA2,1,0,0,0
tr|Q2YMG0|Q2YMG0_BRUA2,1,1,0,1
tr|Q2YMG1|Q2YMG1_BRUA2,1,1,1,1
tr|Q2YMG2|Q2YMG2_BRUA2,0,0,1,0
tr|Q2YMG3|Q2YMG3_BRUA2,0,0,0,0
tr|Q2YMG4|Q2YMG4_BRUA2,1,1,1,1
tr|Q2YMG8|Q2YMG8_BRUA2,0,0,0,0
tr|Q2YMH1|Q2YMH1_BRUA2,1,0,0,0
tr|Q2YMH6|Q2YMH6_BRUA2,1,0,0,0
tr|Q2YMH8|Q2YMH8_BRUA2,0,0,0,0
tr|Q2YMI1|Q2YMI1_BRUA2,0,0,0,0
tr|Q2YMI6|Q2YMI6_BRUA2,1,0,0,0
tr|Q2YMJ0|Q2YMJ0_BRUA2,1,1,1,1
tr|Q2YMJ1|Q2YMJ1_BRUA2,1,1,1,1
tr|Q2YMJ3|Q2YMJ3_BRUA2,1,0,0,0
tr|Q2YMJ7|Q2YMJ7_BRUA2,0,0,0,0
tr|Q2YMJ8|Q2YMJ8_BRUA2,0,0,1,0
tr|Q2YMJ9|Q2YMJ9_BRUA2,1,0,0,0
tr|Q2YMK1|Q2YMK1_BRUA2,0,0,0,0
tr|Q2YMK3|Q2YMK3_BRUA2,0,0,0,0
tr|Q2YMK4|Q2YMK4_BRUA2,0,0,0,0
tr|Q2YMK5|Q2YMK5_BRUA2,0,0,0,0
tr|Q2YMK6|Q2YMK6_BRUA2,0,0,0,0
tr|Q2YMK7|Q2YMK7_BRUA2,1,1,1,1
tr|Q2YMK9|Q2YMK9_BRUA2,1,0,0,0
tr|Q2YML0|Q2YML0_BRUA2,0,0,0,0
tr|Q2YML1|Q2YML1_BRUA2,0,0,0,0
sp|Q2YML2|Y506_BRUA2,1,0,0,0
tr|Q2YML3|Q2YML3_BRUA2,1,1,1,1
tr|Q2YML5|Q2YML5_BRUA2,1,0,0,0
tr|Q2YML6|Q2YML6_BRUA2,0,0,0,0
tr|Q2YML7|Q2YML7_BRUA2,1,1,1,1
tr|Q2YML8|Q2YML8_BRUA2,0,0,0,0
tr|Q2YML9|Q2YML9_BRUA2,0,0,0,0
tr|Q2YMM0|Q2YMM0_BRUA2,0,0,0,0
tr|Q2YMM1|Q2YMM1_BRUA2,1,1,1,1
tr|Q2YMM4|Q2YMM4_BRUA2,0,0,0,0
tr|Q2YMM5|Q2YMM5_BRUA2,1,1,0,1
tr|Q2YMM6|Q2YMM6_BRUA2,0,0,0,0
tr|Q2YMM7|Q2YMM7_BRUA2,1,0,0,0
tr|Q2YMN0|Q2YMN0_BRUA2,0,1,1,1
tr|Q2YMN1|Q2YMN1_BRUA2,1,0,0,0
tr|Q2YMN2|Q2YMN2_BRUA2,1,0,0,0
tr|Q2YMN3|Q2YMN3_BRUA2,0,0,0,0
tr|Q2YMN4|Q2YMN4_BRUA2,1,0,0,0
tr|Q2YMN5|Q2YMN5_BRUA2,0,1,0,0
tr|Q2YMN6|Q2YMN6_BRUA2,1,0,0,0
tr|Q2YMN7|Q2YMN7_BRUA2,1,0,1,1
tr|Q2YMN9|Q2YMN9_BRUA2,0,0,0,0
tr|Q2YMP0|Q2YMP0_BRUA2,1,0,0,0
tr|Q2YMP1|Q2YMP1_BRUA2,1,1,1,1
tr|Q2YMP2|Q2YMP2_BRUA2,0,0,0,0
tr|Q2YMP4|Q2YMP4_BRUA2,1,0,0,0
tr|Q2YMP6|Q2YMP6_BRUA2,0,0,0,0
tr|Q2YMP7|Q2YMP7_BRUA2,0,1,0,0
tr|Q2YMP9|Q2YMP9_BRUA2,0,1,0,0
tr|Q2YMQ0|Q2YMQ0_BRUA2,0,0,0,0
tr|Q2YMQ3|Q2YMQ3_BRUA2,0,0,0,0
tr|Q2YMQ4|Q2YMQ4_BRUA2,0,0,0,0
tr|Q2YMQ5|Q2YMQ5_BRUA2,0,0,0,0
tr|Q2YMQ6|Q2YMQ6_BRUA2,0,0,0,0
tr|Q2YMQ7|Q2YMQ7_BRUA2,0,0,0,0
tr|Q2YMQ8|Q2YMQ8_BRUA2,1,1,0,1
tr|Q2YMR0|Q2YMR0_BRUA2,1,0,0,0
tr|Q2YMR1|Q2YMR1_BRUA2,0,0,0,0
tr|Q2YMR2|Q2YMR2_BRUA2,0,0,0,0
tr|Q2YMR3|Q2YMR3_BRUA2,1,0,1,1
tr|Q2YMR4|Q2YMR4_BRUA2,1,0,1,1
tr|Q2YMR5|Q2YMR5_BRUA2,0,0,0,0
tr|Q2YMR8|Q2YMR8_BRUA2,1,0,1,1
tr|Q2YMR9|Q2YMR9_BRUA2,0,0,0,0
tr|Q2YMS0|Q2YMS0_BRUA2,1,1,1,1
tr|Q2YMS1|Q2YMS1_BRUA2,0,0,0,0
tr|Q2YMS2|Q2YMS2_BRUA2,0,0,1,0
tr|Q2YMS3|Q2YMS3_BRUA2,1,0,0,0
tr|Q2YMS4|Q2YMS4_BRUA2,1,1,0,1
tr|Q2YMS5|Q2YMS5_BRUA2,0,0,0,0
tr|Q2YMS7|Q2YMS7_BRUA2,1,1,1,1
tr|Q2YMS8|Q2YMS8_BRUA2,0,0,0,0
tr|Q2YMS9|Q2YMS9_BRUA2,1,0,0,0
tr|Q2YMT0|Q2YMT0_BRUA2,1,0,0,0
tr|Q2YMT1|Q2YMT1_BRUA2,0,0,0,0
tr|Q2YMT2|Q2YMT2_BRUA2,1,0,0,0
tr|Q2YMT3|Q2YMT3_BRUA2,0,1,0,0
tr|Q2YMT4|Q2YMT4_BRUA2,1,1,1,1
tr|Q2YMT6|Q2YMT6_BRUA2,1,1,1,1
tr|Q2YMT7|Q2YMT7_BRUA2,0,1,0,0
tr|Q2YMT8|Q2YMT8_BRUA2,0,0,0,0
tr|Q2YMT9|Q2YMT9_BRUA2,0,0,0,0
tr|Q2YMU0|Q2YMU0_BRUA2,1,1,1,1
tr|Q2YMU2|Q2YMU2_BRUA2,1,0,0,0
tr|Q2YMU3|Q2YMU3_BRUA2,1,0,0,0
tr|Q2YMU4|Q2YMU4_BRUA2,1,1,0,1
tr|Q2YMU5|Q2YMU5_BRUA2,0,0,0,0
tr|Q2YMU6|Q2YMU6_BRUA2,0,0,0,0
tr|Q2YMU8|Q2YMU8_BRUA2,1,1,1,1
tr|Q2YMU9|Q2YMU9_BRUA2,1,1,1,1
tr|Q2YMV2|Q2YMV2_BRUA2,1,0,1,1
tr|Q2YMV3|Q2YMV3_BRUA2,1,0,0,0
tr|Q2YMV4|Q2YMV4_BRUA2,0,0,0,0
tr|Q2YMV5|Q2YMV5_BRUA2,0,1,1,1
tr|Q2YMV6|Q2YMV6_BRUA2,1,1,1,1
tr|Q2YMV7|Q2YMV7_BRUA2,0,0,1,0
tr|Q2YMV8|Q2YMV8_BRUA2,0,0,1,0
tr|Q2YMV9|Q2YMV9_BRUA2,0,0,0,0
tr|Q2YMW0|Q2YMW0_BRUA2,0,0,1,0
tr|Q2YMW1|Q2YMW1_BRUA2,0,1,1,1
tr|Q2YMW2|Q2YMW2_BRUA2,0,0,0,0
tr|Q2YMW3|Q2YMW3_BRUA2,0,0,1,0
tr|Q2YMW5|Q2YMW5_BRUA2,0,0,0,0
tr|Q2YMW8|Q2YMW8_BRUA2,1,0,0,0
tr|Q2YMW9|Q2YMW9_BRUA2,0,0,0,0
tr|Q2YMX2|Q2YMX2_BRUA2,0,0,0,0
tr|Q2YMX5|Q2YMX5_BRUA2,0,0,0,0
tr|Q2YMX8|Q2YMX8_BRUA2,0,0,0,0
tr|Q2YMX9|Q2YMX9_BRUA2,1,1,1,1
tr|Q2YMY2|Q2YMY2_BRUA2,0,1,0,0
tr|Q2YMY3|Q2YMY3_BRUA2,0,1,1,1
tr|Q2YMY4|Q2YMY4_BRUA2,1,1,1,1
tr|Q2YMY5|Q2YMY5_BRUA2,1,1,0,1
tr|Q2YMY6|Q2YMY6_BRUA2,0,0,0,0
tr|Q2YMY9|Q2YMY9_BRUA2,0,0,0,0
tr|Q2YMZ0|Q2YMZ0_BRUA2,0,0,0,0
tr|Q2YMZ1|Q2YMZ1_BRUA2,0,0,0,0
tr|Q2YMZ2|Q2YMZ2_BRUA2,1,1,1,1
tr|Q2YMZ3|Q2YMZ3_BRUA2,1,1,0,1
tr|Q2YMZ4|Q2YMZ4_BRUA2,0,0,0,0
tr|Q2YMZ5|Q2YMZ5_BRUA2,0,0,0,0
tr|Q2YMZ6|Q2YMZ6_BRUA2,0,0,0,0
tr|Q2YMZ7|Q2YMZ7_BRUA2,0,0,0,0
tr|Q2YMZ8|Q2YMZ8_BRUA2,0,0,0,0
tr|Q2YN01|Q2YN01_BRUA2,1,0,1,1
tr|Q2YN05|Q2YN05_BRUA2,0,0,0,0
tr|Q2YN06|Q2YN06_BRUA2,0,0,0,0
tr|Q2YN07|Q2YN07_BRUA2,0,0,0,0
tr|Q2YN09|Q2YN09_BRUA2,0,0,0,0
tr|Q2YN13|Q2YN13_BRUA2,1,0,1,1
tr|Q2YN14|Q2YN14_BRUA2,1,0,1,1
tr|Q2YN16|Q2YN16_BRUA2,1,1,1,1
tr|Q2YN17|Q2YN17_BRUA2,0,0,0,0
tr|Q2YN20|Q2YN20_BRUA2,1,1,0,1
tr|Q2YN21|Q2YN21_BRUA2,1,1,1,1
tr|Q2YN23|Q2YN23_BRUA2,0,0,0,0
tr|Q2YN24|Q2YN24_BRUA2,0,1,0,0
tr|Q2YN25|Q2YN25_BRUA2,0,0,0,0
tr|Q2YN27|Q2YN27_BRUA2,0,0,0,0
tr|Q2YN28|Q2YN28_BRUA2,1,0,1,1
tr|Q2YN29|Q2YN29_BRUA2,0,0,0,0
tr|Q2YN30|Q2YN30_BRUA2,1,1,1,1
tr|Q2YN32|Q2YN32_BRUA2,0,0,1,0
tr|Q2YN33|Q2YN33_BRUA2,1,1,1,1
tr|Q2YN34|Q2YN34_BRUA2,0,0,0,0
tr|Q2YN37|Q2YN37_BRUA2,1,0,1,1
tr|Q2YN39|Q2YN39_BRUA2,0,0,0,0
tr|Q2YN41|Q2YN41_BRUA2,1,0,1,1
tr|Q2YN42|Q2YN42_BRUA2,1,0,0,0
tr|Q2YN43|Q2YN43_BRUA2,1,0,0,0
tr|Q2YN44|Q2YN44_BRUA2,0,0,0,0
tr|Q2YN46|Q2YN46_BRUA2,1,0,0,0
tr|Q2YN47|Q2YN47_BRUA2,0,0,0,0
tr|Q2YN49|Q2YN49_BRUA2,0,0,0,0
tr|Q2YN51|Q2YN51_BRUA2,1,0,1,1
tr|Q2YN53|Q2YN53_BRUA2,1,1,1,1
tr|Q2YN54|Q2YN54_BRUA2,0,1,0,0
tr|Q2YN55|Q2YN55_BRUA2,1,1,1,1
tr|Q2YN56|Q2YN56_BRUA2,0,0,0,0
tr|Q2YN57|Q2YN57_BRUA2,0,0,0,0
tr|Q2YN58|Q2YN58_BRUA2,0,1,0,0
tr|Q2YN61|Q2YN61_BRUA2,1,1,1,1
tr|Q2YN62|Q2YN62_BRUA2,0,0,0,0
tr|Q2YN63|Q2YN63_BRUA2,0,0,0,0
tr|Q2YN65|Q2YN65_BRUA2,0,0,0,0
tr|Q2YN66|Q2YN66_BRUA2,1,0,1,1
tr|Q2YN67|Q2YN67_BRUA2,0,0,0,0
tr|Q2YN68|Q2YN68_BRUA2,1,0,0,0
tr|Q2YN69|Q2YN69_BRUA2,0,0,0,0
tr|Q2YN70|Q2YN70_BRUA2,0,0,0,0
tr|Q2YN71|Q2YN71_BRUA2,0,0,0,0
tr|Q2YN72|Q2YN72_BRUA2,1,0,0,0
tr|Q2YN73|Q2YN73_BRUA2,0,1,1,1
tr|Q2YN74|Q2YN74_BRUA2,0,0,1,0
tr|Q2YN75|Q2YN75_BRUA2,0,0,0,0
tr|Q2YN76|Q2YN76_BRUA2,0,0,0,0
tr|Q2YN77|Q2YN77_BRUA2,0,0,0,0
tr|Q2YN78|Q2YN78_BRUA2,0,0,0,0
tr|Q2YN80|Q2YN80_BRUA2,0,0,0,0
tr|Q2YN81|Q2YN81_BRUA2,0,0,0,0
tr|Q2YN82|Q2YN82_BRUA2,0,0,0,0
tr|Q2YN83|Q2YN83_BRUA2,0,0,0,0
tr|Q2YN84|Q2YN84_BRUA2,1,0,0,0
tr|Q2YN85|Q2YN85_BRUA2,1,0,0,0
tr|Q2YN86|Q2YN86_BRUA2,0,0,0,0
tr|Q2YN88|Q2YN88_BRUA2,0,0,0,0
tr|Q2YN89|Q2YN89_BRUA2,1,1,1,1
tr|Q2YN90|Q2YN90_BRUA2,1,1,1,1
tr|Q2YN91|Q2YN91_BRUA2,0,0,0,0
tr|Q2YN96|Q2YN96_BRUA2,1,0,0,0
tr|Q2YN97|Q2YN97_BRUA2,0,1,1,1
tr|Q2YN98|Q2YN98_BRUA2,0,1,1,1
tr|Q2YN99|Q2YN99_BRUA2,0,0,0,0
tr|Q2YNA0|Q2YNA0_BRUA2,0,0,0,0
tr|Q2YNA1|Q2YNA1_BRUA2,1,0,0,0
tr|Q2YNA3|Q2YNA3_BRUA2,1,0,0,0
tr|Q2YNA6|Q2YNA6_BRUA2,1,1,1,1
tr|Q2YNA9|Q2YNA9_BRUA2,0,0,0,0
tr|Q2YNB1|Q2YNB1_BRUA2,0,0,0,0
tr|Q2YNB2|Q2YNB2_BRUA2,0,0,0,0
tr|Q2YNB3|Q2YNB3_BRUA2,0,1,0,0
tr|Q2YNB4|Q2YNB4_BRUA2,1,0,0,0
tr|Q2YNB5|Q2YNB5_BRUA2,1,0,0,0
tr|Q2YNB6|Q2YNB6_BRUA2,1,0,0,0
tr|Q2YNB7|Q2YNB7_BRUA2,0,0,0,0
tr|Q2YNC1|Q2YNC1_BRUA2,1,0,0,0
tr|Q2YNC2|Q2YNC2_BRUA2,0,0,0,0
tr|Q2YNC3|Q2YNC3_BRUA2,0,0,0,0
tr|Q2YND0|Q2YND0_BRUA2,1,0,0,0
tr|Q2YND1|Q2YND1_BRUA2,1,0,0,0
tr|Q2YND2|Q2YND2_BRUA2,0,1,0,0
tr|Q2YND3|Q2YND3_BRUA2,1,0,1,1
tr|Q2YND4|Q2YND4_BRUA2,1,1,1,1
tr|Q2YND5|Q2YND5_BRUA2,0,0,0,0
tr|Q2YND6|Q2YND6_BRUA2,0,0,0,0
tr|Q2YND7|Q2YND7_BRUA2,0,0,0,0
tr|Q2YNE0|Q2YNE0_BRUA2,0,0,1,0
tr|Q2YNE2|Q2YNE2_BRUA2,0,0,0,0
tr|Q2YNE4|Q2YNE4_BRUA2,0,0,1,0
tr|Q2YNE5|Q2YNE5_BRUA2,0,0,0,0
tr|Q2YNE6|Q2YNE6_BRUA2,1,0,0,0
tr|Q2YNE7|Q2YNE7_BRUA2,0,1,0,0
tr|Q2YNE8|Q2YNE8_BRUA2,0,0,0,0
tr|Q2YNE9|Q2YNE9_BRUA2,0,0,0,0
tr|Q2YNF1|Q2YNF1_BRUA2,0,0,0,0
tr|Q2YNG4|Q2YNG4_BRUA2,0,0,0,0
tr|Q2YNG5|Q2YNG5_BRUA2,1,1,1,1
tr|Q2YNG7|Q2YNG7_BRUA2,0,0,1,0
tr|Q2YNG8|Q2YNG8_BRUA2,0,0,0,0
tr|Q2YNH0|Q2YNH0_BRUA2,0,0,0,0
tr|Q2YNH3|Q2YNH3_BRUA2,1,0,0,0
tr|Q2YNH4|Q2YNH4_BRUA2,1,1,1,1
tr|Q2YNH7|Q2YNH7_BRUA2,1,0,0,0
tr|Q2YNH8|Q2YNH8_BRUA2,0,0,0,0
tr|Q2YNH9|Q2YNH9_BRUA2,0,0,0,0
tr|Q2YNI0|Q2YNI0_BRUA2,0,0,0,0
tr|Q2YNI2|Q2YNI2_BRUA2,0,1,1,1
tr|Q2YNI3|Q2YNI3_BRUA2,0,0,0,0
tr|Q2YNI4|Q2YNI4_BRUA2,0,1,1,1
tr|Q2YNI5|Q2YNI5_BRUA2,1,1,1,1
tr|Q2YNI6|Q2YNI6_BRUA2,0,0,0,0
tr|Q2YNI7|Q2YNI7_BRUA2,0,0,1,0
tr|Q2YNJ0|Q2YNJ0_BRUA2,1,0,0,0
tr|Q2YNJ1|Q2YNJ1_BRUA2,1,0,1,1
tr|Q2YNJ2|Q2YNJ2_BRUA2,0,0,0,0
tr|Q2YNJ3|Q2YNJ3_BRUA2,0,0,1,0
tr|Q2YNJ4|Q2YNJ4_BRUA2,0,1,1,1
tr|Q2YNJ5|Q2YNJ5_BRUA2,1,1,0,1
tr|Q2YNJ6|Q2YNJ6_BRUA2,0,0,0,0
tr|Q2YNJ7|Q2YNJ7_BRUA2,0,0,0,0
tr|Q2YNJ8|Q2YNJ8_BRUA2,1,0,1,1
sp|Q2YNK0|DGTL1_BRUA2,0,0,0,0
tr|Q2YNK1|Q2YNK1_BRUA2,0,0,1,0
tr|Q2YNK2|Q2YNK2_BRUA2,0,0,1,0
tr|Q2YNK3|Q2YNK3_BRUA2,1,0,0,0
tr|Q2YNK4|Q2YNK4_BRUA2,0,0,1,0
tr|Q2YNK5|Q2YNK5_BRUA2,0,0,1,0
tr|Q2YNK6|Q2YNK6_BRUA2,0,0,0,0
tr|Q2YNK9|Q2YNK9_BRUA2,0,0,0,0
tr|Q2YNL0|Q2YNL0_BRUA2,1,0,1,1
tr|Q2YNL4|Q2YNL4_BRUA2,1,0,0,0
tr|Q2YNL5|Q2YNL5_BRUA2,0,0,0,0
tr|Q2YNL6|Q2YNL6_BRUA2,0,0,1,0
tr|Q2YNL8|Q2YNL8_BRUA2,0,0,0,0
tr|Q2YNL9|Q2YNL9_BRUA2,1,0,1,1
tr|Q2YNM2|Q2YNM2_BRUA2,0,0,0,0
tr|Q2YNM3|Q2YNM3_BRUA2,1,1,1,1
tr|Q2YNM4|Q2YNM4_BRUA2,0,0,0,0
tr|Q2YNN2|Q2YNN2_BRUA2,1,0,1,1
tr|Q2YNN8|Q2YNN8_BRUA2,0,0,0,0
tr|Q2YNN9|Q2YNN9_BRUA2,1,1,0,1
tr|Q2YNP0|Q2YNP0_BRUA2,0,0,1,0
tr|Q2YNP5|Q2YNP5_BRUA2,1,0,0,0
tr|Q2YNP6|Q2YNP6_BRUA2,0,0,1,0
tr|Q2YNP7|Q2YNP7_BRUA2,1,1,1,1
tr|Q2YNP8|Q2YNP8_BRUA2,0,0,0,0
tr|Q2YNQ0|Q2YNQ0_BRUA2,1,0,0,0
tr|Q2YNQ1|Q2YNQ1_BRUA2,0,0,1,0
tr|Q2YNQ3|Q2YNQ3_BRUA2,0,0,0,0
tr|Q2YNQ4|Q2YNQ4_BRUA2,1,0,0,0
tr|Q2YNQ5|Q2YNQ5_BRUA2,0,0,1,0
tr|Q2YNQ7|Q2YNQ7_BRUA2,0,0,0,0
tr|Q2YNQ8|Q2YNQ8_BRUA2,1,0,1,1
tr|Q2YNR1|Q2YNR1_BRUA2,1,1,1,1
tr|Q2YNR2|Q2YNR2_BRUA2,1,0,0,0
tr|Q2YNR3|Q2YNR3_BRUA2,0,0,0,0
tr|Q2YNR4|Q2YNR4_BRUA2,1,0,1,1
tr|Q2YNR5|Q2YNR5_BRUA2,1,0,1,1
tr|Q2YNR7|Q2YNR7_BRUA2,0,0,0,0
tr|Q2YNR8|Q2YNR8_BRUA2,1,1,1,1
tr|Q2YNS0|Q2YNS0_BRUA2,0,0,0,0
tr|Q2YNS1|Q2YNS1_BRUA2,1,0,0,0
tr|Q2YNS2|Q2YNS2_BRUA2,1,1,1,1
tr|Q2YNS3|Q2YNS3_BRUA2,1,0,1,1
tr|Q2YNS4|Q2YNS4_BRUA2,0,0,1,0
tr|Q2YNS5|Q2YNS5_BRUA2,1,1,1,1
tr|Q2YNS6|Q2YNS6_BRUA2,0,0,0,0
tr|Q2YNS7|Q2YNS7_BRUA2,0,0,1,0
tr|Q2YNS9|Q2YNS9_BRUA2,1,0,1,1
tr|Q2YNT0|Q2YNT0_BRUA2,0,0,0,0
tr|Q2YNT1|Q2YNT1_BRUA2,0,0,0,0
tr|Q2YNT2|Q2YNT2_BRUA2,0,0,0,0
tr|Q2YNT3|Q2YNT3_BRUA2,0,0,1,0
tr|Q2YNT4|Q2YNT4_BRUA2,1,0,0,0
tr|Q2YNT6|Q2YNT6_BRUA2,0,0,0,0
tr|Q2YNU2|Q2YNU2_BRUA2,1,1,1,1
tr|Q2YNU3|Q2YNU3_BRUA2,1,1,0,1
tr|Q2YNU4|Q2YNU4_BRUA2,0,0,0,0
tr|Q2YNU5|Q2YNU5_BRUA2,0,0,0,0
tr|Q2YNU6|Q2YNU6_BRUA2,0,0,0,0
tr|Q2YNU7|Q2YNU7_BRUA2,1,0,1,1
tr|Q2YNU8|Q2YNU8_BRUA2,0,0,0,0
tr|Q2YNV1|Q2YNV1_BRUA2,0,0,0,0
tr|Q2YNV2|Q2YNV2_BRUA2,1,1,1,1
tr|Q2YNV4|Q2YNV4_BRUA2,0,0,0,0
tr|Q2YNV5|Q2YNV5_BRUA2,0,1,0,0
tr|Q2YNV8|Q2YNV8_BRUA2,0,1,0,0
tr|Q2YNV9|Q2YNV9_BRUA2,0,0,0,0
tr|Q2YNW1|Q2YNW1_BRUA2,1,0,1,1
tr|Q2YNW2|Q2YNW2_BRUA2,0,0,0,0
tr|Q2YNW3|Q2YNW3_BRUA2,1,0,0,0
tr|Q2YNW4|Q2YNW4_BRUA2,0,0,1,0
tr|Q2YNW5|Q2YNW5_BRUA2,0,0,0,0
tr|Q2YNW6|Q2YNW6_BRUA2,0,0,0,0
tr|Q2YNW7|Q2YNW7_BRUA2,1,0,1,1
tr|Q2YNW8|Q2YNW8_BRUA2,0,0,1,0
tr|Q2YNX0|Q2YNX0_BRUA2,0,0,0,0
tr|Q2YNX2|Q2YNX2_BRUA2,1,1,0,1
tr|Q2YNX4|Q2YNX4_BRUA2,0,0,0,0
tr|Q2YNX6|Q2YNX6_BRUA2,0,0,0,0
tr|Q2YNY0|Q2YNY0_BRUA2,0,1,1,1
tr|Q2YNY1|Q2YNY1_BRUA2,1,0,0,0
tr|Q2YNY2|Q2YNY2_BRUA2,0,0,0,0
tr|Q2YNY3|Q2YNY3_BRUA2,1,1,1,1
tr|Q2YNY4|Q2YNY4_BRUA2,1,1,1,1
tr|Q2YNY6|Q2YNY6_BRUA2,1,1,1,1
tr|Q2YNY7|Q2YNY7_BRUA2,1,1,0,1
tr|Q2YNZ4|Q2YNZ4_BRUA2,1,1,1,1
tr|Q2YNZ5|Q2YNZ5_BRUA2,0,0,0,0
tr|Q2YNZ6|Q2YNZ6_BRUA2,1,0,1,1
tr|Q2YNZ7|Q2YNZ7_BRUA2,0,0,0,0
tr|Q2YNZ8|Q2YNZ8_BRUA2,0,0,0,0
tr|Q2YNZ9|Q2YNZ9_BRUA2,1,1,0,1
tr|Q2YP01|Q2YP01_BRUA2,0,1,0,0
tr|Q2YP03|Q2YP03_BRUA2,0,0,1,0
tr|Q2YP04|Q2YP04_BRUA2,0,0,0,0
tr|Q2YP06|Q2YP06_BRUA2,0,0,0,0
tr|Q2YP07|Q2YP07_BRUA2,0,0,0,0
tr|Q2YP08|Q2YP08_BRUA2,0,0,0,0
tr|Q2YP09|Q2YP09_BRUA2,1,0,1,1
tr|Q2YP10|Q2YP10_BRUA2,1,0,0,0
tr|Q2YP12|Q2YP12_BRUA2,0,0,0,0
tr|Q2YP14|Q2YP14_BRUA2,0,1,0,0
tr|Q2YP15|Q2YP15_BRUA2,1,1,1,1
tr|Q2YP16|Q2YP16_BRUA2,1,1,1,1
tr|Q2YP17|Q2YP17_BRUA2,0,0,0,0
tr|Q2YP19|Q2YP19_BRUA2,1,0,0,0
tr|Q2YP20|Q2YP20_BRUA2,1,1,0,1
tr|Q2YP21|Q2YP21_BRUA2,1,0,0,0
tr|Q2YP22|Q2YP22_BRUA2,1,1,1,1
tr|Q2YP23|Q2YP23_BRUA2,0,0,0,0
tr|Q2YP24|Q2YP24_BRUA2,1,0,0,0
tr|Q2YP26|Q2YP26_BRUA2,1,0,0,0
tr|Q2YP27|Q2YP27_BRUA2,1,0,0,0
sp|Q2YP29|Y178_BRUA2,0,0,0,0
tr|Q2YP34|Q2YP34_BRUA2,0,0,0,0
tr|Q2YP36|Q2YP36_BRUA2,0,0,0,0
tr|Q2YP37|Q2YP37_BRUA2,0,0,0,0
tr|Q2YP38|Q2YP38_BRUA2,1,0,0,0
tr|Q2YP40|Q2YP40_BRUA2,0,0,0,0
tr|Q2YP41|Q2YP41_BRUA2,0,0,1,0
tr|Q2YP42|Q2YP42_BRUA2,0,0,0,0
tr|Q2YP43|Q2YP43_BRUA2,0,0,0,0
tr|Q2YP47|Q2YP47_BRUA2,1,0,1,1
tr|Q2YP48|Q2YP48_BRUA2,0,0,0,0
tr|Q2YP49|Q2YP49_BRUA2,0,0,0,0
tr|Q2YP50|Q2YP50_BRUA2,0,1,1,1
tr|Q2YP53|Q2YP53_BRUA2,0,0,1,0
tr|Q2YP54|Q2YP54_BRUA2,0,0,0,0
tr|Q2YP55|Q2YP55_BRUA2,1,0,0,0
tr|Q2YP56|Q2YP56_BRUA2,0,0,0,0
tr|Q2YP57|Q2YP57_BRUA2,0,0,1,0
tr|Q2YP60|Q2YP60_BRUA2,0,0,0,0
tr|Q2YP62|Q2YP62_BRUA2,0,0,0,0
tr|Q2YP63|Q2YP63_BRUA2,0,1,0,0
tr|Q2YP64|Q2YP64_BRUA2,0,1,1,1
tr|Q2YP65|Q2YP65_BRUA2,0,0,0,0
tr|Q2YP66|Q2YP66_BRUA2,0,1,1,1
tr|Q2YP67|Q2YP67_BRUA2,1,0,0,0
tr|Q2YP68|Q2YP68_BRUA2,0,0,0,0
tr|Q2YP69|Q2YP69_BRUA2,0,0,0,0
tr|Q2YP70|Q2YP70_BRUA2,0,1,0,0
tr|Q2YP71|Q2YP71_BRUA2,1,0,0,0
tr|Q2YP72|Q2YP72_BRUA2,0,1,0,0
tr|Q2YP73|Q2YP73_BRUA2,1,0,1,1
tr|Q2YP75|Q2YP75_BRUA2,0,1,1,1
tr|Q2YP76|Q2YP76_BRUA2,1,1,0,1
tr|Q2YP77|Q2YP77_BRUA2,0,0,0,0
tr|Q2YP78|Q2YP78_BRUA2,0,0,0,0
tr|Q2YP79|Q2YP79_BRUA2,1,0,0,0
tr|Q2YP80|Q2YP80_BRUA2,0,0,0,0
tr|Q2YP81|Q2YP81_BRUA2,0,1,1,1
tr|Q2YP82|Q2YP82_BRUA2,0,0,1,0
tr|Q2YP83|Q2YP83_BRUA2,1,0,1,1
tr|Q2YP84|Q2YP84_BRUA2,1,1,1,1
tr|Q2YP85|Q2YP85_BRUA2,1,0,0,0
tr|Q2YP86|Q2YP86_BRUA2,1,0,0,0
tr|Q2YP87|Q2YP87_BRUA2,0,0,0,0
tr|Q2YP89|Q2YP89_BRUA2,1,1,1,1
tr|Q2YP90|Q2YP90_BRUA2,0,0,1,0
tr|Q2YP91|Q2YP91_BRUA2,1,0,0,0
tr|Q2YP92|Q2YP92_BRUA2,1,0,0,0
tr|Q2YP93|Q2YP93_BRUA2,0,0,0,0
tr|Q2YP94|Q2YP94_BRUA2,0,0,0,0
tr|Q2YP95|Q2YP95_BRUA2,0,0,0,0
tr|Q2YP96|Q2YP96_BRUA2,0,0,0,0
tr|Q2YP97|Q2YP97_BRUA2,0,0,0,0
tr|Q2YP98|Q2YP98_BRUA2,0,0,0,0
tr|Q2YP99|Q2YP99_BRUA2,0,0,0,0
tr|Q2YPA0|Q2YPA0_BRUA2,1,1,1,1
tr|Q2YPA1|Q2YPA1_BRUA2,0,0,0,0
tr|Q2YPA2|Q2YPA2_BRUA2,0,0,0,0
tr|Q2YPA3|Q2YPA3_BRUA2,0,0,0,0
tr|Q2YPA4|Q2YPA4_BRUA2,1,0,1,1
tr|Q2YPA5|Q2YPA5_BRUA2,0,0,0,0
tr|Q2YPA6|Q2YPA6_BRUA2,1,1,1,1
tr|Q2YPA7|Q2YPA7_BRUA2,0,1,0,0
tr|Q2YPA8|Q2YPA8_BRUA2,0,0,0,0
tr|Q2YPA9|Q2YPA9_BRUA2,1,1,1,1
tr|Q2YPB0|Q2YPB0_BRUA2,1,1,0,1
tr|Q2YPB1|Q2YPB1_BRUA2,1,1,1,1
tr|Q2YPB2|Q2YPB2_BRUA2,0,0,0,0
tr|Q2YPB3|Q2YPB3_BRUA2,0,0,0,0
tr|Q2YPB4|Q2YPB4_BRUA2,0,0,0,0
tr|Q2YPB5|Q2YPB5_BRUA2,0,1,0,0
tr|Q2YPB7|Q2YPB7_BRUA2,1,0,0,0
sp|Q2YPB9|Y284_BRUA2,1,0,0,0
tr|Q2YPC0|Q2YPC0_BRUA2,0,0,0,0
tr|Q2YPC4|Q2YPC4_BRUA2,1,0,1,1
tr|Q2YPC5|Q2YPC5_BRUA2,1,1,0,1
tr|Q2YPC6|Q2YPC6_BRUA2,1,0,0,0
tr|Q2YPC7|Q2YPC7_BRUA2,1,0,1,1
tr|Q2YPC8|Q2YPC8_BRUA2,0,0,0,0
tr|Q2YPC9|Q2YPC9_BRUA2,1,0,1,1
tr|Q2YPD0|Q2YPD0_BRUA2,1,1,1,1
tr|Q2YPD9|Q2YPD9_BRUA2,0,0,0,0
tr|Q2YPE0|Q2YPE0_BRUA2,1,1,0,1
tr|Q2YPE1|Q2YPE1_BRUA2,0,0,0,0
tr|Q2YPE3|Q2YPE3_BRUA2,0,0,0,0
tr|Q2YPE4|Q2YPE4_BRUA2,0,0,0,0
tr|Q2YPE5|Q2YPE5_BRUA2,0,0,0,0
tr|Q2YPE7|Q2YPE7_BRUA2,1,1,1,1
tr|Q2YPE8|Q2YPE8_BRUA2,1,0,0,0
tr|Q2YPE9|Q2YPE9_BRUA2,0,0,0,0
tr|Q2YPF0|Q2YPF0_BRUA2,1,1,0,1
tr|Q2YPF1|Q2YPF1_BRUA2,0,0,0,0
tr|Q2YPF2|Q2YPF2_BRUA2,0,1,0,0
tr|Q2YPF4|Q2YPF4_BRUA2,0,0,0,0
tr|Q2YPF5|Q2YPF5_BRUA2,1,1,0,1
tr|Q2YPF7|Q2YPF7_BRUA2,0,0,0,0
tr|Q2YPF8|Q2YPF8_BRUA2,1,0,0,0
tr|Q2YPF9|Q2YPF9_BRUA2,0,0,0,0
tr|Q2YPG1|Q2YPG1_BRUA2,1,1,1,1
tr|Q2YPG2|Q2YPG2_BRUA2,0,0,1,0
tr|Q2YPG4|Q2YPG4_BRUA2,0,0,0,0
tr|Q2YPG5|Q2YPG5_BRUA2,0,0,0,0
tr|Q2YPG6|Q2YPG6_BRUA2,0,0,1,0
tr|Q2YPG7|Q2YPG7_BRUA2,0,0,0,0
tr|Q2YPG8|Q2YPG8_BRUA2,0,1,0,0
sp|Q2YPH0|APAG_BRUA2,1,1,1,1
tr|Q2YPH1|Q2YPH1_BRUA2,1,1,0,1
tr|Q2YPH4|Q2YPH4_BRUA2,1,1,1,1
tr|Q2YPH5|Q2YPH5_BRUA2,1,0,0,0
tr|Q2YPH6|Q2YPH6_BRUA2,0,0,0,0
tr|Q2YPH9|Q2YPH9_BRUA2,1,1,1,1
tr|Q2YPI3|Q2YPI3_BRUA2,0,1,0,0
tr|Q2YPI4|Q2YPI4_BRUA2,0,0,0,0
tr|Q2YPI5|Q2YPI5_BRUA2,0,0,0,0
tr|Q2YPI6|Q2YPI6_BRUA2,0,0,0,0
tr|Q2YPI7|Q2YPI7_BRUA2,0,1,1,1
tr|Q2YPI8|Q2YPI8_BRUA2,0,0,0,0
tr|Q2YPI9|Q2YPI9_BRUA2,1,0,0,0
tr|Q2YPJ3|Q2YPJ3_BRUA2,1,1,0,1
tr|Q2YPJ5|Q2YPJ5_BRUA2,0,0,0,0
tr|Q2YPJ6|Q2YPJ6_BRUA2,0,0,0,0
tr|Q2YPJ7|Q2YPJ7_BRUA2,1,0,0,0
tr|Q2YPJ8|Q2YPJ8_BRUA2,0,0,0,0
tr|Q2YPK0|Q2YPK0_BRUA2,0,1,0,0
tr|Q2YPK3|Q2YPK3_BRUA2,0,0,0,0
sp|Q2YPK5|Y368_BRUA2,0,1,0,0
sp|Q2YPK6|Y366_BRUA2,0,1,0,0
tr|Q2YPK7|Q2YPK7_BRUA2,1,1,1,1
tr|Q2YPK8|Q2YPK8_BRUA2,0,0,0,0
tr|Q2YPL0|Q2YPL0_BRUA2,0,0,0,0
tr|Q2YPL1|Q2YPL1_BRUA2,0,0,0,0
tr|Q2YPL2|Q2YPL2_BRUA2,1,1,1,1
tr|Q2YPL3|Q2YPL3_BRUA2,0,0,1,0
tr|Q2YPL4|Q2YPL4_BRUA2,0,0,0,0
tr|Q2YPL5|Q2YPL5_BRUA2,0,1,0,0
tr|Q2YPL6|Q2YPL6_BRUA2,0,0,0,0
tr|Q2YPL7|Q2YPL7_BRUA2,1,0,0,0
tr|Q2YPL8|Q2YPL8_BRUA2,0,0,0,0
tr|Q2YPL9|Q2YPL9_BRUA2,0,0,0,0
tr|Q2YPM0|Q2YPM0_BRUA2,0,0,0,0
tr|Q2YPM1|Q2YPM1_BRUA2,0,0,0,0
tr|Q2YPM2|Q2YPM2_BRUA2,0,1,0,0
tr|Q2YPM6|Q2YPM6_BRUA2,0,0,0,0
tr|Q2YPM7|Q2YPM7_BRUA2,0,0,0,0
tr|Q2YPN1|Q2YPN1_BRUA2,0,0,0,0
tr|Q2YPN2|Q2YPN2_BRUA2,0,0,0,0
tr|Q2YPN3|Q2YPN3_BRUA2,1,0,0,0
tr|Q2YPN7|Q2YPN7_BRUA2,1,1,1,1
tr|Q2YPN8|Q2YPN8_BRUA2,1,1,0,1
tr|Q2YPN9|Q2YPN9_BRUA2,1,0,0,0
tr|Q2YPP0|Q2YPP0_BRUA2,0,0,0,0
tr|Q2YPP1|Q2YPP1_BRUA2,1,0,1,1
tr|Q2YPP2|Q2YPP2_BRUA2,1,1,1,1
tr|Q2YPP3|Q2YPP3_BRUA2,0,1,1,1
tr|Q2YPP4|Q2YPP4_BRUA2,1,0,0,0
tr|Q2YPP5|Q2YPP5_BRUA2,0,0,0,0
tr|Q2YPP6|Q2YPP6_BRUA2,1,1,1,1
tr|Q2YPP7|Q2YPP7_BRUA2,1,1,1,1
tr|Q2YPP8|Q2YPP8_BRUA2,1,1,1,1
tr|Q2YPP9|Q2YPP9_BRUA2,1,0,1,1
tr|Q2YPQ3|Q2YPQ3_BRUA2,0,0,0,0
tr|Q2YPQ4|Q2YPQ4_BRUA2,1,1,1,1
tr|Q2YPQ6|Q2YPQ6_BRUA2,0,0,0,0
tr|Q2YPQ7|Q2YPQ7_BRUA2,0,0,0,0
tr|Q2YPQ9|Q2YPQ9_BRUA2,0,1,1,1
tr|Q2YPR0|Q2YPR0_BRUA2,1,1,1,1
tr|Q2YPR1|Q2YPR1_BRUA2,0,1,1,1
tr|Q2YPR2|Q2YPR2_BRUA2,0,0,0,0
tr|Q2YPR4|Q2YPR4_BRUA2,0,0,0,0
tr|Q2YPR5|Q2YPR5_BRUA2,1,1,1,1
tr|Q2YPR6|Q2YPR6_BRUA2,1,1,1,1
tr|Q2YPR7|Q2YPR7_BRUA2,0,0,1,0
tr|Q2YPR8|Q2YPR8_BRUA2,1,0,1,1
tr|Q2YPR9|Q2YPR9_BRUA2,1,0,1,1
tr|Q2YPS0|Q2YPS0_BRUA2,1,0,0,0
tr|Q2YPS1|Q2YPS1_BRUA2,0,1,0,0
tr|Q2YPS2|Q2YPS2_BRUA2,0,0,0,0
tr|Q2YPS3|Q2YPS3_BRUA2,0,0,0,0
tr|Q2YPS6|Q2YPS6_BRUA2,0,1,0,0
tr|Q2YPS8|Q2YPS8_BRUA2,1,0,1,1
tr|Q2YPS9|Q2YPS9_BRUA2,0,0,0,0
tr|Q2YPT0|Q2YPT0_BRUA2,0,0,0,0
tr|Q2YPT2|Q2YPT2_BRUA2,0,0,0,0
sp|Q2YPT3|Y1430_BRUA2,0,1,1,1
tr|Q2YPT4|Q2YPT4_BRUA2,0,0,0,0
tr|Q2YPT5|Q2YPT5_BRUA2,0,0,0,0
tr|Q2YPT6|Q2YPT6_BRUA2,1,1,1,1
tr|Q2YPT7|Q2YPT7_BRUA2,0,0,0,0
tr|Q2YPT8|Q2YPT8_BRUA2,1,1,0,1
tr|Q2YPT9|Q2YPT9_BRUA2,0,0,1,0
tr|Q2YPU0|Q2YPU0_BRUA2,0,1,1,1
tr|Q2YPU1|Q2YPU1_BRUA2,0,0,1,0
tr|Q2YPU2|Q2YPU2_BRUA2,0,0,1,0
tr|Q2YPU4|Q2YPU4_BRUA2,0,0,0,0
tr|Q2YPU6|Q2YPU6_BRUA2,0,1,1,1
tr|Q2YPU7|Q2YPU7_BRUA2,0,0,0,0
tr|Q2YPV1|Q2YPV1_BRUA2,0,0,0,0
tr|Q2YPV2|Q2YPV2_BRUA2,0,0,0,0
tr|Q2YPV7|Q2YPV7_BRUA2,0,0,1,0
tr|Q2YPV9|Q2YPV9_BRUA2,0,0,0,0
tr|Q2YPW0|Q2YPW0_BRUA2,1,0,1,1
tr|Q2YPW3|Q2YPW3_BRUA2,0,0,0,0
tr|Q2YPW6|Q2YPW6_BRUA2,0,0,0,0
tr|Q2YPW7|Q2YPW7_BRUA2,0,0,0,0
tr|Q2YPW8|Q2YPW8_BRUA2,1,0,1,1
tr|Q2YPX4|Q2YPX4_BRUA2,1,1,1,1
tr|Q2YPX6|Q2YPX6_BRUA2,1,0,1,1
tr|Q2YPX8|Q2YPX8_BRUA2,0,0,1,0
tr|Q2YPX9|Q2YPX9_BRUA2,0,0,0,0
tr|Q2YPY1|Q2YPY1_BRUA2,0,0,0,0
tr|Q2YPY3|Q2YPY3_BRUA2,0,0,0,0
tr|Q2YPY9|Q2YPY9_BRUA2,0,0,0,0
tr|Q2YPZ0|Q2YPZ0_BRUA2,1,1,0,1
tr|Q2YPZ1|Q2YPZ1_BRUA2,0,0,0,0
tr|Q2YPZ2|Q2YPZ2_BRUA2,0,1,0,0
tr|Q2YPZ3|Q2YPZ3_BRUA2,0,0,0,0
tr|Q2YPZ4|Q2YPZ4_BRUA2,1,1,0,1
tr|Q2YPZ5|Q2YPZ5_BRUA2,0,0,0,0
tr|Q2YPZ6|Q2YPZ6_BRUA2,1,1,1,1
tr|Q2YPZ7|Q2YPZ7_BRUA2,0,0,0,0
tr|Q2YPZ8|Q2YPZ8_BRUA2,0,1,1,1
tr|Q2YPZ9|Q2YPZ9_BRUA2,0,0,0,0
tr|Q2YQ00|Q2YQ00_BRUA2,1,0,0,0
tr|Q2YQ01|Q2YQ01_BRUA2,0,0,0,0
tr|Q2YQ04|Q2YQ04_BRUA2,1,0,0,0
sp|Q2YQ05|YIDD_BRUA2,1,1,0,1
tr|Q2YQ08|Q2YQ08_BRUA2,0,1,1,1
tr|Q2YQ09|Q2YQ09_BRUA2,0,0,0,0
tr|Q2YQ10|Q2YQ10_BRUA2,0,0,0,0
tr|Q2YQ11|Q2YQ11_BRUA2,0,1,1,1
tr|Q2YQ13|Q2YQ13_BRUA2,0,0,0,0
tr|Q2YQ14|Q2YQ14_BRUA2,0,0,0,0
tr|Q2YQ15|Q2YQ15_BRUA2,0,0,0,0
tr|Q2YQ16|Q2YQ16_BRUA2,0,0,0,0
tr|Q2YQ17|Q2YQ17_BRUA2,0,0,0,0
tr|Q2YQ18|Q2YQ18_BRUA2,1,1,1,1
tr|Q2YQ19|Q2YQ19_BRUA2,1,1,1,1
tr|Q2YQ20|Q2YQ20_BRUA2,0,1,0,0
tr|Q2YQ21|Q2YQ21_BRUA2,1,0,0,0
tr|Q2YQ22|Q2YQ22_BRUA2,0,0,1,0
tr|Q2YQ24|Q2YQ24_BRUA2,0,0,0,0
tr|Q2YQ25|Q2YQ25_BRUA2,0,0,0,0
tr|Q2YQ26|Q2YQ26_BRUA2,0,0,0,0
tr|Q2YQ28|Q2YQ28_BRUA2,0,0,0,0
tr|Q2YQ29|Q2YQ29_BRUA2,1,1,1,1
tr|Q2YQ31|Q2YQ31_BRUA2,0,0,0,0
tr|Q2YQ32|Q2YQ32_BRUA2,0,0,0,0
tr|Q2YQ33|Q2YQ33_BRUA2,0,0,0,0
tr|Q2YQ34|Q2YQ34_BRUA2,1,1,1,1
tr|Q2YQ35|Q2YQ35_BRUA2,0,0,1,0
tr|Q2YQ37|Q2YQ37_BRUA2,0,0,0,0
tr|Q2YQ38|Q2YQ38_BRUA2,0,0,0,0
tr|Q2YQ39|Q2YQ39_BRUA2,0,0,0,0
tr|Q2YQ40|Q2YQ40_BRUA2,0,1,1,1
tr|Q2YQ44|Q2YQ44_BRUA2,0,0,0,0
tr|Q2YQ45|Q2YQ45_BRUA2,1,1,1,1
tr|Q2YQ46|Q2YQ46_BRUA2,0,0,0,0
tr|Q2YQ48|Q2YQ48_BRUA2,0,0,1,0
tr|Q2YQ49|Q2YQ49_BRUA2,1,1,0,1
tr|Q2YQ50|Q2YQ50_BRUA2,1,0,0,0
tr|Q2YQ51|Q2YQ51_BRUA2,0,0,0,0
tr|Q2YQ52|Q2YQ52_BRUA2,0,0,0,0
tr|Q2YQ55|Q2YQ55_BRUA2,1,1,1,1
tr|Q2YQ61|Q2YQ61_BRUA2,1,1,1,1
tr|Q2YQ62|Q2YQ62_BRUA2,0,0,1,0
tr|Q2YQ64|Q2YQ64_BRUA2,1,1,1,1
tr|Q2YQ68|Q2YQ68_BRUA2,0,0,0,0
tr|Q2YQ69|Q2YQ69_BRUA2,0,0,0,0
tr|Q2YQ70|Q2YQ70_BRUA2,0,0,0,0
tr|Q2YQ72|Q2YQ72_BRUA2,0,1,0,0
tr|Q2YQ74|Q2YQ74_BRUA2,0,1,1,1
tr|Q2YQ75|Q2YQ75_BRUA2,0,0,0,0
tr|Q2YQ77|Q2YQ77_BRUA2,1,0,0,0
tr|Q2YQ78|Q2YQ78_BRUA2,0,0,0,0
tr|Q2YQ82|Q2YQ82_BRUA2,0,0,0,0
tr|Q2YQ83|Q2YQ83_BRUA2,0,0,0,0
tr|Q2YQ84|Q2YQ84_BRUA2,0,0,1,0
tr|Q2YQ85|Q2YQ85_BRUA2,0,0,1,0
tr|Q2YQ86|Q2YQ86_BRUA2,0,0,0,0
tr|Q2YQ87|Q2YQ87_BRUA2,1,0,0,0
tr|Q2YQ88|Q2YQ88_BRUA2,0,0,0,0
tr|Q2YQ89|Q2YQ89_BRUA2,0,0,0,0
tr|Q2YQ90|Q2YQ90_BRUA2,0,1,1,1
tr|Q2YQ91|Q2YQ91_BRUA2,0,0,0,0
tr|Q2YQ92|Q2YQ92_BRUA2,1,1,1,1
tr|Q2YQ93|Q2YQ93_BRUA2,0,1,0,0
tr|Q2YQ94|Q2YQ94_BRUA2,0,0,1,0
tr|Q2YQ95|Q2YQ95_BRUA2,0,0,0,0
tr|Q2YQ96|Q2YQ96_BRUA2,0,0,1,0
tr|Q2YQ97|Q2YQ97_BRUA2,0,1,1,1
tr|Q2YQ98|Q2YQ98_BRUA2,1,1,0,1
tr|Q2YQ99|Q2YQ99_BRUA2,0,0,0,0
tr|Q2YQA3|Q2YQA3_BRUA2,1,1,1,1
tr|Q2YQA6|Q2YQA6_BRUA2,0,1,1,1
tr|Q2YQA8|Q2YQA8_BRUA2,0,0,0,0
tr|Q2YQA9|Q2YQA9_BRUA2,0,0,0,0
tr|Q2YQB0|Q2YQB0_BRUA2,0,0,0,0
tr|Q2YQB1|Q2YQB1_BRUA2,0,0,0,0
tr|Q2YQB3|Q2YQB3_BRUA2,0,0,0,0
tr|Q2YQB4|Q2YQB4_BRUA2,1,0,0,0
tr|Q2YQB5|Q2YQB5_BRUA2,1,0,0,0
tr|Q2YQB6|Q2YQB6_BRUA2,0,0,0,0
tr|Q2YQB7|Q2YQB7_BRUA2,0,0,1,0
tr|Q2YQB8|Q2YQB8_BRUA2,0,0,0,0
tr|Q2YQB9|Q2YQB9_BRUA2,0,0,1,0
tr|Q2YQC0|Q2YQC0_BRUA2,0,0,1,0
tr|Q2YQC1|Q2YQC1_BRUA2,0,0,0,0
tr|Q2YQC2|Q2YQC2_BRUA2,1,1,1,1
tr|Q2YQC3|Q2YQC3_BRUA2,1,0,1,1
tr|Q2YQC4|Q2YQC4_BRUA2,0,0,0,0
tr|Q2YQC5|Q2YQC5_BRUA2,1,1,1,1
tr|Q2YQC6|Q2YQC6_BRUA2,0,1,1,1
tr|Q2YQC7|Q2YQC7_BRUA2,1,1,1,1
tr|Q2YQC8|Q2YQC8_BRUA2,0,1,1,1
tr|Q2YQC9|Q2YQC9_BRUA2,0,0,0,0
tr|Q2YQD0|Q2YQD0_BRUA2,1,1,1,1
tr|Q2YQD1|Q2YQD1_BRUA2,0,0,0,0
tr|Q2YQD2|Q2YQD2_BRUA2,0,0,1,0
tr|Q2YQD3|Q2YQD3_BRUA2,1,1,1,1
tr|Q2YQD4|Q2YQD4_BRUA2,0,0,0,0
tr|Q2YQE1|Q2YQE1_BRUA2,0,0,0,0
tr|Q2YQE2|Q2YQE2_BRUA2,0,0,0,0
tr|Q2YQE3|Q2YQE3_BRUA2,1,1,1,1
tr|Q2YQE4|Q2YQE4_BRUA2,1,1,1,1
tr|Q2YQE5|Q2YQE5_BRUA2,0,1,0,0
tr|Q2YQE6|Q2YQE6_BRUA2,0,0,0,0
tr|Q2YQE8|Q2YQE8_BRUA2,0,1,0,0
tr|Q2YQE9|Q2YQE9_BRUA2,0,0,0,0
tr|Q2YQF0|Q2YQF0_BRUA2,0,0,0,0
tr|Q2YQF1|Q2YQF1_BRUA2,0,0,0,0
tr|Q2YQF2|Q2YQF2_BRUA2,1,0,0,0
tr|Q2YQF4|Q2YQF4_BRUA2,0,0,0,0
tr|Q2YQF5|Q2YQF5_BRUA2,1,1,1,1
tr|Q2YQF6|Q2YQF6_BRUA2,0,0,0,0
tr|Q2YQF7|Q2YQF7_BRUA2,0,0,0,0
tr|Q2YQF8|Q2YQF8_BRUA2,0,0,0,0
tr|Q2YQG0|Q2YQG0_BRUA2,1,1,1,1
tr|Q2YQG1|Q2YQG1_BRUA2,0,0,0,0
tr|Q2YQG2|Q2YQG2_BRUA2,0,0,0,0
tr|Q2YQG3|Q2YQG3_BRUA2,0,0,0,0
tr|Q2YQG4|Q2YQG4_BRUA2,0,0,0,0
tr|Q2YQG5|Q2YQG5_BRUA2,0,0,0,0
tr|Q2YQG7|Q2YQG7_BRUA2,1,0,1,1
tr|Q2YQG8|Q2YQG8_BRUA2,1,1,1,1
tr|Q2YQG9|Q2YQG9_BRUA2,1,0,0,0
tr|Q2YQH0|Q2YQH0_BRUA2,0,0,0,0
tr|Q2YQH1|Q2YQH1_BRUA2,1,0,0,0
tr|Q2YQH2|Q2YQH2_BRUA2,1,0,0,0
tr|Q2YQH4|Q2YQH4_BRUA2,1,0,0,0
tr|Q2YQH9|Q2YQH9_BRUA2,1,1,1,1
tr|Q2YQI0|Q2YQI0_BRUA2,0,0,0,0
tr|Q2YQI2|Q2YQI2_BRUA2,0,1,1,1
tr|Q2YQI4|Q2YQI4_BRUA2,1,0,0,0
tr|Q2YQI6|Q2YQI6_BRUA2,0,0,0,0
tr|Q2YQI7|Q2YQI7_BRUA2,1,1,1,1
tr|Q2YQI8|Q2YQI8_BRUA2,1,0,0,0
tr|Q2YQI9|Q2YQI9_BRUA2,0,0,0,0
tr|Q2YQJ0|Q2YQJ0_BRUA2,0,1,0,0
tr|Q2YQJ1|Q2YQJ1_BRUA2,0,0,0,0
tr|Q2YQJ2|Q2YQJ2_BRUA2,0,0,0,0
tr|Q2YQJ4|Q2YQJ4_BRUA2,0,1,1,1
tr|Q2YQJ5|Q2YQJ5_BRUA2,0,0,0,0
tr|Q2YQJ6|Q2YQJ6_BRUA2,0,0,0,0
tr|Q2YQJ7|Q2YQJ7_BRUA2,0,1,1,1
tr|Q2YQJ8|Q2YQJ8_BRUA2,0,0,0,0
tr|Q2YQK0|Q2YQK0_BRUA2,1,0,0,0
tr|Q2YQK1|Q2YQK1_BRUA2,1,0,1,1
tr|Q2YQK3|Q2YQK3_BRUA2,1,0,0,0
tr|Q2YQK5|Q2YQK5_BRUA2,0,0,0,0
tr|Q2YQK6|Q2YQK6_BRUA2,0,1,0,0
tr|Q2YQK8|Q2YQK8_BRUA2,0,0,0,0
tr|Q2YQK9|Q2YQK9_BRUA2,0,0,1,0
tr|Q2YQL0|Q2YQL0_BRUA2,0,0,0,0
tr|Q2YQL1|Q2YQL1_BRUA2,0,0,0,0
tr|Q2YQL2|Q2YQL2_BRUA2,1,0,0,0
tr|Q2YQL3|Q2YQL3_BRUA2,0,0,0,0
tr|Q2YQL4|Q2YQL4_BRUA2,0,0,0,0
tr|Q2YQM0|Q2YQM0_BRUA2,0,1,1,1
tr|Q2YQM1|Q2YQM1_BRUA2,0,1,0,0
tr|Q2YQM2|Q2YQM2_BRUA2,1,1,1,1
tr|Q2YQM3|Q2YQM3_BRUA2,0,1,0,0
tr|Q2YQM5|Q2YQM5_BRUA2,0,1,0,0
tr|Q2YQM6|Q2YQM6_BRUA2,0,0,0,0
tr|Q2YQM8|Q2YQM8_BRUA2,1,1,1,1
tr|Q2YQN0|Q2YQN0_BRUA2,1,0,1,1
tr|Q2YQN1|Q2YQN1_BRUA2,0,0,0,0
tr|Q2YQN3|Q2YQN3_BRUA2,0,0,0,0
tr|Q2YQN4|Q2YQN4_BRUA2,0,0,0,0
tr|Q2YQN5|Q2YQN5_BRUA2,1,1,0,1
tr|Q2YQN6|Q2YQN6_BRUA2,0,0,0,0
tr|Q2YQN7|Q2YQN7_BRUA2,0,1,1,1
tr|Q2YQN8|Q2YQN8_BRUA2,1,0,0,0
tr|Q2YQN9|Q2YQN9_BRUA2,1,0,0,0
tr|Q2YQP0|Q2YQP0_BRUA2,0,0,0,0
tr|Q2YQP4|Q2YQP4_BRUA2,0,0,0,0
tr|Q2YQP5|Q2YQP5_BRUA2,1,1,1,1
tr|Q2YQP7|Q2YQP7_BRUA2,0,0,0,0
tr|Q2YQP9|Q2YQP9_BRUA2,0,0,1,0
tr|Q2YQQ0|Q2YQQ0_BRUA2,1,0,0,0
tr|Q2YQQ1|Q2YQQ1_BRUA2,0,1,1,1
tr|Q2YQQ2|Q2YQQ2_BRUA2,1,1,0,1
tr|Q2YQQ3|Q2YQQ3_BRUA2,0,0,0,0
tr|Q2YQQ4|Q2YQQ4_BRUA2,0,0,0,0
tr|Q2YQQ5|Q2YQQ5_BRUA2,1,1,0,1
tr|Q2YQQ6|Q2YQQ6_BRUA2,0,0,0,0
tr|Q2YQQ9|Q2YQQ9_BRUA2,0,1,0,0
tr|Q2YQR1|Q2YQR1_BRUA2,0,0,0,0
tr|Q2YQR2|Q2YQR2_BRUA2,0,0,0,0
tr|Q2YQR8|Q2YQR8_BRUA2,1,1,0,1
tr|Q2YQS3|Q2YQS3_BRUA2,0,0,1,0
tr|Q2YQS5|Q2YQS5_BRUA2,0,0,0,0
tr|Q2YQS7|Q2YQS7_BRUA2,0,0,0,0
tr|Q2YQT0|Q2YQT0_BRUA2,0,0,0,0
tr|Q2YQT1|Q2YQT1_BRUA2,0,0,1,0
tr|Q2YQT2|Q2YQT2_BRUA2,1,0,0,0
tr|Q2YQT4|Q2YQT4_BRUA2,0,0,1,0
tr|Q2YQT5|Q2YQT5_BRUA2,0,1,1,1
tr|Q2YQU1|Q2YQU1_BRUA2,0,1,0,0
tr|Q2YQU2|Q2YQU2_BRUA2,1,0,0,0
tr|Q2YQU3|Q2YQU3_BRUA2,1,1,0,1
tr|Q2YQU5|Q2YQU5_BRUA2,0,0,0,0
tr|Q2YQU7|Q2YQU7_BRUA2,0,1,0,0
tr|Q2YQU8|Q2YQU8_BRUA2,0,0,0,0
tr|Q2YQV0|Q2YQV0_BRUA2,1,0,1,1
tr|Q2YQV3|Q2YQV3_BRUA2,1,1,0,1
tr|Q2YQV6|Q2YQV6_BRUA2,1,0,0,0
tr|Q2YQV9|Q2YQV9_BRUA2,0,0,0,0
tr|Q2YQW0|Q2YQW0_BRUA2,1,0,0,0
tr|Q2YQW1|Q2YQW1_BRUA2,0,0,0,0
tr|Q2YQW2|Q2YQW2_BRUA2,1,0,0,0
tr|Q2YQW3|Q2YQW3_BRUA2,0,0,0,0
tr|Q2YQW6|Q2YQW6_BRUA2,0,0,0,0
tr|Q2YQX0|Q2YQX0_BRUA2,0,0,1,0
tr|Q2YQX1|Q2YQX1_BRUA2,0,0,0,0
tr|Q2YQX3|Q2YQX3_BRUA2,0,0,0,0
tr|Q2YQX4|Q2YQX4_BRUA2,0,0,0,0
tr|Q2YQX5|Q2YQX5_BRUA2,0,0,0,0
tr|Q2YQX6|Q2YQX6_BRUA2,0,0,0,0
tr|Q2YQX7|Q2YQX7_BRUA2,1,1,1,1
tr|Q2YQX9|Q2YQX9_BRUA2,0,0,1,0
tr|Q2YQY0|Q2YQY0_BRUA2,0,0,0,0
tr|Q2YQY1|Q2YQY1_BRUA2,1,1,0,1
tr|Q2YQY2|Q2YQY2_BRUA2,0,0,0,0
tr|Q2YQY4|Q2YQY4_BRUA2,0,0,0,0
tr|Q2YQY5|Q2YQY5_BRUA2,1,1,0,1
tr|Q2YQZ1|Q2YQZ1_BRUA2,1,0,1,1
tr|Q2YQZ5|Q2YQZ5_BRUA2,1,1,1,1
tr|Q2YQZ6|Q2YQZ6_BRUA2,0,1,0,0
tr|Q2YQZ7|Q2YQZ7_BRUA2,1,1,1,1
tr|Q2YQZ9|Q2YQZ9_BRUA2,1,1,1,1
tr|Q2YR00|Q2YR00_BRUA2,1,0,0,0
tr|Q2YR10|Q2YR10_BRUA2,0,0,0,0
tr|Q2YR14|Q2YR14_BRUA2,0,0,0,0
tr|Q2YR15|Q2YR15_BRUA2,0,0,0,0
tr|Q2YR16|Q2YR16_BRUA2,0,0,0,0
tr|Q2YR17|Q2YR17_BRUA2,0,0,1,0
tr|Q2YR18|Q2YR18_BRUA2,1,0,0,0
tr|Q2YR19|Q2YR19_BRUA2,0,0,0,0
tr|Q2YR20|Q2YR20_BRUA2,0,1,0,0
tr|Q2YR21|Q2YR21_BRUA2,0,0,0,0
tr|Q2YR22|Q2YR22_BRUA2,0,0,1,0
tr|Q2YR23|Q2YR23_BRUA2,0,0,0,0
tr|Q2YR24|Q2YR24_BRUA2,1,0,0,0
tr|Q2YR25|Q2YR25_BRUA2,0,1,0,0
tr|Q2YR26|Q2YR26_BRUA2,0,1,0,0
tr|Q2YR27|Q2YR27_BRUA2,0,0,0,0
tr|Q2YR28|Q2YR28_BRUA2,0,0,1,0
tr|Q2YR29|Q2YR29_BRUA2,0,0,1,0
tr|Q2YR30|Q2YR30_BRUA2,1,1,1,1
tr|Q2YR31|Q2YR31_BRUA2,0,1,1,1
tr|Q2YR32|Q2YR32_BRUA2,0,0,0,0
tr|Q2YR33|Q2YR33_BRUA2,0,1,1,1
tr|Q2YR34|Q2YR34_BRUA2,0,0,0,0
tr|Q2YR36|Q2YR36_BRUA2,0,0,0,0
tr|Q2YR37|Q2YR37_BRUA2,0,0,0,0
tr|Q2YR38|Q2YR38_BRUA2,0,1,1,1
tr|Q2YR41|Q2YR41_BRUA2,0,0,0,0
tr|Q2YR44|Q2YR44_BRUA2,0,0,0,0
tr|Q2YR45|Q2YR45_BRUA2,0,0,0,0
tr|Q2YR46|Q2YR46_BRUA2,0,0,0,0
tr|Q2YR47|Q2YR47_BRUA2,0,0,1,0
tr|Q2YR48|Q2YR48_BRUA2,1,1,1,1
tr|Q2YR49|Q2YR49_BRUA2,1,1,0,1
tr|Q2YR50|Q2YR50_BRUA2,0,0,0,0
tr|Q2YR51|Q2YR51_BRUA2,1,1,1,1
tr|Q2YR52|Q2YR52_BRUA2,1,1,0,1
tr|Q2YR54|Q2YR54_BRUA2,0,0,0,0
tr|Q2YR55|Q2YR55_BRUA2,0,0,0,0
tr|Q2YR58|Q2YR58_BRUA2,1,1,1,1
tr|Q2YR59|Q2YR59_BRUA2,1,1,1,1
tr|Q2YR60|Q2YR60_BRUA2,0,0,1,0
tr|Q2YR61|Q2YR61_BRUA2,0,0,1,0
tr|Q2YR62|Q2YR62_BRUA2,1,0,0,0
tr|Q2YR63|Q2YR63_BRUA2,0,0,0,0
tr|Q2YR64|Q2YR64_BRUA2,0,0,0,0
tr|Q2YR65|Q2YR65_BRUA2,1,0,0,0
tr|Q2YR66|Q2YR66_BRUA2,0,1,0,0
tr|Q2YR67|Q2YR67_BRUA2,1,0,0,0
tr|Q2YR69|Q2YR69_BRUA2,0,0,0,0
tr|Q2YR70|Q2YR70_BRUA2,0,0,0,0
tr|Q2YR71|Q2YR71_BRUA2,0,1,0,0
tr|Q2YR73|Q2YR73_BRUA2,1,0,0,0
tr|Q2YR74|Q2YR74_BRUA2,0,0,0,0
tr|Q2YR75|Q2YR75_BRUA2,0,0,0,0
tr|Q2YR77|Q2YR77_BRUA2,0,0,0,0
tr|Q2YR79|Q2YR79_BRUA2,1,0,0,0
tr|Q2YR80|Q2YR80_BRUA2,0,0,0,0
tr|Q2YR82|Q2YR82_BRUA2,0,0,0,0
tr|Q2YR84|Q2YR84_BRUA2,0,0,0,0
tr|Q2YR86|Q2YR86_BRUA2,1,0,1,1
tr|Q2YR88|Q2YR88_BRUA2,0,1,0,0
sp|Q2YR89|Y1980_BRUA2,1,0,1,1
tr|Q2YR90|Q2YR90_BRUA2,0,0,0,0
tr|Q2YR91|Q2YR91_BRUA2,0,0,0,0
tr|Q2YR92|Q2YR92_BRUA2,0,0,1,0
tr|Q2YR97|Q2YR97_BRUA2,0,0,0,0
tr|Q2YR98|Q2YR98_BRUA2,1,1,0,1
tr|Q2YRB1|Q2YRB1_BRUA2,0,0,0,0
tr|Q2YRB2|Q2YRB2_BRUA2,1,1,1,1
tr|Q2YRB3|Q2YRB3_BRUA2,1,0,1,1
tr|Q2YRB5|Q2YRB5_BRUA2,0,0,0,0
tr|Q2YRB6|Q2YRB6_BRUA2,1,0,0,0
tr|Q2YRB7|Q2YRB7_BRUA2,0,0,0,0
tr|Q2YRB8|Q2YRB8_BRUA2,0,0,0,0
tr|Q2YRB9|Q2YRB9_BRUA2,0,0,0,0
tr|Q2YRC0|Q2YRC0_BRUA2,1,0,0,0
tr|Q2YRC1|Q2YRC1_BRUA2,0,0,0,0
tr|Q2YRC2|Q2YRC2_BRUA2,0,0,0,0
tr|Q2YRC5|Q2YRC5_BRUA2,0,0,0,0
tr|Q2YRC6|Q2YRC6_BRUA2,0,0,1,0
tr|Q2YRC7|Q2YRC7_BRUA2,0,0,1,0
tr|Q2YRC8|Q2YRC8_BRUA2,0,0,0,0
tr|Q2YRC9|Q2YRC9_BRUA2,1,0,0,0
tr|Q2YRD3|Q2YRD3_BRUA2,0,0,0,0
tr|Q2YRD5|Q2YRD5_BRUA2,0,0,0,0
tr|Q2YRD6|Q2YRD6_BRUA2,1,1,1,1
tr|Q2YRD8|Q2YRD8_BRUA2,0,1,1,1
tr|Q2YRE2|Q2YRE2_BRUA2,1,0,1,1
tr|Q2YRE3|Q2YRE3_BRUA2,1,1,1,1
tr|Q2YRE4|Q2YRE4_BRUA2,1,0,1,1
tr|Q2YRE5|Q2YRE5_BRUA2,0,1,1,1
tr|Q2YRE7|Q2YRE7_BRUA2,0,0,0,0
tr|Q2YRE8|Q2YRE8_BRUA2,0,0,0,0
tr|Q2YRE9|Q2YRE9_BRUA2,0,0,0,0
tr|Q2YRF0|Q2YRF0_BRUA2,0,0,0,0
tr|Q2YRF1|Q2YRF1_BRUA2,0,0,0,0
sp|Q2YRF2|Y1729_BRUA2,0,0,1,0
tr|Q2YRF5|Q2YRF5_BRUA2,0,0,0,0
tr|Q2YRF6|Q2YRF6_BRUA2,1,0,0,0
tr|Q2YRF7|Q2YRF7_BRUA2,1,1,0,1
tr|Q2YRF8|Q2YRF8_BRUA2,1,1,1,1
sp|Q2YRG1|SFSA_BRUA2,0,0,0,0
tr|Q2YRG2|Q2YRG2_BRUA2,1,0,0,0
tr|Q2YRG3|Q2YRG3_BRUA2,0,0,0,0
tr|Q2YRG5|Q2YRG5_BRUA2,1,0,0,0
tr|Q2YRG6|Q2YRG6_BRUA2,1,1,0,1
tr|Q2YRG9|Q2YRG9_BRUA2,1,0,1,1
tr|Q2YRH2|Q2YRH2_BRUA2,0,0,0,0
tr|Q2YRH3|Q2YRH3_BRUA2,0,0,1,0
tr|Q2YRH4|Q2YRH4_BRUA2,1,0,1,1
tr|Q2YRH5|Q2YRH5_BRUA2,1,1,1,1
tr|Q2YRH6|Q2YRH6_BRUA2,0,0,0,0
tr|Q2YRH7|Q2YRH7_BRUA2,0,0,0,0
tr|Q2YRH8|Q2YRH8_BRUA2,0,0,1,0
tr|Q2YRH9|Q2YRH9_BRUA2,0,0,0,0
tr|Q2YRI0|Q2YRI0_BRUA2,1,1,0,1
tr|Q2YRI1|Q2YRI1_BRUA2,0,0,0,0
tr|Q2YRI2|Q2YRI2_BRUA2,0,0,0,0
tr|Q2YRI4|Q2YRI4_BRUA2,0,0,0,0
tr|Q2YRI5|Q2YRI5_BRUA2,1,1,0,1
tr|Q2YRI6|Q2YRI6_BRUA2,1,1,1,1
tr|Q2YRI7|Q2YRI7_BRUA2,0,0,0,0
tr|Q2YRI8|Q2YRI8_BRUA2,0,0,0,0
tr|Q2YRI9|Q2YRI9_BRUA2,0,0,1,0
sp|Q2YRJ1|RS2_BRUA2,0,0,0,0
tr|Q2YRJ4|Q2YRJ4_BRUA2,0,0,0,0
tr|Q2YRJ5|Q2YRJ5_BRUA2,0,0,0,0
tr|Q2YRJ6|Q2YRJ6_BRUA2,1,0,0,0
tr|Q2YRJ7|Q2YRJ7_BRUA2,0,0,0,0
sp|Q2YRJ8|Y1670_BRUA2,1,1,1,1
tr|Q2YRJ9|Q2YRJ9_BRUA2,0,0,0,0
tr|Q2YRK1|Q2YRK1_BRUA2,0,0,0,0
tr|Q2YRK4|Q2YRK4_BRUA2,0,0,0,0
tr|Q2YRK6|Q2YRK6_BRUA2,0,0,0,0
tr|Q2YRK7|Q2YRK7_BRUA2,0,0,0,0
tr|Q2YRK8|Q2YRK8_BRUA2,0,1,0,0
tr|Q2YRK9|Q2YRK9_BRUA2,1,1,1,1
tr|Q2YRL0|Q2YRL0_BRUA2,0,0,0,0
tr|Q2YRL1|Q2YRL1_BRUA2,1,0,0,0
tr|Q2YRL2|Q2YRL2_BRUA2,1,0,1,1
tr|Q2YRL4|Q2YRL4_BRUA2,0,0,0,0
tr|Q2YRL5|Q2YRL5_BRUA2,0,0,0,0
tr|Q2YRL6|Q2YRL6_BRUA2,1,0,1,1
tr|Q2YRL7|Q2YRL7_BRUA2,1,0,1,1
tr|Q2YRL8|Q2YRL8_BRUA2,0,0,1,0
tr|Q2YRM0|Q2YRM0_BRUA2,1,1,1,1
tr|Q2YRM1|Q2YRM1_BRUA2,1,1,1,1
tr|Q2YRM3|Q2YRM3_BRUA2,1,1,1,1
tr|Q2YRM4|Q2YRM4_BRUA2,0,1,0,0
tr|Q2YRM5|Q2YRM5_BRUA2,0,1,1,1
tr|Q2YRM7|Q2YRM7_BRUA2,0,1,0,0
tr|Q2YRM8|Q2YRM8_BRUA2,0,0,0,0
tr|Q2YRM9|Q2YRM9_BRUA2,0,0,0,0
tr|Q2YRN0|Q2YRN0_BRUA2,0,0,0,0
tr|Q2YRN1|Q2YRN1_BRUA2,0,0,1,0
tr|Q2YRN3|Q2YRN3_BRUA2,1,0,0,0
tr|Q2YRN4|Q2YRN4_BRUA2,0,0,0,0
tr|Q2YRN5|Q2YRN5_BRUA2,0,0,0,0
tr|Q2YRN6|Q2YRN6_BRUA2,0,0,0,0
tr|Q2YRN7|Q2YRN7_BRUA2,1,1,1,1
tr|Q2YRN9|Q2YRN9_BRUA2,0,0,0,0
tr|Q2YRP0|Q2YRP0_BRUA2,0,0,0,0
tr|Q2YRP1|Q2YRP1_BRUA2,1,1,1,1
tr|Q2YRP4|Q2YRP4_BRUA2,0,0,0,0
tr|Q2YRQ1|Q2YRQ1_BRUA2,0,1,1,1
tr|Q2YRQ6|Q2YRQ6_BRUA2,1,1,1,1
tr|Q2YRR0|Q2YRR0_BRUA2,0,0,0,0
tr|Q2YRR8|Q2YRR8_BRUA2,0,0,0,0
tr|Q2YRR9|Q2YRR9_BRUA2,0,0,0,0
tr|Q2YRS0|Q2YRS0_BRUA2,0,0,0,0
tr|Q2YRS1|Q2YRS1_BRUA2,0,1,0,0
tr|Q2YRS2|Q2YRS2_BRUA2,0,0,0,0
tr|Q2YRS3|Q2YRS3_BRUA2,1,0,0,0
tr|Q2YRS4|Q2YRS4_BRUA2,0,1,0,0
tr|Q2YRS5|Q2YRS5_BRUA2,1,0,0,0
tr|Q2YRS6|Q2YRS6_BRUA2,0,0,0,0
tr|Q2YRS7|Q2YRS7_BRUA2,0,0,0,0
tr|Q2YRS9|Q2YRS9_BRUA2,1,1,0,1
tr|Q2YRT0|Q2YRT0_BRUA2,0,1,1,1
tr|Q2YRU4|Q2YRU4_BRUA2,1,1,0,1
tr|Q2YRU5|Q2YRU5_BRUA2,0,1,1,1
tr|Q2YRU6|Q2YRU6_BRUA2,0,0,1,0
tr|Q2YRU9|Q2YRU9_BRUA2,1,1,1,1
tr|Q2YRV1|Q2YRV1_BRUA2,0,0,0,0
tr|Q2YRV2|Q2YRV2_BRUA2,0,0,0,0
tr|Q2YRV5|Q2YRV5_BRUA2,1,1,1,1
tr|Q2YRV6|Q2YRV6_BRUA2,1,0,0,0
tr|Q2YRV7|Q2YRV7_BRUA2,0,0,0,0
tr|Q2YRV8|Q2YRV8_BRUA2,0,0,0,0
tr|Q2YRV9|Q2YRV9_BRUA2,0,0,0,0
tr|Q2YRW1|Q2YRW1_BRUA2,0,0,0,0
tr|Q2YRW2|Q2YRW2_BRUA2,0,0,0,0
tr|Q2YRW3|Q2YRW3_BRUA2,1,1,1,1
tr|Q2YRW4|Q2YRW4_BRUA2,1,0,1,1
tr|Q2YRW6|Q2YRW6_BRUA2,0,0,0,0
tr|Q2YRW7|Q2YRW7_BRUA2,0,0,0,0
tr|Q2YRW8|Q2YRW8_BRUA2,0,0,0,0
tr|Q2YRW9|Q2YRW9_BRUA2,0,0,0,0
tr|Q2YRX0|Q2YRX0_BRUA2,0,0,0,0
tr|Q2YRX1|Q2YRX1_BRUA2,0,0,0,0
tr|Q2YRX2|Q2YRX2_BRUA2,0,0,0,0
tr|Q2YRX3|Q2YRX3_BRUA2,0,0,0,0
tr|Q2YRX4|Q2YRX4_BRUA2,0,0,0,0
tr|Q2YRX5|Q2YRX5_BRUA2,0,0,0,0
tr|Q2YRX6|Q2YRX6_BRUA2,0,0,0,0
tr|Q2YRX7|Q2YRX7_BRUA2,0,0,0,0
tr|Q2YRX8|Q2YRX8_BRUA2,0,0,0,0
tr|Q2YRX9|Q2YRX9_BRUA2,0,0,0,0
tr|Q2YRY0|Q2YRY0_BRUA2,0,1,1,1
tr|Q2YRY1|Q2YRY1_BRUA2,1,1,1,1
tr|Q2YRY2|Q2YRY2_BRUA2,0,0,0,0
tr|Q2YRY3|Q2YRY3_BRUA2,0,0,0,0
tr|Q2YRY4|Q2YRY4_BRUA2,1,1,1,1
tr|Q2YRY6|Q2YRY6_BRUA2,0,0,0,0
tr|Q2YRZ0|Q2YRZ0_BRUA2,1,1,0,1
tr|Q2YRZ1|Q2YRZ1_BRUA2,1,1,1,1
tr|Q2YRZ2|Q2YRZ2_BRUA2,1,1,0,1
tr|Q2YRZ3|Q2YRZ3_BRUA2,1,1,1,1
tr|Q2YRZ4|Q2YRZ4_BRUA2,0,0,0,0
tr|Q2YRZ5|Q2YRZ5_BRUA2,1,1,1,1
tr|Q2YRZ6|Q2YRZ6_BRUA2,0,0,0,0
tr|Q2YRZ7|Q2YRZ7_BRUA2,0,0,0,0
tr|Q2YRZ8|Q2YRZ8_BRUA2,0,0,0,0
tr|Q2YRZ9|Q2YRZ9_BRUA2,0,0,0,0
tr|Q2YS00|Q2YS00_BRUA2,0,0,1,0
tr|Q2YS01|Q2YS01_BRUA2,1,1,1,1
tr|Q2YS02|Q2YS02_BRUA2,0,1,0,0
tr|Q2YS03|Q2YS03_BRUA2,0,1,0,0
tr|Q2YS04|Q2YS04_BRUA2,0,0,0,0
tr|Q2YS05|Q2YS05_BRUA2,0,0,0,0
tr|Q2YS06|Q2YS06_BRUA2,1,0,1,1
tr|Q2YS07|Q2YS07_BRUA2,1,0,0,0
tr|Q2YS08|Q2YS08_BRUA2,0,0,0,0
tr|Q2YS09|Q2YS09_BRUA2,1,0,1,1
tr|Q2YS11|Q2YS11_BRUA2,0,0,0,0
tr|Q2YS12|Q2YS12_BRUA2,0,0,0,0
tr|Q2YS13|Q2YS13_BRUA2,0,0,1,0
tr|Q2YS14|Q2YS14_BRUA2,0,1,0,0
tr|Q2YS15|Q2YS15_BRUA2,1,0,0,0
tr|Q2YS16|Q2YS16_BRUA2,1,0,1,1
tr|Q2YS17|Q2YS17_BRUA2,1,0,0,0
tr|Q2YS18|Q2YS18_BRUA2,0,1,1,1
tr|Q2YS19|Q2YS19_BRUA2,0,1,1,1
tr|Q2YS20|Q2YS20_BRUA2,1,1,1,1
tr|Q2YS21|Q2YS21_BRUA2,0,0,1,0
tr|Q2YS26|Q2YS26_BRUA2,1,0,1,1
tr|Q2YS28|Q2YS28_BRUA2,0,0,1,0
tr|Q2YS29|Q2YS29_BRUA2,1,0,0,0
