protein,xgboost,random_subspace,random forest,fuse 2/3
tr|A0A655MWK2|A0A655MWK2_CHLTH,0,0,0,0
tr|A0A655MYX6|A0A655MYX6_CHLTH,0,0,0,0
tr|A0A655MUP7|A0A655MUP7_CHLTH,0,0,0,0
tr|A0A655MUY5|A0A655MUY5_CHLTH,0,0,0,0
tr|A0A655MVC1|A0A655MVC1_CHLTH,0,0,0,0
tr|A0A655MVM2|A0A655MVM2_CHLTH,1,0,0,0
tr|A0A655MVP6|A0A655MVP6_CHLTH,0,0,0,0
tr|A0A655MVQ3|A0A655MVQ3_CHLTH,0,0,1,0
tr|A0A655MVV5|A0A655MVV5_CHLTH,1,1,1,1
tr|A0A655MVW4|A0A655MVW4_CHLTH,0,0,0,0
tr|A0A655MW19|A0A655MW19_CHLTH,1,1,0,1
tr|A0A655MW31|A0A655MW31_CHLTH,0,0,0,0
tr|A0A655MW58|A0A655MW58_CHLTH,0,0,0,0
tr|A0A655MW69|A0A655MW69_CHLTH,0,0,0,0
tr|A0A655MW99|A0A655MW99_CHLTH,1,0,0,0
tr|A0A655MWG7|A0A655MWG7_CHLTH,0,0,0,0
tr|A0A655MWP9|A0A655MWP9_CHLTH,0,0,0,0
tr|A0A655MWS5|A0A655MWS5_CHLTH,1,1,0,1
tr|A0A655MWV0|A0A655MWV0_CHLTH,1,0,1,1
tr|A0A655MXA2|A0A655MXA2_CHLTH,0,0,0,0
tr|A0A655MXP8|A0A655MXP8_CHLTH,0,0,0,0
tr|A0A655MXR6|A0A655MXR6_CHLTH,0,0,0,0
tr|A0A655MY52|A0A655MY52_CHLTH,0,0,0,0
tr|A0A655MY99|A0A655MY99_CHLTH,0,0,0,0
tr|A0A655MYK4|A0A655MYK4_CHLTH,0,0,0,0
tr|A0A655MZ22|A0A655MZ22_CHLTH,0,0,0,0
tr|A0A655N0R0|A0A655N0R0_CHLTH,0,0,0,0
tr|A0A655N1J4|A0A655N1J4_CHLTH,1,1,1,1
tr|A0A655N1K3|A0A655N1K3_CHLTH,1,0,0,0
tr|A0A655MUS6|A0A655MUS6_CHLTH,0,1,1,1
tr|A0A655MV07|A0A655MV07_CHLTH,0,0,0,0
tr|A0A655MV52|A0A655MV52_CHLTH,0,0,0,0
tr|A0A655MV58|A0A655MV58_CHLTH,0,1,0,0
tr|A0A655MV78|A0A655MV78_CHLTH,0,0,0,0
tr|A0A655MVA9|A0A655MVA9_CHLTH,1,1,1,1
tr|A0A655MVD0|A0A655MVD0_CHLTH,0,0,0,0
tr|A0A655MVF8|A0A655MVF8_CHLTH,0,0,1,0
tr|A0A655MVI5|A0A655MVI5_CHLTH,0,0,0,0
tr|A0A655MVM3|A0A655MVM3_CHLTH,0,0,0,0
tr|A0A655MVP2|A0A655MVP2_CHLTH,0,0,0,0
tr|A0A655MVQ6|A0A655MVQ6_CHLTH,0,0,0,0
tr|A0A655MVR1|A0A655MVR1_CHLTH,0,0,0,0
tr|A0A655MVS5|A0A655MVS5_CHLTH,1,0,0,0
tr|A0A655MVW7|A0A655MVW7_CHLTH,0,0,0,0
tr|A0A655MVW9|A0A655MVW9_CHLTH,0,0,0,0
tr|A0A655MVX9|A0A655MVX9_CHLTH,0,0,0,0
tr|A0A655MVY2|A0A655MVY2_CHLTH,0,0,0,0
tr|A0A655MW46|A0A655MW46_CHLTH,0,0,0,0
tr|A0A655MW59|A0A655MW59_CHLTH,1,1,1,1
tr|A0A655MW92|A0A655MW92_CHLTH,1,0,1,1
tr|A0A655MWA1|A0A655MWA1_CHLTH,1,1,1,1
tr|A0A655MWA7|A0A655MWA7_CHLTH,0,0,0,0
tr|A0A655MWA8|A0A655MWA8_CHLTH,1,1,1,1
tr|A0A655MWC7|A0A655MWC7_CHLTH,1,1,1,1
tr|A0A655MWE0|A0A655MWE0_CHLTH,1,0,0,0
tr|A0A655MWE3|A0A655MWE3_CHLTH,1,0,1,1
tr|A0A655MWI0|A0A655MWI0_CHLTH,0,0,0,0
tr|A0A655MWL5|A0A655MWL5_CHLTH,1,1,1,1
tr|A0A655MWQ5|A0A655MWQ5_CHLTH,0,0,0,0
tr|A0A655MWQ8|A0A655MWQ8_CHLTH,1,0,0,0
tr|A0A655MWR9|A0A655MWR9_CHLTH,0,0,1,0
tr|A0A655MWU7|A0A655MWU7_CHLTH,1,0,0,0
tr|A0A655MWU9|A0A655MWU9_CHLTH,1,0,0,0
tr|A0A655MWW4|A0A655MWW4_CHLTH,0,0,0,0
tr|A0A655MWW8|A0A655MWW8_CHLTH,0,0,0,0
tr|A0A655MX27|A0A655MX27_CHLTH,1,0,0,0
tr|A0A655MX66|A0A655MX66_CHLTH,0,0,0,0
tr|A0A655MX75|A0A655MX75_CHLTH,0,0,0,0
tr|A0A655MXB2|A0A655MXB2_CHLTH,0,0,0,0
tr|A0A655MXD5|A0A655MXD5_CHLTH,0,0,0,0
tr|A0A655MXD6|A0A655MXD6_CHLTH,0,0,0,0
tr|A0A655MXG3|A0A655MXG3_CHLTH,0,0,1,0
tr|A0A655MXR2|A0A655MXR2_CHLTH,1,0,0,0
tr|A0A655MXT1|A0A655MXT1_CHLTH,0,0,0,0
tr|A0A655MXT6|A0A655MXT6_CHLTH,0,0,0,0
tr|A0A655MY35|A0A655MY35_CHLTH,0,0,0,0
tr|A0A655MY55|A0A655MY55_CHLTH,1,0,1,1
tr|A0A655MY92|A0A655MY92_CHLTH,0,0,1,0
tr|A0A655MYC0|A0A655MYC0_CHLTH,0,0,0,0
tr|A0A655MYE5|A0A655MYE5_CHLTH,1,0,1,1
tr|A0A655MYG1|A0A655MYG1_CHLTH,0,0,0,0
tr|A0A655MYL7|A0A655MYL7_CHLTH,0,0,1,0
tr|A0A655MYM9|A0A655MYM9_CHLTH,1,0,0,0
tr|A0A655MYP4|A0A655MYP4_CHLTH,1,0,1,1
tr|A0A655MYU2|A0A655MYU2_CHLTH,0,1,0,0
tr|A0A655MYZ0|A0A655MYZ0_CHLTH,0,0,0,0
tr|A0A655MZ21|A0A655MZ21_CHLTH,0,0,0,0
tr|A0A655MZ31|A0A655MZ31_CHLTH,0,0,0,0
tr|A0A655MZA5|A0A655MZA5_CHLTH,0,0,0,0
tr|A0A655MZI3|A0A655MZI3_CHLTH,0,0,0,0
tr|A0A655MZN2|A0A655MZN2_CHLTH,0,0,0,0
tr|A0A655MZP2|A0A655MZP2_CHLTH,1,0,0,0
tr|A0A655MZT5|A0A655MZT5_CHLTH,1,0,0,0
tr|A0A655MZY7|A0A655MZY7_CHLTH,1,1,1,1
tr|A0A655N081|A0A655N081_CHLTH,0,0,0,0
tr|A0A655N0C4|A0A655N0C4_CHLTH,1,0,1,1
tr|A0A655N0Y5|A0A655N0Y5_CHLTH,1,0,0,0
tr|A0A655N129|A0A655N129_CHLTH,0,0,0,0
tr|A0A655N172|A0A655N172_CHLTH,0,0,0,0
tr|A0A655N1V4|A0A655N1V4_CHLTH,0,0,0,0
tr|A0A655N1Z1|A0A655N1Z1_CHLTH,0,0,0,0
tr|A0A655N204|A0A655N204_CHLTH,0,1,1,1
tr|A0A655N253|A0A655N253_CHLTH,0,0,0,0
tr|A0A655N2H8|A0A655N2H8_CHLTH,1,0,0,0
tr|A0A655N2S4|A0A655N2S4_CHLTH,1,0,0,0
tr|A0A655N2W4|A0A655N2W4_CHLTH,0,0,0,0
tr|A0A655N302|A0A655N302_CHLTH,0,0,0,0
tr|A0A655N3M4|A0A655N3M4_CHLTH,0,0,0,0
tr|A0A655N4R3|A0A655N4R3_CHLTH,0,0,0,0
tr|Q1WG78|Q1WG78_CHLTH,0,0,0,0
tr|Q79RG8|Q79RG8_CHLTH,1,0,0,0
tr|Q8KHT4|Q8KHT4_CHLTH,1,0,0,0
tr|A0A655MUL5|A0A655MUL5_CHLTH,0,0,0,0
tr|A0A655MUN0|A0A655MUN0_CHLTH,0,0,0,0
tr|A0A655MUP0|A0A655MUP0_CHLTH,0,0,0,0
tr|A0A655MUU1|A0A655MUU1_CHLTH,0,0,1,0
tr|A0A655MUU6|A0A655MUU6_CHLTH,0,0,0,0
tr|A0A655MUW5|A0A655MUW5_CHLTH,0,0,0,0
tr|A0A655MUX4|A0A655MUX4_CHLTH,0,0,1,0
tr|A0A655MV13|A0A655MV13_CHLTH,0,0,0,0
tr|A0A655MV17|A0A655MV17_CHLTH,1,0,1,1
tr|A0A655MV23|A0A655MV23_CHLTH,0,0,0,0
tr|A0A655MV25|A0A655MV25_CHLTH,1,0,1,1
tr|A0A655MV34|A0A655MV34_CHLTH,0,0,0,0
tr|A0A655MV35|A0A655MV35_CHLTH,0,1,0,0
tr|A0A655MV41|A0A655MV41_CHLTH,0,0,1,0
tr|A0A655MV45|A0A655MV45_CHLTH,0,0,0,0
tr|A0A655MV62|A0A655MV62_CHLTH,0,0,0,0
tr|A0A655MV68|A0A655MV68_CHLTH,1,1,1,1
tr|A0A655MV71|A0A655MV71_CHLTH,0,0,0,0
tr|A0A655MV79|A0A655MV79_CHLTH,0,0,0,0
tr|A0A655MV88|A0A655MV88_CHLTH,0,0,0,0
tr|A0A655MV97|A0A655MV97_CHLTH,0,0,0,0
tr|A0A655MV98|A0A655MV98_CHLTH,0,0,0,0
tr|A0A655MVB0|A0A655MVB0_CHLTH,0,0,0,0
tr|A0A655MVC2|A0A655MVC2_CHLTH,1,0,0,0
tr|A0A655MVD2|A0A655MVD2_CHLTH,0,0,0,0
tr|A0A655MVD6|A0A655MVD6_CHLTH,0,1,1,1
tr|A0A655MVE7|A0A655MVE7_CHLTH,0,0,0,0
tr|A0A655MVE9|A0A655MVE9_CHLTH,0,0,0,0
tr|A0A655MVF7|A0A655MVF7_CHLTH,0,1,1,1
tr|A0A655MVG2|A0A655MVG2_CHLTH,0,0,0,0
tr|A0A655MVG7|A0A655MVG7_CHLTH,0,0,0,0
tr|A0A655MVG8|A0A655MVG8_CHLTH,0,0,0,0
tr|A0A655MVH1|A0A655MVH1_CHLTH,0,0,0,0
tr|A0A655MVH6|A0A655MVH6_CHLTH,1,1,0,1
tr|A0A655MVH8|A0A655MVH8_CHLTH,1,0,0,0
tr|A0A655MVH9|A0A655MVH9_CHLTH,0,0,0,0
tr|A0A655MVI8|A0A655MVI8_CHLTH,0,1,0,0
tr|A0A655MVI9|A0A655MVI9_CHLTH,0,0,0,0
tr|A0A655MVJ5|A0A655MVJ5_CHLTH,0,0,0,0
tr|A0A655MVJ9|A0A655MVJ9_CHLTH,0,0,0,0
tr|A0A655MVK4|A0A655MVK4_CHLTH,0,0,0,0
tr|A0A655MVK5|A0A655MVK5_CHLTH,0,0,0,0
tr|A0A655MVK8|A0A655MVK8_CHLTH,0,1,0,0
tr|A0A655MVL0|A0A655MVL0_CHLTH,0,1,0,0
tr|A0A655MVL5|A0A655MVL5_CHLTH,0,0,0,0
tr|A0A655MVL6|A0A655MVL6_CHLTH,0,0,0,0
tr|A0A655MVL7|A0A655MVL7_CHLTH,0,0,0,0
tr|A0A655MVL9|A0A655MVL9_CHLTH,1,1,0,1
tr|A0A655MVM0|A0A655MVM0_CHLTH,0,0,0,0
tr|A0A655MVM5|A0A655MVM5_CHLTH,0,0,0,0
tr|A0A655MVM9|A0A655MVM9_CHLTH,0,0,0,0
tr|A0A655MVN0|A0A655MVN0_CHLTH,0,0,0,0
tr|A0A655MVN2|A0A655MVN2_CHLTH,0,1,1,1
tr|A0A655MVN3|A0A655MVN3_CHLTH,0,0,1,0
tr|A0A655MVN7|A0A655MVN7_CHLTH,1,0,0,0
tr|A0A655MVP0|A0A655MVP0_CHLTH,0,0,0,0
tr|A0A655MVP3|A0A655MVP3_CHLTH,1,0,0,0
tr|A0A655MVQ0|A0A655MVQ0_CHLTH,1,0,1,1
tr|A0A655MVQ2|A0A655MVQ2_CHLTH,0,0,1,0
tr|A0A655MVQ5|A0A655MVQ5_CHLTH,0,0,0,0
tr|A0A655MVR0|A0A655MVR0_CHLTH,0,0,0,0
tr|A0A655MVR5|A0A655MVR5_CHLTH,1,0,0,0
tr|A0A655MVR6|A0A655MVR6_CHLTH,0,0,0,0
tr|A0A655MVS0|A0A655MVS0_CHLTH,1,0,0,0
tr|A0A655MVS1|A0A655MVS1_CHLTH,0,0,0,0
tr|A0A655MVS7|A0A655MVS7_CHLTH,0,0,0,0
tr|A0A655MVS9|A0A655MVS9_CHLTH,0,0,0,0
tr|A0A655MVT2|A0A655MVT2_CHLTH,0,0,0,0
tr|A0A655MVT4|A0A655MVT4_CHLTH,0,1,1,1
tr|A0A655MVT6|A0A655MVT6_CHLTH,1,0,1,1
tr|A0A655MVT7|A0A655MVT7_CHLTH,0,0,0,0
tr|A0A655MVT8|A0A655MVT8_CHLTH,0,0,0,0
tr|A0A655MVU1|A0A655MVU1_CHLTH,1,0,0,0
tr|A0A655MVU2|A0A655MVU2_CHLTH,0,0,1,0
tr|A0A655MVU4|A0A655MVU4_CHLTH,0,0,0,0
tr|A0A655MVU7|A0A655MVU7_CHLTH,1,0,0,0
tr|A0A655MVU8|A0A655MVU8_CHLTH,0,0,0,0
tr|A0A655MVU9|A0A655MVU9_CHLTH,1,0,0,0
tr|A0A655MVV2|A0A655MVV2_CHLTH,0,0,0,0
tr|A0A655MVV4|A0A655MVV4_CHLTH,0,0,0,0
tr|A0A655MVV7|A0A655MVV7_CHLTH,0,0,0,0
tr|A0A655MVW0|A0A655MVW0_CHLTH,0,0,0,0
tr|A0A655MVW6|A0A655MVW6_CHLTH,0,1,0,0
tr|A0A655MVW8|A0A655MVW8_CHLTH,1,0,0,0
tr|A0A655MVX0|A0A655MVX0_CHLTH,0,1,0,0
tr|A0A655MVX3|A0A655MVX3_CHLTH,0,0,0,0
tr|A0A655MVX5|A0A655MVX5_CHLTH,0,0,0,0
tr|A0A655MVX8|A0A655MVX8_CHLTH,0,0,0,0
tr|A0A655MVY0|A0A655MVY0_CHLTH,1,0,0,0
tr|A0A655MVY5|A0A655MVY5_CHLTH,0,1,1,1
tr|A0A655MVY6|A0A655MVY6_CHLTH,0,1,0,0
tr|A0A655MVY9|A0A655MVY9_CHLTH,0,0,0,0
tr|A0A655MVZ1|A0A655MVZ1_CHLTH,0,0,0,0
tr|A0A655MVZ2|A0A655MVZ2_CHLTH,0,0,0,0
tr|A0A655MVZ4|A0A655MVZ4_CHLTH,0,0,0,0
tr|A0A655MW01|A0A655MW01_CHLTH,0,0,0,0
tr|A0A655MW02|A0A655MW02_CHLTH,0,0,0,0
tr|A0A655MW04|A0A655MW04_CHLTH,0,0,0,0
tr|A0A655MW06|A0A655MW06_CHLTH,1,0,0,0
tr|A0A655MW07|A0A655MW07_CHLTH,0,0,0,0
tr|A0A655MW08|A0A655MW08_CHLTH,1,0,1,1
tr|A0A655MW09|A0A655MW09_CHLTH,1,1,1,1
tr|A0A655MW12|A0A655MW12_CHLTH,0,0,0,0
tr|A0A655MW15|A0A655MW15_CHLTH,0,0,0,0
tr|A0A655MW16|A0A655MW16_CHLTH,1,1,0,1
tr|A0A655MW17|A0A655MW17_CHLTH,0,0,0,0
tr|A0A655MW18|A0A655MW18_CHLTH,0,0,0,0
tr|A0A655MW22|A0A655MW22_CHLTH,1,0,0,0
tr|A0A655MW25|A0A655MW25_CHLTH,1,1,1,1
tr|A0A655MW27|A0A655MW27_CHLTH,1,0,1,1
tr|A0A655MW28|A0A655MW28_CHLTH,0,0,0,0
tr|A0A655MW30|A0A655MW30_CHLTH,0,0,0,0
tr|A0A655MW32|A0A655MW32_CHLTH,1,1,0,1
tr|A0A655MW36|A0A655MW36_CHLTH,1,0,0,0
tr|A0A655MW38|A0A655MW38_CHLTH,0,0,0,0
tr|A0A655MW39|A0A655MW39_CHLTH,0,1,0,0
tr|A0A655MW40|A0A655MW40_CHLTH,0,0,0,0
tr|A0A655MW43|A0A655MW43_CHLTH,0,0,0,0
tr|A0A655MW44|A0A655MW44_CHLTH,1,0,0,0
tr|A0A655MW48|A0A655MW48_CHLTH,0,0,0,0
tr|A0A655MW49|A0A655MW49_CHLTH,0,0,1,0
tr|A0A655MW50|A0A655MW50_CHLTH,1,0,0,0
tr|A0A655MW51|A0A655MW51_CHLTH,0,0,1,0
tr|A0A655MW52|A0A655MW52_CHLTH,0,0,0,0
tr|A0A655MW57|A0A655MW57_CHLTH,1,1,1,1
tr|A0A655MW60|A0A655MW60_CHLTH,0,0,0,0
tr|A0A655MW61|A0A655MW61_CHLTH,0,0,0,0
tr|A0A655MW64|A0A655MW64_CHLTH,1,1,1,1
tr|A0A655MW67|A0A655MW67_CHLTH,0,0,0,0
tr|A0A655MW68|A0A655MW68_CHLTH,1,0,0,0
tr|A0A655MW70|A0A655MW70_CHLTH,1,0,1,1
tr|A0A655MW73|A0A655MW73_CHLTH,0,0,0,0
tr|A0A655MW74|A0A655MW74_CHLTH,0,0,0,0
tr|A0A655MW75|A0A655MW75_CHLTH,1,0,1,1
tr|A0A655MW77|A0A655MW77_CHLTH,0,0,0,0
tr|A0A655MW78|A0A655MW78_CHLTH,0,0,0,0
tr|A0A655MW79|A0A655MW79_CHLTH,0,0,0,0
tr|A0A655MW81|A0A655MW81_CHLTH,0,0,0,0
tr|A0A655MW82|A0A655MW82_CHLTH,1,1,1,1
tr|A0A655MW85|A0A655MW85_CHLTH,1,1,1,1
tr|A0A655MW87|A0A655MW87_CHLTH,0,0,0,0
tr|A0A655MW88|A0A655MW88_CHLTH,1,1,1,1
tr|A0A655MW89|A0A655MW89_CHLTH,0,0,0,0
tr|A0A655MW91|A0A655MW91_CHLTH,0,0,1,0
tr|A0A655MW94|A0A655MW94_CHLTH,0,0,0,0
tr|A0A655MW96|A0A655MW96_CHLTH,0,0,0,0
tr|A0A655MW98|A0A655MW98_CHLTH,1,0,1,1
tr|A0A655MWA0|A0A655MWA0_CHLTH,0,0,1,0
tr|A0A655MWA4|A0A655MWA4_CHLTH,0,1,1,1
tr|A0A655MWA6|A0A655MWA6_CHLTH,0,0,1,0
tr|A0A655MWB1|A0A655MWB1_CHLTH,1,0,0,0
tr|A0A655MWB2|A0A655MWB2_CHLTH,0,0,0,0
tr|A0A655MWB4|A0A655MWB4_CHLTH,0,0,0,0
tr|A0A655MWB6|A0A655MWB6_CHLTH,1,0,0,0
tr|A0A655MWB7|A0A655MWB7_CHLTH,0,0,1,0
tr|A0A655MWB8|A0A655MWB8_CHLTH,0,0,0,0
tr|A0A655MWC2|A0A655MWC2_CHLTH,1,0,0,0
tr|A0A655MWC3|A0A655MWC3_CHLTH,0,0,0,0
tr|A0A655MWC4|A0A655MWC4_CHLTH,0,0,0,0
tr|A0A655MWC6|A0A655MWC6_CHLTH,1,0,1,1
tr|A0A655MWC9|A0A655MWC9_CHLTH,0,0,0,0
tr|A0A655MWD1|A0A655MWD1_CHLTH,1,1,0,1
tr|A0A655MWD2|A0A655MWD2_CHLTH,1,0,0,0
tr|A0A655MWD3|A0A655MWD3_CHLTH,1,0,1,1
tr|A0A655MWD6|A0A655MWD6_CHLTH,0,0,1,0
tr|A0A655MWD7|A0A655MWD7_CHLTH,1,0,0,0
tr|A0A655MWE1|A0A655MWE1_CHLTH,0,0,0,0
tr|A0A655MWE2|A0A655MWE2_CHLTH,0,0,0,0
tr|A0A655MWE6|A0A655MWE6_CHLTH,0,0,0,0
tr|A0A655MWE7|A0A655MWE7_CHLTH,0,0,0,0
tr|A0A655MWE8|A0A655MWE8_CHLTH,1,0,1,1
tr|A0A655MWE9|A0A655MWE9_CHLTH,0,0,0,0
tr|A0A655MWF0|A0A655MWF0_CHLTH,1,0,1,1
tr|A0A655MWF5|A0A655MWF5_CHLTH,1,1,1,1
tr|A0A655MWF6|A0A655MWF6_CHLTH,0,0,1,0
tr|A0A655MWF7|A0A655MWF7_CHLTH,0,0,0,0
tr|A0A655MWF9|A0A655MWF9_CHLTH,0,0,0,0
tr|A0A655MWG0|A0A655MWG0_CHLTH,0,0,0,0
tr|A0A655MWG1|A0A655MWG1_CHLTH,1,0,0,0
tr|A0A655MWG5|A0A655MWG5_CHLTH,1,1,1,1
tr|A0A655MWG6|A0A655MWG6_CHLTH,0,0,0,0
tr|A0A655MWG8|A0A655MWG8_CHLTH,0,1,1,1
tr|A0A655MWH0|A0A655MWH0_CHLTH,1,0,1,1
tr|A0A655MWH3|A0A655MWH3_CHLTH,0,0,0,0
tr|A0A655MWH4|A0A655MWH4_CHLTH,0,1,1,1
tr|A0A655MWH6|A0A655MWH6_CHLTH,0,0,1,0
tr|A0A655MWH7|A0A655MWH7_CHLTH,1,0,1,1
tr|A0A655MWH9|A0A655MWH9_CHLTH,1,1,1,1
tr|A0A655MWI1|A0A655MWI1_CHLTH,0,0,1,0
tr|A0A655MWI3|A0A655MWI3_CHLTH,1,0,1,1
tr|A0A655MWI6|A0A655MWI6_CHLTH,0,0,1,0
tr|A0A655MWI7|A0A655MWI7_CHLTH,0,0,1,0
tr|A0A655MWI8|A0A655MWI8_CHLTH,0,1,1,1
tr|A0A655MWI9|A0A655MWI9_CHLTH,1,0,0,0
tr|A0A655MWJ0|A0A655MWJ0_CHLTH,0,0,0,0
tr|A0A655MWJ2|A0A655MWJ2_CHLTH,1,1,0,1
tr|A0A655MWJ4|A0A655MWJ4_CHLTH,0,0,0,0
tr|A0A655MWJ7|A0A655MWJ7_CHLTH,0,0,0,0
tr|A0A655MWJ8|A0A655MWJ8_CHLTH,1,0,1,1
tr|A0A655MWJ9|A0A655MWJ9_CHLTH,0,0,0,0
tr|A0A655MWK1|A0A655MWK1_CHLTH,0,0,0,0
tr|A0A655MWK4|A0A655MWK4_CHLTH,0,0,0,0
tr|A0A655MWK6|A0A655MWK6_CHLTH,1,1,1,1
tr|A0A655MWK7|A0A655MWK7_CHLTH,0,0,0,0
tr|A0A655MWK8|A0A655MWK8_CHLTH,0,0,0,0
tr|A0A655MWL2|A0A655MWL2_CHLTH,0,1,1,1
tr|A0A655MWL7|A0A655MWL7_CHLTH,1,1,0,1
tr|A0A655MWL8|A0A655MWL8_CHLTH,0,0,0,0
tr|A0A655MWL9|A0A655MWL9_CHLTH,0,0,1,0
tr|A0A655MWM1|A0A655MWM1_CHLTH,0,0,0,0
tr|A0A655MWM4|A0A655MWM4_CHLTH,0,0,1,0
tr|A0A655MWM8|A0A655MWM8_CHLTH,0,1,0,0
tr|A0A655MWM9|A0A655MWM9_CHLTH,0,0,0,0
tr|A0A655MWN0|A0A655MWN0_CHLTH,0,1,0,0
tr|A0A655MWN1|A0A655MWN1_CHLTH,0,0,0,0
tr|A0A655MWN2|A0A655MWN2_CHLTH,0,0,0,0
tr|A0A655MWN4|A0A655MWN4_CHLTH,0,1,0,0
tr|A0A655MWN7|A0A655MWN7_CHLTH,1,0,1,1
tr|A0A655MWN8|A0A655MWN8_CHLTH,1,1,1,1
tr|A0A655MWP0|A0A655MWP0_CHLTH,0,0,0,0
tr|A0A655MWP2|A0A655MWP2_CHLTH,0,1,0,0
tr|A0A655MWP4|A0A655MWP4_CHLTH,1,1,1,1
tr|A0A655MWP5|A0A655MWP5_CHLTH,0,0,1,0
tr|A0A655MWP7|A0A655MWP7_CHLTH,0,0,0,0
tr|A0A655MWP8|A0A655MWP8_CHLTH,0,0,0,0
tr|A0A655MWQ0|A0A655MWQ0_CHLTH,0,0,1,0
tr|A0A655MWQ6|A0A655MWQ6_CHLTH,0,0,0,0
tr|A0A655MWQ7|A0A655MWQ7_CHLTH,1,1,1,1
tr|A0A655MWQ9|A0A655MWQ9_CHLTH,1,0,0,0
tr|A0A655MWR5|A0A655MWR5_CHLTH,0,0,0,0
tr|A0A655MWR6|A0A655MWR6_CHLTH,0,1,0,0
tr|A0A655MWR7|A0A655MWR7_CHLTH,0,1,0,0
tr|A0A655MWS1|A0A655MWS1_CHLTH,0,1,0,0
tr|A0A655MWS3|A0A655MWS3_CHLTH,1,0,1,1
tr|A0A655MWS7|A0A655MWS7_CHLTH,0,0,0,0
tr|A0A655MWS8|A0A655MWS8_CHLTH,1,0,0,0
tr|A0A655MWT0|A0A655MWT0_CHLTH,0,1,0,0
tr|A0A655MWT1|A0A655MWT1_CHLTH,0,0,0,0
tr|A0A655MWT7|A0A655MWT7_CHLTH,0,0,0,0
tr|A0A655MWT8|A0A655MWT8_CHLTH,0,0,1,0
tr|A0A655MWT9|A0A655MWT9_CHLTH,1,0,1,1
tr|A0A655MWU0|A0A655MWU0_CHLTH,1,0,0,0
tr|A0A655MWU1|A0A655MWU1_CHLTH,1,1,1,1
tr|A0A655MWU3|A0A655MWU3_CHLTH,1,0,0,0
tr|A0A655MWU8|A0A655MWU8_CHLTH,1,1,1,1
tr|A0A655MWV3|A0A655MWV3_CHLTH,0,1,1,1
tr|A0A655MWV7|A0A655MWV7_CHLTH,0,0,0,0
tr|A0A655MWV8|A0A655MWV8_CHLTH,1,1,1,1
tr|A0A655MWV9|A0A655MWV9_CHLTH,1,1,1,1
tr|A0A655MWW1|A0A655MWW1_CHLTH,0,1,0,0
tr|A0A655MWW2|A0A655MWW2_CHLTH,0,0,1,0
tr|A0A655MWW5|A0A655MWW5_CHLTH,0,0,1,0
tr|A0A655MWW9|A0A655MWW9_CHLTH,1,0,1,1
tr|A0A655MWX1|A0A655MWX1_CHLTH,0,0,0,0
tr|A0A655MWX3|A0A655MWX3_CHLTH,0,0,1,0
tr|A0A655MWX5|A0A655MWX5_CHLTH,0,0,0,0
tr|A0A655MWX6|A0A655MWX6_CHLTH,0,0,0,0
tr|A0A655MWX7|A0A655MWX7_CHLTH,0,0,0,0
tr|A0A655MWY0|A0A655MWY0_CHLTH,0,0,1,0
tr|A0A655MWY2|A0A655MWY2_CHLTH,1,0,1,1
tr|A0A655MWY3|A0A655MWY3_CHLTH,0,0,0,0
tr|A0A655MWY4|A0A655MWY4_CHLTH,0,0,0,0
tr|A0A655MWY5|A0A655MWY5_CHLTH,1,0,0,0
tr|A0A655MWY6|A0A655MWY6_CHLTH,0,1,0,0
tr|A0A655MWZ0|A0A655MWZ0_CHLTH,1,0,1,1
tr|A0A655MWZ1|A0A655MWZ1_CHLTH,0,0,0,0
tr|A0A655MWZ3|A0A655MWZ3_CHLTH,1,1,1,1
tr|A0A655MWZ4|A0A655MWZ4_CHLTH,1,0,0,0
tr|A0A655MWZ5|A0A655MWZ5_CHLTH,0,0,0,0
tr|A0A655MWZ6|A0A655MWZ6_CHLTH,0,0,1,0
tr|A0A655MX01|A0A655MX01_CHLTH,1,0,0,0
tr|A0A655MX02|A0A655MX02_CHLTH,1,1,1,1
tr|A0A655MX03|A0A655MX03_CHLTH,1,1,0,1
tr|A0A655MX04|A0A655MX04_CHLTH,1,1,1,1
tr|A0A655MX06|A0A655MX06_CHLTH,1,1,0,1
tr|A0A655MX07|A0A655MX07_CHLTH,0,0,0,0
tr|A0A655MX09|A0A655MX09_CHLTH,0,0,1,0
tr|A0A655MX11|A0A655MX11_CHLTH,0,0,0,0
tr|A0A655MX14|A0A655MX14_CHLTH,0,0,0,0
tr|A0A655MX16|A0A655MX16_CHLTH,1,0,0,0
tr|A0A655MX17|A0A655MX17_CHLTH,1,1,1,1
tr|A0A655MX21|A0A655MX21_CHLTH,1,1,0,1
tr|A0A655MX23|A0A655MX23_CHLTH,1,1,1,1
tr|A0A655MX24|A0A655MX24_CHLTH,1,1,1,1
tr|A0A655MX25|A0A655MX25_CHLTH,0,0,0,0
tr|A0A655MX29|A0A655MX29_CHLTH,0,0,0,0
tr|A0A655MX30|A0A655MX30_CHLTH,1,0,0,0
tr|A0A655MX35|A0A655MX35_CHLTH,0,1,0,0
tr|A0A655MX36|A0A655MX36_CHLTH,0,0,0,0
tr|A0A655MX37|A0A655MX37_CHLTH,0,0,0,0
tr|A0A655MX38|A0A655MX38_CHLTH,1,1,1,1
tr|A0A655MX39|A0A655MX39_CHLTH,1,1,1,1
tr|A0A655MX43|A0A655MX43_CHLTH,0,0,0,0
tr|A0A655MX46|A0A655MX46_CHLTH,0,0,0,0
tr|A0A655MX47|A0A655MX47_CHLTH,0,0,1,0
tr|A0A655MX49|A0A655MX49_CHLTH,0,1,1,1
tr|A0A655MX52|A0A655MX52_CHLTH,0,0,0,0
tr|A0A655MX53|A0A655MX53_CHLTH,0,0,0,0
tr|A0A655MX55|A0A655MX55_CHLTH,0,0,0,0
tr|A0A655MX58|A0A655MX58_CHLTH,1,1,0,1
tr|A0A655MX59|A0A655MX59_CHLTH,1,1,1,1
tr|A0A655MX62|A0A655MX62_CHLTH,0,0,0,0
tr|A0A655MX63|A0A655MX63_CHLTH,0,0,1,0
tr|A0A655MX65|A0A655MX65_CHLTH,0,0,0,0
tr|A0A655MX69|A0A655MX69_CHLTH,1,0,1,1
tr|A0A655MX71|A0A655MX71_CHLTH,1,0,1,1
tr|A0A655MX72|A0A655MX72_CHLTH,0,1,0,0
tr|A0A655MX78|A0A655MX78_CHLTH,1,0,1,1
tr|A0A655MX79|A0A655MX79_CHLTH,0,0,0,0
tr|A0A655MX80|A0A655MX80_CHLTH,0,0,1,0
tr|A0A655MX82|A0A655MX82_CHLTH,0,0,1,0
tr|A0A655MX85|A0A655MX85_CHLTH,1,0,0,0
tr|A0A655MX87|A0A655MX87_CHLTH,1,0,0,0
tr|A0A655MX88|A0A655MX88_CHLTH,1,0,1,1
tr|A0A655MX92|A0A655MX92_CHLTH,1,0,0,0
tr|A0A655MX95|A0A655MX95_CHLTH,0,0,0,0
tr|A0A655MX97|A0A655MX97_CHLTH,0,0,1,0
tr|A0A655MX98|A0A655MX98_CHLTH,1,1,0,1
tr|A0A655MXA4|A0A655MXA4_CHLTH,0,1,1,1
tr|A0A655MXA5|A0A655MXA5_CHLTH,0,0,0,0
tr|A0A655MXA6|A0A655MXA6_CHLTH,0,0,0,0
tr|A0A655MXA7|A0A655MXA7_CHLTH,1,0,0,0
tr|A0A655MXB3|A0A655MXB3_CHLTH,0,1,1,1
tr|A0A655MXB4|A0A655MXB4_CHLTH,1,1,1,1
tr|A0A655MXB5|A0A655MXB5_CHLTH,0,0,0,0
tr|A0A655MXB6|A0A655MXB6_CHLTH,1,1,1,1
tr|A0A655MXB7|A0A655MXB7_CHLTH,0,1,1,1
tr|A0A655MXC2|A0A655MXC2_CHLTH,1,0,0,0
tr|A0A655MXC3|A0A655MXC3_CHLTH,1,0,1,1
tr|A0A655MXC4|A0A655MXC4_CHLTH,0,0,0,0
tr|A0A655MXC5|A0A655MXC5_CHLTH,0,1,1,1
tr|A0A655MXC6|A0A655MXC6_CHLTH,0,0,1,0
tr|A0A655MXC7|A0A655MXC7_CHLTH,1,0,0,0
tr|A0A655MXD2|A0A655MXD2_CHLTH,0,0,0,0
tr|A0A655MXD3|A0A655MXD3_CHLTH,0,0,0,0
tr|A0A655MXD4|A0A655MXD4_CHLTH,0,0,0,0
tr|A0A655MXD7|A0A655MXD7_CHLTH,0,0,0,0
tr|A0A655MXE0|A0A655MXE0_CHLTH,1,1,1,1
tr|A0A655MXE1|A0A655MXE1_CHLTH,1,0,1,1
tr|A0A655MXE2|A0A655MXE2_CHLTH,1,0,1,1
tr|A0A655MXE5|A0A655MXE5_CHLTH,0,0,0,0
tr|A0A655MXE6|A0A655MXE6_CHLTH,1,0,0,0
tr|A0A655MXE7|A0A655MXE7_CHLTH,1,0,0,0
tr|A0A655MXE9|A0A655MXE9_CHLTH,0,0,0,0
tr|A0A655MXF0|A0A655MXF0_CHLTH,0,0,1,0
tr|A0A655MXF1|A0A655MXF1_CHLTH,1,0,1,1
tr|A0A655MXF5|A0A655MXF5_CHLTH,1,0,1,1
tr|A0A655MXF6|A0A655MXF6_CHLTH,0,1,1,1
tr|A0A655MXF7|A0A655MXF7_CHLTH,0,1,1,1
tr|A0A655MXF9|A0A655MXF9_CHLTH,1,1,1,1
tr|A0A655MXG1|A0A655MXG1_CHLTH,1,1,1,1
tr|A0A655MXG6|A0A655MXG6_CHLTH,1,1,1,1
tr|A0A655MXG7|A0A655MXG7_CHLTH,1,0,0,0
tr|A0A655MXG8|A0A655MXG8_CHLTH,0,0,1,0
tr|A0A655MXG9|A0A655MXG9_CHLTH,0,0,0,0
tr|A0A655MXH1|A0A655MXH1_CHLTH,1,0,0,0
tr|A0A655MXH3|A0A655MXH3_CHLTH,0,0,0,0
tr|A0A655MXH7|A0A655MXH7_CHLTH,0,0,0,0
tr|A0A655MXH8|A0A655MXH8_CHLTH,0,0,0,0
tr|A0A655MXH9|A0A655MXH9_CHLTH,0,0,0,0
tr|A0A655MXI2|A0A655MXI2_CHLTH,0,0,1,0
tr|A0A655MXI3|A0A655MXI3_CHLTH,1,1,1,1
tr|A0A655MXI5|A0A655MXI5_CHLTH,1,0,0,0
tr|A0A655MXI7|A0A655MXI7_CHLTH,0,1,0,0
tr|A0A655MXJ0|A0A655MXJ0_CHLTH,1,1,1,1
tr|A0A655MXJ1|A0A655MXJ1_CHLTH,0,0,1,0
tr|A0A655MXJ3|A0A655MXJ3_CHLTH,0,0,0,0
tr|A0A655MXJ4|A0A655MXJ4_CHLTH,1,0,0,0
tr|A0A655MXJ7|A0A655MXJ7_CHLTH,0,0,0,0
tr|A0A655MXJ8|A0A655MXJ8_CHLTH,1,0,0,0
tr|A0A655MXK1|A0A655MXK1_CHLTH,0,0,1,0
tr|A0A655MXK3|A0A655MXK3_CHLTH,1,0,0,0
tr|A0A655MXK7|A0A655MXK7_CHLTH,0,0,1,0
tr|A0A655MXK9|A0A655MXK9_CHLTH,0,0,0,0
tr|A0A655MXL1|A0A655MXL1_CHLTH,0,0,1,0
tr|A0A655MXL2|A0A655MXL2_CHLTH,0,0,0,0
tr|A0A655MXL4|A0A655MXL4_CHLTH,0,0,0,0
tr|A0A655MXL5|A0A655MXL5_CHLTH,0,0,1,0
tr|A0A655MXL8|A0A655MXL8_CHLTH,0,0,1,0
tr|A0A655MXL9|A0A655MXL9_CHLTH,0,0,0,0
tr|A0A655MXM3|A0A655MXM3_CHLTH,0,0,0,0
tr|A0A655MXM4|A0A655MXM4_CHLTH,0,1,1,1
tr|A0A655MXM5|A0A655MXM5_CHLTH,0,1,1,1
tr|A0A655MXM8|A0A655MXM8_CHLTH,1,1,1,1
tr|A0A655MXN1|A0A655MXN1_CHLTH,1,0,0,0
tr|A0A655MXN3|A0A655MXN3_CHLTH,1,0,1,1
tr|A0A655MXN6|A0A655MXN6_CHLTH,0,0,0,0
tr|A0A655MXN7|A0A655MXN7_CHLTH,0,1,1,1
tr|A0A655MXN8|A0A655MXN8_CHLTH,0,0,1,0
tr|A0A655MXP1|A0A655MXP1_CHLTH,1,0,0,0
tr|A0A655MXP3|A0A655MXP3_CHLTH,0,0,0,0
tr|A0A655MXP4|A0A655MXP4_CHLTH,1,0,1,1
tr|A0A655MXP5|A0A655MXP5_CHLTH,1,1,1,1
tr|A0A655MXQ1|A0A655MXQ1_CHLTH,0,1,1,1
tr|A0A655MXQ2|A0A655MXQ2_CHLTH,0,1,1,1
tr|A0A655MXQ3|A0A655MXQ3_CHLTH,0,0,1,0
tr|A0A655MXQ4|A0A655MXQ4_CHLTH,0,0,1,0
tr|A0A655MXQ5|A0A655MXQ5_CHLTH,1,1,1,1
tr|A0A655MXR0|A0A655MXR0_CHLTH,0,0,0,0
tr|A0A655MXR1|A0A655MXR1_CHLTH,0,0,1,0
tr|A0A655MXR4|A0A655MXR4_CHLTH,1,1,1,1
tr|A0A655MXR5|A0A655MXR5_CHLTH,1,0,1,1
tr|A0A655MXR9|A0A655MXR9_CHLTH,0,0,0,0
tr|A0A655MXS0|A0A655MXS0_CHLTH,1,1,1,1
tr|A0A655MXS1|A0A655MXS1_CHLTH,1,1,1,1
tr|A0A655MXS4|A0A655MXS4_CHLTH,0,0,0,0
tr|A0A655MXS5|A0A655MXS5_CHLTH,1,0,1,1
tr|A0A655MXS8|A0A655MXS8_CHLTH,1,0,1,1
tr|A0A655MXT0|A0A655MXT0_CHLTH,0,0,0,0
tr|A0A655MXT2|A0A655MXT2_CHLTH,1,1,1,1
tr|A0A655MXT4|A0A655MXT4_CHLTH,1,0,0,0
tr|A0A655MXT9|A0A655MXT9_CHLTH,0,0,0,0
tr|A0A655MXU0|A0A655MXU0_CHLTH,1,0,0,0
tr|A0A655MXU1|A0A655MXU1_CHLTH,1,1,0,1
tr|A0A655MXU2|A0A655MXU2_CHLTH,0,0,0,0
tr|A0A655MXU3|A0A655MXU3_CHLTH,1,0,0,0
tr|A0A655MXU9|A0A655MXU9_CHLTH,1,0,0,0
tr|A0A655MXV0|A0A655MXV0_CHLTH,0,0,1,0
tr|A0A655MXV1|A0A655MXV1_CHLTH,0,0,0,0
tr|A0A655MXV2|A0A655MXV2_CHLTH,1,0,0,0
tr|A0A655MXV3|A0A655MXV3_CHLTH,0,0,0,0
tr|A0A655MXV8|A0A655MXV8_CHLTH,0,1,0,0
tr|A0A655MXV9|A0A655MXV9_CHLTH,1,0,1,1
tr|A0A655MXW1|A0A655MXW1_CHLTH,0,0,0,0
tr|A0A655MXW2|A0A655MXW2_CHLTH,1,1,1,1
tr|A0A655MXW3|A0A655MXW3_CHLTH,0,0,0,0
tr|A0A655MXW5|A0A655MXW5_CHLTH,1,1,1,1
tr|A0A655MXW7|A0A655MXW7_CHLTH,1,0,1,1
tr|A0A655MXX0|A0A655MXX0_CHLTH,0,0,0,0
tr|A0A655MXX4|A0A655MXX4_CHLTH,1,1,1,1
tr|A0A655MXX5|A0A655MXX5_CHLTH,1,1,0,1
tr|A0A655MXX6|A0A655MXX6_CHLTH,1,1,1,1
tr|A0A655MXX8|A0A655MXX8_CHLTH,0,0,0,0
tr|A0A655MXY0|A0A655MXY0_CHLTH,0,0,0,0
tr|A0A655MXY2|A0A655MXY2_CHLTH,0,0,0,0
tr|A0A655MXY3|A0A655MXY3_CHLTH,0,0,0,0
tr|A0A655MXY4|A0A655MXY4_CHLTH,1,0,0,0
tr|A0A655MXY6|A0A655MXY6_CHLTH,0,0,0,0
tr|A0A655MXY8|A0A655MXY8_CHLTH,0,0,0,0
tr|A0A655MXZ0|A0A655MXZ0_CHLTH,0,1,1,1
tr|A0A655MXZ1|A0A655MXZ1_CHLTH,0,0,1,0
tr|A0A655MXZ4|A0A655MXZ4_CHLTH,1,1,0,1
tr|A0A655MXZ6|A0A655MXZ6_CHLTH,0,0,0,0
tr|A0A655MXZ8|A0A655MXZ8_CHLTH,1,1,1,1
tr|A0A655MY01|A0A655MY01_CHLTH,1,0,1,1
tr|A0A655MY02|A0A655MY02_CHLTH,0,0,1,0
tr|A0A655MY04|A0A655MY04_CHLTH,0,0,0,0
tr|A0A655MY07|A0A655MY07_CHLTH,0,0,0,0
tr|A0A655MY09|A0A655MY09_CHLTH,0,0,0,0
tr|A0A655MY11|A0A655MY11_CHLTH,0,1,0,0
tr|A0A655MY12|A0A655MY12_CHLTH,1,0,0,0
tr|A0A655MY14|A0A655MY14_CHLTH,1,0,1,1
tr|A0A655MY17|A0A655MY17_CHLTH,0,1,1,1
tr|A0A655MY21|A0A655MY21_CHLTH,0,1,1,1
tr|A0A655MY22|A0A655MY22_CHLTH,0,0,0,0
tr|A0A655MY25|A0A655MY25_CHLTH,0,0,0,0
tr|A0A655MY27|A0A655MY27_CHLTH,1,0,0,0
tr|A0A655MY28|A0A655MY28_CHLTH,0,0,0,0
tr|A0A655MY31|A0A655MY31_CHLTH,0,0,0,0
tr|A0A655MY36|A0A655MY36_CHLTH,0,0,0,0
tr|A0A655MY40|A0A655MY40_CHLTH,1,0,1,1
tr|A0A655MY41|A0A655MY41_CHLTH,0,0,0,0
tr|A0A655MY45|A0A655MY45_CHLTH,0,0,0,0
tr|A0A655MY46|A0A655MY46_CHLTH,0,0,0,0
tr|A0A655MY48|A0A655MY48_CHLTH,1,1,1,1
tr|A0A655MY56|A0A655MY56_CHLTH,1,0,0,0
tr|A0A655MY57|A0A655MY57_CHLTH,0,1,1,1
tr|A0A655MY63|A0A655MY63_CHLTH,1,1,1,1
tr|A0A655MY67|A0A655MY67_CHLTH,1,1,0,1
tr|A0A655MY69|A0A655MY69_CHLTH,0,0,0,0
tr|A0A655MY73|A0A655MY73_CHLTH,0,0,0,0
tr|A0A655MY80|A0A655MY80_CHLTH,1,0,0,0
tr|A0A655MY81|A0A655MY81_CHLTH,0,0,0,0
tr|A0A655MY83|A0A655MY83_CHLTH,0,0,1,0
tr|A0A655MY90|A0A655MY90_CHLTH,1,1,1,1
tr|A0A655MY93|A0A655MY93_CHLTH,0,0,0,0
tr|A0A655MY98|A0A655MY98_CHLTH,0,1,1,1
tr|A0A655MYA1|A0A655MYA1_CHLTH,0,0,0,0
tr|A0A655MYA3|A0A655MYA3_CHLTH,0,0,0,0
tr|A0A655MYA5|A0A655MYA5_CHLTH,0,0,1,0
tr|A0A655MYB0|A0A655MYB0_CHLTH,0,0,0,0
tr|A0A655MYB1|A0A655MYB1_CHLTH,0,0,0,0
tr|A0A655MYC1|A0A655MYC1_CHLTH,0,0,0,0
tr|A0A655MYC9|A0A655MYC9_CHLTH,1,0,0,0
tr|A0A655MYD5|A0A655MYD5_CHLTH,1,1,1,1
tr|A0A655MYD8|A0A655MYD8_CHLTH,0,1,1,1
tr|A0A655MYE6|A0A655MYE6_CHLTH,0,0,0,0
tr|A0A655MYE7|A0A655MYE7_CHLTH,1,0,0,0
tr|A0A655MYF2|A0A655MYF2_CHLTH,0,1,1,1
tr|A0A655MYF6|A0A655MYF6_CHLTH,0,1,1,1
tr|A0A655MYG5|A0A655MYG5_CHLTH,0,0,0,0
tr|A0A655MYH1|A0A655MYH1_CHLTH,0,0,0,0
tr|A0A655MYH7|A0A655MYH7_CHLTH,0,0,1,0
tr|A0A655MYI0|A0A655MYI0_CHLTH,1,0,0,0
tr|A0A655MYI5|A0A655MYI5_CHLTH,1,1,1,1
tr|A0A655MYJ0|A0A655MYJ0_CHLTH,1,0,0,0
tr|A0A655MYJ3|A0A655MYJ3_CHLTH,0,0,0,0
tr|A0A655MYJ4|A0A655MYJ4_CHLTH,0,0,0,0
tr|A0A655MYJ9|A0A655MYJ9_CHLTH,0,0,1,0
tr|A0A655MYK6|A0A655MYK6_CHLTH,0,0,0,0
tr|A0A655MYL5|A0A655MYL5_CHLTH,0,0,0,0
tr|A0A655MYL6|A0A655MYL6_CHLTH,0,0,0,0
tr|A0A655MYM4|A0A655MYM4_CHLTH,1,1,0,1
tr|A0A655MYM6|A0A655MYM6_CHLTH,0,0,0,0
tr|A0A655MYN1|A0A655MYN1_CHLTH,0,0,0,0
tr|A0A655MYN6|A0A655MYN6_CHLTH,0,0,0,0
tr|A0A655MYN9|A0A655MYN9_CHLTH,0,0,0,0
tr|A0A655MYP5|A0A655MYP5_CHLTH,0,0,0,0
tr|A0A655MYP8|A0A655MYP8_CHLTH,0,0,1,0
tr|A0A655MYQ3|A0A655MYQ3_CHLTH,1,1,1,1
tr|A0A655MYQ5|A0A655MYQ5_CHLTH,1,0,0,0
tr|A0A655MYQ8|A0A655MYQ8_CHLTH,0,0,0,0
tr|A0A655MYR0|A0A655MYR0_CHLTH,0,0,1,0
tr|A0A655MYR5|A0A655MYR5_CHLTH,0,0,1,0
tr|A0A655MYR7|A0A655MYR7_CHLTH,0,0,0,0
tr|A0A655MYS4|A0A655MYS4_CHLTH,0,1,0,0
tr|A0A655MYS9|A0A655MYS9_CHLTH,1,1,1,1
tr|A0A655MYT0|A0A655MYT0_CHLTH,1,0,1,1
tr|A0A655MYT6|A0A655MYT6_CHLTH,0,0,0,0
tr|A0A655MYU5|A0A655MYU5_CHLTH,1,0,1,1
tr|A0A655MYU8|A0A655MYU8_CHLTH,0,0,0,0
tr|A0A655MYV5|A0A655MYV5_CHLTH,1,1,1,1
tr|A0A655MYV8|A0A655MYV8_CHLTH,0,0,0,0
tr|A0A655MYW7|A0A655MYW7_CHLTH,0,1,0,0
tr|A0A655MYW8|A0A655MYW8_CHLTH,0,0,1,0
tr|A0A655MYX0|A0A655MYX0_CHLTH,1,0,1,1
tr|A0A655MYX1|A0A655MYX1_CHLTH,0,1,0,0
tr|A0A655MYX8|A0A655MYX8_CHLTH,0,1,1,1
tr|A0A655MYY0|A0A655MYY0_CHLTH,1,0,0,0
tr|A0A655MYY8|A0A655MYY8_CHLTH,1,0,0,0
tr|A0A655MYY9|A0A655MYY9_CHLTH,1,0,1,1
tr|A0A655MZ01|A0A655MZ01_CHLTH,0,0,0,0
tr|A0A655MZ03|A0A655MZ03_CHLTH,1,0,0,0
tr|A0A655MZ07|A0A655MZ07_CHLTH,0,0,1,0
tr|A0A655MZ10|A0A655MZ10_CHLTH,0,0,0,0
tr|A0A655MZ24|A0A655MZ24_CHLTH,1,1,1,1
tr|A0A655MZ33|A0A655MZ33_CHLTH,1,1,1,1
tr|A0A655MZ34|A0A655MZ34_CHLTH,0,0,0,0
tr|A0A655MZ42|A0A655MZ42_CHLTH,1,1,1,1
tr|A0A655MZ43|A0A655MZ43_CHLTH,1,1,1,1
tr|A0A655MZ50|A0A655MZ50_CHLTH,1,1,1,1
tr|A0A655MZ51|A0A655MZ51_CHLTH,0,0,0,0
tr|A0A655MZ54|A0A655MZ54_CHLTH,0,0,0,0
tr|A0A655MZ59|A0A655MZ59_CHLTH,0,0,1,0
tr|A0A655MZ61|A0A655MZ61_CHLTH,1,1,1,1
tr|A0A655MZ63|A0A655MZ63_CHLTH,0,1,1,1
tr|A0A655MZ64|A0A655MZ64_CHLTH,0,0,0,0
tr|A0A655MZ66|A0A655MZ66_CHLTH,0,1,0,0
tr|A0A655MZ70|A0A655MZ70_CHLTH,0,0,0,0
tr|A0A655MZ71|A0A655MZ71_CHLTH,0,0,1,0
tr|A0A655MZ75|A0A655MZ75_CHLTH,0,0,0,0
tr|A0A655MZ80|A0A655MZ80_CHLTH,0,0,0,0
tr|A0A655MZ86|A0A655MZ86_CHLTH,1,1,1,1
tr|A0A655MZ87|A0A655MZ87_CHLTH,0,0,0,0
tr|A0A655MZ89|A0A655MZ89_CHLTH,0,0,1,0
tr|A0A655MZ95|A0A655MZ95_CHLTH,1,0,0,0
tr|A0A655MZ97|A0A655MZ97_CHLTH,0,1,0,0
tr|A0A655MZ98|A0A655MZ98_CHLTH,0,0,1,0
tr|A0A655MZA6|A0A655MZA6_CHLTH,0,0,1,0
tr|A0A655MZA7|A0A655MZA7_CHLTH,1,0,0,0
tr|A0A655MZB4|A0A655MZB4_CHLTH,0,0,0,0
tr|A0A655MZB6|A0A655MZB6_CHLTH,0,0,1,0
tr|A0A655MZB7|A0A655MZB7_CHLTH,0,0,0,0
tr|A0A655MZC2|A0A655MZC2_CHLTH,0,0,0,0
tr|A0A655MZC3|A0A655MZC3_CHLTH,0,0,1,0
tr|A0A655MZC7|A0A655MZC7_CHLTH,0,0,0,0
tr|A0A655MZD2|A0A655MZD2_CHLTH,0,0,0,0
tr|A0A655MZD7|A0A655MZD7_CHLTH,0,0,1,0
tr|A0A655MZD8|A0A655MZD8_CHLTH,0,0,0,0
tr|A0A655MZE0|A0A655MZE0_CHLTH,1,0,1,1
tr|A0A655MZE6|A0A655MZE6_CHLTH,1,1,1,1
tr|A0A655MZE9|A0A655MZE9_CHLTH,1,0,1,1
tr|A0A655MZF0|A0A655MZF0_CHLTH,0,1,0,0
tr|A0A655MZF5|A0A655MZF5_CHLTH,1,1,1,1
tr|A0A655MZF9|A0A655MZF9_CHLTH,0,0,0,0
tr|A0A655MZG1|A0A655MZG1_CHLTH,0,1,0,0
tr|A0A655MZG4|A0A655MZG4_CHLTH,1,1,1,1
tr|A0A655MZH3|A0A655MZH3_CHLTH,0,1,0,0
tr|A0A655MZH8|A0A655MZH8_CHLTH,0,0,0,0
tr|A0A655MZI1|A0A655MZI1_CHLTH,0,0,1,0
tr|A0A655MZI7|A0A655MZI7_CHLTH,1,0,0,0
tr|A0A655MZJ1|A0A655MZJ1_CHLTH,0,1,1,1
tr|A0A655MZJ3|A0A655MZJ3_CHLTH,1,0,0,0
tr|A0A655MZJ9|A0A655MZJ9_CHLTH,0,0,0,0
tr|A0A655MZK1|A0A655MZK1_CHLTH,0,0,0,0
tr|A0A655MZK3|A0A655MZK3_CHLTH,0,0,1,0
tr|A0A655MZK9|A0A655MZK9_CHLTH,0,0,0,0
tr|A0A655MZL0|A0A655MZL0_CHLTH,1,0,0,0
tr|A0A655MZL3|A0A655MZL3_CHLTH,1,0,0,0
tr|A0A655MZL9|A0A655MZL9_CHLTH,1,0,0,0
tr|A0A655MZM1|A0A655MZM1_CHLTH,0,1,1,1
tr|A0A655MZM6|A0A655MZM6_CHLTH,0,1,0,0
tr|A0A655MZN0|A0A655MZN0_CHLTH,0,0,1,0
tr|A0A655MZN1|A0A655MZN1_CHLTH,0,0,0,0
tr|A0A655MZN7|A0A655MZN7_CHLTH,0,0,0,0
tr|A0A655MZN8|A0A655MZN8_CHLTH,1,0,1,1
tr|A0A655MZP7|A0A655MZP7_CHLTH,0,1,1,1
tr|A0A655MZP8|A0A655MZP8_CHLTH,0,1,1,1
tr|A0A655MZQ3|A0A655MZQ3_CHLTH,1,0,1,1
tr|A0A655MZQ5|A0A655MZQ5_CHLTH,1,1,0,1
tr|A0A655MZQ6|A0A655MZQ6_CHLTH,0,1,1,1
tr|A0A655MZR3|A0A655MZR3_CHLTH,0,0,0,0
tr|A0A655MZR7|A0A655MZR7_CHLTH,0,0,0,0
tr|A0A655MZS3|A0A655MZS3_CHLTH,1,0,0,0
tr|A0A655MZS4|A0A655MZS4_CHLTH,0,0,1,0
tr|A0A655MZT4|A0A655MZT4_CHLTH,0,0,0,0
tr|A0A655MZU1|A0A655MZU1_CHLTH,1,1,1,1
tr|A0A655MZU4|A0A655MZU4_CHLTH,0,0,0,0
tr|A0A655MZU7|A0A655MZU7_CHLTH,0,0,0,0
tr|A0A655MZU8|A0A655MZU8_CHLTH,0,1,1,1
tr|A0A655MZV7|A0A655MZV7_CHLTH,0,0,0,0
tr|A0A655MZW1|A0A655MZW1_CHLTH,1,0,1,1
tr|A0A655MZW2|A0A655MZW2_CHLTH,1,0,1,1
tr|A0A655MZW5|A0A655MZW5_CHLTH,1,0,1,1
tr|A0A655MZW8|A0A655MZW8_CHLTH,1,1,0,1
tr|A0A655MZX4|A0A655MZX4_CHLTH,1,0,0,0
tr|A0A655MZX5|A0A655MZX5_CHLTH,0,0,1,0
tr|A0A655MZY4|A0A655MZY4_CHLTH,0,0,0,0
tr|A0A655MZY9|A0A655MZY9_CHLTH,0,0,0,0
tr|A0A655MZZ7|A0A655MZZ7_CHLTH,0,0,1,0
tr|A0A655N002|A0A655N002_CHLTH,0,0,1,0
tr|A0A655N012|A0A655N012_CHLTH,1,0,0,0
tr|A0A655N015|A0A655N015_CHLTH,0,0,0,0
tr|A0A655N018|A0A655N018_CHLTH,0,0,1,0
tr|A0A655N024|A0A655N024_CHLTH,1,0,0,0
tr|A0A655N026|A0A655N026_CHLTH,0,0,1,0
tr|A0A655N033|A0A655N033_CHLTH,0,0,1,0
tr|A0A655N035|A0A655N035_CHLTH,0,0,0,0
tr|A0A655N042|A0A655N042_CHLTH,0,0,1,0
tr|A0A655N045|A0A655N045_CHLTH,0,0,1,0
tr|A0A655N055|A0A655N055_CHLTH,1,1,0,1
tr|A0A655N060|A0A655N060_CHLTH,1,1,0,1
tr|A0A655N065|A0A655N065_CHLTH,0,1,1,1
tr|A0A655N070|A0A655N070_CHLTH,0,0,0,0
tr|A0A655N074|A0A655N074_CHLTH,0,0,0,0
tr|A0A655N083|A0A655N083_CHLTH,1,0,0,0
tr|A0A655N084|A0A655N084_CHLTH,1,1,0,1
tr|A0A655N088|A0A655N088_CHLTH,0,0,0,0
tr|A0A655N093|A0A655N093_CHLTH,1,1,0,1
tr|A0A655N095|A0A655N095_CHLTH,0,0,0,0
tr|A0A655N0A2|A0A655N0A2_CHLTH,0,0,0,0
tr|A0A655N0A5|A0A655N0A5_CHLTH,0,0,0,0
tr|A0A655N0B3|A0A655N0B3_CHLTH,1,1,1,1
tr|A0A655N0B6|A0A655N0B6_CHLTH,0,0,1,0
tr|A0A655N0C2|A0A655N0C2_CHLTH,1,0,0,0
tr|A0A655N0D2|A0A655N0D2_CHLTH,0,0,0,0
tr|A0A655N0D5|A0A655N0D5_CHLTH,1,1,0,1
tr|A0A655N0E3|A0A655N0E3_CHLTH,0,0,0,0
tr|A0A655N0E6|A0A655N0E6_CHLTH,0,0,0,0
tr|A0A655N0E9|A0A655N0E9_CHLTH,0,0,0,0
tr|A0A655N0F1|A0A655N0F1_CHLTH,1,1,1,1
tr|A0A655N0F7|A0A655N0F7_CHLTH,1,0,1,1
tr|A0A655N0G6|A0A655N0G6_CHLTH,1,1,1,1
tr|A0A655N0H5|A0A655N0H5_CHLTH,1,1,1,1
tr|A0A655N0I1|A0A655N0I1_CHLTH,0,1,1,1
tr|A0A655N0I8|A0A655N0I8_CHLTH,0,0,0,0
tr|A0A655N0J0|A0A655N0J0_CHLTH,0,1,0,0
tr|A0A655N0J9|A0A655N0J9_CHLTH,1,0,1,1
tr|A0A655N0S3|A0A655N0S3_CHLTH,1,1,1,1
tr|A0A655N0T3|A0A655N0T3_CHLTH,1,1,1,1
tr|A0A655N0U3|A0A655N0U3_CHLTH,1,1,0,1
tr|A0A655N0V1|A0A655N0V1_CHLTH,1,0,1,1
tr|A0A655N0W0|A0A655N0W0_CHLTH,1,0,1,1
tr|A0A655N0W5|A0A655N0W5_CHLTH,1,0,1,1
tr|A0A655N0X0|A0A655N0X0_CHLTH,1,0,1,1
tr|A0A655N0Y0|A0A655N0Y0_CHLTH,1,0,0,0
tr|A0A655N0Z0|A0A655N0Z0_CHLTH,1,1,0,1
tr|A0A655N0Z9|A0A655N0Z9_CHLTH,0,0,0,0
tr|A0A655N100|A0A655N100_CHLTH,0,0,1,0
tr|A0A655N109|A0A655N109_CHLTH,1,0,0,0
tr|A0A655N115|A0A655N115_CHLTH,0,0,0,0
tr|A0A655N125|A0A655N125_CHLTH,1,0,1,1
tr|A0A655N135|A0A655N135_CHLTH,0,0,0,0
tr|A0A655N139|A0A655N139_CHLTH,1,1,0,1
tr|A0A655N142|A0A655N142_CHLTH,0,0,0,0
tr|A0A655N152|A0A655N152_CHLTH,0,0,1,0
tr|A0A655N154|A0A655N154_CHLTH,0,0,0,0
tr|A0A655N164|A0A655N164_CHLTH,1,1,1,1
tr|A0A655N181|A0A655N181_CHLTH,1,1,1,1
tr|A0A655N1A1|A0A655N1A1_CHLTH,0,0,0,0
tr|A0A655N1A7|A0A655N1A7_CHLTH,1,0,1,1
tr|A0A655N1B7|A0A655N1B7_CHLTH,0,0,0,0
tr|A0A655N1E0|A0A655N1E0_CHLTH,0,0,0,0
tr|A0A655N1E9|A0A655N1E9_CHLTH,0,0,0,0
tr|A0A655N1F7|A0A655N1F7_CHLTH,0,0,0,0
tr|A0A655N1H4|A0A655N1H4_CHLTH,0,0,0,0
tr|A0A655N1I7|A0A655N1I7_CHLTH,0,0,0,0
tr|A0A655N1L5|A0A655N1L5_CHLTH,1,0,0,0
tr|A0A655N1M6|A0A655N1M6_CHLTH,0,0,0,0
tr|A0A655N1N6|A0A655N1N6_CHLTH,0,1,0,0
tr|A0A655N1P7|A0A655N1P7_CHLTH,0,0,0,0
tr|A0A655N1Q5|A0A655N1Q5_CHLTH,0,1,0,0
tr|A0A655N1S4|A0A655N1S4_CHLTH,1,0,1,1
tr|A0A655N1T7|A0A655N1T7_CHLTH,0,0,0,0
tr|A0A655N1V0|A0A655N1V0_CHLTH,0,0,0,0
tr|A0A655N1X0|A0A655N1X0_CHLTH,0,0,0,0
tr|A0A655N1Y0|A0A655N1Y0_CHLTH,0,1,0,0
tr|A0A655N1Y5|A0A655N1Y5_CHLTH,0,0,1,0
tr|A0A655N214|A0A655N214_CHLTH,0,0,0,0
tr|A0A655N224|A0A655N224_CHLTH,0,0,0,0
tr|A0A655N235|A0A655N235_CHLTH,0,0,0,0
tr|A0A655N243|A0A655N243_CHLTH,0,0,0,0
tr|A0A655N264|A0A655N264_CHLTH,0,0,1,0
tr|A0A655N275|A0A655N275_CHLTH,0,1,0,0
tr|A0A655N288|A0A655N288_CHLTH,0,0,0,0
tr|A0A655N2B1|A0A655N2B1_CHLTH,1,0,1,1
tr|A0A655N2B9|A0A655N2B9_CHLTH,1,0,0,0
tr|A0A655N2E3|A0A655N2E3_CHLTH,1,0,1,1
tr|A0A655N2G0|A0A655N2G0_CHLTH,0,0,0,0
tr|A0A655N2H4|A0A655N2H4_CHLTH,0,0,0,0
tr|A0A655N2I6|A0A655N2I6_CHLTH,0,1,0,0
tr|A0A655N2J3|A0A655N2J3_CHLTH,1,1,1,1
tr|A0A655N2K1|A0A655N2K1_CHLTH,1,0,1,1
tr|A0A655N2L0|A0A655N2L0_CHLTH,1,1,0,1
tr|A0A655N2L9|A0A655N2L9_CHLTH,1,0,0,0
tr|A0A655N2M9|A0A655N2M9_CHLTH,0,0,1,0
tr|A0A655N2N8|A0A655N2N8_CHLTH,1,1,1,1
tr|A0A655N2P6|A0A655N2P6_CHLTH,0,0,1,0
tr|A0A655N2Q5|A0A655N2Q5_CHLTH,0,0,1,0
tr|A0A655N2R5|A0A655N2R5_CHLTH,0,0,0,0
tr|A0A655N2T6|A0A655N2T6_CHLTH,0,0,0,0
tr|A0A655N2U4|A0A655N2U4_CHLTH,0,0,0,0
tr|A0A655N2V4|A0A655N2V4_CHLTH,1,1,0,1
tr|A0A655N2X6|A0A655N2X6_CHLTH,0,0,0,0
tr|A0A655N2Z3|A0A655N2Z3_CHLTH,1,1,0,1
tr|A0A655N313|A0A655N313_CHLTH,0,0,1,0
tr|A0A655N322|A0A655N322_CHLTH,1,1,0,1
tr|A0A655N333|A0A655N333_CHLTH,0,0,1,0
tr|A0A655N340|A0A655N340_CHLTH,0,0,1,0
tr|A0A655N351|A0A655N351_CHLTH,0,0,1,0
tr|A0A655N364|A0A655N364_CHLTH,0,1,1,1
tr|A0A655N374|A0A655N374_CHLTH,1,1,1,1
tr|A0A655N383|A0A655N383_CHLTH,1,0,1,1
tr|A0A655N391|A0A655N391_CHLTH,0,0,1,0
tr|A0A655N3A0|A0A655N3A0_CHLTH,1,1,0,1
tr|A0A655N3A9|A0A655N3A9_CHLTH,1,0,0,0
tr|A0A655N3B9|A0A655N3B9_CHLTH,1,1,1,1
tr|A0A655N3C8|A0A655N3C8_CHLTH,0,1,0,0
tr|A0A655N3D7|A0A655N3D7_CHLTH,0,0,0,0
tr|A0A655N3E7|A0A655N3E7_CHLTH,0,0,0,0
tr|A0A655N3F8|A0A655N3F8_CHLTH,0,0,0,0
tr|A0A655N3G4|A0A655N3G4_CHLTH,0,0,1,0
tr|A0A655N3R1|A0A655N3R1_CHLTH,1,1,0,1
tr|A8KPL3|A8KPL3_CHLTH,1,0,1,1
tr|B7SCE5|B7SCE5_CHLTH,0,0,0,0
tr|C3W7Y8|C3W7Y8_CHLTH,0,0,0,0
tr|C3W7Z0|C3W7Z0_CHLTH,1,0,1,1
tr|C3W7Z2|C3W7Z2_CHLTH,0,0,0,0
tr|K0G1S1|K0G1S1_CHLTH,0,0,0,0
tr|K0G2A9|K0G2A9_CHLTH,0,0,0,0
tr|K0G2Q1|K0G2Q1_CHLTH,0,1,0,0
tr|K0G8L2|K0G8L2_CHLTH,0,0,0,0
tr|K0G952|K0G952_CHLTH,0,0,0,0
tr|K0GAG3|K0GAG3_CHLTH,0,0,0,0
tr|K0GBJ4|K0GBJ4_CHLTH,0,0,0,0
tr|K0GH37|K0GH37_CHLTH,0,0,0,0
tr|K0GHP7|K0GHP7_CHLTH,0,0,0,0
tr|Q50FQ4|Q50FQ4_CHLTH,1,0,0,0
