protein,xgboost,random_subspace,random forest,fuse 2/3
sp|Q83EK8|OMP1_COXBU,0,1,1,1
sp|Q9ZH99|IDH_COXBU,0,0,0,0
sp|P19421|CH60_COXBU,1,1,1,1
sp|P51053|SDHB_COXBU,0,0,0,0
sp|P51057|DHSD_COXBU,0,0,0,0
sp|P51837|RNC_COXBU,0,0,0,0
sp|Q83A83|METC_COXBU,0,0,0,0
sp|Q83A90|UBIE_COXBU,0,0,0,0
sp|Q83AF3|GLMU_COXBU,0,1,0,0
sp|Q83AQ1|KPRS_COXBU,0,0,0,0
sp|Q83B36|PYRG_COXBU,0,0,0,0
sp|Q83B60|HLDE_COXBU,0,0,0,0
sp|Q83BT3|GLYA_COXBU,0,0,0,0
tr|Q83BY5|Q83BY5_COXBU,1,0,0,0
tr|Q83C58|Q83C58_COXBU,0,0,0,0
sp|Q83C77|RLMN_COXBU,0,0,0,0
sp|Q83CM5|NNR_COXBU,1,1,0,1
tr|Q83D56|Q83D56_COXBU,0,0,0,0
tr|Q83D66|Q83D66_COXBU,0,0,0,0
tr|Q83DP9|Q83DP9_COXBU,0,0,0,0
sp|Q83E11|AROA_COXBU,0,0,0,0
tr|Q83E45|Q83E45_COXBU,0,1,1,1
sp|Q83EH9|PFKA_COXBU,0,0,1,0
sp|Q83F28|MURE_COXBU,0,0,0,0
sp|Q83FA3|IXTPA_COXBU,1,0,1,1
tr|B5QSA6|B5QSA6_COXBU,0,0,0,0
tr|B5U8Q7|B5U8Q7_COXBU,0,0,0,0
tr|H7C7D0|H7C7D0_COXBU,0,0,0,0
tr|H7C7D8|H7C7D8_COXBU,0,0,0,0
tr|H7C7F8|H7C7F8_COXBU,0,0,0,0
sp|O87712|DNAK_COXBU,1,0,1,1
sp|P0C8S4|RPOB_COXBU,0,0,0,0
sp|P18789|CISY_COXBU,0,0,0,0
sp|P19422|CH10_COXBU,1,1,0,1
sp|P19685|SODF_COXBU,1,0,0,0
sp|P24703|DAPB_COXBU,0,1,0,0
sp|P39919|SYS_COXBU,0,0,0,0
sp|P39920|FTSK_COXBU,0,0,0,0
sp|P42381|DNAJ_COXBU,0,0,1,0
sp|P45648|RNPA_COXBU,0,0,0,0
sp|P45650|YIDC_COXBU,0,0,0,0
sp|P45651|SYGB_COXBU,0,0,0,0
sp|P45679|RSMB_COXBU,0,0,0,0
sp|P47846|HEM1_COXBU,0,0,0,0
sp|P51054|SDHA_COXBU,1,0,0,0
sp|P51055|DHSC_COXBU,0,0,0,0
sp|P51056|ODO1_COXBU,0,0,0,0
sp|P51752|MIP_COXBU,1,0,1,1
sp|P51836|ERA_COXBU,0,0,0,0
sp|P53591|SUCD_COXBU,0,1,1,1
sp|P53592|SUCC_COXBU,0,0,0,0
sp|P94612|MNME_COXBU,0,0,0,0
sp|Q45918|PYRE_COXBU,0,0,0,0
sp|Q45920|DUT_COXBU,1,1,1,1
sp|Q4AAX7|TRUB_COXBU,0,0,0,0
tr|Q4AAX9|Q4AAX9_COXBU,1,0,0,0
sp|Q81ZL2|SMC_COXBU,0,1,0,0
sp|Q820B4|LNT_COXBU,0,0,0,0
sp|Q820B5|UBIG_COXBU,0,0,0,0
sp|Q820V9|CCA_COXBU,0,0,0,0
sp|Q820W2|MNMA_COXBU,1,0,0,0
sp|Q820W3|MIAA_COXBU,0,0,0,0
sp|Q820W7|FABZ_COXBU,0,0,0,0
tr|Q820W9|Q820W9_COXBU,0,0,1,0
sp|Q820X0|FABH_COXBU,0,0,0,0
sp|Q820X3|MURG_COXBU,1,0,0,0
tr|Q820X5|Q820X5_COXBU,0,1,0,0
sp|Q83A16|PYRB_COXBU,0,0,0,0
sp|Q83A19|PCKA_COXBU,1,1,1,1
tr|Q83A25|Q83A25_COXBU,0,0,0,0
sp|Q83A28|QUEC_COXBU,0,0,0,0
sp|Q83A36|AROD_COXBU,0,0,0,0
sp|Q83A37|HEM3_COXBU,0,0,0,0
sp|Q83A42|KITH_COXBU,1,0,0,0
sp|Q83A62|METE_COXBU,0,0,0,0
sp|Q83A77|SAHH_COXBU,1,0,0,0
sp|Q83A78|METK_COXBU,0,1,1,1
sp|Q83A94|HSLU_COXBU,0,0,0,0
sp|Q83A95|HSLV_COXBU,0,0,0,0
sp|Q83AA2|TSAC_COXBU,1,0,1,1
tr|Q83AA5|Q83AA5_COXBU,0,0,0,0
tr|Q83AB1|Q83AB1_COXBU,0,1,0,0
tr|Q83AB2|Q83AB2_COXBU,0,0,0,0
sp|Q83AC2|RSMA_COXBU,0,1,0,0
tr|Q83AC3|Q83AC3_COXBU,1,0,0,0
sp|Q83AD4|DAPF_COXBU,0,0,0,0
sp|Q83AD8|PRMC_COXBU,0,0,0,0
sp|Q83AF4|ATPE_COXBU,1,1,1,1
sp|Q83AF5|ATPB_COXBU,0,0,0,0
sp|Q83AF7|ATPA_COXBU,0,0,0,0
tr|Q83AG0|Q83AG0_COXBU,0,0,0,0
tr|Q83AI3|Q83AI3_COXBU,0,0,0,0
sp|Q83AJ2|AROB_COXBU,0,0,0,0
sp|Q83AJ3|AROK_COXBU,0,0,0,0
tr|Q83AJ8|Q83AJ8_COXBU,0,0,0,0
sp|Q83AK3|GSA_COXBU,0,0,0,0
tr|Q83AK5|Q83AK5_COXBU,0,0,0,0
sp|Q83AK6|DEF2_COXBU,0,1,0,0
sp|Q83AL0|GSHB_COXBU,0,0,0,0
tr|Q83AL2|Q83AL2_COXBU,0,0,0,0
sp|Q83AL3|COQ7_COXBU,0,0,0,0
tr|Q83AL7|Q83AL7_COXBU,0,0,0,0
tr|Q83AP3|Q83AP3_COXBU,1,0,0,0
sp|Q83AQ4|PSD_COXBU,0,0,0,0
tr|Q83AR5|Q83AR5_COXBU,0,0,0,0
sp|Q83AR8|PDXB_COXBU,0,0,0,0
tr|Q83AU2|Q83AU2_COXBU,0,0,0,0
sp|Q83AU6|PGK_COXBU,0,0,0,0
sp|Q83AY4|GMHA_COXBU,0,0,0,0
tr|Q83AY9|Q83AY9_COXBU,0,1,0,0
sp|Q83AZ0|PUR5_COXBU,0,0,0,0
sp|Q83AZ6|HEM6_COXBU,1,1,1,1
tr|Q83B02|Q83B02_COXBU,0,0,0,0
tr|Q83B05|Q83B05_COXBU,0,1,0,0
sp|Q83B09|GCSPB_COXBU,0,0,0,0
tr|Q83B16|Q83B16_COXBU,0,0,0,0
tr|Q83B17|Q83B17_COXBU,0,0,0,0
tr|Q83B22|Q83B22_COXBU,0,0,0,0
sp|Q83B24|SYM_COXBU,0,0,0,0
sp|Q83B31|DCD_COXBU,0,1,1,1
sp|Q83B43|KDSA_COXBU,0,0,0,0
sp|Q83B44|ENO_COXBU,0,0,0,0
sp|Q83BB0|RIMK_COXBU,0,0,0,0
sp|Q83BB6|RPOD_COXBU,0,0,0,0
tr|Q83BB7|Q83BB7_COXBU,0,0,0,0
sp|Q83BE0|RUVB_COXBU,0,0,0,0
sp|Q83BE2|RUVA_COXBU,0,0,0,0
sp|Q83BE3|RUVC_COXBU,0,0,0,0
sp|Q83BE5|SYDND_COXBU,0,0,0,0
tr|Q83BF5|Q83BF5_COXBU,1,0,0,0
tr|Q83BF6|Q83BF6_COXBU,0,0,0,0
sp|Q83BF8|RPPH_COXBU,0,0,0,0
sp|Q83BG2|TYSY_COXBU,0,0,0,0
sp|Q83BH2|GPMI_COXBU,0,0,0,0
sp|Q83BJ0|GPDA_COXBU,0,0,0,0
tr|Q83BJ1|Q83BJ1_COXBU,0,1,0,0
sp|Q83BJ8|ACCA_COXBU,0,0,0,0
sp|Q83BK3|LEPA_COXBU,0,0,0,0
sp|Q83BL1|PDXJ_COXBU,0,0,0,0
sp|Q83BL5|LPXH_COXBU,0,0,0,0
sp|Q83BL6|SYE2_COXBU,0,0,0,0
sp|Q83BL7|SYC_COXBU,0,0,0,0
sp|Q83BM5|AHPD_COXBU,0,0,0,0
sp|Q83BQ3|TPIS_COXBU,0,0,0,0
sp|Q83BQ5|NUOA_COXBU,0,0,0,0
sp|Q83BQ6|NUOB_COXBU,0,1,1,1
sp|Q83BQ8|NUOD_COXBU,0,0,0,0
tr|Q83BR1|Q83BR1_COXBU,0,0,0,0
sp|Q83BR2|NUOH_COXBU,1,0,0,0
sp|Q83BR3|NUOI_COXBU,0,0,0,0
sp|Q83BR5|NUOK_COXBU,0,0,0,0
sp|Q83BR8|NUON_COXBU,0,0,0,0
tr|Q83BS8|Q83BS8_COXBU,0,0,0,0
tr|Q83BT7|Q83BT7_COXBU,0,0,0,0
tr|Q83BU7|Q83BU7_COXBU,0,1,1,1
tr|Q83BV1|Q83BV1_COXBU,0,0,0,0
sp|Q83BV3|PYRH_COXBU,0,0,0,0
sp|Q83BV5|UPPS_COXBU,0,0,0,0
sp|Q83BY4|RLME_COXBU,0,0,0,0
sp|Q83BY7|GLMM_COXBU,0,0,0,0
tr|Q83BZ5|Q83BZ5_COXBU,0,1,0,0
sp|Q83BZ6|GUAA_COXBU,0,0,0,0
sp|Q83BZ8|RNH2_COXBU,0,0,0,0
sp|Q83BZ9|DDL_COXBU,1,0,0,0
sp|Q83C10|SYT_COXBU,0,0,0,0
sp|Q83C14|SYFA_COXBU,0,1,0,0
sp|Q83C15|SYFB_COXBU,0,0,0,0
tr|Q83C28|Q83C28_COXBU,0,0,1,0
sp|Q83C38|NADK_COXBU,0,0,0,0
sp|Q83C41|GRPE_COXBU,0,0,0,0
tr|Q83C49|Q83C49_COXBU,0,0,0,0
tr|Q83C50|Q83C50_COXBU,0,0,0,0
sp|Q83C63|LIPA_COXBU,0,0,0,0
sp|Q83C64|LIPB_COXBU,0,0,0,0
sp|Q83C71|NDK_COXBU,0,0,0,0
sp|Q83C88|TSAD_COXBU,1,0,0,0
sp|Q83C89|PLSY_COXBU,0,0,0,0
sp|Q83CA6|DAPA_COXBU,0,0,0,0
sp|Q83CD9|THII_COXBU,0,0,0,0
tr|Q83CG3|Q83CG3_COXBU,0,0,0,0
tr|Q83CG9|Q83CG9_COXBU,0,0,0,0
tr|Q83CI4|Q83CI4_COXBU,0,0,0,0
sp|Q83CL8|FUMC_COXBU,0,0,0,0
sp|Q83CP2|TTCA_COXBU,1,0,0,0
sp|Q83CQ6|SYA_COXBU,0,0,0,0
tr|Q83CQ7|Q83CQ7_COXBU,0,0,0,0
tr|Q83CR8|Q83CR8_COXBU,0,0,0,0
tr|Q83CR9|Q83CR9_COXBU,0,0,0,0
tr|Q83CU4|Q83CU4_COXBU,0,0,0,0
sp|Q83CU5|BIOB_COXBU,0,0,0,0
tr|Q83CU9|Q83CU9_COXBU,0,0,0,0
tr|Q83CV0|Q83CV0_COXBU,0,0,0,0
sp|Q83CV2|LOLD_COXBU,0,0,0,0
sp|Q83CV4|PURA_COXBU,0,0,0,0
sp|Q83CV6|CYOE_COXBU,0,0,0,0
sp|Q83CV9|DEF1_COXBU,0,0,0,0
sp|Q83CW6|RLMB_COXBU,1,0,0,0
sp|Q83CY0|PYRD_COXBU,0,0,0,0
sp|Q83CY8|BCP_COXBU,1,1,0,1
sp|Q83D14|GLPK_COXBU,0,0,0,0
sp|Q83D18|PDXH_COXBU,0,0,0,0
tr|Q83D40|Q83D40_COXBU,0,0,0,0
tr|Q83D47|Q83D47_COXBU,0,0,0,0
sp|Q83D51|ACCD_COXBU,0,0,0,0
tr|Q83D58|Q83D58_COXBU,0,0,0,0
sp|Q83D67|AROC_COXBU,0,0,0,0
tr|Q83D69|Q83D69_COXBU,0,0,0,0
sp|Q83D71|ALR_COXBU,1,0,0,0
tr|Q83D72|Q83D72_COXBU,0,0,0,0
tr|Q83D82|Q83D82_COXBU,1,0,0,0
sp|Q83D83|LPXK_COXBU,0,0,0,0
sp|Q83D84|MSBA_COXBU,0,0,0,0
sp|Q83D86|MGSA_COXBU,0,0,1,0
sp|Q83D87|PNP_COXBU,0,0,0,0
sp|Q83D91|G6PI_COXBU,0,0,0,0
tr|Q83DB4|Q83DB4_COXBU,0,0,0,0
sp|Q83DD0|SYV_COXBU,0,0,0,0
sp|Q83DE3|GCH1_COXBU,0,0,0,0
tr|Q83DG5|Q83DG5_COXBU,0,0,0,0
sp|Q83DI0|MURA_COXBU,0,0,0,0
tr|Q83DJ0|Q83DJ0_COXBU,0,0,0,0
sp|Q83DJ1|CLPX_COXBU,0,0,0,0
sp|Q83DJ2|CLPP_COXBU,0,0,0,0
sp|Q83DJ3|TIG_COXBU,0,0,0,0
sp|Q83DN1|DAPD_COXBU,0,1,1,1
sp|Q83DN2|DAPE_COXBU,1,0,0,0
sp|Q83DP8|RISB_COXBU,0,0,0,0
tr|Q83DQ3|Q83DQ3_COXBU,0,0,0,0
tr|Q83DR5|Q83DR5_COXBU,0,0,0,0
tr|Q83DR6|Q83DR6_COXBU,0,0,0,0
tr|Q83DR7|Q83DR7_COXBU,0,0,0,0
tr|Q83DT5|Q83DT5_COXBU,0,0,0,0
tr|Q83DU3|Q83DU3_COXBU,0,0,0,0
tr|Q83DW6|Q83DW6_COXBU,0,0,0,0
sp|Q83DX3|MIAB_COXBU,0,0,0,0
sp|Q83DY4|NADD_COXBU,0,1,0,0
tr|Q83DY8|Q83DY8_COXBU,0,1,0,0
tr|Q83DY9|Q83DY9_COXBU,0,0,0,0
sp|Q83DZ6|DNLJ_COXBU,0,0,0,0
tr|Q83E04|Q83E04_COXBU,0,0,0,0
sp|Q83E06|PYRF_COXBU,1,0,0,0
sp|Q83E10|KCY_COXBU,0,1,1,1
sp|Q83E12|SERC_COXBU,0,0,0,0
tr|Q83E13|Q83E13_COXBU,0,0,0,0
tr|Q83E15|Q83E15_COXBU,0,0,0,0
sp|Q83E18|UVRB_COXBU,0,0,0,0
tr|Q83E23|Q83E23_COXBU,0,1,0,0
sp|Q83E35|KTHY_COXBU,0,0,0,0
sp|Q83E37|FABF_COXBU,1,1,1,1
sp|Q83E40|PLSX_COXBU,0,0,0,0
tr|Q83E43|Q83E43_COXBU,1,1,0,1
sp|Q83E52|KDSB_COXBU,0,0,0,0
tr|Q83E59|Q83E59_COXBU,0,0,0,0
tr|Q83E68|Q83E68_COXBU,0,1,0,0
sp|Q83E75|KAD_COXBU,0,0,0,0
sp|Q83E97|SYK_COXBU,0,0,0,0
sp|Q83EA2|PANB_COXBU,0,0,0,0
sp|Q83EA3|PANC_COXBU,0,1,0,0
sp|Q83EA4|PAND_COXBU,0,0,0,0
sp|Q83EC8|LSPA_COXBU,0,0,0,0
sp|Q83EC9|SYI_COXBU,0,0,0,0
tr|Q83ED4|Q83ED4_COXBU,0,0,0,0
sp|Q83ED8|OBG_COXBU,0,0,1,0
tr|Q83EI6|Q83EI6_COXBU,0,0,0,0
sp|Q83EI7|THIG_COXBU,0,0,0,0
sp|Q83EJ0|THIC_COXBU,0,0,0,0
tr|Q83EJ4|Q83EJ4_COXBU,0,0,0,0
sp|Q83EK3|RNH_COXBU,0,0,0,0
sp|Q83EK7|FOLD_COXBU,1,0,0,0
sp|Q83EL0|HTPG_COXBU,0,0,0,0
sp|Q83EL7|KGUA_COXBU,0,0,0,0
sp|Q83EL9|RNPH_COXBU,0,0,0,0
tr|Q83EM0|Q83EM0_COXBU,0,0,0,0
sp|Q83EM7|COAD_COXBU,0,0,0,0
tr|Q83EN5|Q83EN5_COXBU,0,0,0,0
sp|Q83EP0|DCUP_COXBU,0,0,0,0
tr|Q83EP1|Q83EP1_COXBU,0,1,0,0
sp|Q83EP5|FABV_COXBU,0,0,0,0
sp|Q83EQ2|RPOA_COXBU,1,0,1,1
sp|Q83ES6|EFTU_COXBU,0,0,0,0
sp|Q83ES7|EFG_COXBU,0,0,0,0
sp|Q83ES9|RS12_COXBU,1,1,0,1
sp|Q83ET0|RPOC_COXBU,0,0,0,0
sp|Q83EV3|SYE1_COXBU,0,0,0,0
sp|Q83EX7|SYY_COXBU,0,0,0,0
sp|Q83EX9|ANMK_COXBU,0,0,0,0
sp|Q83F01|COAE_COXBU,0,0,0,0
sp|Q83F02|QUEF_COXBU,1,0,0,0
sp|Q83F06|SECA_COXBU,0,0,0,0
sp|Q83F11|LPXC_COXBU,0,0,0,0
sp|Q83F12|FTSZ_COXBU,0,1,1,1
sp|Q83F16|MURB_COXBU,0,0,0,0
sp|Q83F17|MURC_COXBU,0,0,0,0
sp|Q83F20|MURD_COXBU,0,0,0,0
sp|Q83F26|MRAY_COXBU,0,0,0,0
tr|Q83F27|Q83F27_COXBU,0,0,0,0
tr|Q83F33|Q83F33_COXBU,1,0,0,0
sp|Q83F39|TDH_COXBU,0,1,0,0
tr|Q83F40|Q83F40_COXBU,0,0,0,0
sp|Q83F44|METN_COXBU,0,0,0,0
sp|Q83F55|CLPB_COXBU,0,0,0,0
tr|Q83F56|Q83F56_COXBU,0,0,0,0
tr|Q83F84|Q83F84_COXBU,0,1,0,0
tr|Q83F85|Q83F85_COXBU,0,0,0,0
sp|Q83F93|UBIA_COXBU,0,0,0,0
sp|Q83FA4|HEMH_COXBU,1,0,0,0
sp|Q83FB4|RPIA_COXBU,0,0,0,0
sp|Q83FD0|AROE_COXBU,0,0,0,0
tr|Q83FD5|Q83FD5_COXBU,0,0,0,0
sp|Q9KI19|RPOS_COXBU,0,0,0,0
sp|Q9KI21|SURE_COXBU,0,1,0,0
sp|Q9XCY0|FTSW_COXBU,0,0,0,0
tr|B5U8P9|B5U8P9_COXBU,1,0,0,0
tr|H7C7E0|H7C7E0_COXBU,0,0,0,0
tr|H7C7E5|H7C7E5_COXBU,0,0,0,0
tr|H7C7F7|H7C7F7_COXBU,0,0,0,0
tr|H7C7G1|H7C7G1_COXBU,0,0,0,0
sp|O85387|RL22_COXBU,0,0,0,0
sp|O85388|RS3_COXBU,1,1,1,1
sp|P0C8S3|RL7_COXBU,0,1,1,1
sp|P26688|CBHE_COXBU,1,0,0,0
sp|P39916|TRXB_COXBU,1,1,1,1
sp|P39917|LOLA_COXBU,0,1,0,0
sp|P39918|RARA_COXBU,0,0,0,0
sp|P45647|RL34_COXBU,0,0,0,0
sp|P45680|USPA2_COXBU,0,0,0,0
sp|P47849|RF1_COXBU,0,0,0,0
sp|P51838|RECO_COXBU,0,0,0,0
sp|P59650|DHSL_COXBU,0,0,0,0
sp|P59753|RS13_COXBU,1,1,1,1
sp|P94613|MNMG_COXBU,0,0,0,0
sp|P94614|RSMG_COXBU,0,0,0,0
sp|P94616|SYGA_COXBU,0,0,0,0
sp|Q45881|HQ1_COXBU,0,0,0,0
sp|Q45885|DJLA_COXBU,0,0,0,0
sp|Q45966|SCVA_COXBU,0,1,0,0
sp|Q45968|TRA1_COXBU,0,0,0,0
tr|Q4AAX8|Q4AAX8_COXBU,0,0,0,0
tr|Q4AAY0|Q4AAY0_COXBU,0,0,0,0
tr|Q4AAY1|Q4AAY1_COXBU,0,0,0,0
sp|Q4AAY2|RL36_COXBU,0,0,0,0
tr|Q820B1|Q820B1_COXBU,0,0,0,0
tr|Q820B3|Q820B3_COXBU,0,0,0,0
tr|Q820W0|Q820W0_COXBU,0,0,0,0
tr|Q820W6|Q820W6_COXBU,0,1,1,1
sp|Q820X1|TRMD_COXBU,0,0,0,0
tr|Q820X2|Q820X2_COXBU,0,0,0,0
sp|Q839Z9|CNPD3_COXBU,0,0,0,0
sp|Q83A17|YQGF_COXBU,0,0,1,0
tr|Q83A21|Q83A21_COXBU,0,0,0,0
tr|Q83A24|Q83A24_COXBU,0,0,0,0
tr|Q83A30|Q83A30_COXBU,0,0,0,0
tr|Q83A34|Q83A34_COXBU,0,0,0,0
tr|Q83A41|Q83A41_COXBU,0,0,0,0
tr|Q83A56|Q83A56_COXBU,0,0,0,0
tr|Q83A61|Q83A61_COXBU,0,0,0,0
tr|Q83A63|Q83A63_COXBU,0,0,0,0
tr|Q83A69|Q83A69_COXBU,0,0,0,0
tr|Q83A85|Q83A85_COXBU,1,0,1,1
tr|Q83A89|Q83A89_COXBU,1,0,1,1
sp|Q83A98|SYR_COXBU,0,0,0,0
tr|Q83AA3|Q83AA3_COXBU,1,0,0,0
sp|Q83AA8|FMT_COXBU,0,0,0,0
tr|Q83AA9|Q83AA9_COXBU,0,0,0,0
sp|Q83AB0|ACYP_COXBU,0,0,0,0
tr|Q83AB3|Q83AB3_COXBU,1,0,0,0
sp|Q83AB7|APAH_COXBU,1,0,0,0
sp|Q83AC1|USPA1_COXBU,0,0,0,0
sp|Q83AC6|LPTD_COXBU,0,1,0,0
tr|Q83AD5|Q83AD5_COXBU,1,0,1,1
tr|Q83AD7|Q83AD7_COXBU,0,0,0,0
tr|Q83AE1|Q83AE1_COXBU,0,0,0,0
tr|Q83AE4|Q83AE4_COXBU,0,0,0,0
tr|Q83AE5|Q83AE5_COXBU,0,0,0,0
tr|Q83AE6|Q83AE6_COXBU,1,0,0,0
sp|Q83AF6|ATPG_COXBU,0,0,0,0
sp|Q83AF8|ATPD_COXBU,1,0,0,0
sp|Q83AF9|ATPF_COXBU,1,1,1,1
sp|Q83AG1|ATP6_COXBU,0,0,0,0
tr|Q83AG5|Q83AG5_COXBU,0,0,0,0
tr|Q83AG6|Q83AG6_COXBU,0,0,0,0
sp|Q83AH2|PARB_COXBU,0,0,0,0
tr|Q83AI1|Q83AI1_COXBU,1,0,0,0
tr|Q83AI2|Q83AI2_COXBU,0,0,0,0
tr|Q83AI7|Q83AI7_COXBU,1,0,0,0
tr|Q83AK2|Q83AK2_COXBU,0,0,0,0
tr|Q83AK4|Q83AK4_COXBU,0,1,0,0
sp|Q83AK7|ERPA_COXBU,1,0,1,1
sp|Q83AK9|RSMJ_COXBU,1,0,0,0
tr|Q83AM1|Q83AM1_COXBU,0,0,0,0
tr|Q83AM6|Q83AM6_COXBU,0,0,0,0
tr|Q83AN9|Q83AN9_COXBU,0,0,0,0
sp|Q83AP0|PTH_COXBU,0,0,1,0
sp|Q83AP1|RL25_COXBU,1,1,1,1
tr|Q83AP7|Q83AP7_COXBU,1,1,0,1
sp|Q83AQ2|LOLB_COXBU,1,1,0,1
tr|Q83AQ8|Q83AQ8_COXBU,1,1,1,1
sp|Q83AR4|EFP_COXBU,1,0,0,0
tr|Q83AT0|Q83AT0_COXBU,0,0,1,0
tr|Q83AT5|Q83AT5_COXBU,0,0,0,0
tr|Q83AU4|Q83AU4_COXBU,0,0,0,0
tr|Q83AU5|Q83AU5_COXBU,1,0,1,1
tr|Q83AU7|Q83AU7_COXBU,0,0,0,0
tr|Q83AV0|Q83AV0_COXBU,0,1,0,0
sp|Q83AV6|ENGB_COXBU,1,0,0,0
tr|Q83AW2|Q83AW2_COXBU,0,0,0,0
tr|Q83AW7|Q83AW7_COXBU,0,0,0,0
tr|Q83AX1|Q83AX1_COXBU,1,0,0,0
sp|Q83AX8|RL13_COXBU,0,0,0,0
sp|Q83AX9|RS9_COXBU,1,1,1,1
sp|Q83AY0|SSPA_COXBU,0,0,0,0
tr|Q83AY8|Q83AY8_COXBU,1,0,0,0
tr|Q83AZ4|Q83AZ4_COXBU,0,0,0,0
tr|Q83AZ7|Q83AZ7_COXBU,0,0,0,0
tr|Q83AZ9|Q83AZ9_COXBU,0,0,0,0
tr|Q83B00|Q83B00_COXBU,0,1,1,1
sp|Q83B06|GCST_COXBU,0,0,0,0
sp|Q83B07|GCSH_COXBU,0,0,1,0
sp|Q83B08|GCSPA_COXBU,0,0,0,0
tr|Q83B14|Q83B14_COXBU,0,0,0,0
tr|Q83B30|Q83B30_COXBU,1,1,0,1
sp|Q83B45|FTSB_COXBU,0,0,0,0
sp|Q83BB9|RS21_COXBU,0,0,0,0
tr|Q83BD6|Q83BD6_COXBU,0,1,1,1
tr|Q83BD7|Q83BD7_COXBU,0,0,0,0
tr|Q83BF9|Q83BF9_COXBU,0,0,0,0
sp|Q83BG0|LGT_COXBU,1,0,0,0
tr|Q83BH0|Q83BH0_COXBU,1,1,0,1
tr|Q83BI8|Q83BI8_COXBU,0,0,1,0
sp|Q83BI9|SECB_COXBU,0,0,0,0
sp|Q83BJ9|TILS_COXBU,0,0,0,0
tr|Q83BK1|Q83BK1_COXBU,0,0,0,0
tr|Q83BK4|Q83BK4_COXBU,0,0,1,0
sp|Q83BM8|GATB_COXBU,0,0,0,0
sp|Q83BM9|GATA_COXBU,0,0,0,0
tr|Q83BN0|Q83BN0_COXBU,0,0,0,0
tr|Q83BN2|Q83BN2_COXBU,0,0,0,0
tr|Q83BN3|Q83BN3_COXBU,0,0,0,0
tr|Q83BN4|Q83BN4_COXBU,0,0,0,0
tr|Q83BQ4|Q83BQ4_COXBU,1,0,1,1
sp|Q83BQ7|NUOC_COXBU,0,0,0,0
tr|Q83BQ9|Q83BQ9_COXBU,0,0,0,0
tr|Q83BR0|Q83BR0_COXBU,0,0,0,0
tr|Q83BR4|Q83BR4_COXBU,0,0,0,0
tr|Q83BR6|Q83BR6_COXBU,0,0,0,0
tr|Q83BR7|Q83BR7_COXBU,0,0,0,0
sp|Q83BR9|RIMP_COXBU,0,0,0,0
sp|Q83BS0|NUSA_COXBU,0,0,0,0
sp|Q83BS1|IF2_COXBU,0,0,0,0
sp|Q83BS2|RBFA_COXBU,1,0,0,0
tr|Q83BT0|Q83BT0_COXBU,0,0,0,0
sp|Q83BT4|NRDR_COXBU,0,0,0,0
sp|Q83BT5|NUSB_COXBU,0,0,0,0
sp|Q83BT6|Y1416_COXBU,0,0,0,0
tr|Q83BU9|Q83BU9_COXBU,0,1,1,1
sp|Q83BV4|RRF_COXBU,1,0,1,1
tr|Q83BV6|Q83BV6_COXBU,0,0,0,0
tr|Q83BW1|Q83BW1_COXBU,0,0,0,0
tr|Q83BW2|Q83BW2_COXBU,0,0,0,0
tr|Q83BW4|Q83BW4_COXBU,0,0,0,0
tr|Q83BX4|Q83BX4_COXBU,0,0,0,0
tr|Q83BX5|Q83BX5_COXBU,0,0,0,0
tr|Q83BY0|Q83BY0_COXBU,0,1,0,0
tr|Q83C00|Q83C00_COXBU,0,0,0,0
sp|Q83C11|IF3_COXBU,0,0,0,0
sp|Q83C12|RL35_COXBU,0,0,0,0
sp|Q83C13|RL20_COXBU,0,0,0,0
sp|Q83C16|IHFA_COXBU,1,1,1,1
sp|Q83C29|SSRP_COXBU,0,0,0,0
tr|Q83C32|Q83C32_COXBU,1,1,1,1
tr|Q83C33|Q83C33_COXBU,0,0,0,0
tr|Q83C37|Q83C37_COXBU,0,0,0,0
tr|Q83C40|Q83C40_COXBU,0,0,0,0
tr|Q83C51|Q83C51_COXBU,0,0,0,0
tr|Q83C54|Q83C54_COXBU,0,0,0,0
tr|Q83C60|Q83C60_COXBU,1,0,1,1
tr|Q83C68|Q83C68_COXBU,1,1,0,1
tr|Q83C70|Q83C70_COXBU,0,0,0,0
tr|Q83C74|Q83C74_COXBU,0,0,0,0
sp|Q83C80|SYH_COXBU,1,0,0,0
sp|Q83C83|DER_COXBU,0,0,0,0
tr|Q83C85|Q83C85_COXBU,0,0,0,0
sp|Q83C87|MDH_COXBU,0,0,0,0
sp|Q83C93|ORN_COXBU,0,0,0,0
tr|Q83C98|Q83C98_COXBU,0,0,0,0
tr|Q83CA0|Q83CA0_COXBU,0,0,0,0
tr|Q83CA1|Q83CA1_COXBU,0,0,0,0
sp|Q83CA8|PUR7_COXBU,0,0,0,0
tr|Q83CC1|Q83CC1_COXBU,0,0,0,0
sp|Q83CC6|QUEA_COXBU,0,1,0,0
tr|Q83CD0|Q83CD0_COXBU,0,0,0,0
sp|Q83CD1|IF1_COXBU,1,1,1,1
sp|Q83CD5|UVRC_COXBU,0,0,0,0
tr|Q83CD8|Q83CD8_COXBU,0,1,0,0
tr|Q83CE1|Q83CE1_COXBU,1,0,0,0
tr|Q83CE4|Q83CE4_COXBU,0,0,0,0
tr|Q83CG0|Q83CG0_COXBU,1,0,0,0
sp|Q83CG2|TRPA_COXBU,0,0,0,0
tr|Q83CG4|Q83CG4_COXBU,0,0,0,0
tr|Q83CH2|Q83CH2_COXBU,0,0,0,0
tr|Q83CH3|Q83CH3_COXBU,0,0,0,0
tr|Q83CH4|Q83CH4_COXBU,0,0,0,0
tr|Q83CH7|Q83CH7_COXBU,1,0,1,1
tr|Q83CI2|Q83CI2_COXBU,0,0,0,0
tr|Q83CI6|Q83CI6_COXBU,0,0,0,0
sp|Q83CJ2|CBPA_COXBU,1,1,1,1
tr|Q83CJ3|Q83CJ3_COXBU,1,1,1,1
tr|Q83CJ5|Q83CJ5_COXBU,1,0,1,1
tr|Q83CJ9|Q83CJ9_COXBU,1,1,0,1
tr|Q83CK4|Q83CK4_COXBU,1,0,0,0
tr|Q83CL5|Q83CL5_COXBU,0,0,0,0
tr|Q83CL7|Q83CL7_COXBU,1,1,0,1
tr|Q83CM3|Q83CM3_COXBU,0,0,0,0
tr|Q83CM8|Q83CM8_COXBU,0,0,0,0
sp|Q83CM9|MUTL_COXBU,0,0,0,0
tr|Q83CN6|Q83CN6_COXBU,0,0,0,0
tr|Q83CP4|Q83CP4_COXBU,0,0,0,0
sp|Q83CP8|SCPA_COXBU,0,0,0,0
sp|Q83CP9|SCPBL_COXBU,0,0,0,0
sp|Q83CQ2|MUTS_COXBU,0,0,0,0
sp|Q83CQ4|RECA_COXBU,1,0,0,0
sp|Q83CQ8|CSRA2_COXBU,1,1,1,1
tr|Q83CR7|Q83CR7_COXBU,0,0,0,0
tr|Q83CS0|Q83CS0_COXBU,0,0,0,0
tr|Q83CS1|Q83CS1_COXBU,0,0,0,0
tr|Q83CS4|Q83CS4_COXBU,0,0,0,0
sp|Q83CU8|BIOC2_COXBU,0,0,0,0
tr|Q83CV3|Q83CV3_COXBU,0,0,0,0
sp|Q83CW4|UNG_COXBU,1,0,0,0
tr|Q83CW5|Q83CW5_COXBU,1,0,0,0
tr|Q83CW9|Q83CW9_COXBU,0,0,0,0
tr|Q83CX8|Q83CX8_COXBU,0,0,0,0
tr|Q83CY5|Q83CY5_COXBU,0,0,0,0
tr|Q83CY6|Q83CY6_COXBU,0,0,0,0
tr|Q83CZ2|Q83CZ2_COXBU,0,0,0,0
tr|Q83CZ6|Q83CZ6_COXBU,0,0,0,0
sp|Q83D06|FETP_COXBU,1,0,0,0
tr|Q83D07|Q83D07_COXBU,0,0,0,0
tr|Q83D13|Q83D13_COXBU,0,0,0,0
tr|Q83D15|Q83D15_COXBU,0,1,0,0
tr|Q83D19|Q83D19_COXBU,0,0,0,0
tr|Q83D20|Q83D20_COXBU,0,1,0,0
tr|Q83D32|Q83D32_COXBU,0,0,0,0
sp|Q83D36|YCIB_COXBU,1,0,0,0
sp|Q83D39|RL31_COXBU,1,0,1,1
tr|Q83D50|Q83D50_COXBU,0,0,0,0
sp|Q83D55|BDBC_COXBU,0,0,0,0
sp|Q83D70|SDHE_COXBU,1,0,0,0
sp|Q83D73|RL9_COXBU,1,0,1,1
sp|Q83D75|RS18_COXBU,0,0,0,0
sp|Q83D76|RS6_COXBU,0,0,1,0
sp|Q83D88|RS15_COXBU,0,0,0,0
tr|Q83D90|Q83D90_COXBU,0,0,0,0
tr|Q83D92|Q83D92_COXBU,0,0,0,0
tr|Q83D98|Q83D98_COXBU,0,1,0,0
tr|Q83DA5|Q83DA5_COXBU,0,0,0,0
tr|Q83DA7|Q83DA7_COXBU,0,0,0,0
tr|Q83DA8|Q83DA8_COXBU,1,0,0,0
tr|Q83DB2|Q83DB2_COXBU,0,1,0,0
tr|Q83DB5|Q83DB5_COXBU,1,0,0,0
sp|Q83DC7|RF3_COXBU,0,0,0,0
tr|Q83DC8|Q83DC8_COXBU,0,0,0,0
tr|Q83DC9|Q83DC9_COXBU,0,0,0,0
tr|Q83DD7|Q83DD7_COXBU,0,0,0,0
tr|Q83DE9|Q83DE9_COXBU,0,0,0,0
tr|Q83DF0|Q83DF0_COXBU,0,1,0,0
tr|Q83DG4|Q83DG4_COXBU,0,0,0,0
tr|Q83DH4|Q83DH4_COXBU,0,0,0,0
tr|Q83DH5|Q83DH5_COXBU,0,1,0,0
tr|Q83DH6|Q83DH6_COXBU,0,1,0,0
tr|Q83DI1|Q83DI1_COXBU,0,0,0,0
tr|Q83DI2|Q83DI2_COXBU,0,0,0,0
tr|Q83DI3|Q83DI3_COXBU,1,0,1,1
tr|Q83DI5|Q83DI5_COXBU,0,0,0,0
tr|Q83DK3|Q83DK3_COXBU,0,0,0,0
tr|Q83DM3|Q83DM3_COXBU,0,0,0,0
tr|Q83DM6|Q83DM6_COXBU,0,1,1,1
tr|Q83DM8|Q83DM8_COXBU,0,0,0,0
tr|Q83DN8|Q83DN8_COXBU,0,0,0,0
sp|Q83DP0|RECR_COXBU,0,0,0,0
sp|Q83DP1|Y656_COXBU,0,0,0,0
tr|Q83DQ5|Q83DQ5_COXBU,0,0,0,0
tr|Q83DQ6|Q83DQ6_COXBU,0,0,1,0
tr|Q83DQ8|Q83DQ8_COXBU,0,0,0,0
tr|Q83DS3|Q83DS3_COXBU,0,0,0,0
sp|Q83DS5|LPXB_COXBU,0,0,0,0
sp|Q83DT0|LPXD_COXBU,1,1,1,1
tr|Q83DT1|Q83DT1_COXBU,0,0,0,0
tr|Q83DT2|Q83DT2_COXBU,1,0,0,0
tr|Q83DT3|Q83DT3_COXBU,0,0,0,0
tr|Q83DT4|Q83DT4_COXBU,0,0,0,0
tr|Q83DU4|Q83DU4_COXBU,0,0,0,0
tr|Q83DU5|Q83DU5_COXBU,0,0,0,0
tr|Q83DV4|Q83DV4_COXBU,0,1,0,0
sp|Q83DV5|GLPE_COXBU,0,0,0,0
tr|Q83DW1|Q83DW1_COXBU,1,0,1,1
tr|Q83DW9|Q83DW9_COXBU,0,0,0,0
sp|Q83DX5|YBEY_COXBU,0,0,0,0
sp|Q83DY1|SYL_COXBU,0,0,0,0
tr|Q83DY2|Q83DY2_COXBU,1,1,0,1
tr|Q83DY3|Q83DY3_COXBU,0,0,0,0
tr|Q83DY7|Q83DY7_COXBU,0,0,0,0
tr|Q83DZ2|Q83DZ2_COXBU,0,0,0,0
tr|Q83DZ7|Q83DZ7_COXBU,0,0,0,0
tr|Q83DZ8|Q83DZ8_COXBU,0,0,0,0
tr|Q83E07|Q83E07_COXBU,0,0,0,0
tr|Q83E08|Q83E08_COXBU,0,0,0,0
sp|Q83E09|RS1_COXBU,0,0,0,0
tr|Q83E19|Q83E19_COXBU,0,0,0,0
tr|Q83E25|Q83E25_COXBU,1,0,0,0
tr|Q83E30|Q83E30_COXBU,0,0,0,0
tr|Q83E31|Q83E31_COXBU,1,1,1,1
tr|Q83E34|Q83E34_COXBU,0,0,0,0
tr|Q83E36|Q83E36_COXBU,0,0,0,0
tr|Q83E38|Q83E38_COXBU,0,0,0,0
tr|Q83E39|Q83E39_COXBU,0,0,0,0
sp|Q83E41|RL32_COXBU,0,0,1,0
tr|Q83E42|Q83E42_COXBU,0,0,0,0
tr|Q83E47|Q83E47_COXBU,0,0,0,0
tr|Q83E48|Q83E48_COXBU,0,0,0,0
tr|Q83E51|Q83E51_COXBU,0,0,0,0
sp|Q83E63|EX7S_COXBU,1,0,1,1
sp|Q83E64|BIOC1_COXBU,0,0,0,0
tr|Q83E67|Q83E67_COXBU,0,0,0,0
tr|Q83E69|Q83E69_COXBU,0,0,0,0
tr|Q83E74|Q83E74_COXBU,0,0,0,0
tr|Q83E79|Q83E79_COXBU,0,0,0,0
sp|Q83E83|RS16_COXBU,1,1,1,1
sp|Q83E84|RIMM_COXBU,0,0,0,0
sp|Q83E85|RL19_COXBU,0,0,0,0
tr|Q83E94|Q83E94_COXBU,0,0,0,0
tr|Q83EA8|Q83EA8_COXBU,0,0,0,0
tr|Q83ED5|Q83ED5_COXBU,0,0,0,0
sp|Q83ED6|RS20_COXBU,0,0,0,0
sp|Q83ED9|RL27_COXBU,1,1,1,1
sp|Q83EE0|RL21_COXBU,0,0,0,0
tr|Q83EE2|Q83EE2_COXBU,0,0,0,0
tr|Q83EF6|Q83EF6_COXBU,0,0,0,0
tr|Q83EF7|Q83EF7_COXBU,0,0,0,0
tr|Q83EH2|Q83EH2_COXBU,0,0,0,0
tr|Q83EH5|Q83EH5_COXBU,0,1,0,0
tr|Q83EI2|Q83EI2_COXBU,0,0,0,0
tr|Q83EI4|Q83EI4_COXBU,0,0,0,0
tr|Q83EI9|Q83EI9_COXBU,0,0,0,0
tr|Q83EK1|Q83EK1_COXBU,0,1,1,1
tr|Q83EK2|Q83EK2_COXBU,0,0,0,0
tr|Q83EK5|Q83EK5_COXBU,0,0,0,0
tr|Q83EK6|Q83EK6_COXBU,0,0,0,0
tr|Q83EL4|Q83EL4_COXBU,0,0,0,0
sp|Q83EL6|RPOZ_COXBU,1,0,1,1
tr|Q83EM1|Q83EM1_COXBU,0,1,1,1
tr|Q83EM3|Q83EM3_COXBU,0,0,0,0
sp|Q83EM4|RL28_COXBU,1,0,0,0
tr|Q83EM5|Q83EM5_COXBU,0,1,0,0
tr|Q83EM8|Q83EM8_COXBU,0,0,0,0
tr|Q83EM9|Q83EM9_COXBU,0,0,0,0
sp|Q83EP4|SSB_COXBU,1,1,1,1
sp|Q83EQ1|RL17_COXBU,1,0,1,1
sp|Q83EQ3|RS4_COXBU,1,0,0,0
sp|Q83EQ4|RS11_COXBU,1,1,1,1
tr|Q83EQ6|Q83EQ6_COXBU,0,0,0,0
sp|Q83EQ7|RL15_COXBU,1,1,1,1
sp|Q83EQ8|RL30_COXBU,0,0,0,0
sp|Q83EQ9|RS5_COXBU,1,1,0,1
sp|Q83ER0|RL18_COXBU,0,0,0,0
sp|Q83ER1|RL6_COXBU,0,0,1,0
sp|Q83ER2|RS8_COXBU,0,0,0,0
tr|Q83ER3|Q83ER3_COXBU,0,0,0,0
sp|Q83ER4|RL5_COXBU,1,0,0,0
sp|Q83ER5|RL24_COXBU,0,0,0,0
sp|Q83ER6|RL14_COXBU,0,0,0,0
sp|Q83ER7|RS17_COXBU,0,0,0,0
sp|Q83ER9|RL16_COXBU,0,0,1,0
sp|Q83ES0|RS19_COXBU,1,1,1,1
sp|Q83ES1|RL2_COXBU,1,1,1,1
sp|Q83ES2|RL23_COXBU,1,0,0,0
sp|Q83ES3|RL4_COXBU,0,1,1,1
sp|Q83ES4|RL3_COXBU,1,0,0,0
sp|Q83ES5|RS10_COXBU,0,0,0,0
sp|Q83ES8|RS7_COXBU,1,0,1,1
sp|Q83ET2|RL10_COXBU,0,0,0,0
sp|Q83ET3|RL1_COXBU,1,0,1,1
sp|Q83ET4|RL11_COXBU,1,0,1,1
tr|Q83ET5|Q83ET5_COXBU,0,0,0,0
tr|Q83ET6|Q83ET6_COXBU,1,0,1,1
tr|Q83EU1|Q83EU1_COXBU,0,0,0,0
tr|Q83EV0|Q83EV0_COXBU,1,0,0,0
sp|Q83EV9|COAA_COXBU,0,0,0,0
tr|Q83EW0|Q83EW0_COXBU,1,1,1,1
tr|Q83EW4|Q83EW4_COXBU,0,0,0,0
tr|Q83F00|Q83F00_COXBU,0,0,0,0
sp|Q83F03|ZAPD_COXBU,0,0,0,0
tr|Q83F05|Q83F05_COXBU,0,0,0,0
tr|Q83F13|Q83F13_COXBU,0,0,0,0
tr|Q83F14|Q83F14_COXBU,0,0,0,0
sp|Q83F15|FTSQ_COXBU,0,0,0,0
sp|Q83F34|FTSL_COXBU,0,0,0,0
sp|Q83F35|RSMH_COXBU,0,0,0,0
sp|Q83F36|MRAZ_COXBU,0,0,0,0
tr|Q83F48|Q83F48_COXBU,0,0,0,0
tr|Q83F51|Q83F51_COXBU,0,0,0,0
tr|Q83F52|Q83F52_COXBU,0,0,0,0
tr|Q83F57|Q83F57_COXBU,1,1,1,1
tr|Q83F58|Q83F58_COXBU,0,1,1,1
sp|Q83F59|TOLB_COXBU,1,0,1,1
sp|Q83F67|SYP_COXBU,0,0,0,0
tr|Q83F72|Q83F72_COXBU,0,0,0,0
tr|Q83F73|Q83F73_COXBU,0,0,0,0
tr|Q83F81|Q83F81_COXBU,0,0,0,0
tr|Q83F82|Q83F82_COXBU,0,0,1,0
sp|Q83F94|UBIC_COXBU,0,0,1,0
tr|Q83F95|Q83F95_COXBU,1,1,0,1
tr|Q83FA6|Q83FA6_COXBU,0,0,0,0
tr|Q83FA8|Q83FA8_COXBU,0,0,0,0
sp|Q83FB6|CSRA1_COXBU,1,0,0,0
tr|Q83FC3|Q83FC3_COXBU,0,0,0,0
tr|Q83FC4|Q83FC4_COXBU,1,1,0,1
tr|Q83FD1|Q83FD1_COXBU,1,1,0,1
sp|Q83FD6|RECF_COXBU,1,1,0,1
tr|Q83FD7|Q83FD7_COXBU,0,0,0,0
sp|Q83FD8|DNAA_COXBU,0,0,0,0
sp|Q9X5U8|RS2_COXBU,1,1,1,1
sp|Q9X5U9|EFTS_COXBU,0,0,0,0
tr|B5QS65|B5QS65_COXBU,0,0,0,0
tr|B5QS66|B5QS66_COXBU,1,0,0,0
tr|B5QS67|B5QS67_COXBU,1,0,0,0
tr|B5QS68|B5QS68_COXBU,0,0,0,0
tr|B5QS69|B5QS69_COXBU,1,0,1,1
tr|B5QS71|B5QS71_COXBU,1,0,0,0
tr|B5QS72|B5QS72_COXBU,1,1,1,1
tr|B5QS73|B5QS73_COXBU,1,1,1,1
tr|B5QS74|B5QS74_COXBU,0,0,0,0
tr|B5QS75|B5QS75_COXBU,1,1,1,1
tr|B5QS76|B5QS76_COXBU,1,0,0,0
tr|B5QS77|B5QS77_COXBU,1,1,1,1
tr|B5QS78|B5QS78_COXBU,1,0,1,1
tr|B5QS79|B5QS79_COXBU,1,0,1,1
tr|B5QS80|B5QS80_COXBU,1,1,0,1
tr|B5QS81|B5QS81_COXBU,1,1,0,1
tr|B5QS82|B5QS82_COXBU,1,0,0,0
tr|B5QS83|B5QS83_COXBU,0,0,0,0
tr|B5QS84|B5QS84_COXBU,1,0,0,0
tr|B5QS85|B5QS85_COXBU,1,0,0,0
tr|B5QS86|B5QS86_COXBU,1,0,0,0
tr|B5QS88|B5QS88_COXBU,0,0,1,0
tr|B5QS89|B5QS89_COXBU,0,0,1,0
tr|B5QS90|B5QS90_COXBU,0,1,1,1
tr|B5QS91|B5QS91_COXBU,1,0,0,0
tr|B5QS92|B5QS92_COXBU,0,0,0,0
tr|B5QS93|B5QS93_COXBU,0,0,0,0
tr|B5QS94|B5QS94_COXBU,1,0,0,0
tr|B5QS95|B5QS95_COXBU,1,1,0,1
tr|B5QS96|B5QS96_COXBU,0,0,0,0
tr|B5QS99|B5QS99_COXBU,1,1,0,1
tr|B5QSA0|B5QSA0_COXBU,1,0,1,1
tr|B5QSA2|B5QSA2_COXBU,1,0,0,0
tr|B5QSA3|B5QSA3_COXBU,0,0,0,0
tr|B5QSA4|B5QSA4_COXBU,0,0,0,0
tr|B5QSA5|B5QSA5_COXBU,0,0,0,0
tr|B5QSA7|B5QSA7_COXBU,0,0,0,0
tr|B5QSA8|B5QSA8_COXBU,0,0,0,0
tr|B5QSA9|B5QSA9_COXBU,0,0,0,0
tr|B5QSB2|B5QSB2_COXBU,1,0,1,1
tr|B5QSB3|B5QSB3_COXBU,1,0,0,0
tr|B5QSB5|B5QSB5_COXBU,0,0,0,0
tr|B5QSB6|B5QSB6_COXBU,0,0,0,0
tr|B5QSB7|B5QSB7_COXBU,1,0,1,1
tr|B5QSB9|B5QSB9_COXBU,0,0,0,0
tr|B5QSC0|B5QSC0_COXBU,0,1,0,0
tr|B5QSC1|B5QSC1_COXBU,0,0,0,0
tr|B5QSC2|B5QSC2_COXBU,1,1,0,1
tr|B5QSC3|B5QSC3_COXBU,0,1,1,1
tr|B5QSC4|B5QSC4_COXBU,1,1,0,1
tr|B5QSC5|B5QSC5_COXBU,1,0,0,0
tr|B5QSC6|B5QSC6_COXBU,0,1,1,1
tr|B5QSC7|B5QSC7_COXBU,1,0,0,0
tr|B5QSC8|B5QSC8_COXBU,0,0,0,0
tr|B5QSC9|B5QSC9_COXBU,0,0,0,0
tr|B5QSD0|B5QSD0_COXBU,0,0,0,0
tr|B5QSD1|B5QSD1_COXBU,0,0,0,0
tr|B5QSD2|B5QSD2_COXBU,1,1,1,1
tr|B5QSD3|B5QSD3_COXBU,0,0,0,0
tr|B5QSD4|B5QSD4_COXBU,1,0,1,1
tr|B5QSD5|B5QSD5_COXBU,1,1,0,1
tr|B5QSD6|B5QSD6_COXBU,0,0,0,0
tr|B5QSD7|B5QSD7_COXBU,0,0,0,0
tr|B5QSD8|B5QSD8_COXBU,1,0,0,0
tr|B5QSD9|B5QSD9_COXBU,0,0,1,0
tr|B5QSE4|B5QSE4_COXBU,0,1,1,1
tr|B5QSE6|B5QSE6_COXBU,0,0,0,0
tr|B5QSE7|B5QSE7_COXBU,0,1,0,0
tr|B5QSE8|B5QSE8_COXBU,1,1,0,1
tr|B5QSF0|B5QSF0_COXBU,1,0,0,0
tr|B5QSF2|B5QSF2_COXBU,1,0,0,0
tr|B5QSF4|B5QSF4_COXBU,0,0,1,0
tr|B5QSF6|B5QSF6_COXBU,0,0,0,0
tr|B5QSF7|B5QSF7_COXBU,0,0,0,0
tr|B5QSF9|B5QSF9_COXBU,0,0,0,0
tr|B5QSG0|B5QSG0_COXBU,1,0,1,1
tr|B5QSG1|B5QSG1_COXBU,0,0,0,0
tr|B5QSG2|B5QSG2_COXBU,0,1,0,0
tr|B5QSG3|B5QSG3_COXBU,1,1,0,1
tr|B5QSG4|B5QSG4_COXBU,0,1,0,0
tr|B5QSG7|B5QSG7_COXBU,0,1,1,1
tr|B5QSG8|B5QSG8_COXBU,1,1,0,1
tr|B5QSG9|B5QSG9_COXBU,1,1,0,1
tr|B5QSH2|B5QSH2_COXBU,0,0,0,0
tr|B5QSH5|B5QSH5_COXBU,1,0,1,1
tr|B5QSH6|B5QSH6_COXBU,0,1,1,1
tr|B5QSH7|B5QSH7_COXBU,0,0,0,0
tr|B5QSH8|B5QSH8_COXBU,1,0,0,0
tr|B5QSH9|B5QSH9_COXBU,0,0,0,0
tr|B5QSI0|B5QSI0_COXBU,0,0,0,0
tr|B5QSI1|B5QSI1_COXBU,1,0,0,0
tr|B5QSI2|B5QSI2_COXBU,1,0,1,1
tr|B5U8Q0|B5U8Q0_COXBU,0,0,0,0
tr|B5U8Q1|B5U8Q1_COXBU,0,0,0,0
tr|B5U8Q2|B5U8Q2_COXBU,1,1,1,1
tr|B5U8Q3|B5U8Q3_COXBU,0,0,0,0
tr|B5U8Q4|B5U8Q4_COXBU,0,0,0,0
tr|B5U8Q5|B5U8Q5_COXBU,0,0,0,0
tr|B5U8Q8|B5U8Q8_COXBU,0,0,0,0
tr|B5U8R0|B5U8R0_COXBU,0,0,0,0
tr|H7C7C8|H7C7C8_COXBU,1,0,0,0
tr|H7C7C9|H7C7C9_COXBU,1,0,0,0
tr|H7C7D1|H7C7D1_COXBU,0,0,0,0
tr|H7C7D2|H7C7D2_COXBU,0,0,1,0
tr|H7C7D3|H7C7D3_COXBU,1,0,0,0
tr|H7C7D4|H7C7D4_COXBU,0,0,0,0
tr|H7C7D5|H7C7D5_COXBU,0,0,0,0
tr|H7C7D6|H7C7D6_COXBU,0,0,0,0
tr|H7C7D7|H7C7D7_COXBU,1,0,0,0
tr|H7C7D9|H7C7D9_COXBU,1,1,1,1
tr|H7C7E1|H7C7E1_COXBU,0,1,0,0
tr|H7C7E2|H7C7E2_COXBU,0,0,0,0
tr|H7C7E3|H7C7E3_COXBU,1,1,1,1
tr|H7C7E4|H7C7E4_COXBU,0,0,0,0
tr|H7C7E6|H7C7E6_COXBU,1,1,1,1
tr|H7C7E7|H7C7E7_COXBU,1,0,0,0
tr|H7C7E8|H7C7E8_COXBU,1,1,0,1
tr|H7C7E9|H7C7E9_COXBU,0,0,0,0
tr|H7C7F0|H7C7F0_COXBU,0,0,0,0
tr|H7C7F1|H7C7F1_COXBU,0,0,0,0
tr|H7C7F2|H7C7F2_COXBU,1,0,0,0
tr|H7C7F3|H7C7F3_COXBU,0,0,0,0
tr|H7C7F4|H7C7F4_COXBU,0,1,0,0
tr|H7C7F5|H7C7F5_COXBU,0,0,0,0
tr|H7C7F6|H7C7F6_COXBU,0,0,0,0
tr|H7C7F9|H7C7F9_COXBU,1,0,0,0
tr|H7C7G0|H7C7G0_COXBU,0,0,0,0
tr|H7C7G2|H7C7G2_COXBU,0,0,0,0
sp|P45649|YIDD_COXBU,0,0,0,0
sp|Q45952|Y3006_COXBU,1,0,0,0
tr|Q549T3|Q549T3_COXBU,0,0,0,0
tr|Q81ZK1|Q81ZK1_COXBU,0,0,0,0
tr|Q81ZP4|Q81ZP4_COXBU,1,0,0,0
tr|Q81ZT6|Q81ZT6_COXBU,0,0,0,0
tr|Q820B2|Q820B2_COXBU,0,0,0,0
tr|Q820B6|Q820B6_COXBU,0,0,0,0
tr|Q820W1|Q820W1_COXBU,0,0,0,0
tr|Q820W4|Q820W4_COXBU,0,0,1,0
tr|Q820W5|Q820W5_COXBU,0,0,0,0
tr|Q820W8|Q820W8_COXBU,1,1,0,1
tr|Q820X4|Q820X4_COXBU,0,0,0,0
tr|Q820X6|Q820X6_COXBU,0,0,0,0
tr|Q820X7|Q820X7_COXBU,0,0,0,0
tr|Q839Z7|Q839Z7_COXBU,0,0,0,0
tr|Q839Z8|Q839Z8_COXBU,0,0,0,0
tr|Q83A00|Q83A00_COXBU,0,0,0,0
tr|Q83A03|Q83A03_COXBU,1,1,1,1
tr|Q83A04|Q83A04_COXBU,1,0,0,0
tr|Q83A05|Q83A05_COXBU,0,0,0,0
tr|Q83A06|Q83A06_COXBU,1,1,0,1
tr|Q83A07|Q83A07_COXBU,1,0,0,0
tr|Q83A08|Q83A08_COXBU,0,0,1,0
tr|Q83A10|Q83A10_COXBU,0,1,0,0
tr|Q83A11|Q83A11_COXBU,1,1,1,1
tr|Q83A13|Q83A13_COXBU,0,0,0,0
sp|Q83A18|Y2093_COXBU,0,0,0,0
tr|Q83A20|Q83A20_COXBU,0,0,0,0
tr|Q83A22|Q83A22_COXBU,0,0,0,0
tr|Q83A23|Q83A23_COXBU,0,0,0,0
tr|Q83A26|Q83A26_COXBU,0,0,0,0
tr|Q83A27|Q83A27_COXBU,1,0,1,1
tr|Q83A29|Q83A29_COXBU,1,1,1,1
tr|Q83A31|Q83A31_COXBU,1,0,0,0
sp|Q83A32|Y2079_COXBU,0,1,1,1
tr|Q83A33|Q83A33_COXBU,0,0,0,0
tr|Q83A35|Q83A35_COXBU,0,0,0,0
tr|Q83A38|Q83A38_COXBU,0,0,0,0
tr|Q83A39|Q83A39_COXBU,1,0,0,0
tr|Q83A40|Q83A40_COXBU,0,0,0,0
tr|Q83A43|Q83A43_COXBU,0,0,0,0
tr|Q83A44|Q83A44_COXBU,0,0,0,0
tr|Q83A45|Q83A45_COXBU,0,0,0,0
tr|Q83A49|Q83A49_COXBU,0,0,0,0
tr|Q83A52|Q83A52_COXBU,0,0,0,0
tr|Q83A53|Q83A53_COXBU,0,0,0,0
tr|Q83A54|Q83A54_COXBU,1,0,1,1
tr|Q83A55|Q83A55_COXBU,0,0,0,0
tr|Q83A58|Q83A58_COXBU,1,0,1,1
tr|Q83A64|Q83A64_COXBU,1,0,1,1
tr|Q83A68|Q83A68_COXBU,0,1,1,1
tr|Q83A72|Q83A72_COXBU,0,0,1,0
tr|Q83A75|Q83A75_COXBU,0,0,1,0
tr|Q83A76|Q83A76_COXBU,0,0,0,0
tr|Q83A79|Q83A79_COXBU,1,0,1,1
tr|Q83A80|Q83A80_COXBU,0,1,1,1
tr|Q83A81|Q83A81_COXBU,1,0,0,0
tr|Q83A84|Q83A84_COXBU,1,0,0,0
tr|Q83A86|Q83A86_COXBU,0,0,0,0
tr|Q83A87|Q83A87_COXBU,0,0,0,0
tr|Q83A88|Q83A88_COXBU,0,0,0,0
tr|Q83A91|Q83A91_COXBU,0,0,0,0
tr|Q83A92|Q83A92_COXBU,0,0,0,0
tr|Q83A93|Q83A93_COXBU,1,0,0,0
tr|Q83A96|Q83A96_COXBU,0,0,0,0
tr|Q83A97|Q83A97_COXBU,0,1,0,0
tr|Q83A99|Q83A99_COXBU,0,0,0,0
tr|Q83AA0|Q83AA0_COXBU,0,0,0,0
tr|Q83AA1|Q83AA1_COXBU,0,0,0,0
tr|Q83AA4|Q83AA4_COXBU,1,0,1,1
sp|Q83AA6|SMG_COXBU,0,0,0,0
tr|Q83AA7|Q83AA7_COXBU,0,0,0,0
tr|Q83AB4|Q83AB4_COXBU,0,0,0,0
tr|Q83AB8|Q83AB8_COXBU,0,1,0,0
tr|Q83AB9|Q83AB9_COXBU,0,0,0,0
tr|Q83AC0|Q83AC0_COXBU,1,0,1,1
tr|Q83AC4|Q83AC4_COXBU,0,0,0,0
tr|Q83AC7|Q83AC7_COXBU,0,0,0,0
tr|Q83AC8|Q83AC8_COXBU,0,0,0,0
tr|Q83AC9|Q83AC9_COXBU,0,0,0,0
tr|Q83AD0|Q83AD0_COXBU,0,0,0,0
tr|Q83AD1|Q83AD1_COXBU,1,1,1,1
tr|Q83AD2|Q83AD2_COXBU,0,0,1,0
tr|Q83AD3|Q83AD3_COXBU,1,1,1,1
tr|Q83AD6|Q83AD6_COXBU,0,0,0,0
tr|Q83AE7|Q83AE7_COXBU,0,0,0,0
tr|Q83AE8|Q83AE8_COXBU,1,0,1,1
tr|Q83AE9|Q83AE9_COXBU,0,0,1,0
tr|Q83AF0|Q83AF0_COXBU,1,0,0,0
tr|Q83AF1|Q83AF1_COXBU,0,0,0,0
tr|Q83AF2|Q83AF2_COXBU,0,0,0,0
tr|Q83AG2|Q83AG2_COXBU,0,0,0,0
tr|Q83AG3|Q83AG3_COXBU,0,0,0,0
tr|Q83AG7|Q83AG7_COXBU,0,1,1,1
tr|Q83AG8|Q83AG8_COXBU,0,1,1,1
tr|Q83AG9|Q83AG9_COXBU,1,0,0,0
tr|Q83AH0|Q83AH0_COXBU,0,0,0,0
tr|Q83AH1|Q83AH1_COXBU,0,0,0,0
tr|Q83AH3|Q83AH3_COXBU,0,0,0,0
tr|Q83AH5|Q83AH5_COXBU,0,0,1,0
tr|Q83AH7|Q83AH7_COXBU,1,0,1,1
tr|Q83AH8|Q83AH8_COXBU,0,0,0,0
tr|Q83AH9|Q83AH9_COXBU,1,1,1,1
tr|Q83AI0|Q83AI0_COXBU,0,1,0,0
tr|Q83AI4|Q83AI4_COXBU,0,0,0,0
tr|Q83AI5|Q83AI5_COXBU,1,1,0,1
tr|Q83AI9|Q83AI9_COXBU,0,0,0,0
tr|Q83AJ0|Q83AJ0_COXBU,1,0,0,0
tr|Q83AJ1|Q83AJ1_COXBU,1,1,1,1
tr|Q83AJ4|Q83AJ4_COXBU,1,1,0,1
tr|Q83AJ5|Q83AJ5_COXBU,0,0,0,0
tr|Q83AJ7|Q83AJ7_COXBU,0,1,0,0
tr|Q83AJ9|Q83AJ9_COXBU,0,0,1,0
tr|Q83AK1|Q83AK1_COXBU,0,0,0,0
tr|Q83AK8|Q83AK8_COXBU,0,0,0,0
tr|Q83AL1|Q83AL1_COXBU,0,0,0,0
tr|Q83AL4|Q83AL4_COXBU,0,1,0,0
tr|Q83AL6|Q83AL6_COXBU,0,1,1,1
tr|Q83AL8|Q83AL8_COXBU,0,0,0,0
tr|Q83AL9|Q83AL9_COXBU,0,0,0,0
tr|Q83AM0|Q83AM0_COXBU,0,0,0,0
tr|Q83AM4|Q83AM4_COXBU,0,0,0,0
tr|Q83AM5|Q83AM5_COXBU,1,0,0,0
tr|Q83AM7|Q83AM7_COXBU,0,0,0,0
tr|Q83AM8|Q83AM8_COXBU,0,1,1,1
tr|Q83AM9|Q83AM9_COXBU,1,0,0,0
tr|Q83AN0|Q83AN0_COXBU,0,0,0,0
tr|Q83AN1|Q83AN1_COXBU,0,0,0,0
tr|Q83AN2|Q83AN2_COXBU,0,0,0,0
tr|Q83AN3|Q83AN3_COXBU,1,0,1,1
tr|Q83AN4|Q83AN4_COXBU,0,0,0,0
tr|Q83AN5|Q83AN5_COXBU,1,1,0,1
tr|Q83AN7|Q83AN7_COXBU,0,0,0,0
tr|Q83AN8|Q83AN8_COXBU,0,0,0,0
tr|Q83AP2|Q83AP2_COXBU,0,0,0,0
tr|Q83AP4|Q83AP4_COXBU,0,0,0,0
tr|Q83AP5|Q83AP5_COXBU,0,0,0,0
tr|Q83AP6|Q83AP6_COXBU,0,0,0,0
tr|Q83AP8|Q83AP8_COXBU,1,1,1,1
tr|Q83AQ0|Q83AQ0_COXBU,0,0,0,0
tr|Q83AQ3|Q83AQ3_COXBU,0,0,0,0
tr|Q83AQ5|Q83AQ5_COXBU,0,0,0,0
tr|Q83AQ6|Q83AQ6_COXBU,1,1,1,1
tr|Q83AQ7|Q83AQ7_COXBU,0,0,0,0
tr|Q83AQ9|Q83AQ9_COXBU,0,0,0,0
tr|Q83AR0|Q83AR0_COXBU,0,0,0,0
sp|Q83AR1|Y1819_COXBU,0,0,0,0
sp|Q83AR2|Y1818_COXBU,1,0,0,0
tr|Q83AR3|Q83AR3_COXBU,1,1,0,1
tr|Q83AR6|Q83AR6_COXBU,1,1,1,1
tr|Q83AR7|Q83AR7_COXBU,0,1,0,0
tr|Q83AR9|Q83AR9_COXBU,1,0,1,1
tr|Q83AS0|Q83AS0_COXBU,1,1,1,1
tr|Q83AS1|Q83AS1_COXBU,0,1,0,0
tr|Q83AS2|Q83AS2_COXBU,0,0,0,0
tr|Q83AS4|Q83AS4_COXBU,0,0,0,0
tr|Q83AS5|Q83AS5_COXBU,0,1,0,0
tr|Q83AS6|Q83AS6_COXBU,0,0,0,0
tr|Q83AS7|Q83AS7_COXBU,1,0,0,0
tr|Q83AS8|Q83AS8_COXBU,0,0,0,0
tr|Q83AS9|Q83AS9_COXBU,0,0,0,0
tr|Q83AT1|Q83AT1_COXBU,0,0,0,0
tr|Q83AT2|Q83AT2_COXBU,0,0,0,0
tr|Q83AT3|Q83AT3_COXBU,1,1,1,1
tr|Q83AT4|Q83AT4_COXBU,0,0,0,0
tr|Q83AT6|Q83AT6_COXBU,0,0,0,0
tr|Q83AT9|Q83AT9_COXBU,1,0,0,0
tr|Q83AU0|Q83AU0_COXBU,0,1,1,1
tr|Q83AU1|Q83AU1_COXBU,0,0,0,0
tr|Q83AU3|Q83AU3_COXBU,0,0,0,0
tr|Q83AU8|Q83AU8_COXBU,0,0,0,0
tr|Q83AV1|Q83AV1_COXBU,0,0,0,0
tr|Q83AV7|Q83AV7_COXBU,0,0,0,0
tr|Q83AV8|Q83AV8_COXBU,0,0,0,0
tr|Q83AV9|Q83AV9_COXBU,0,0,0,0
tr|Q83AW0|Q83AW0_COXBU,1,1,1,1
tr|Q83AW1|Q83AW1_COXBU,0,0,0,0
tr|Q83AW3|Q83AW3_COXBU,0,0,0,0
tr|Q83AW4|Q83AW4_COXBU,0,0,0,0
tr|Q83AW5|Q83AW5_COXBU,0,0,0,0
tr|Q83AW6|Q83AW6_COXBU,0,0,0,0
tr|Q83AW8|Q83AW8_COXBU,0,0,0,0
tr|Q83AX2|Q83AX2_COXBU,1,0,1,1
sp|Q83AX3|Y1754_COXBU,0,0,0,0
tr|Q83AX4|Q83AX4_COXBU,0,0,0,0
tr|Q83AX5|Q83AX5_COXBU,0,0,0,0
tr|Q83AX6|Q83AX6_COXBU,0,0,1,0
tr|Q83AY1|Q83AY1_COXBU,0,1,1,1
tr|Q83AY2|Q83AY2_COXBU,0,0,0,0
tr|Q83AY3|Q83AY3_COXBU,0,0,0,0
sp|Q83AY5|Y1742_COXBU,0,0,0,0
tr|Q83AY6|Q83AY6_COXBU,0,0,0,0
tr|Q83AY7|Q83AY7_COXBU,0,1,1,1
tr|Q83AZ1|Q83AZ1_COXBU,0,0,0,0
tr|Q83AZ2|Q83AZ2_COXBU,0,0,0,0
tr|Q83AZ3|Q83AZ3_COXBU,0,0,0,0
tr|Q83AZ5|Q83AZ5_COXBU,0,1,0,0
tr|Q83AZ8|Q83AZ8_COXBU,0,0,0,0
tr|Q83B01|Q83B01_COXBU,1,0,0,0
tr|Q83B04|Q83B04_COXBU,0,1,0,0
tr|Q83B10|Q83B10_COXBU,0,0,0,0
tr|Q83B11|Q83B11_COXBU,0,0,1,0
tr|Q83B12|Q83B12_COXBU,1,0,0,0
tr|Q83B13|Q83B13_COXBU,0,0,0,0
tr|Q83B15|Q83B15_COXBU,0,0,1,0
tr|Q83B18|Q83B18_COXBU,0,1,1,1
tr|Q83B19|Q83B19_COXBU,0,1,0,0
tr|Q83B20|Q83B20_COXBU,1,1,1,1
tr|Q83B21|Q83B21_COXBU,1,1,0,1
tr|Q83B23|Q83B23_COXBU,0,0,0,0
tr|Q83B27|Q83B27_COXBU,0,0,0,0
tr|Q83B28|Q83B28_COXBU,0,1,0,0
tr|Q83B29|Q83B29_COXBU,0,1,0,0
tr|Q83B32|Q83B32_COXBU,0,0,0,0
tr|Q83B33|Q83B33_COXBU,1,0,0,0
tr|Q83B34|Q83B34_COXBU,0,0,0,0
tr|Q83B35|Q83B35_COXBU,1,1,0,1
tr|Q83B37|Q83B37_COXBU,0,0,0,0
tr|Q83B40|Q83B40_COXBU,0,0,0,0
tr|Q83B41|Q83B41_COXBU,1,1,1,1
tr|Q83B42|Q83B42_COXBU,0,0,0,0
tr|Q83B50|Q83B50_COXBU,0,0,0,0
tr|Q83B51|Q83B51_COXBU,0,0,0,0
tr|Q83B52|Q83B52_COXBU,0,0,0,0
tr|Q83B53|Q83B53_COXBU,0,0,0,0
tr|Q83B54|Q83B54_COXBU,0,0,0,0
tr|Q83B55|Q83B55_COXBU,0,0,0,0
tr|Q83B56|Q83B56_COXBU,0,0,0,0
tr|Q83B57|Q83B57_COXBU,0,0,0,0
tr|Q83B58|Q83B58_COXBU,0,0,0,0
tr|Q83B59|Q83B59_COXBU,0,0,1,0
tr|Q83B63|Q83B63_COXBU,0,0,0,0
tr|Q83B64|Q83B64_COXBU,1,1,1,1
tr|Q83B65|Q83B65_COXBU,0,0,0,0
tr|Q83B66|Q83B66_COXBU,0,0,0,0
tr|Q83B67|Q83B67_COXBU,0,0,0,0
tr|Q83B68|Q83B68_COXBU,1,1,1,1
tr|Q83B69|Q83B69_COXBU,0,0,0,0
tr|Q83B70|Q83B70_COXBU,0,0,0,0
tr|Q83B71|Q83B71_COXBU,1,0,0,0
tr|Q83B72|Q83B72_COXBU,1,0,0,0
tr|Q83B73|Q83B73_COXBU,0,0,0,0
tr|Q83B74|Q83B74_COXBU,0,0,0,0
tr|Q83B75|Q83B75_COXBU,0,0,0,0
tr|Q83B77|Q83B77_COXBU,0,0,0,0
tr|Q83B78|Q83B78_COXBU,0,1,1,1
tr|Q83B79|Q83B79_COXBU,0,0,0,0
tr|Q83B80|Q83B80_COXBU,0,0,0,0
tr|Q83B81|Q83B81_COXBU,0,0,0,0
tr|Q83B82|Q83B82_COXBU,0,1,1,1
tr|Q83B83|Q83B83_COXBU,1,0,1,1
tr|Q83B84|Q83B84_COXBU,0,0,0,0
tr|Q83B85|Q83B85_COXBU,1,1,1,1
tr|Q83B86|Q83B86_COXBU,1,1,1,1
tr|Q83B87|Q83B87_COXBU,1,1,0,1
tr|Q83B88|Q83B88_COXBU,0,0,0,0
tr|Q83B89|Q83B89_COXBU,0,0,0,0
tr|Q83B90|Q83B90_COXBU,0,0,0,0
tr|Q83B91|Q83B91_COXBU,0,0,0,0
tr|Q83B92|Q83B92_COXBU,0,0,0,0
tr|Q83B95|Q83B95_COXBU,0,0,0,0
tr|Q83B99|Q83B99_COXBU,1,0,1,1
tr|Q83BA0|Q83BA0_COXBU,0,1,1,1
tr|Q83BA1|Q83BA1_COXBU,0,1,1,1
tr|Q83BA6|Q83BA6_COXBU,0,0,0,0
tr|Q83BA9|Q83BA9_COXBU,0,0,0,0
tr|Q83BB1|Q83BB1_COXBU,0,1,0,0
sp|Q83BB2|Y1600_COXBU,1,1,1,1
tr|Q83BB5|Q83BB5_COXBU,0,0,0,0
tr|Q83BB8|Q83BB8_COXBU,0,0,0,0
tr|Q83BC1|Q83BC1_COXBU,0,0,0,0
tr|Q83BC2|Q83BC2_COXBU,1,0,0,0
tr|Q83BC3|Q83BC3_COXBU,0,0,0,0
tr|Q83BC4|Q83BC4_COXBU,0,0,0,0
tr|Q83BC5|Q83BC5_COXBU,1,0,0,0
tr|Q83BC6|Q83BC6_COXBU,0,0,0,0
tr|Q83BC7|Q83BC7_COXBU,0,0,0,0
tr|Q83BC8|Q83BC8_COXBU,1,0,0,0
tr|Q83BC9|Q83BC9_COXBU,0,0,1,0
tr|Q83BD0|Q83BD0_COXBU,1,1,0,1
tr|Q83BD1|Q83BD1_COXBU,0,0,0,0
tr|Q83BD2|Q83BD2_COXBU,0,1,1,1
sp|Q83BD3|Y1578_COXBU,0,0,0,0
tr|Q83BD4|Q83BD4_COXBU,1,0,1,1
tr|Q83BD5|Q83BD5_COXBU,1,1,0,1
tr|Q83BD8|Q83BD8_COXBU,0,0,0,0
tr|Q83BE1|Q83BE1_COXBU,0,0,0,0
sp|Q83BE4|Y1566_COXBU,0,0,0,0
tr|Q83BE9|Q83BE9_COXBU,1,0,0,0
tr|Q83BF0|Q83BF0_COXBU,0,0,1,0
tr|Q83BF1|Q83BF1_COXBU,1,0,0,0
tr|Q83BF2|Q83BF2_COXBU,0,1,1,1
tr|Q83BF4|Q83BF4_COXBU,0,0,0,0
tr|Q83BF7|Q83BF7_COXBU,0,1,0,0
tr|Q83BG1|Q83BG1_COXBU,0,0,0,0
tr|Q83BG5|Q83BG5_COXBU,1,0,1,1
tr|Q83BG6|Q83BG6_COXBU,1,0,1,1
tr|Q83BG7|Q83BG7_COXBU,0,0,0,0
tr|Q83BG8|Q83BG8_COXBU,0,1,0,0
tr|Q83BG9|Q83BG9_COXBU,0,0,0,0
tr|Q83BH1|Q83BH1_COXBU,0,0,0,0
tr|Q83BH8|Q83BH8_COXBU,0,0,0,0
tr|Q83BH9|Q83BH9_COXBU,0,1,1,1
tr|Q83BI6|Q83BI6_COXBU,1,1,0,1
tr|Q83BI7|Q83BI7_COXBU,0,0,0,0
tr|Q83BJ2|Q83BJ2_COXBU,0,0,0,0
tr|Q83BJ3|Q83BJ3_COXBU,0,0,0,0
tr|Q83BJ4|Q83BJ4_COXBU,0,0,1,0
tr|Q83BJ5|Q83BJ5_COXBU,0,0,0,0
tr|Q83BJ6|Q83BJ6_COXBU,0,0,0,0
tr|Q83BJ7|Q83BJ7_COXBU,0,0,0,0
tr|Q83BK0|Q83BK0_COXBU,0,0,0,0
tr|Q83BK2|Q83BK2_COXBU,0,0,1,0
tr|Q83BK8|Q83BK8_COXBU,0,0,0,0
tr|Q83BL2|Q83BL2_COXBU,0,1,0,0
tr|Q83BL3|Q83BL3_COXBU,1,1,0,1
tr|Q83BL4|Q83BL4_COXBU,0,0,1,0
tr|Q83BL8|Q83BL8_COXBU,1,1,1,1
tr|Q83BL9|Q83BL9_COXBU,0,0,0,0
tr|Q83BM0|Q83BM0_COXBU,0,0,0,0
tr|Q83BM1|Q83BM1_COXBU,0,0,0,0
tr|Q83BM2|Q83BM2_COXBU,0,0,0,0
tr|Q83BM3|Q83BM3_COXBU,0,0,0,0
tr|Q83BM4|Q83BM4_COXBU,0,0,0,0
tr|Q83BM6|Q83BM6_COXBU,0,0,0,0
tr|Q83BM7|Q83BM7_COXBU,0,0,0,0
tr|Q83BN1|Q83BN1_COXBU,1,0,0,0
tr|Q83BN5|Q83BN5_COXBU,1,1,0,1
tr|Q83BN6|Q83BN6_COXBU,1,1,1,1
tr|Q83BN7|Q83BN7_COXBU,1,0,1,1
tr|Q83BN8|Q83BN8_COXBU,0,0,0,0
tr|Q83BN9|Q83BN9_COXBU,0,0,0,0
tr|Q83BP0|Q83BP0_COXBU,0,1,1,1
tr|Q83BP3|Q83BP3_COXBU,1,0,1,1
tr|Q83BP4|Q83BP4_COXBU,0,0,0,0
tr|Q83BP5|Q83BP5_COXBU,0,0,0,0
tr|Q83BP6|Q83BP6_COXBU,1,0,0,0
tr|Q83BQ2|Q83BQ2_COXBU,0,0,0,0
tr|Q83BS3|Q83BS3_COXBU,0,0,0,0
tr|Q83BS6|Q83BS6_COXBU,1,1,0,1
tr|Q83BS7|Q83BS7_COXBU,1,1,1,1
tr|Q83BT8|Q83BT8_COXBU,0,0,1,0
sp|Q83BT9|Y1413_COXBU,0,1,1,1
tr|Q83BU0|Q83BU0_COXBU,1,1,1,1
tr|Q83BU1|Q83BU1_COXBU,0,0,0,0
tr|Q83BU3|Q83BU3_COXBU,1,0,1,1
tr|Q83BU6|Q83BU6_COXBU,0,1,1,1
tr|Q83BU8|Q83BU8_COXBU,1,0,0,0
tr|Q83BV2|Q83BV2_COXBU,0,0,0,0
tr|Q83BV7|Q83BV7_COXBU,0,0,0,0
tr|Q83BV9|Q83BV9_COXBU,0,1,1,1
tr|Q83BW3|Q83BW3_COXBU,0,0,0,0
tr|Q83BW5|Q83BW5_COXBU,0,1,0,0
tr|Q83BW6|Q83BW6_COXBU,1,0,0,0
tr|Q83BW7|Q83BW7_COXBU,0,0,0,0
tr|Q83BW8|Q83BW8_COXBU,0,0,0,0
tr|Q83BX1|Q83BX1_COXBU,0,0,0,0
tr|Q83BX6|Q83BX6_COXBU,0,0,0,0
tr|Q83BX7|Q83BX7_COXBU,0,0,0,0
tr|Q83BX8|Q83BX8_COXBU,0,0,0,0
tr|Q83BX9|Q83BX9_COXBU,0,0,0,0
tr|Q83BY1|Q83BY1_COXBU,0,0,0,0
tr|Q83BY2|Q83BY2_COXBU,0,1,0,0
tr|Q83BY3|Q83BY3_COXBU,0,0,0,0
tr|Q83BY6|Q83BY6_COXBU,0,0,0,0
tr|Q83BY8|Q83BY8_COXBU,0,0,0,0
tr|Q83BY9|Q83BY9_COXBU,0,0,1,0
tr|Q83BZ0|Q83BZ0_COXBU,0,0,0,0
tr|Q83BZ1|Q83BZ1_COXBU,0,0,0,0
tr|Q83BZ2|Q83BZ2_COXBU,0,0,0,0
tr|Q83BZ7|Q83BZ7_COXBU,0,0,0,0
tr|Q83C01|Q83C01_COXBU,0,0,0,0
tr|Q83C02|Q83C02_COXBU,0,0,0,0
tr|Q83C03|Q83C03_COXBU,0,0,0,0
tr|Q83C04|Q83C04_COXBU,0,0,0,0
tr|Q83C05|Q83C05_COXBU,1,0,0,0
tr|Q83C06|Q83C06_COXBU,1,0,0,0
tr|Q83C07|Q83C07_COXBU,0,0,0,0
tr|Q83C08|Q83C08_COXBU,0,0,0,0
tr|Q83C17|Q83C17_COXBU,0,0,0,0
tr|Q83C18|Q83C18_COXBU,0,1,0,0
tr|Q83C19|Q83C19_COXBU,0,1,1,1
tr|Q83C20|Q83C20_COXBU,0,0,0,0
tr|Q83C21|Q83C21_COXBU,1,1,1,1
tr|Q83C22|Q83C22_COXBU,0,0,1,0
tr|Q83C23|Q83C23_COXBU,1,0,1,1
tr|Q83C24|Q83C24_COXBU,0,0,0,0
tr|Q83C25|Q83C25_COXBU,1,0,1,1
tr|Q83C26|Q83C26_COXBU,0,0,0,0
tr|Q83C27|Q83C27_COXBU,0,0,0,0
tr|Q83C30|Q83C30_COXBU,1,0,0,0
sp|Q83C31|Y1303_COXBU,0,0,1,0
tr|Q83C34|Q83C34_COXBU,0,0,1,0
tr|Q83C39|Q83C39_COXBU,1,0,0,0
tr|Q83C42|Q83C42_COXBU,0,0,0,0
tr|Q83C43|Q83C43_COXBU,1,1,1,1
tr|Q83C46|Q83C46_COXBU,0,0,0,0
tr|Q83C47|Q83C47_COXBU,0,0,0,0
tr|Q83C48|Q83C48_COXBU,0,0,0,0
tr|Q83C52|Q83C52_COXBU,0,0,0,0
tr|Q83C53|Q83C53_COXBU,1,0,1,1
tr|Q83C55|Q83C55_COXBU,0,0,1,0
tr|Q83C56|Q83C56_COXBU,1,0,0,0
tr|Q83C57|Q83C57_COXBU,0,1,0,0
tr|Q83C59|Q83C59_COXBU,1,1,0,1
tr|Q83C61|Q83C61_COXBU,0,0,0,0
tr|Q83C62|Q83C62_COXBU,0,0,0,0
tr|Q83C66|Q83C66_COXBU,0,0,0,0
tr|Q83C67|Q83C67_COXBU,0,0,0,0
sp|Q83C69|Y1260_COXBU,1,1,1,1
tr|Q83C72|Q83C72_COXBU,0,0,1,0
tr|Q83C73|Q83C73_COXBU,1,1,0,1
tr|Q83C78|Q83C78_COXBU,0,1,1,1
tr|Q83C79|Q83C79_COXBU,0,0,0,0
tr|Q83C81|Q83C81_COXBU,0,0,0,0
tr|Q83C84|Q83C84_COXBU,0,0,0,0
tr|Q83C86|Q83C86_COXBU,1,1,1,1
tr|Q83C90|Q83C90_COXBU,1,0,0,0
tr|Q83C91|Q83C91_COXBU,0,0,0,0
tr|Q83C92|Q83C92_COXBU,1,1,1,1
tr|Q83C94|Q83C94_COXBU,0,0,0,0
tr|Q83C95|Q83C95_COXBU,0,0,0,0
tr|Q83C97|Q83C97_COXBU,0,0,0,0
tr|Q83C99|Q83C99_COXBU,0,0,0,0
tr|Q83CA2|Q83CA2_COXBU,0,0,0,0
tr|Q83CA3|Q83CA3_COXBU,0,0,0,0
tr|Q83CA4|Q83CA4_COXBU,0,0,0,0
tr|Q83CA5|Q83CA5_COXBU,0,0,0,0
tr|Q83CA7|Q83CA7_COXBU,1,1,0,1
tr|Q83CA9|Q83CA9_COXBU,0,0,0,0
tr|Q83CB0|Q83CB0_COXBU,0,1,0,0
tr|Q83CB3|Q83CB3_COXBU,0,0,0,0
tr|Q83CB4|Q83CB4_COXBU,0,0,0,0
tr|Q83CB8|Q83CB8_COXBU,0,0,0,0
tr|Q83CB9|Q83CB9_COXBU,0,0,0,0
tr|Q83CC0|Q83CC0_COXBU,0,1,1,1
tr|Q83CC3|Q83CC3_COXBU,1,0,0,0
tr|Q83CC4|Q83CC4_COXBU,0,0,0,0
tr|Q83CC5|Q83CC5_COXBU,0,0,0,0
tr|Q83CC7|Q83CC7_COXBU,1,1,0,1
tr|Q83CC8|Q83CC8_COXBU,1,0,1,1
tr|Q83CC9|Q83CC9_COXBU,0,0,0,0
tr|Q83CD2|Q83CD2_COXBU,0,0,0,0
tr|Q83CD4|Q83CD4_COXBU,1,1,1,1
tr|Q83CD6|Q83CD6_COXBU,0,0,0,0
tr|Q83CD7|Q83CD7_COXBU,1,1,1,1
tr|Q83CE0|Q83CE0_COXBU,0,0,0,0
tr|Q83CE2|Q83CE2_COXBU,0,0,0,0
tr|Q83CE3|Q83CE3_COXBU,1,1,1,1
tr|Q83CE5|Q83CE5_COXBU,1,0,0,0
tr|Q83CE6|Q83CE6_COXBU,0,0,1,0
tr|Q83CE7|Q83CE7_COXBU,0,0,1,0
tr|Q83CE8|Q83CE8_COXBU,0,0,0,0
tr|Q83CE9|Q83CE9_COXBU,0,0,0,0
tr|Q83CF6|Q83CF6_COXBU,0,0,0,0
tr|Q83CF7|Q83CF7_COXBU,0,0,1,0
tr|Q83CF8|Q83CF8_COXBU,0,0,0,0
tr|Q83CF9|Q83CF9_COXBU,0,0,0,0
tr|Q83CG1|Q83CG1_COXBU,0,0,1,0
tr|Q83CG5|Q83CG5_COXBU,0,1,0,0
tr|Q83CG6|Q83CG6_COXBU,0,0,0,0
tr|Q83CH0|Q83CH0_COXBU,1,1,1,1
tr|Q83CH1|Q83CH1_COXBU,1,0,0,0
tr|Q83CH6|Q83CH6_COXBU,0,0,0,0
tr|Q83CH8|Q83CH8_COXBU,1,0,0,0
tr|Q83CH9|Q83CH9_COXBU,0,0,0,0
tr|Q83CI0|Q83CI0_COXBU,1,0,1,1
tr|Q83CI1|Q83CI1_COXBU,1,0,1,1
tr|Q83CI3|Q83CI3_COXBU,1,0,0,0
tr|Q83CI5|Q83CI5_COXBU,0,0,0,0
tr|Q83CI7|Q83CI7_COXBU,1,1,0,1
tr|Q83CI8|Q83CI8_COXBU,0,0,0,0
sp|Q83CJ1|CBPM_COXBU,0,0,0,0
tr|Q83CJ4|Q83CJ4_COXBU,1,1,1,1
tr|Q83CJ6|Q83CJ6_COXBU,0,0,0,0
tr|Q83CJ7|Q83CJ7_COXBU,0,0,0,0
tr|Q83CJ8|Q83CJ8_COXBU,0,0,0,0
tr|Q83CK0|Q83CK0_COXBU,1,0,0,0
tr|Q83CK3|Q83CK3_COXBU,0,0,0,0
tr|Q83CL1|Q83CL1_COXBU,0,0,0,0
tr|Q83CL4|Q83CL4_COXBU,1,0,1,1
tr|Q83CL6|Q83CL6_COXBU,0,0,0,0
tr|Q83CL9|Q83CL9_COXBU,1,1,1,1
tr|Q83CM0|Q83CM0_COXBU,1,0,0,0
tr|Q83CM1|Q83CM1_COXBU,0,0,0,0
tr|Q83CM2|Q83CM2_COXBU,0,1,1,1
tr|Q83CM4|Q83CM4_COXBU,0,0,0,0
tr|Q83CM6|Q83CM6_COXBU,0,0,0,0
tr|Q83CM7|Q83CM7_COXBU,1,0,0,0
tr|Q83CN0|Q83CN0_COXBU,0,0,0,0
tr|Q83CN1|Q83CN1_COXBU,1,0,1,1
tr|Q83CN2|Q83CN2_COXBU,0,0,0,0
tr|Q83CN3|Q83CN3_COXBU,0,0,0,0
tr|Q83CN4|Q83CN4_COXBU,0,0,0,0
tr|Q83CN5|Q83CN5_COXBU,0,0,0,0
tr|Q83CN7|Q83CN7_COXBU,0,0,0,0
tr|Q83CN8|Q83CN8_COXBU,0,1,0,0
tr|Q83CN9|Q83CN9_COXBU,0,0,0,0
tr|Q83CP3|Q83CP3_COXBU,1,0,0,0
tr|Q83CP5|Q83CP5_COXBU,0,0,0,0
tr|Q83CP6|Q83CP6_COXBU,0,0,0,0
tr|Q83CQ0|Q83CQ0_COXBU,0,0,0,0
tr|Q83CQ1|Q83CQ1_COXBU,0,1,0,0
tr|Q83CQ3|Q83CQ3_COXBU,1,0,1,1
tr|Q83CQ5|Q83CQ5_COXBU,1,0,0,0
tr|Q83CR4|Q83CR4_COXBU,1,0,0,0
tr|Q83CR5|Q83CR5_COXBU,0,0,0,0
tr|Q83CR6|Q83CR6_COXBU,0,0,0,0
tr|Q83CS5|Q83CS5_COXBU,0,0,0,0
tr|Q83CS6|Q83CS6_COXBU,0,0,0,0
tr|Q83CT0|Q83CT0_COXBU,0,0,0,0
tr|Q83CT1|Q83CT1_COXBU,0,0,0,0
tr|Q83CT2|Q83CT2_COXBU,0,0,0,0
tr|Q83CT3|Q83CT3_COXBU,0,0,0,0
tr|Q83CT4|Q83CT4_COXBU,1,0,0,0
tr|Q83CT5|Q83CT5_COXBU,0,0,0,0
tr|Q83CT6|Q83CT6_COXBU,0,0,0,0
tr|Q83CT7|Q83CT7_COXBU,1,0,1,1
tr|Q83CT8|Q83CT8_COXBU,0,0,0,0
tr|Q83CT9|Q83CT9_COXBU,1,0,0,0
tr|Q83CU2|Q83CU2_COXBU,0,1,0,0
tr|Q83CU3|Q83CU3_COXBU,0,0,0,0
tr|Q83CU6|Q83CU6_COXBU,0,0,0,0
tr|Q83CU7|Q83CU7_COXBU,0,0,0,0
tr|Q83CV1|Q83CV1_COXBU,0,0,0,0
tr|Q83CV5|Q83CV5_COXBU,1,1,0,1
tr|Q83CV7|Q83CV7_COXBU,1,0,0,0
tr|Q83CV8|Q83CV8_COXBU,0,0,0,0
tr|Q83CW7|Q83CW7_COXBU,0,0,0,0
tr|Q83CW8|Q83CW8_COXBU,0,0,0,0
tr|Q83CX0|Q83CX0_COXBU,0,0,0,0
tr|Q83CX1|Q83CX1_COXBU,0,0,0,0
tr|Q83CX2|Q83CX2_COXBU,1,0,1,1
tr|Q83CX3|Q83CX3_COXBU,1,1,1,1
tr|Q83CX4|Q83CX4_COXBU,0,0,0,0
tr|Q83CX5|Q83CX5_COXBU,0,0,0,0
tr|Q83CX6|Q83CX6_COXBU,0,0,0,0
tr|Q83CX7|Q83CX7_COXBU,0,0,0,0
tr|Q83CX9|Q83CX9_COXBU,0,0,0,0
tr|Q83CY1|Q83CY1_COXBU,0,0,0,0
tr|Q83CY3|Q83CY3_COXBU,0,0,0,0
tr|Q83CY4|Q83CY4_COXBU,1,0,0,0
tr|Q83CY7|Q83CY7_COXBU,0,0,0,0
tr|Q83CY9|Q83CY9_COXBU,0,0,0,0
tr|Q83CZ0|Q83CZ0_COXBU,1,0,0,0
tr|Q83CZ1|Q83CZ1_COXBU,0,0,0,0
tr|Q83CZ3|Q83CZ3_COXBU,0,1,0,0
tr|Q83CZ4|Q83CZ4_COXBU,1,1,0,1
tr|Q83CZ5|Q83CZ5_COXBU,1,0,0,0
tr|Q83CZ7|Q83CZ7_COXBU,0,0,0,0
sp|Q83CZ8|Y952_COXBU,0,0,0,0
tr|Q83CZ9|Q83CZ9_COXBU,0,0,0,0
tr|Q83D00|Q83D00_COXBU,0,0,0,0
tr|Q83D01|Q83D01_COXBU,0,0,0,0
tr|Q83D02|Q83D02_COXBU,0,1,0,0
tr|Q83D03|Q83D03_COXBU,1,1,0,1
tr|Q83D04|Q83D04_COXBU,0,0,1,0
tr|Q83D05|Q83D05_COXBU,1,0,0,0
tr|Q83D08|Q83D08_COXBU,1,1,1,1
sp|Q83D09|Y937_COXBU,1,1,1,1
tr|Q83D10|Q83D10_COXBU,1,1,1,1
tr|Q83D11|Q83D11_COXBU,0,0,0,0
tr|Q83D12|Q83D12_COXBU,0,0,0,0
tr|Q83D16|Q83D16_COXBU,1,0,0,0
tr|Q83D17|Q83D17_COXBU,0,0,0,0
tr|Q83D21|Q83D21_COXBU,1,0,0,0
tr|Q83D22|Q83D22_COXBU,0,0,0,0
tr|Q83D23|Q83D23_COXBU,1,0,0,0
tr|Q83D24|Q83D24_COXBU,0,0,0,0
tr|Q83D25|Q83D25_COXBU,0,1,1,1
tr|Q83D26|Q83D26_COXBU,0,0,0,0
tr|Q83D27|Q83D27_COXBU,0,0,1,0
tr|Q83D28|Q83D28_COXBU,0,0,0,0
tr|Q83D29|Q83D29_COXBU,0,0,0,0
tr|Q83D30|Q83D30_COXBU,0,0,0,0
tr|Q83D31|Q83D31_COXBU,1,1,0,1
tr|Q83D33|Q83D33_COXBU,1,1,0,1
tr|Q83D34|Q83D34_COXBU,0,0,0,0
tr|Q83D35|Q83D35_COXBU,0,0,0,0
tr|Q83D37|Q83D37_COXBU,1,0,0,0
tr|Q83D38|Q83D38_COXBU,1,0,0,0
tr|Q83D44|Q83D44_COXBU,0,0,0,0
tr|Q83D46|Q83D46_COXBU,1,0,0,0
tr|Q83D48|Q83D48_COXBU,0,0,0,0
tr|Q83D49|Q83D49_COXBU,1,0,0,0
tr|Q83D52|Q83D52_COXBU,1,1,1,1
tr|Q83D53|Q83D53_COXBU,0,0,0,0
tr|Q83D54|Q83D54_COXBU,1,0,0,0
tr|Q83D57|Q83D57_COXBU,0,0,0,0
tr|Q83D59|Q83D59_COXBU,0,1,0,0
tr|Q83D60|Q83D60_COXBU,0,0,0,0
tr|Q83D61|Q83D61_COXBU,0,0,0,0
tr|Q83D64|Q83D64_COXBU,0,0,0,0
tr|Q83D65|Q83D65_COXBU,0,0,0,0
tr|Q83D68|Q83D68_COXBU,0,0,1,0
tr|Q83D74|Q83D74_COXBU,0,0,0,0
tr|Q83D77|Q83D77_COXBU,0,0,1,0
tr|Q83D80|Q83D80_COXBU,0,0,0,0
tr|Q83D81|Q83D81_COXBU,0,0,0,0
tr|Q83D85|Q83D85_COXBU,0,0,1,0
tr|Q83D89|Q83D89_COXBU,0,0,0,0
tr|Q83D93|Q83D93_COXBU,0,0,0,0
tr|Q83D94|Q83D94_COXBU,1,0,0,0
tr|Q83D95|Q83D95_COXBU,0,0,0,0
tr|Q83D96|Q83D96_COXBU,0,0,0,0
tr|Q83D97|Q83D97_COXBU,0,0,0,0
tr|Q83D99|Q83D99_COXBU,0,0,0,0
tr|Q83DA0|Q83DA0_COXBU,0,0,0,0
tr|Q83DA1|Q83DA1_COXBU,0,0,0,0
tr|Q83DA2|Q83DA2_COXBU,1,0,1,1
tr|Q83DA3|Q83DA3_COXBU,0,0,0,0
tr|Q83DA4|Q83DA4_COXBU,0,0,0,0
tr|Q83DA6|Q83DA6_COXBU,0,1,1,1
tr|Q83DA9|Q83DA9_COXBU,0,0,0,0
tr|Q83DB0|Q83DB0_COXBU,0,0,0,0
tr|Q83DB1|Q83DB1_COXBU,0,0,0,0
tr|Q83DB3|Q83DB3_COXBU,0,0,0,0
tr|Q83DB6|Q83DB6_COXBU,0,0,0,0
tr|Q83DB9|Q83DB9_COXBU,0,0,0,0
tr|Q83DC0|Q83DC0_COXBU,0,0,0,0
tr|Q83DC1|Q83DC1_COXBU,0,0,0,0
tr|Q83DC5|Q83DC5_COXBU,0,0,0,0
tr|Q83DC6|Q83DC6_COXBU,0,0,0,0
tr|Q83DD1|Q83DD1_COXBU,0,0,0,0
tr|Q83DD2|Q83DD2_COXBU,1,0,1,1
tr|Q83DD3|Q83DD3_COXBU,1,1,0,1
tr|Q83DD4|Q83DD4_COXBU,0,0,0,0
tr|Q83DD5|Q83DD5_COXBU,1,1,0,1
tr|Q83DD6|Q83DD6_COXBU,0,0,0,0
tr|Q83DD8|Q83DD8_COXBU,0,0,0,0
tr|Q83DD9|Q83DD9_COXBU,1,0,0,0
tr|Q83DE0|Q83DE0_COXBU,0,0,0,0
tr|Q83DE1|Q83DE1_COXBU,0,0,0,0
tr|Q83DE2|Q83DE2_COXBU,0,0,0,0
tr|Q83DE4|Q83DE4_COXBU,1,0,1,1
tr|Q83DE5|Q83DE5_COXBU,1,0,0,0
tr|Q83DE6|Q83DE6_COXBU,0,0,0,0
tr|Q83DF1|Q83DF1_COXBU,0,1,0,0
tr|Q83DF2|Q83DF2_COXBU,0,0,0,0
tr|Q83DF4|Q83DF4_COXBU,1,1,1,1
tr|Q83DF5|Q83DF5_COXBU,0,0,0,0
sp|Q83DF6|Y781_COXBU,0,0,0,0
tr|Q83DF7|Q83DF7_COXBU,1,0,0,0
tr|Q83DF9|Q83DF9_COXBU,0,0,0,0
tr|Q83DG0|Q83DG0_COXBU,0,0,0,0
tr|Q83DG1|Q83DG1_COXBU,0,0,0,0
tr|Q83DG2|Q83DG2_COXBU,0,0,0,0
tr|Q83DG3|Q83DG3_COXBU,1,0,1,1
tr|Q83DG6|Q83DG6_COXBU,0,0,0,0
tr|Q83DG7|Q83DG7_COXBU,0,0,0,0
tr|Q83DG8|Q83DG8_COXBU,1,0,1,1
tr|Q83DG9|Q83DG9_COXBU,0,1,0,0
tr|Q83DH0|Q83DH0_COXBU,1,0,0,0
tr|Q83DH1|Q83DH1_COXBU,0,0,0,0
tr|Q83DH2|Q83DH2_COXBU,1,1,1,1
tr|Q83DH3|Q83DH3_COXBU,0,0,0,0
tr|Q83DH7|Q83DH7_COXBU,0,1,1,1
tr|Q83DH8|Q83DH8_COXBU,0,0,0,0
tr|Q83DH9|Q83DH9_COXBU,1,0,0,0
tr|Q83DI4|Q83DI4_COXBU,1,1,0,1
tr|Q83DI6|Q83DI6_COXBU,0,0,1,0
tr|Q83DI7|Q83DI7_COXBU,0,0,0,0
tr|Q83DI8|Q83DI8_COXBU,0,0,0,0
tr|Q83DI9|Q83DI9_COXBU,0,0,0,0
tr|Q83DJ4|Q83DJ4_COXBU,1,1,1,1
tr|Q83DJ5|Q83DJ5_COXBU,1,0,0,0
tr|Q83DJ6|Q83DJ6_COXBU,0,1,1,1
tr|Q83DJ9|Q83DJ9_COXBU,1,1,1,1
tr|Q83DK0|Q83DK0_COXBU,0,0,1,0
tr|Q83DK1|Q83DK1_COXBU,0,0,0,0
tr|Q83DK2|Q83DK2_COXBU,0,0,0,0
tr|Q83DK5|Q83DK5_COXBU,0,0,0,0
tr|Q83DK6|Q83DK6_COXBU,0,0,0,0
tr|Q83DK7|Q83DK7_COXBU,0,0,0,0
tr|Q83DK8|Q83DK8_COXBU,1,0,0,0
tr|Q83DK9|Q83DK9_COXBU,0,0,0,0
tr|Q83DL0|Q83DL0_COXBU,0,0,0,0
tr|Q83DL1|Q83DL1_COXBU,0,0,0,0
tr|Q83DL2|Q83DL2_COXBU,0,0,0,0
tr|Q83DL3|Q83DL3_COXBU,1,1,1,1
tr|Q83DL6|Q83DL6_COXBU,0,0,0,0
tr|Q83DL8|Q83DL8_COXBU,0,0,0,0
tr|Q83DM0|Q83DM0_COXBU,0,0,0,0
tr|Q83DM1|Q83DM1_COXBU,0,0,0,0
tr|Q83DM2|Q83DM2_COXBU,1,0,0,0
tr|Q83DM4|Q83DM4_COXBU,0,0,0,0
tr|Q83DM5|Q83DM5_COXBU,1,0,1,1
tr|Q83DM7|Q83DM7_COXBU,0,0,0,0
tr|Q83DM9|Q83DM9_COXBU,0,0,1,0
tr|Q83DN0|Q83DN0_COXBU,1,1,1,1
tr|Q83DN3|Q83DN3_COXBU,0,0,0,0
tr|Q83DN4|Q83DN4_COXBU,0,0,0,0
tr|Q83DN5|Q83DN5_COXBU,0,0,0,0
tr|Q83DN6|Q83DN6_COXBU,0,0,0,0
tr|Q83DN7|Q83DN7_COXBU,0,1,1,1
sp|Q83DN9|Y658_COXBU,1,0,1,1
tr|Q83DP7|Q83DP7_COXBU,0,0,0,0
tr|Q83DQ0|Q83DQ0_COXBU,0,1,0,0
tr|Q83DQ1|Q83DQ1_COXBU,0,0,0,0
tr|Q83DQ2|Q83DQ2_COXBU,1,0,0,0
tr|Q83DQ4|Q83DQ4_COXBU,1,0,0,0
tr|Q83DQ7|Q83DQ7_COXBU,0,0,0,0
tr|Q83DQ9|Q83DQ9_COXBU,0,0,0,0
tr|Q83DR0|Q83DR0_COXBU,0,0,0,0
tr|Q83DR1|Q83DR1_COXBU,0,0,0,0
tr|Q83DR2|Q83DR2_COXBU,0,0,0,0
tr|Q83DR4|Q83DR4_COXBU,1,0,1,1
tr|Q83DR8|Q83DR8_COXBU,1,1,0,1
tr|Q83DR9|Q83DR9_COXBU,0,0,0,0
tr|Q83DS0|Q83DS0_COXBU,1,0,0,0
tr|Q83DS1|Q83DS1_COXBU,0,0,0,0
tr|Q83DS2|Q83DS2_COXBU,0,1,0,0
tr|Q83DS4|Q83DS4_COXBU,0,0,0,0
tr|Q83DS6|Q83DS6_COXBU,0,1,1,1
tr|Q83DS7|Q83DS7_COXBU,0,0,0,0
tr|Q83DS8|Q83DS8_COXBU,0,0,0,0
tr|Q83DS9|Q83DS9_COXBU,0,0,0,0
tr|Q83DU6|Q83DU6_COXBU,0,0,0,0
tr|Q83DV0|Q83DV0_COXBU,0,0,0,0
tr|Q83DV1|Q83DV1_COXBU,0,0,0,0
tr|Q83DV2|Q83DV2_COXBU,1,1,1,1
tr|Q83DV3|Q83DV3_COXBU,1,0,0,0
tr|Q83DV6|Q83DV6_COXBU,0,0,0,0
tr|Q83DV7|Q83DV7_COXBU,1,0,0,0
tr|Q83DV8|Q83DV8_COXBU,0,1,1,1
tr|Q83DV9|Q83DV9_COXBU,0,0,0,0
tr|Q83DW0|Q83DW0_COXBU,1,0,0,0
tr|Q83DW2|Q83DW2_COXBU,0,1,0,0
tr|Q83DW3|Q83DW3_COXBU,0,0,0,0
tr|Q83DW4|Q83DW4_COXBU,0,0,0,0
tr|Q83DW5|Q83DW5_COXBU,0,0,0,0
tr|Q83DW8|Q83DW8_COXBU,0,0,0,0
tr|Q83DX0|Q83DX0_COXBU,0,0,0,0
tr|Q83DX1|Q83DX1_COXBU,0,1,1,1
tr|Q83DX2|Q83DX2_COXBU,0,0,0,0
tr|Q83DX4|Q83DX4_COXBU,0,0,0,0
tr|Q83DX6|Q83DX6_COXBU,0,0,0,0
tr|Q83DX7|Q83DX7_COXBU,0,0,0,0
tr|Q83DX9|Q83DX9_COXBU,0,0,0,0
tr|Q83DY0|Q83DY0_COXBU,0,0,0,0
tr|Q83DY5|Q83DY5_COXBU,0,1,1,1
tr|Q83DZ0|Q83DZ0_COXBU,1,0,0,0
tr|Q83DZ1|Q83DZ1_COXBU,1,0,0,0
tr|Q83DZ3|Q83DZ3_COXBU,0,0,0,0
tr|Q83DZ4|Q83DZ4_COXBU,1,1,0,1
tr|Q83DZ5|Q83DZ5_COXBU,0,0,0,0
tr|Q83DZ9|Q83DZ9_COXBU,1,0,0,0
tr|Q83E00|Q83E00_COXBU,1,1,1,1
tr|Q83E01|Q83E01_COXBU,1,1,1,1
tr|Q83E02|Q83E02_COXBU,0,1,1,1
tr|Q83E03|Q83E03_COXBU,0,0,0,0
tr|Q83E05|Q83E05_COXBU,0,0,0,0
tr|Q83E14|Q83E14_COXBU,0,0,0,0
tr|Q83E16|Q83E16_COXBU,0,0,0,0
tr|Q83E17|Q83E17_COXBU,0,0,0,0
tr|Q83E20|Q83E20_COXBU,0,0,1,0
tr|Q83E21|Q83E21_COXBU,0,0,0,0
tr|Q83E22|Q83E22_COXBU,0,0,0,0
tr|Q83E24|Q83E24_COXBU,1,1,1,1
tr|Q83E26|Q83E26_COXBU,0,0,0,0
tr|Q83E27|Q83E27_COXBU,0,0,0,0
tr|Q83E28|Q83E28_COXBU,0,0,0,0
tr|Q83E29|Q83E29_COXBU,0,0,0,0
tr|Q83E32|Q83E32_COXBU,0,0,0,0
tr|Q83E33|Q83E33_COXBU,1,0,0,0
tr|Q83E44|Q83E44_COXBU,0,1,0,0
tr|Q83E46|Q83E46_COXBU,0,0,0,0
tr|Q83E49|Q83E49_COXBU,0,0,0,0
tr|Q83E50|Q83E50_COXBU,0,0,0,0
tr|Q83E53|Q83E53_COXBU,0,1,0,0
tr|Q83E54|Q83E54_COXBU,0,0,0,0
tr|Q83E55|Q83E55_COXBU,0,0,0,0
tr|Q83E57|Q83E57_COXBU,1,1,1,1
tr|Q83E58|Q83E58_COXBU,0,0,0,0
tr|Q83E61|Q83E61_COXBU,0,0,0,0
tr|Q83E62|Q83E62_COXBU,1,0,1,1
tr|Q83E66|Q83E66_COXBU,0,0,1,0
tr|Q83E70|Q83E70_COXBU,0,0,0,0
tr|Q83E71|Q83E71_COXBU,0,0,0,0
tr|Q83E72|Q83E72_COXBU,0,0,0,0
tr|Q83E73|Q83E73_COXBU,1,0,0,0
tr|Q83E76|Q83E76_COXBU,0,0,0,0
tr|Q83E77|Q83E77_COXBU,0,0,0,0
tr|Q83E78|Q83E78_COXBU,0,0,0,0
tr|Q83E80|Q83E80_COXBU,0,0,0,0
tr|Q83E81|Q83E81_COXBU,0,0,0,0
tr|Q83E82|Q83E82_COXBU,0,0,0,0
tr|Q83E86|Q83E86_COXBU,1,0,0,0
tr|Q83E87|Q83E87_COXBU,1,0,1,1
tr|Q83E88|Q83E88_COXBU,0,0,1,0
tr|Q83E91|Q83E91_COXBU,0,0,0,0
tr|Q83E93|Q83E93_COXBU,0,0,1,0
tr|Q83E95|Q83E95_COXBU,0,0,0,0
tr|Q83E96|Q83E96_COXBU,0,0,0,0
tr|Q83E98|Q83E98_COXBU,0,1,0,0
tr|Q83EA0|Q83EA0_COXBU,0,0,0,0
tr|Q83EA1|Q83EA1_COXBU,0,0,0,0
tr|Q83EA7|Q83EA7_COXBU,1,0,0,0
tr|Q83EA9|Q83EA9_COXBU,1,0,1,1
tr|Q83EB0|Q83EB0_COXBU,0,1,1,1
tr|Q83EB1|Q83EB1_COXBU,0,0,0,0
tr|Q83EB4|Q83EB4_COXBU,0,0,0,0
tr|Q83EB5|Q83EB5_COXBU,1,1,0,1
tr|Q83EB6|Q83EB6_COXBU,0,0,0,0
tr|Q83EB7|Q83EB7_COXBU,1,0,1,1
tr|Q83EB8|Q83EB8_COXBU,1,0,1,1
tr|Q83EC2|Q83EC2_COXBU,0,0,0,0
tr|Q83EC3|Q83EC3_COXBU,1,0,0,0
tr|Q83EC5|Q83EC5_COXBU,0,1,1,1
tr|Q83EC7|Q83EC7_COXBU,1,0,1,1
tr|Q83ED0|Q83ED0_COXBU,0,0,0,0
tr|Q83ED1|Q83ED1_COXBU,1,0,0,0
tr|Q83ED7|Q83ED7_COXBU,0,0,0,0
tr|Q83EE1|Q83EE1_COXBU,0,0,0,0
tr|Q83EE3|Q83EE3_COXBU,0,0,0,0
tr|Q83EE4|Q83EE4_COXBU,0,0,0,0
tr|Q83EE5|Q83EE5_COXBU,1,0,0,0
tr|Q83EE6|Q83EE6_COXBU,1,1,1,1
tr|Q83EE7|Q83EE7_COXBU,0,0,0,0
tr|Q83EF0|Q83EF0_COXBU,1,1,0,1
tr|Q83EF1|Q83EF1_COXBU,0,0,0,0
tr|Q83EF2|Q83EF2_COXBU,0,0,0,0
tr|Q83EF3|Q83EF3_COXBU,1,0,1,1
tr|Q83EF4|Q83EF4_COXBU,1,0,0,0
tr|Q83EF5|Q83EF5_COXBU,1,0,0,0
tr|Q83EF8|Q83EF8_COXBU,1,0,0,0
tr|Q83EF9|Q83EF9_COXBU,0,0,0,0
tr|Q83EG0|Q83EG0_COXBU,0,0,0,0
tr|Q83EG5|Q83EG5_COXBU,1,0,1,1
tr|Q83EG8|Q83EG8_COXBU,0,0,0,0
tr|Q83EG9|Q83EG9_COXBU,0,0,0,0
tr|Q83EH0|Q83EH0_COXBU,0,0,0,0
tr|Q83EH1|Q83EH1_COXBU,1,1,1,1
tr|Q83EH4|Q83EH4_COXBU,1,0,0,0
tr|Q83EH7|Q83EH7_COXBU,0,0,0,0
tr|Q83EH8|Q83EH8_COXBU,0,0,1,0
tr|Q83EI0|Q83EI0_COXBU,0,0,0,0
tr|Q83EI1|Q83EI1_COXBU,0,1,0,0
tr|Q83EI3|Q83EI3_COXBU,0,0,0,0
tr|Q83EI5|Q83EI5_COXBU,0,0,0,0
tr|Q83EI8|Q83EI8_COXBU,0,0,0,0
tr|Q83EJ6|Q83EJ6_COXBU,1,0,0,0
tr|Q83EJ7|Q83EJ7_COXBU,0,0,0,0
tr|Q83EJ8|Q83EJ8_COXBU,0,0,0,0
tr|Q83EJ9|Q83EJ9_COXBU,0,0,0,0
tr|Q83EK0|Q83EK0_COXBU,0,0,0,0
tr|Q83EK4|Q83EK4_COXBU,0,0,0,0
tr|Q83EL2|Q83EL2_COXBU,1,1,1,1
tr|Q83EL3|Q83EL3_COXBU,0,0,1,0
tr|Q83EL5|Q83EL5_COXBU,0,0,0,0
tr|Q83EL8|Q83EL8_COXBU,0,0,0,0
tr|Q83EM2|Q83EM2_COXBU,0,0,0,0
tr|Q83EM6|Q83EM6_COXBU,0,0,0,0
tr|Q83EN0|Q83EN0_COXBU,0,1,0,0
tr|Q83EN1|Q83EN1_COXBU,1,0,1,1
tr|Q83EN2|Q83EN2_COXBU,1,0,0,0
tr|Q83EN3|Q83EN3_COXBU,0,0,0,0
tr|Q83EN6|Q83EN6_COXBU,0,1,0,0
tr|Q83EN7|Q83EN7_COXBU,0,0,0,0
tr|Q83EN8|Q83EN8_COXBU,0,1,1,1
tr|Q83EN9|Q83EN9_COXBU,0,0,0,0
tr|Q83EP2|Q83EP2_COXBU,0,0,1,0
tr|Q83EP3|Q83EP3_COXBU,0,0,0,0
tr|Q83EQ0|Q83EQ0_COXBU,0,0,0,0
tr|Q83EQ5|Q83EQ5_COXBU,1,0,1,1
sp|Q83ER8|RL29_COXBU,1,1,1,1
tr|Q83ET1|Q83ET1_COXBU,0,0,0,0
tr|Q83ET9|Q83ET9_COXBU,0,0,0,0
tr|Q83EU0|Q83EU0_COXBU,1,0,0,0
tr|Q83EU4|Q83EU4_COXBU,0,0,0,0
tr|Q83EU5|Q83EU5_COXBU,0,0,0,0
tr|Q83EU6|Q83EU6_COXBU,0,1,1,1
tr|Q83EU9|Q83EU9_COXBU,1,0,1,1
tr|Q83EV1|Q83EV1_COXBU,0,0,0,0
tr|Q83EV2|Q83EV2_COXBU,0,0,0,0
tr|Q83EV7|Q83EV7_COXBU,0,0,0,0
tr|Q83EV8|Q83EV8_COXBU,0,1,0,0
tr|Q83EW1|Q83EW1_COXBU,1,1,1,1
tr|Q83EW2|Q83EW2_COXBU,1,1,1,1
tr|Q83EW3|Q83EW3_COXBU,0,0,0,0
tr|Q83EW5|Q83EW5_COXBU,0,0,0,0
tr|Q83EX4|Q83EX4_COXBU,0,0,0,0
tr|Q83EX5|Q83EX5_COXBU,1,0,1,1
tr|Q83EX6|Q83EX6_COXBU,0,0,1,0
tr|Q83EX8|Q83EX8_COXBU,0,1,0,0
tr|Q83EY0|Q83EY0_COXBU,0,0,0,0
tr|Q83EY1|Q83EY1_COXBU,0,0,0,0
tr|Q83EY2|Q83EY2_COXBU,0,1,1,1
tr|Q83EY4|Q83EY4_COXBU,0,0,0,0
tr|Q83EY9|Q83EY9_COXBU,0,0,0,0
tr|Q83EZ0|Q83EZ0_COXBU,0,0,0,0
tr|Q83EZ1|Q83EZ1_COXBU,0,0,0,0
tr|Q83EZ2|Q83EZ2_COXBU,0,0,0,0
tr|Q83EZ4|Q83EZ4_COXBU,0,0,1,0
tr|Q83EZ5|Q83EZ5_COXBU,0,0,0,0
tr|Q83EZ6|Q83EZ6_COXBU,0,0,1,0
tr|Q83EZ7|Q83EZ7_COXBU,1,1,1,1
tr|Q83EZ8|Q83EZ8_COXBU,0,0,0,0
tr|Q83EZ9|Q83EZ9_COXBU,0,0,0,0
tr|Q83F04|Q83F04_COXBU,1,1,0,1
tr|Q83F07|Q83F07_COXBU,0,0,0,0
tr|Q83F10|Q83F10_COXBU,0,1,1,1
tr|Q83F21|Q83F21_COXBU,1,0,1,1
tr|Q83F24|Q83F24_COXBU,1,0,0,0
tr|Q83F29|Q83F29_COXBU,0,1,1,1
tr|Q83F30|Q83F30_COXBU,1,0,1,1
tr|Q83F32|Q83F32_COXBU,0,0,0,0
sp|Q83F37|Y114_COXBU,0,0,0,0
tr|Q83F38|Q83F38_COXBU,0,0,1,0
tr|Q83F41|Q83F41_COXBU,1,1,0,1
tr|Q83F42|Q83F42_COXBU,0,1,0,0
tr|Q83F43|Q83F43_COXBU,0,0,0,0
tr|Q83F45|Q83F45_COXBU,1,1,0,1
tr|Q83F46|Q83F46_COXBU,1,1,0,1
tr|Q83F47|Q83F47_COXBU,0,0,0,0
tr|Q83F49|Q83F49_COXBU,0,0,0,0
tr|Q83F50|Q83F50_COXBU,0,0,0,0
tr|Q83F53|Q83F53_COXBU,0,0,0,0
tr|Q83F54|Q83F54_COXBU,0,0,0,0
tr|Q83F60|Q83F60_COXBU,0,0,0,0
tr|Q83F61|Q83F61_COXBU,1,0,0,0
tr|Q83F62|Q83F62_COXBU,0,0,0,0
tr|Q83F63|Q83F63_COXBU,1,0,1,1
tr|Q83F64|Q83F64_COXBU,0,0,0,0
tr|Q83F65|Q83F65_COXBU,1,0,1,1
tr|Q83F71|Q83F71_COXBU,0,0,0,0
tr|Q83F74|Q83F74_COXBU,1,1,1,1
tr|Q83F75|Q83F75_COXBU,0,0,0,0
tr|Q83F76|Q83F76_COXBU,0,0,1,0
tr|Q83F80|Q83F80_COXBU,1,0,1,1
tr|Q83F83|Q83F83_COXBU,0,0,0,0
tr|Q83F86|Q83F86_COXBU,1,0,0,0
tr|Q83F90|Q83F90_COXBU,0,0,0,0
tr|Q83F91|Q83F91_COXBU,1,1,0,1
tr|Q83F92|Q83F92_COXBU,1,0,0,0
tr|Q83F97|Q83F97_COXBU,0,0,0,0
tr|Q83F98|Q83F98_COXBU,0,0,0,0
tr|Q83F99|Q83F99_COXBU,0,0,0,0
tr|Q83FA0|Q83FA0_COXBU,0,0,0,0
tr|Q83FA1|Q83FA1_COXBU,0,0,1,0
tr|Q83FA2|Q83FA2_COXBU,0,0,0,0
sp|Q83FA5|Y041_COXBU,0,0,0,0
tr|Q83FA7|Q83FA7_COXBU,1,1,1,1
tr|Q83FA9|Q83FA9_COXBU,0,0,0,0
tr|Q83FB0|Q83FB0_COXBU,1,0,0,0
tr|Q83FB1|Q83FB1_COXBU,0,0,0,0
tr|Q83FB2|Q83FB2_COXBU,1,1,1,1
tr|Q83FB3|Q83FB3_COXBU,1,0,0,0
tr|Q83FB5|Q83FB5_COXBU,0,1,0,0
tr|Q83FB7|Q83FB7_COXBU,0,0,0,0
tr|Q83FB8|Q83FB8_COXBU,0,0,0,0
tr|Q83FB9|Q83FB9_COXBU,1,0,0,0
tr|Q83FC0|Q83FC0_COXBU,0,0,0,0
tr|Q83FC1|Q83FC1_COXBU,1,0,1,1
tr|Q83FC2|Q83FC2_COXBU,1,0,0,0
tr|Q83FC5|Q83FC5_COXBU,0,0,0,0
tr|Q83FC6|Q83FC6_COXBU,0,0,0,0
tr|Q83FC9|Q83FC9_COXBU,0,0,0,0
tr|Q83FD2|Q83FD2_COXBU,0,1,0,0
tr|Q83FD3|Q83FD3_COXBU,1,0,0,0
