protein,xgboost,random_subspace,random forest,fuse 2/3
tr|Q5NGU3|Q5NGU3_FRATT,0,1,0,0
tr|Q5NEG3|Q5NEG3_FRATT,0,0,0,0
sp|Q5NEQ9|IXTPA_FRATT,0,0,1,0
tr|Q5NFC9|Q5NFC9_FRATT,0,0,0,0
tr|Q5NFS8|Q5NFS8_FRATT,0,0,0,0
sp|Q5NG03|RLMN_FRATT,0,0,0,0
sp|Q5NGP7|KDSD_FRATT,0,0,0,0
sp|Q5NGV7|KATG_FRATT,1,0,1,1
tr|Q5NH02|Q5NH02_FRATT,0,0,0,0
sp|Q5NHR0|GLMU_FRATT,0,0,0,0
sp|Q5NHS1|PYRG_FRATT,0,0,0,0
tr|Q5NE61|Q5NE61_FRATT,1,1,1,1
tr|Q5NE63|Q5NE63_FRATT,0,0,0,0
tr|Q5NE72|Q5NE72_FRATT,0,0,0,0
sp|Q5NE84|PURT_FRATT,0,0,0,0
tr|Q5NE94|Q5NE94_FRATT,0,0,0,0
tr|Q5NE95|Q5NE95_FRATT,0,0,0,0
sp|Q5NE98|RECA_FRATT,1,0,0,0
tr|Q5NEA5|Q5NEA5_FRATT,0,0,0,0
sp|Q5NEB0|OBG_FRATT,1,0,1,1
tr|Q5NEB9|Q5NEB9_FRATT,0,0,0,0
tr|Q5NEC0|Q5NEC0_FRATT,0,0,0,0
sp|Q5NEE1|CH60_FRATT,1,1,1,1
sp|Q5NEF8|LEPA_FRATT,0,0,0,0
sp|Q5NEF9|MNMA_FRATT,0,1,0,0
tr|Q5NEG5|Q5NEG5_FRATT,0,0,0,0
tr|Q5NEH1|Q5NEH1_FRATT,0,0,0,0
tr|Q5NEH2|Q5NEH2_FRATT,0,1,0,0
sp|Q5NEL1|SYC_FRATT,0,0,0,0
tr|Q5NEN4|Q5NEN4_FRATT,0,0,0,0
tr|Q5NEP5|Q5NEP5_FRATT,0,0,0,0
sp|Q5NEP6|DXR_FRATT,0,0,0,0
sp|Q5NEQ0|FABZ_FRATT,0,0,0,0
tr|Q5NEQ8|Q5NEQ8_FRATT,0,0,0,0
sp|Q5NER3|RNC_FRATT,0,0,0,0
sp|Q5NEV9|ACCA_FRATT,0,0,0,0
sp|Q5NEW3|MURQ_FRATT,0,0,0,0
sp|Q5NEX0|COAE_FRATT,0,0,0,0
tr|Q5NEY0|Q5NEY0_FRATT,0,0,0,0
tr|Q5NEY5|Q5NEY5_FRATT,0,0,0,0
tr|Q5NF08|Q5NF08_FRATT,0,0,0,0
sp|Q5NF12|RPOA2_FRATT,0,0,0,0
sp|Q5NF19|NADK_FRATT,1,0,1,1
sp|Q5NF43|GLO2_FRATT,0,0,0,0
tr|Q5NF53|Q5NF53_FRATT,0,0,0,0
tr|Q5NF54|Q5NF54_FRATT,0,0,0,0
sp|Q5NF55|COAX2_FRATT,0,0,0,0
sp|Q5NF56|PAND_FRATT,0,1,0,0
sp|Q5NF57|PANC_FRATT,0,0,0,0
sp|Q5NF58|PANB_FRATT,1,0,0,0
sp|Q5NF60|DNLJ_FRATT,0,0,0,0
tr|Q5NF68|Q5NF68_FRATT,1,0,0,0
tr|Q5NF70|Q5NF70_FRATT,0,0,0,0
sp|Q5NF71|PLSX_FRATT,0,0,0,0
sp|Q5NFB0|SYS_FRATT,0,0,0,0
sp|Q5NFB1|GPMI_FRATT,0,0,0,0
tr|Q5NFC1|Q5NFC1_FRATT,0,0,0,0
tr|Q5NFC2|Q5NFC2_FRATT,0,1,0,0
sp|Q5NFC4|G6PI_FRATT,0,0,0,0
tr|Q5NFC7|Q5NFC7_FRATT,0,0,0,0
sp|Q5NFD4|MURB_FRATT,0,1,0,0
sp|Q5NFE1|UBIE_FRATT,0,1,0,0
sp|Q5NFE7|SYM_FRATT,0,0,0,0
sp|Q5NFF3|MNME_FRATT,1,0,0,0
tr|Q5NFF7|Q5NFF7_FRATT,1,0,0,0
sp|Q5NFF8|RNH2_FRATT,0,0,0,0
sp|Q5NFG8|DNAJ_FRATT,0,0,1,0
tr|Q5NFH5|Q5NFH5_FRATT,0,0,0,0
sp|Q5NFJ3|GLYA_FRATT,0,0,0,0
sp|Q5NFK5|TYSY_FRATT,1,1,0,1
tr|Q5NFK7|Q5NFK7_FRATT,0,0,0,0
sp|Q5NFM5|RPIA_FRATT,0,0,0,0
sp|Q5NFN4|UVRB_FRATT,0,0,0,0
sp|Q5NFP3|TTCA2_FRATT,0,0,0,0
tr|Q5NFP8|Q5NFP8_FRATT,1,0,0,0
tr|Q5NFP9|Q5NFP9_FRATT,0,0,0,0
sp|Q5NFR4|KAD_FRATT,0,0,0,0
sp|Q5NFS0|AROK_FRATT,0,0,0,0
sp|Q5NFS1|AROB_FRATT,1,0,0,0
tr|Q5NFS5|Q5NFS5_FRATT,0,0,0,0
sp|Q5NFT3|HEMH_FRATT,1,0,0,0
tr|Q5NFT9|Q5NFT9_FRATT,0,0,0,0
sp|Q5NFU1|ISPF_FRATT,0,0,0,0
sp|Q5NFU5|METN_FRATT,0,0,0,0
sp|Q5NFU6|PLSY_FRATT,0,0,0,0
sp|Q5NFU8|TGT_FRATT,0,0,0,0
tr|Q5NFV6|Q5NFV6_FRATT,0,0,0,0
tr|Q5NFW2|Q5NFW2_FRATT,0,1,0,0
sp|Q5NFW7|SYA_FRATT,0,0,0,0
sp|Q5NFZ8|HEM6_FRATT,0,1,0,0
sp|Q5NG10|CYSN_FRATT,1,0,0,0
sp|Q5NG17|TTCA1_FRATT,0,0,0,0
tr|Q5NG24|Q5NG24_FRATT,0,0,0,0
sp|Q5NG26|LIPB_FRATT,0,1,1,1
tr|Q5NG28|Q5NG28_FRATT,1,1,0,1
sp|Q5NG36|TRUA_FRATT,0,0,0,0
sp|Q5NG38|GUAA_FRATT,1,0,0,0
sp|Q5NG39|DXS_FRATT,0,0,0,0
sp|Q5NG44|RUVB_FRATT,0,0,0,0
sp|Q5NG53|SYFA_FRATT,0,0,0,0
sp|Q5NG54|SYFB_FRATT,0,0,0,0
sp|Q5NG61|DCD_FRATT,1,1,1,1
tr|Q5NGA7|Q5NGA7_FRATT,0,0,0,0
tr|Q5NGB0|Q5NGB0_FRATT,0,0,0,0
tr|Q5NGB1|Q5NGB1_FRATT,0,1,0,0
sp|Q5NGB2|BIOB_FRATT,0,0,0,0
sp|Q5NGB5|BIOD_FRATT,1,0,0,0
sp|Q5NGB9|GSA_FRATT,0,0,0,0
sp|Q5NGC3|RLMKL_FRATT,0,0,0,0
tr|Q5NGC9|Q5NGC9_FRATT,0,0,0,0
sp|Q5NGD0|SYI_FRATT,0,0,0,0
sp|Q5NGD1|LSPA_FRATT,0,0,0,0
sp|Q5NGD3|RLME_FRATT,1,0,0,0
tr|Q5NGD9|Q5NGD9_FRATT,0,0,0,0
tr|Q5NGE8|Q5NGE8_FRATT,0,0,0,0
tr|Q5NGF0|Q5NGF0_FRATT,0,0,0,0
tr|Q5NGF1|Q5NGF1_FRATT,0,0,0,0
sp|Q5NGF3|FOLD_FRATT,1,0,0,0
sp|Q5NGG6|AROC_FRATT,0,1,0,0
sp|Q5NGH1|GPDA_FRATT,0,0,0,0
sp|Q5NGI2|RNPH_FRATT,0,0,0,0
sp|Q5NGI4|UBIA_FRATT,0,0,0,0
sp|Q5NGK4|ISPH_FRATT,0,0,0,0
sp|Q5NGL8|SYT_FRATT,1,0,0,0
sp|Q5NGM4|MURG_FRATT,0,0,0,0
tr|Q5NGP6|Q5NGP6_FRATT,0,0,0,0
sp|Q5NGR3|SECA_FRATT,0,0,0,0
sp|Q5NGW1|UPP_FRATT,0,0,0,0
tr|Q5NGW3|Q5NGW3_FRATT,0,0,0,0
sp|Q5NGW4|TDH_FRATT,1,0,0,0
sp|Q5NGW8|ENO_FRATT,0,0,0,0
sp|Q5NGX1|RLMD_FRATT,0,0,0,0
tr|Q5NGX4|Q5NGX4_FRATT,0,0,0,0
sp|Q5NGX7|PNP_FRATT,1,0,0,0
tr|Q5NGX9|Q5NGX9_FRATT,1,1,0,1
sp|Q5NGY3|FPG_FRATT,0,0,0,0
sp|Q5NGY5|SYY_FRATT,0,0,0,0
sp|Q5NH17|RUVA_FRATT,0,0,0,0
sp|Q5NH18|RUVC_FRATT,0,0,0,0
sp|Q5NH21|LIPA_FRATT,0,0,0,0
tr|Q5NH26|Q5NH26_FRATT,0,0,0,0
sp|Q5NH32|ILVD_FRATT,0,0,0,0
sp|Q5NH42|MIAA_FRATT,0,0,0,0
tr|Q5NH45|Q5NH45_FRATT,0,0,0,0
sp|Q5NH47|CLPP_FRATT,1,0,0,0
sp|Q5NH48|TIG_FRATT,0,0,0,0
sp|Q5NH50|KITH_FRATT,0,0,0,0
sp|Q5NH53|MIAB_FRATT,0,0,0,0
sp|Q5NH64|ISPG_FRATT,1,0,0,0
tr|Q5NH81|Q5NH81_FRATT,1,1,0,1
sp|Q5NH87|COAD_FRATT,0,1,0,0
sp|Q5NH94|ALR_FRATT,0,0,0,0
tr|Q5NHA6|Q5NHA6_FRATT,0,0,0,0
sp|Q5NHC6|COQ7_FRATT,0,0,1,0
sp|Q5NHE5|PDXT_FRATT,0,0,0,0
sp|Q5NHE6|PDXS_FRATT,0,0,0,0
tr|Q5NHE7|Q5NHE7_FRATT,0,1,0,0
tr|Q5NHE9|Q5NHE9_FRATT,1,0,1,1
sp|Q5NHF3|SUCC_FRATT,0,0,0,0
tr|Q5NHF4|Q5NHF4_FRATT,1,1,1,1
tr|Q5NHH1|Q5NHH1_FRATT,0,1,0,0
sp|Q5NHI3|AROQ_FRATT,0,0,0,0
sp|Q5NHI5|RSMA_FRATT,0,0,0,0
tr|Q5NHJ1|Q5NHJ1_FRATT,0,0,0,0
tr|Q5NHK2|Q5NHK2_FRATT,0,0,0,0
sp|Q5NHK3|MURD_FRATT,0,0,0,0
sp|Q5NHK4|MRAY_FRATT,0,0,0,0
tr|Q5NHK5|Q5NHK5_FRATT,0,1,0,0
tr|Q5NHL4|Q5NHL4_FRATT,0,0,0,0
tr|Q5NHL6|Q5NHL6_FRATT,0,1,0,0
sp|Q5NHL7|CTU_FRATT,1,0,0,0
tr|Q5NHM1|Q5NHM1_FRATT,0,1,0,0
tr|Q5NHM2|Q5NHM2_FRATT,0,0,0,0
tr|Q5NHM4|Q5NHM4_FRATT,0,0,0,0
tr|Q5NHM7|Q5NHM7_FRATT,0,0,0,0
tr|Q5NHM8|Q5NHM8_FRATT,0,0,0,0
sp|Q5NHN4|GLGB_FRATT,0,1,0,0
tr|Q5NHQ1|Q5NHQ1_FRATT,0,0,0,0
tr|Q5NHQ4|Q5NHQ4_FRATT,0,0,0,0
sp|Q5NHQ9|GLMS_FRATT,0,0,0,0
sp|Q5NHR3|PSD_FRATT,0,0,0,0
sp|Q5NHS2|NDK_FRATT,0,0,0,0
tr|Q5NHS3|Q5NHS3_FRATT,0,0,0,0
sp|Q5NHU3|RPOA1_FRATT,0,0,0,0
sp|Q5NHX6|UPPS_FRATT,0,0,0,0
sp|Q5NHX8|PYRH_FRATT,0,0,0,0
sp|Q5NHY6|SYE_FRATT,0,0,0,0
tr|Q5NHY7|Q5NHY7_FRATT,0,0,0,0
sp|Q5NHZ4|SYV_FRATT,0,0,0,0
sp|Q5NI07|CYOE_FRATT,0,0,0,0
tr|Q5NI10|Q5NI10_FRATT,0,0,0,0
sp|Q5NI19|ISPE_FRATT,0,0,0,0
sp|Q5NI31|HEM3_FRATT,0,0,0,0
tr|Q5NI39|Q5NI39_FRATT,0,1,0,0
sp|Q5NI50|MURC_FRATT,0,1,0,0
tr|Q5NI70|Q5NI70_FRATT,0,0,0,0
tr|Q5NI77|Q5NI77_FRATT,0,0,0,0
sp|Q5NI78|PURA_FRATT,0,0,0,0
tr|Q5NI89|Q5NI89_FRATT,0,0,0,0
sp|Q5NI92|LPXC_FRATT,0,0,0,0
tr|Q5NI93|Q5NI93_FRATT,0,1,1,1
sp|Q5NI96|DDL_FRATT,1,0,0,0
sp|Q5NIA9|HEM1_FRATT,0,0,0,0
tr|Q5NIB3|Q5NIB3_FRATT,0,0,0,0
sp|Q5NIC7|METK_FRATT,0,0,0,0
sp|Q5NIC9|TSAD_FRATT,0,0,0,0
sp|Q5NID1|RPOC_FRATT,0,0,0,0
sp|Q5NIE5|GLPK_FRATT,0,1,0,0
tr|Q5NIF9|Q5NIF9_FRATT,0,0,0,0
sp|Q5NIG0|COAX1_FRATT,0,0,0,0
sp|Q5NIG3|MSBA_FRATT,0,0,0,0
sp|Q5NIG4|CCA_FRATT,0,0,0,0
tr|Q5NII1|Q5NII1_FRATT,0,1,0,0
sp|Q5NII7|TPIS_FRATT,0,0,0,0
sp|Q5NII8|GLMM_FRATT,0,0,0,0
sp|Q5NII9|APT_FRATT,0,0,0,0
tr|Q5NIJ0|Q5NIJ0_FRATT,0,0,0,0
tr|Q5NIJ3|Q5NIJ3_FRATT,0,1,0,0
sp|Q5NIK3|ATPB_FRATT,0,0,0,0
sp|Q5NIK5|ATPA_FRATT,0,0,0,0
tr|Q5NIK8|Q5NIK8_FRATT,0,0,1,0
sp|Q5NIM0|DCUP_FRATT,0,0,0,0
tr|Q5NIM2|Q5NIM2_FRATT,0,0,0,0
sp|Q5NIM5|NUOK_FRATT,1,0,0,0
sp|Q5NIM7|NUOI_FRATT,0,0,0,0
sp|Q5NIN2|NUOD_FRATT,0,0,0,0
sp|Q5NIN4|NUOB_FRATT,0,1,0,0
tr|Q5NIN5|Q5NIN5_FRATT,0,0,0,0
tr|Q5NIQ1|Q5NIQ1_FRATT,0,0,0,0
sp|Q5NIQ4|SYDND_FRATT,0,0,0,0
tr|Q5NE58|Q5NE58_FRATT,0,0,0,0
tr|Q5NE65|Q5NE65_FRATT,0,0,0,0
sp|Q5NE79|TRPB_FRATT,0,0,0,0
sp|Q5NE80|TRPA_FRATT,1,0,0,0
tr|Q5NE82|Q5NE82_FRATT,0,0,0,0
sp|Q5NE91|NHAA_FRATT,0,0,0,0
tr|Q5NE96|Q5NE96_FRATT,1,1,1,1
sp|Q5NE99|SECB2_FRATT,0,0,0,0
tr|Q5NEA3|Q5NEA3_FRATT,0,0,0,0
tr|Q5NEA6|Q5NEA6_FRATT,0,1,0,0
tr|Q5NEA7|Q5NEA7_FRATT,0,0,0,0
tr|Q5NEB3|Q5NEB3_FRATT,0,0,0,0
tr|Q5NEB8|Q5NEB8_FRATT,0,0,0,0
sp|Q5NEE2|CH10_FRATT,1,1,0,1
sp|Q5NEF0|RSMG_FRATT,0,0,0,0
tr|Q5NEF6|Q5NEF6_FRATT,1,1,1,1
sp|Q5NEF7|RS20_FRATT,0,0,1,0
tr|Q5NEG1|Q5NEG1_FRATT,0,0,0,0
tr|Q5NEG2|Q5NEG2_FRATT,1,0,0,0
tr|Q5NEH0|Q5NEH0_FRATT,0,0,0,0
sp|Q5NEH3|TPMT_FRATT,0,0,0,0
tr|Q5NEI5|Q5NEI5_FRATT,0,0,0,0
tr|Q5NEJ1|Q5NEJ1_FRATT,0,0,0,0
sp|Q5NEJ3|LOLA_FRATT,0,1,0,0
tr|Q5NEJ4|Q5NEJ4_FRATT,1,0,0,0
tr|Q5NEJ8|Q5NEJ8_FRATT,0,0,0,0
tr|Q5NEJ9|Q5NEJ9_FRATT,0,0,0,0
sp|Q5NEL0|PRMB_FRATT,0,1,0,0
tr|Q5NEL7|Q5NEL7_FRATT,0,0,0,0
sp|Q5NEL9|MINE_FRATT,1,0,1,1
tr|Q5NEM0|Q5NEM0_FRATT,0,0,0,0
tr|Q5NEM1|Q5NEM1_FRATT,1,1,1,1
sp|Q5NEM2|RL33_FRATT,0,0,0,0
sp|Q5NEM3|RL28_FRATT,0,0,0,0
tr|Q5NEM5|Q5NEM5_FRATT,0,0,0,0
tr|Q5NEM6|Q5NEM6_FRATT,0,0,0,0
sp|Q5NEP2|UNG_FRATT,0,0,0,0
tr|Q5NEP7|Q5NEP7_FRATT,1,1,1,1
sp|Q5NEP9|LPXD2_FRATT,0,0,0,0
sp|Q5NEQ2|LPXB_FRATT,0,0,0,0
tr|Q5NEQ5|Q5NEQ5_FRATT,0,0,0,0
tr|Q5NEQ6|Q5NEQ6_FRATT,0,0,0,0
tr|Q5NER0|Q5NER0_FRATT,0,0,0,0
tr|Q5NER2|Q5NER2_FRATT,0,0,0,0
sp|Q5NER4|TRUB_FRATT,0,0,0,0
tr|Q5NER5|Q5NER5_FRATT,0,0,0,0
tr|Q5NET2|Q5NET2_FRATT,0,0,0,0
tr|Q5NET3|Q5NET3_FRATT,0,0,0,0
tr|Q5NET6|Q5NET6_FRATT,0,0,0,0
sp|Q5NEV4|RSMJ_FRATT,0,0,0,0
tr|Q5NEV5|Q5NEV5_FRATT,0,0,0,0
sp|Q5NEV7|SECB1_FRATT,1,1,1,1
sp|Q5NEV8|MUTS_FRATT,0,0,0,0
tr|Q5NEW9|Q5NEW9_FRATT,0,0,0,0
tr|Q5NEX2|Q5NEX2_FRATT,1,0,0,0
tr|Q5NEX3|Q5NEX3_FRATT,0,0,0,0
tr|Q5NEX4|Q5NEX4_FRATT,0,0,0,0
sp|Q5NEX8|KDSB_FRATT,0,0,0,0
tr|Q5NEY1|Q5NEY1_FRATT,0,0,0,0
sp|Q5NEY6|KGUA_FRATT,0,0,0,0
tr|Q5NEY7|Q5NEY7_FRATT,0,0,0,0
tr|Q5NEY8|Q5NEY8_FRATT,0,0,0,0
tr|Q5NEY9|Q5NEY9_FRATT,0,0,0,0
tr|Q5NEZ9|Q5NEZ9_FRATT,0,0,0,0
tr|Q5NF04|Q5NF04_FRATT,0,0,0,0
tr|Q5NF05|Q5NF05_FRATT,0,1,1,1
tr|Q5NF06|Q5NF06_FRATT,0,0,0,0
tr|Q5NF17|Q5NF17_FRATT,0,0,0,0
tr|Q5NF31|Q5NF31_FRATT,0,0,0,0
sp|Q5NF37|SYP_FRATT,0,0,0,0
tr|Q5NF50|Q5NF50_FRATT,0,0,0,0
tr|Q5NF64|Q5NF64_FRATT,0,0,0,0
tr|Q5NF65|Q5NF65_FRATT,0,0,0,0
tr|Q5NF66|Q5NF66_FRATT,1,1,1,1
tr|Q5NF67|Q5NF67_FRATT,1,0,0,0
tr|Q5NF69|Q5NF69_FRATT,0,0,0,0
sp|Q5NF72|RL32_FRATT,0,1,0,0
tr|Q5NF74|Q5NF74_FRATT,0,0,0,0
tr|Q5NF75|Q5NF75_FRATT,1,0,0,0
sp|Q5NF76|PGK_FRATT,0,0,0,0
tr|Q5NF77|Q5NF77_FRATT,1,0,0,0
tr|Q5NF78|Q5NF78_FRATT,0,0,0,0
tr|Q5NFA4|Q5NFA4_FRATT,0,0,0,0
tr|Q5NFB2|Q5NFB2_FRATT,0,0,0,0
tr|Q5NFB6|Q5NFB6_FRATT,0,0,0,0
tr|Q5NFB9|Q5NFB9_FRATT,0,0,0,0
tr|Q5NFC0|Q5NFC0_FRATT,0,0,0,0
tr|Q5NFC3|Q5NFC3_FRATT,0,1,0,0
sp|Q5NFC6|GREA_FRATT,0,0,0,0
sp|Q5NFD2|DER_FRATT,0,0,0,0
tr|Q5NFD9|Q5NFD9_FRATT,0,0,0,0
tr|Q5NFE3|Q5NFE3_FRATT,1,0,0,0
tr|Q5NFG3|Q5NFG3_FRATT,0,0,0,0
tr|Q5NFG5|Q5NFG5_FRATT,1,0,0,0
sp|Q5NFG6|GRPE_FRATT,0,1,1,1
sp|Q5NFG7|DNAK_FRATT,1,0,0,0
tr|Q5NFI2|Q5NFI2_FRATT,0,0,0,0
tr|Q5NFI7|Q5NFI7_FRATT,0,0,0,0
tr|Q5NFI9|Q5NFI9_FRATT,0,0,0,0
tr|Q5NFJ0|Q5NFJ0_FRATT,1,0,0,0
sp|Q5NFK3|TILS_FRATT,0,0,0,0
tr|Q5NFK4|Q5NFK4_FRATT,0,0,0,0
sp|Q5NFK6|LGT_FRATT,1,0,0,0
tr|Q5NFK8|Q5NFK8_FRATT,0,0,0,0
tr|Q5NFL0|Q5NFL0_FRATT,0,0,0,0
tr|Q5NFL4|Q5NFL4_FRATT,1,1,0,1
sp|Q5NFL9|QUEA_FRATT,1,0,0,0
tr|Q5NFM2|Q5NFM2_FRATT,0,0,0,0
sp|Q5NFM8|MNMG_FRATT,0,0,0,0
tr|Q5NFN3|Q5NFN3_FRATT,0,0,0,0
tr|Q5NFN6|Q5NFN6_FRATT,0,0,0,0
tr|Q5NFP1|Q5NFP1_FRATT,0,0,0,0
sp|Q5NFP4|SSRP_FRATT,0,0,0,0
tr|Q5NFQ5|Q5NFQ5_FRATT,0,0,0,0
tr|Q5NFQ7|Q5NFQ7_FRATT,0,0,0,0
tr|Q5NFQ8|Q5NFQ8_FRATT,0,0,1,0
tr|Q5NFR1|Q5NFR1_FRATT,0,0,0,0
tr|Q5NFR2|Q5NFR2_FRATT,0,0,0,0
tr|Q5NFV2|Q5NFV2_FRATT,0,0,0,0
tr|Q5NFV3|Q5NFV3_FRATT,0,0,0,0
tr|Q5NFV4|Q5NFV4_FRATT,0,0,0,0
tr|Q5NFW4|Q5NFW4_FRATT,1,0,0,0
tr|Q5NFX0|Q5NFX0_FRATT,0,0,0,0
tr|Q5NFX3|Q5NFX3_FRATT,1,0,0,0
tr|Q5NFX6|Q5NFX6_FRATT,0,0,0,0
sp|Q5NFX8|TRHO_FRATT,0,0,0,0
sp|Q5NFZ9|RS6_FRATT,0,0,0,0
sp|Q5NG00|RS18_FRATT,0,0,1,0
sp|Q5NG01|RL9_FRATT,0,1,0,0
tr|Q5NG02|Q5NG02_FRATT,0,0,0,0
tr|Q5NG05|Q5NG05_FRATT,0,0,0,0
tr|Q5NG16|Q5NG16_FRATT,0,1,1,1
sp|Q5NG21|RS213_FRATT,0,0,0,0
tr|Q5NG23|Q5NG23_FRATT,0,0,0,0
tr|Q5NG29|Q5NG29_FRATT,0,0,0,0
tr|Q5NG30|Q5NG30_FRATT,0,0,0,0
tr|Q5NG33|Q5NG33_FRATT,0,0,0,0
tr|Q5NG60|Q5NG60_FRATT,1,0,0,0
tr|Q5NG63|Q5NG63_FRATT,1,1,1,1
sp|Q5NG64|SYL_FRATT,0,0,0,0
sp|Q5NG68|YQGF_FRATT,0,0,1,0
sp|Q5NG86|IF1_FRATT,0,1,0,0
tr|Q5NG88|Q5NG88_FRATT,0,0,0,0
tr|Q5NG89|Q5NG89_FRATT,0,0,0,0
tr|Q5NG97|Q5NG97_FRATT,0,1,0,0
tr|Q5NGA0|Q5NGA0_FRATT,0,0,0,0
tr|Q5NGA1|Q5NGA1_FRATT,0,0,0,0
tr|Q5NGC0|Q5NGC0_FRATT,0,0,0,0
sp|Q5NGC1|FMT_FRATT,0,0,0,0
tr|Q5NGC8|Q5NGC8_FRATT,0,0,0,0
tr|Q5NGE6|Q5NGE6_FRATT,1,0,0,0
tr|Q5NGE9|Q5NGE9_FRATT,1,0,0,0
tr|Q5NGF2|Q5NGF2_FRATT,0,0,1,0
tr|Q5NGF9|Q5NGF9_FRATT,0,0,0,0
tr|Q5NGG1|Q5NGG1_FRATT,0,0,0,0
tr|Q5NGG3|Q5NGG3_FRATT,1,1,1,1
tr|Q5NGG4|Q5NGG4_FRATT,1,0,0,0
tr|Q5NGG9|Q5NGG9_FRATT,0,0,0,0
tr|Q5NGH8|Q5NGH8_FRATT,0,0,0,0
tr|Q5NGJ3|Q5NGJ3_FRATT,0,0,0,0
sp|Q5NGJ7|TOLB_FRATT,0,1,1,1
tr|Q5NGJ9|Q5NGJ9_FRATT,0,1,0,0
tr|Q5NGK3|Q5NGK3_FRATT,0,0,0,0
tr|Q5NGK5|Q5NGK5_FRATT,0,0,1,0
sp|Q5NGK7|Y829_FRATT,1,0,0,0
sp|Q5NGL5|RL20_FRATT,0,0,0,0
sp|Q5NGL6|RL35_FRATT,0,1,0,0
tr|Q5NGL7|Q5NGL7_FRATT,0,0,0,0
tr|Q5NGM3|Q5NGM3_FRATT,0,0,0,0
sp|Q5NGM5|Y810_FRATT,0,0,1,0
sp|Q5NGM6|RECR_FRATT,0,0,0,0
tr|Q5NGM7|Q5NGM7_FRATT,0,0,0,0
tr|Q5NGN3|Q5NGN3_FRATT,1,0,0,0
tr|Q5NGP4|Q5NGP4_FRATT,0,0,0,0
tr|Q5NGQ3|Q5NGQ3_FRATT,0,0,0,0
sp|Q5NGQ8|UVRC_FRATT,0,0,0,0
sp|Q5NGR1|RL27_FRATT,1,1,1,1
sp|Q5NGR2|RL21_FRATT,0,0,0,0
tr|Q5NGR8|Q5NGR8_FRATT,0,0,0,0
sp|Q5NGS0|RECF_FRATT,0,0,0,0
tr|Q5NGS4|Q5NGS4_FRATT,0,0,0,0
sp|Q5NGS8|RS212_FRATT,1,0,0,0
tr|Q5NGT1|Q5NGT1_FRATT,0,0,0,0
tr|Q5NGT4|Q5NGT4_FRATT,0,0,0,0
tr|Q5NGU1|Q5NGU1_FRATT,1,1,1,1
tr|Q5NGU2|Q5NGU2_FRATT,0,0,0,0
tr|Q5NGW2|Q5NGW2_FRATT,1,1,1,1
tr|Q5NGW6|Q5NGW6_FRATT,0,1,0,0
sp|Q5NGW7|FTSB_FRATT,0,0,0,0
tr|Q5NGX0|Q5NGX0_FRATT,1,0,0,0
sp|Q5NGX3|RPOZ_FRATT,0,0,0,0
tr|Q5NGX5|Q5NGX5_FRATT,0,0,0,0
sp|Q5NGX6|ERPA_FRATT,1,0,1,1
sp|Q5NGX8|RS15_FRATT,0,0,0,0
sp|Q5NGY0|FTSL_FRATT,0,0,0,0
sp|Q5NGY1|RSMH_FRATT,0,0,0,0
sp|Q5NGY9|HSLU_FRATT,0,0,0,0
tr|Q5NGZ3|Q5NGZ3_FRATT,0,0,0,0
tr|Q5NGZ5|Q5NGZ5_FRATT,0,0,0,0
sp|Q5NGZ6|PTH_FRATT,1,1,1,1
tr|Q5NGZ7|Q5NGZ7_FRATT,0,0,0,0
sp|Q5NH01|RL25_FRATT,1,0,0,0
tr|Q5NH07|Q5NH07_FRATT,1,0,0,0
sp|Q5NH09|3MGH_FRATT,0,0,0,0
tr|Q5NH22|Q5NH22_FRATT,0,0,0,0
tr|Q5NH30|Q5NH30_FRATT,0,0,0,0
sp|Q5NH35|ENGB_FRATT,0,0,0,0
tr|Q5NH36|Q5NH36_FRATT,0,0,0,0
tr|Q5NH38|Q5NH38_FRATT,0,0,0,0
tr|Q5NH40|Q5NH40_FRATT,0,0,0,0
sp|Q5NH41|HFQ_FRATT,0,0,0,0
sp|Q5NH46|CLPX_FRATT,0,0,0,0
sp|Q5NH55|YBEY_FRATT,1,0,0,0
tr|Q5NH57|Q5NH57_FRATT,0,0,0,0
tr|Q5NH60|Q5NH60_FRATT,1,0,0,0
tr|Q5NH61|Q5NH61_FRATT,0,1,0,0
tr|Q5NH63|Q5NH63_FRATT,1,0,0,0
tr|Q5NH72|Q5NH72_FRATT,0,0,0,0
tr|Q5NH74|Q5NH74_FRATT,0,0,0,0
tr|Q5NH77|Q5NH77_FRATT,0,0,0,0
tr|Q5NH78|Q5NH78_FRATT,1,0,0,0
tr|Q5NH79|Q5NH79_FRATT,1,0,1,1
tr|Q5NH83|Q5NH83_FRATT,1,1,0,1
tr|Q5NH85|Q5NH85_FRATT,1,1,1,1
tr|Q5NH90|Q5NH90_FRATT,0,0,0,0
tr|Q5NH91|Q5NH91_FRATT,0,0,0,0
tr|Q5NH93|Q5NH93_FRATT,1,0,0,0
tr|Q5NHA4|Q5NHA4_FRATT,0,0,0,0
tr|Q5NHA7|Q5NHA7_FRATT,0,0,0,0
tr|Q5NHA9|Q5NHA9_FRATT,1,0,0,0
tr|Q5NHB1|Q5NHB1_FRATT,0,0,0,0
tr|Q5NHB4|Q5NHB4_FRATT,0,0,0,0
tr|Q5NHB7|Q5NHB7_FRATT,1,0,0,0
tr|Q5NHC8|Q5NHC8_FRATT,0,0,0,0
tr|Q5NHC9|Q5NHC9_FRATT,0,0,0,0
tr|Q5NHD1|Q5NHD1_FRATT,0,0,0,0
tr|Q5NHD9|Q5NHD9_FRATT,0,0,0,0
tr|Q5NHE1|Q5NHE1_FRATT,0,0,0,0
tr|Q5NHE2|Q5NHE2_FRATT,0,0,0,0
tr|Q5NHG5|Q5NHG5_FRATT,1,0,1,1
tr|Q5NHG8|Q5NHG8_FRATT,0,0,0,0
tr|Q5NHH3|Q5NHH3_FRATT,0,0,0,0
tr|Q5NHH6|Q5NHH6_FRATT,0,0,0,0
tr|Q5NHI1|Q5NHI1_FRATT,0,0,0,0
tr|Q5NHI2|Q5NHI2_FRATT,1,1,1,1
tr|Q5NHI4|Q5NHI4_FRATT,1,0,0,0
sp|Q5NHI7|LPTD_FRATT,1,1,1,1
sp|Q5NHI8|SYR_FRATT,0,0,0,0
tr|Q5NHJ0|Q5NHJ0_FRATT,0,0,0,0
tr|Q5NHJ2|Q5NHJ2_FRATT,0,0,0,0
tr|Q5NHJ4|Q5NHJ4_FRATT,0,0,0,0
tr|Q5NHJ7|Q5NHJ7_FRATT,0,0,0,0
tr|Q5NHK6|Q5NHK6_FRATT,1,0,0,0
tr|Q5NHL1|Q5NHL1_FRATT,0,0,0,0
tr|Q5NHL5|Q5NHL5_FRATT,0,0,0,0
tr|Q5NHM0|Q5NHM0_FRATT,0,0,0,0
tr|Q5NHM3|Q5NHM3_FRATT,0,0,0,0
tr|Q5NHM9|Q5NHM9_FRATT,0,0,0,0
tr|Q5NHN0|Q5NHN0_FRATT,0,0,0,0
tr|Q5NHN1|Q5NHN1_FRATT,0,0,0,0
sp|Q5NHN2|GLGA_FRATT,0,0,0,0
tr|Q5NHN7|Q5NHN7_FRATT,1,0,1,1
sp|Q5NHN8|GCSPA_FRATT,0,0,0,0
tr|Q5NHN9|Q5NHN9_FRATT,1,0,1,1
sp|Q5NHP0|GCST_FRATT,1,0,0,0
sp|Q5NHP2|LOLD_FRATT,1,0,0,0
tr|Q5NHP4|Q5NHP4_FRATT,1,0,0,0
tr|Q5NHP5|Q5NHP5_FRATT,0,0,0,0
tr|Q5NHQ0|Q5NHQ0_FRATT,0,0,0,0
sp|Q5NHQ7|RS211_FRATT,0,0,0,0
tr|Q5NHR1|Q5NHR1_FRATT,0,0,0,0
tr|Q5NHR7|Q5NHR7_FRATT,1,0,1,1
tr|Q5NHS7|Q5NHS7_FRATT,1,0,0,0
tr|Q5NHS8|Q5NHS8_FRATT,0,0,0,0
sp|Q5NHS9|RL31_FRATT,0,1,0,0
tr|Q5NHT0|Q5NHT0_FRATT,0,0,0,0
sp|Q5NHT8|HTPG_FRATT,0,0,0,0
sp|Q5NHU2|RL17_FRATT,0,0,0,0
sp|Q5NHU4|RS4_FRATT,0,0,0,0
sp|Q5NHU5|RS11_FRATT,0,1,0,0
sp|Q5NHU6|RS13_FRATT,0,1,1,1
sp|Q5NHU7|RL36_FRATT,0,0,0,0
tr|Q5NHU8|Q5NHU8_FRATT,0,0,0,0
sp|Q5NHU9|RL15_FRATT,0,1,1,1
sp|Q5NHV0|RL30_FRATT,0,0,0,0
sp|Q5NHV1|RS5_FRATT,0,0,1,0
sp|Q5NHV2|RL18_FRATT,0,0,0,0
sp|Q5NHV3|RL6_FRATT,1,1,1,1
sp|Q5NHV4|RS8_FRATT,1,1,1,1
sp|Q5NHV5|RS14_FRATT,0,0,0,0
sp|Q5NHV6|RL5_FRATT,1,1,1,1
sp|Q5NHV7|RL24_FRATT,0,0,1,0
sp|Q5NHV8|RL14_FRATT,0,1,0,0
sp|Q5NHV9|RS17_FRATT,0,0,0,0
sp|Q5NHW0|RL29_FRATT,0,0,0,0
sp|Q5NHW1|RL16_FRATT,0,0,0,0
sp|Q5NHW2|RS3_FRATT,0,1,0,0
sp|Q5NHW3|RL22_FRATT,0,0,0,0
sp|Q5NHW4|RS19_FRATT,0,1,0,0
sp|Q5NHW5|RL2_FRATT,1,1,1,1
sp|Q5NHW6|RL23_FRATT,0,0,0,0
sp|Q5NHW7|RL4_FRATT,0,0,0,0
sp|Q5NHW8|RL3_FRATT,1,1,1,1
sp|Q5NHW9|RS10_FRATT,0,0,0,0
sp|Q5NHX0|EFG_FRATT,1,0,0,0
sp|Q5NHX1|RS7_FRATT,1,0,1,1
sp|Q5NHX2|RS12_FRATT,1,1,0,1
tr|Q5NHX3|Q5NHX3_FRATT,0,0,0,0
sp|Q5NHX4|DUT_FRATT,0,1,1,1
tr|Q5NHX5|Q5NHX5_FRATT,0,0,0,0
sp|Q5NHX7|RRF_FRATT,1,1,1,1
sp|Q5NHX9|EFTS_FRATT,1,0,0,0
tr|Q5NHY1|Q5NHY1_FRATT,0,0,0,0
tr|Q5NHZ0|Q5NHZ0_FRATT,0,0,0,0
tr|Q5NHZ7|Q5NHZ7_FRATT,0,0,0,0
sp|Q5NI06|LPXD1_FRATT,1,0,1,1
tr|Q5NI08|Q5NI08_FRATT,0,0,1,0
tr|Q5NI09|Q5NI09_FRATT,1,0,0,0
tr|Q5NI11|Q5NI11_FRATT,0,0,0,0
tr|Q5NI13|Q5NI13_FRATT,0,0,0,0
sp|Q5NI20|LOLB_FRATT,0,1,0,0
sp|Q5NI30|CRCB_FRATT,0,0,0,0
tr|Q5NI40|Q5NI40_FRATT,0,0,0,0
tr|Q5NI41|Q5NI41_FRATT,1,0,0,0
tr|Q5NI49|Q5NI49_FRATT,0,0,0,0
tr|Q5NI51|Q5NI51_FRATT,0,0,0,0
sp|Q5NI53|RL34_FRATT,0,0,0,0
sp|Q5NI56|YIDC_FRATT,0,0,0,0
sp|Q5NI60|EFP_FRATT,0,1,0,0
sp|Q5NI61|ORN_FRATT,1,0,0,0
tr|Q5NI79|Q5NI79_FRATT,0,0,0,0
tr|Q5NI83|Q5NI83_FRATT,0,0,0,0
tr|Q5NI85|Q5NI85_FRATT,1,0,0,0
tr|Q5NI86|Q5NI86_FRATT,0,0,0,0
tr|Q5NI90|Q5NI90_FRATT,1,0,0,0
tr|Q5NI91|Q5NI91_FRATT,0,0,0,0
tr|Q5NI94|Q5NI94_FRATT,0,0,0,0
tr|Q5NI97|Q5NI97_FRATT,1,0,1,1
tr|Q5NI98|Q5NI98_FRATT,0,0,0,0
sp|Q5NIA7|PRMC_FRATT,0,0,0,0
sp|Q5NIA8|RF1_FRATT,0,0,0,0
sp|Q5NIB1|BAMB_FRATT,1,1,1,1
tr|Q5NIB2|Q5NIB2_FRATT,0,0,0,0
sp|Q5NIB6|RPPH_FRATT,0,0,0,0
tr|Q5NIC2|Q5NIC2_FRATT,1,0,0,0
sp|Q5NIC3|RL19_FRATT,0,0,0,0
sp|Q5NIC4|TRMD_FRATT,1,0,0,0
sp|Q5NIC5|RIMM_FRATT,0,0,0,0
sp|Q5NIC6|RS16_FRATT,1,0,0,0
sp|Q5NID2|RPOB_FRATT,0,0,0,0
sp|Q5NID3|RL7_FRATT,1,1,1,1
sp|Q5NID4|RL10_FRATT,0,0,0,0
sp|Q5NID5|RL1_FRATT,1,1,1,1
sp|Q5NID6|RL11_FRATT,1,1,1,1
tr|Q5NID7|Q5NID7_FRATT,0,0,0,0
tr|Q5NID8|Q5NID8_FRATT,0,0,0,0
sp|Q5NID9|EFTU_FRATT,0,0,0,0
tr|Q5NIF1|Q5NIF1_FRATT,0,0,0,0
tr|Q5NIF2|Q5NIF2_FRATT,0,0,0,0
sp|Q5NIF4|RF3_FRATT,0,0,0,0
sp|Q5NIF5|KTHY_FRATT,0,0,0,0
tr|Q5NIF8|Q5NIF8_FRATT,0,0,0,0
tr|Q5NIG1|Q5NIG1_FRATT,0,0,0,0
sp|Q5NIG2|LPXK_FRATT,1,0,0,0
tr|Q5NIH6|Q5NIH6_FRATT,1,0,0,0
tr|Q5NII4|Q5NII4_FRATT,0,0,0,0
tr|Q5NII6|Q5NII6_FRATT,1,0,0,0
tr|Q5NIJ1|Q5NIJ1_FRATT,0,0,0,0
tr|Q5NIJ2|Q5NIJ2_FRATT,1,0,0,0
tr|Q5NIJ4|Q5NIJ4_FRATT,1,0,0,0
tr|Q5NIJ5|Q5NIJ5_FRATT,0,0,0,0
tr|Q5NIJ6|Q5NIJ6_FRATT,1,0,0,0
tr|Q5NIJ9|Q5NIJ9_FRATT,0,0,0,0
sp|Q5NIK2|ATPE_FRATT,1,1,0,1
sp|Q5NIK4|ATPG_FRATT,0,0,0,0
sp|Q5NIK6|ATPD_FRATT,0,0,0,0
sp|Q5NIK7|ATPF_FRATT,0,1,1,1
tr|Q5NIK9|Q5NIK9_FRATT,0,0,0,0
tr|Q5NIL2|Q5NIL2_FRATT,0,0,0,0
sp|Q5NIL5|SYH_FRATT,0,0,0,0
sp|Q5NIL6|RBFA_FRATT,0,0,0,0
sp|Q5NIL7|IF2_FRATT,0,0,0,0
tr|Q5NIL8|Q5NIL8_FRATT,0,0,0,0
sp|Q5NIL9|RIMP_FRATT,0,0,0,0
tr|Q5NIM1|Q5NIM1_FRATT,0,1,1,1
tr|Q5NIM3|Q5NIM3_FRATT,0,0,0,0
tr|Q5NIM6|Q5NIM6_FRATT,0,0,0,0
sp|Q5NIM8|NUOH_FRATT,0,0,0,0
tr|Q5NIM9|Q5NIM9_FRATT,0,0,0,0
tr|Q5NIN0|Q5NIN0_FRATT,0,0,1,0
tr|Q5NIN1|Q5NIN1_FRATT,0,0,0,0
sp|Q5NIN3|NUOC_FRATT,0,0,0,0
tr|Q5NIN6|Q5NIN6_FRATT,1,0,0,0
tr|Q5NIP0|Q5NIP0_FRATT,0,0,0,0
sp|Q5NIP5|GATB_FRATT,0,0,0,0
sp|Q5NIP6|GATA_FRATT,1,0,0,0
tr|Q5NIQ7|Q5NIQ7_FRATT,0,1,0,0
sp|Q5NIQ8|DNAA_FRATT,0,0,0,0
tr|Q5NE56|Q5NE56_FRATT,0,0,0,0
tr|Q5NE57|Q5NE57_FRATT,0,0,0,0
tr|Q5NE59|Q5NE59_FRATT,0,0,0,0
tr|Q5NE60|Q5NE60_FRATT,0,0,1,0
tr|Q5NE62|Q5NE62_FRATT,0,0,1,0
tr|Q5NE64|Q5NE64_FRATT,0,1,1,1
tr|Q5NE66|Q5NE66_FRATT,1,1,1,1
tr|Q5NE67|Q5NE67_FRATT,0,0,0,0
tr|Q5NE68|Q5NE68_FRATT,1,0,0,0
tr|Q5NE69|Q5NE69_FRATT,0,0,0,0
tr|Q5NE70|Q5NE70_FRATT,0,0,0,0
tr|Q5NE71|Q5NE71_FRATT,1,0,0,0
tr|Q5NE73|Q5NE73_FRATT,0,1,1,1
tr|Q5NE75|Q5NE75_FRATT,1,0,1,1
tr|Q5NE76|Q5NE76_FRATT,0,0,0,0
tr|Q5NE77|Q5NE77_FRATT,1,0,0,0
tr|Q5NE78|Q5NE78_FRATT,0,0,0,0
tr|Q5NE81|Q5NE81_FRATT,1,0,0,0
tr|Q5NE83|Q5NE83_FRATT,1,1,1,1
tr|Q5NE85|Q5NE85_FRATT,0,0,0,0
tr|Q5NE86|Q5NE86_FRATT,0,0,0,0
tr|Q5NE87|Q5NE87_FRATT,0,0,0,0
tr|Q5NE88|Q5NE88_FRATT,1,0,0,0
tr|Q5NE89|Q5NE89_FRATT,0,0,0,0
tr|Q5NE90|Q5NE90_FRATT,0,0,1,0
tr|Q5NE92|Q5NE92_FRATT,1,0,0,0
tr|Q5NE97|Q5NE97_FRATT,0,0,0,0
tr|Q5NEA0|Q5NEA0_FRATT,0,0,0,0
tr|Q5NEA1|Q5NEA1_FRATT,1,1,1,1
tr|Q5NEA2|Q5NEA2_FRATT,0,0,0,0
tr|Q5NEA8|Q5NEA8_FRATT,1,1,1,1
tr|Q5NEA9|Q5NEA9_FRATT,0,0,0,0
tr|Q5NEB1|Q5NEB1_FRATT,0,0,0,0
tr|Q5NEB2|Q5NEB2_FRATT,0,0,0,0
tr|Q5NEB4|Q5NEB4_FRATT,0,0,0,0
tr|Q5NEB5|Q5NEB5_FRATT,0,0,0,0
tr|Q5NEB6|Q5NEB6_FRATT,0,0,0,0
tr|Q5NEB7|Q5NEB7_FRATT,0,0,0,0
tr|Q5NEC2|Q5NEC2_FRATT,0,1,0,0
tr|Q5NEC3|Q5NEC3_FRATT,0,0,1,0
tr|Q5NEC4|Q5NEC4_FRATT,0,0,0,0
tr|Q5NEC5|Q5NEC5_FRATT,1,1,1,1
tr|Q5NEC6|Q5NEC6_FRATT,0,0,0,0
tr|Q5NEC7|Q5NEC7_FRATT,0,0,0,0
tr|Q5NEC8|Q5NEC8_FRATT,0,0,0,0
tr|Q5NED0|Q5NED0_FRATT,0,0,0,0
tr|Q5NED1|Q5NED1_FRATT,0,0,0,0
tr|Q5NED2|Q5NED2_FRATT,1,0,0,0
tr|Q5NED3|Q5NED3_FRATT,1,1,1,1
tr|Q5NED4|Q5NED4_FRATT,0,0,0,0
tr|Q5NED5|Q5NED5_FRATT,0,1,0,0
tr|Q5NED6|Q5NED6_FRATT,1,1,0,1
tr|Q5NED7|Q5NED7_FRATT,0,0,0,0
tr|Q5NED8|Q5NED8_FRATT,0,1,0,0
tr|Q5NED9|Q5NED9_FRATT,0,0,0,0
tr|Q5NEE3|Q5NEE3_FRATT,0,0,0,0
sp|Q5NEE4|Y1693_FRATT,0,0,0,0
tr|Q5NEE6|Q5NEE6_FRATT,1,1,0,1
tr|Q5NEE7|Q5NEE7_FRATT,1,0,0,0
tr|Q5NEE8|Q5NEE8_FRATT,0,0,0,0
tr|Q5NEE9|Q5NEE9_FRATT,0,0,0,0
tr|Q5NEF1|Q5NEF1_FRATT,0,0,0,0
tr|Q5NEF2|Q5NEF2_FRATT,0,0,1,0
tr|Q5NEF3|Q5NEF3_FRATT,0,0,0,0
tr|Q5NEF4|Q5NEF4_FRATT,1,0,0,0
tr|Q5NEF5|Q5NEF5_FRATT,0,0,1,0
tr|Q5NEG0|Q5NEG0_FRATT,0,1,0,0
tr|Q5NEG4|Q5NEG4_FRATT,1,0,0,0
tr|Q5NEG6|Q5NEG6_FRATT,0,0,0,0
tr|Q5NEG7|Q5NEG7_FRATT,0,0,0,0
tr|Q5NEG8|Q5NEG8_FRATT,0,0,0,0
tr|Q5NEG9|Q5NEG9_FRATT,0,0,0,0
tr|Q5NEH4|Q5NEH4_FRATT,0,0,0,0
tr|Q5NEH5|Q5NEH5_FRATT,0,0,0,0
tr|Q5NEH6|Q5NEH6_FRATT,0,0,1,0
tr|Q5NEH7|Q5NEH7_FRATT,0,0,1,0
tr|Q5NEH8|Q5NEH8_FRATT,0,0,0,0
tr|Q5NEH9|Q5NEH9_FRATT,0,0,0,0
tr|Q5NEI0|Q5NEI0_FRATT,0,0,0,0
tr|Q5NEI1|Q5NEI1_FRATT,0,0,0,0
tr|Q5NEI2|Q5NEI2_FRATT,0,0,0,0
tr|Q5NEI3|Q5NEI3_FRATT,1,1,1,1
tr|Q5NEI4|Q5NEI4_FRATT,0,0,0,0
tr|Q5NEI6|Q5NEI6_FRATT,0,1,0,0
tr|Q5NEI7|Q5NEI7_FRATT,0,0,0,0
tr|Q5NEI8|Q5NEI8_FRATT,0,0,0,0
tr|Q5NEI9|Q5NEI9_FRATT,0,1,0,0
tr|Q5NEJ0|Q5NEJ0_FRATT,1,0,0,0
tr|Q5NEJ2|Q5NEJ2_FRATT,1,0,0,0
tr|Q5NEJ5|Q5NEJ5_FRATT,0,0,0,0
tr|Q5NEJ6|Q5NEJ6_FRATT,0,0,0,0
tr|Q5NEJ7|Q5NEJ7_FRATT,0,0,0,0
tr|Q5NEK0|Q5NEK0_FRATT,0,0,0,0
tr|Q5NEK1|Q5NEK1_FRATT,0,0,0,0
tr|Q5NEK2|Q5NEK2_FRATT,0,0,0,0
tr|Q5NEK3|Q5NEK3_FRATT,0,1,0,0
tr|Q5NEK4|Q5NEK4_FRATT,0,1,0,0
tr|Q5NEK5|Q5NEK5_FRATT,0,0,0,0
tr|Q5NEK6|Q5NEK6_FRATT,0,1,1,1
tr|Q5NEK7|Q5NEK7_FRATT,0,0,0,0
tr|Q5NEK8|Q5NEK8_FRATT,1,0,1,1
tr|Q5NEL3|Q5NEL3_FRATT,1,1,0,1
tr|Q5NEL4|Q5NEL4_FRATT,0,0,0,0
tr|Q5NEL5|Q5NEL5_FRATT,0,0,0,0
tr|Q5NEL6|Q5NEL6_FRATT,0,0,0,0
tr|Q5NEL8|Q5NEL8_FRATT,0,0,0,0
tr|Q5NEM4|Q5NEM4_FRATT,1,1,1,1
tr|Q5NEM8|Q5NEM8_FRATT,1,1,1,1
tr|Q5NEM9|Q5NEM9_FRATT,0,0,0,0
tr|Q5NEN0|Q5NEN0_FRATT,0,0,0,0
tr|Q5NEN1|Q5NEN1_FRATT,0,0,0,0
tr|Q5NEN2|Q5NEN2_FRATT,0,0,0,0
tr|Q5NEN3|Q5NEN3_FRATT,1,1,1,1
tr|Q5NEN5|Q5NEN5_FRATT,0,0,0,0
tr|Q5NEN6|Q5NEN6_FRATT,0,0,1,0
tr|Q5NEN7|Q5NEN7_FRATT,0,0,0,0
tr|Q5NEN9|Q5NEN9_FRATT,0,0,0,0
tr|Q5NEP0|Q5NEP0_FRATT,0,0,0,0
tr|Q5NEP1|Q5NEP1_FRATT,0,0,0,0
tr|Q5NEP3|Q5NEP3_FRATT,0,1,1,1
tr|Q5NEP4|Q5NEP4_FRATT,1,0,0,0
tr|Q5NEP8|Q5NEP8_FRATT,0,0,0,0
tr|Q5NEQ1|Q5NEQ1_FRATT,1,0,1,1
tr|Q5NEQ3|Q5NEQ3_FRATT,1,0,0,0
tr|Q5NEQ4|Q5NEQ4_FRATT,0,0,0,0
tr|Q5NEQ7|Q5NEQ7_FRATT,0,0,0,0
tr|Q5NER1|Q5NER1_FRATT,0,0,0,0
tr|Q5NER6|Q5NER6_FRATT,1,0,0,0
tr|Q5NER7|Q5NER7_FRATT,0,0,0,0
tr|Q5NER8|Q5NER8_FRATT,1,1,1,1
tr|Q5NER9|Q5NER9_FRATT,0,0,0,0
tr|Q5NES1|Q5NES1_FRATT,0,0,0,0
tr|Q5NES2|Q5NES2_FRATT,1,1,1,1
tr|Q5NES3|Q5NES3_FRATT,0,0,0,0
tr|Q5NES4|Q5NES4_FRATT,0,0,0,0
tr|Q5NES5|Q5NES5_FRATT,1,1,1,1
tr|Q5NES6|Q5NES6_FRATT,0,1,1,1
tr|Q5NES7|Q5NES7_FRATT,0,0,0,0
tr|Q5NES8|Q5NES8_FRATT,0,0,0,0
tr|Q5NES9|Q5NES9_FRATT,0,0,0,0
tr|Q5NET0|Q5NET0_FRATT,1,0,0,0
tr|Q5NET1|Q5NET1_FRATT,0,0,0,0
tr|Q5NET4|Q5NET4_FRATT,0,0,0,0
tr|Q5NET5|Q5NET5_FRATT,0,0,0,0
tr|Q5NET7|Q5NET7_FRATT,0,0,0,0
tr|Q5NET8|Q5NET8_FRATT,0,0,0,0
tr|Q5NEU0|Q5NEU0_FRATT,1,1,1,1
tr|Q5NEU1|Q5NEU1_FRATT,0,0,0,0
tr|Q5NEU2|Q5NEU2_FRATT,0,0,1,0
tr|Q5NEU3|Q5NEU3_FRATT,0,0,0,0
tr|Q5NEU4|Q5NEU4_FRATT,1,0,0,0
tr|Q5NEU5|Q5NEU5_FRATT,0,0,0,0
tr|Q5NEU6|Q5NEU6_FRATT,1,1,1,1
tr|Q5NEU7|Q5NEU7_FRATT,0,0,0,0
tr|Q5NEU8|Q5NEU8_FRATT,0,0,0,0
tr|Q5NEU9|Q5NEU9_FRATT,1,1,0,1
tr|Q5NEV0|Q5NEV0_FRATT,0,0,0,0
tr|Q5NEV1|Q5NEV1_FRATT,0,1,1,1
tr|Q5NEV2|Q5NEV2_FRATT,1,0,0,0
tr|Q5NEV3|Q5NEV3_FRATT,0,0,0,0
tr|Q5NEV6|Q5NEV6_FRATT,0,0,0,0
tr|Q5NEW0|Q5NEW0_FRATT,1,0,0,0
tr|Q5NEW1|Q5NEW1_FRATT,1,0,0,0
tr|Q5NEW2|Q5NEW2_FRATT,0,0,0,0
tr|Q5NEW4|Q5NEW4_FRATT,0,0,0,0
tr|Q5NEW5|Q5NEW5_FRATT,0,0,0,0
tr|Q5NEW6|Q5NEW6_FRATT,0,0,0,0
tr|Q5NEW7|Q5NEW7_FRATT,0,0,0,0
tr|Q5NEW8|Q5NEW8_FRATT,0,0,0,0
tr|Q5NEX1|Q5NEX1_FRATT,0,0,0,0
tr|Q5NEX6|Q5NEX6_FRATT,0,0,0,0
sp|Q5NEX7|Y1479_FRATT,0,0,0,0
tr|Q5NEX9|Q5NEX9_FRATT,0,0,0,0
tr|Q5NEY2|Q5NEY2_FRATT,0,0,0,0
tr|Q5NEY3|Q5NEY3_FRATT,0,0,0,0
tr|Q5NEY4|Q5NEY4_FRATT,1,1,1,1
tr|Q5NEZ1|Q5NEZ1_FRATT,0,0,0,0
tr|Q5NEZ2|Q5NEZ2_FRATT,0,0,0,0
tr|Q5NEZ3|Q5NEZ3_FRATT,0,1,0,0
tr|Q5NEZ4|Q5NEZ4_FRATT,0,0,0,0
tr|Q5NEZ5|Q5NEZ5_FRATT,0,0,0,0
tr|Q5NEZ6|Q5NEZ6_FRATT,1,1,1,1
tr|Q5NEZ7|Q5NEZ7_FRATT,0,0,0,0
tr|Q5NEZ8|Q5NEZ8_FRATT,0,0,0,0
tr|Q5NF00|Q5NF00_FRATT,0,0,0,0
tr|Q5NF01|Q5NF01_FRATT,0,0,0,0
tr|Q5NF02|Q5NF02_FRATT,0,0,0,0
tr|Q5NF03|Q5NF03_FRATT,1,1,0,1
tr|Q5NF07|Q5NF07_FRATT,0,0,0,0
tr|Q5NF09|Q5NF09_FRATT,0,0,0,0
tr|Q5NF10|Q5NF10_FRATT,0,0,0,0
tr|Q5NF11|Q5NF11_FRATT,0,0,0,0
tr|Q5NF13|Q5NF13_FRATT,0,0,0,0
tr|Q5NF14|Q5NF14_FRATT,0,0,0,0
tr|Q5NF16|Q5NF16_FRATT,0,0,0,0
tr|Q5NF18|Q5NF18_FRATT,0,0,0,0
tr|Q5NF20|Q5NF20_FRATT,0,0,0,0
tr|Q5NF21|Q5NF21_FRATT,1,0,0,0
tr|Q5NF23|Q5NF23_FRATT,0,0,0,0
tr|Q5NF24|Q5NF24_FRATT,0,0,0,0
tr|Q5NF25|Q5NF25_FRATT,1,0,0,0
tr|Q5NF26|Q5NF26_FRATT,1,0,1,1
tr|Q5NF27|Q5NF27_FRATT,1,0,1,1
tr|Q5NF28|Q5NF28_FRATT,0,0,0,0
tr|Q5NF29|Q5NF29_FRATT,1,1,1,1
tr|Q5NF30|Q5NF30_FRATT,1,1,1,1
tr|Q5NF32|Q5NF32_FRATT,1,0,0,0
tr|Q5NF33|Q5NF33_FRATT,0,1,0,0
tr|Q5NF34|Q5NF34_FRATT,0,1,0,0
tr|Q5NF35|Q5NF35_FRATT,0,1,1,1
tr|Q5NF36|Q5NF36_FRATT,0,0,0,0
tr|Q5NF38|Q5NF38_FRATT,0,0,0,0
tr|Q5NF39|Q5NF39_FRATT,1,0,1,1
tr|Q5NF40|Q5NF40_FRATT,0,0,0,0
tr|Q5NF41|Q5NF41_FRATT,0,1,0,0
tr|Q5NF42|Q5NF42_FRATT,0,0,0,0
tr|Q5NF44|Q5NF44_FRATT,0,0,0,0
tr|Q5NF45|Q5NF45_FRATT,0,0,1,0
tr|Q5NF46|Q5NF46_FRATT,1,1,1,1
tr|Q5NF47|Q5NF47_FRATT,0,1,1,1
tr|Q5NF48|Q5NF48_FRATT,1,0,0,0
tr|Q5NF49|Q5NF49_FRATT,0,0,0,0
tr|Q5NF51|Q5NF51_FRATT,0,0,0,0
tr|Q5NF52|Q5NF52_FRATT,0,0,0,0
tr|Q5NF59|Q5NF59_FRATT,0,0,0,0
tr|Q5NF62|Q5NF62_FRATT,1,0,0,0
tr|Q5NF63|Q5NF63_FRATT,0,0,0,0
tr|Q5NF73|Q5NF73_FRATT,0,0,1,0
tr|Q5NF87|Q5NF87_FRATT,0,0,0,0
tr|Q5NF97|Q5NF97_FRATT,1,1,0,1
tr|Q5NF98|Q5NF98_FRATT,0,0,0,0
tr|Q5NF99|Q5NF99_FRATT,0,0,0,0
tr|Q5NFA1|Q5NFA1_FRATT,0,0,0,0
tr|Q5NFA2|Q5NFA2_FRATT,0,0,1,0
tr|Q5NFA3|Q5NFA3_FRATT,0,0,0,0
tr|Q5NFA5|Q5NFA5_FRATT,0,0,0,0
tr|Q5NFA6|Q5NFA6_FRATT,0,1,1,1
tr|Q5NFA7|Q5NFA7_FRATT,0,0,1,0
tr|Q5NFA8|Q5NFA8_FRATT,0,0,0,0
tr|Q5NFA9|Q5NFA9_FRATT,1,1,0,1
tr|Q5NFB3|Q5NFB3_FRATT,0,0,0,0
tr|Q5NFB4|Q5NFB4_FRATT,0,0,0,0
tr|Q5NFB5|Q5NFB5_FRATT,0,0,0,0
tr|Q5NFB7|Q5NFB7_FRATT,0,1,0,0
tr|Q5NFB8|Q5NFB8_FRATT,0,0,0,0
tr|Q5NFC5|Q5NFC5_FRATT,1,1,1,1
tr|Q5NFC8|Q5NFC8_FRATT,0,0,0,0
tr|Q5NFD0|Q5NFD0_FRATT,1,0,1,1
tr|Q5NFD1|Q5NFD1_FRATT,1,1,1,1
tr|Q5NFD3|Q5NFD3_FRATT,0,0,0,0
tr|Q5NFD5|Q5NFD5_FRATT,0,0,0,0
tr|Q5NFD6|Q5NFD6_FRATT,0,0,0,0
tr|Q5NFD7|Q5NFD7_FRATT,1,0,1,1
tr|Q5NFD8|Q5NFD8_FRATT,0,0,0,0
tr|Q5NFE0|Q5NFE0_FRATT,0,0,0,0
tr|Q5NFE2|Q5NFE2_FRATT,0,0,0,0
tr|Q5NFE4|Q5NFE4_FRATT,0,0,0,0
tr|Q5NFE5|Q5NFE5_FRATT,0,0,0,0
tr|Q5NFE6|Q5NFE6_FRATT,0,0,0,0
tr|Q5NFE9|Q5NFE9_FRATT,0,0,0,0
tr|Q5NFF0|Q5NFF0_FRATT,0,0,0,0
tr|Q5NFF1|Q5NFF1_FRATT,0,0,0,0
tr|Q5NFF2|Q5NFF2_FRATT,1,0,1,1
tr|Q5NFF4|Q5NFF4_FRATT,0,0,0,0
tr|Q5NFF5|Q5NFF5_FRATT,0,0,1,0
tr|Q5NFF6|Q5NFF6_FRATT,1,0,0,0
tr|Q5NFF9|Q5NFF9_FRATT,0,0,0,0
tr|Q5NFG0|Q5NFG0_FRATT,1,0,1,1
tr|Q5NFG1|Q5NFG1_FRATT,0,0,0,0
tr|Q5NFG2|Q5NFG2_FRATT,1,1,1,1
tr|Q5NFG4|Q5NFG4_FRATT,0,0,0,0
tr|Q5NFG9|Q5NFG9_FRATT,0,0,0,0
tr|Q5NFH0|Q5NFH0_FRATT,1,1,1,1
tr|Q5NFH4|Q5NFH4_FRATT,1,0,0,0
tr|Q5NFH6|Q5NFH6_FRATT,0,0,0,0
tr|Q5NFH7|Q5NFH7_FRATT,1,1,1,1
tr|Q5NFH8|Q5NFH8_FRATT,0,0,0,0
tr|Q5NFH9|Q5NFH9_FRATT,0,0,1,0
tr|Q5NFI0|Q5NFI0_FRATT,1,1,0,1
tr|Q5NFI1|Q5NFI1_FRATT,0,0,0,0
tr|Q5NFI3|Q5NFI3_FRATT,0,0,0,0
tr|Q5NFI4|Q5NFI4_FRATT,1,1,0,1
tr|Q5NFI5|Q5NFI5_FRATT,0,1,1,1
tr|Q5NFI6|Q5NFI6_FRATT,0,0,0,0
tr|Q5NFI8|Q5NFI8_FRATT,0,0,0,0
tr|Q5NFJ1|Q5NFJ1_FRATT,1,1,0,1
tr|Q5NFJ2|Q5NFJ2_FRATT,0,1,0,0
tr|Q5NFJ4|Q5NFJ4_FRATT,0,0,0,0
tr|Q5NFJ5|Q5NFJ5_FRATT,1,0,0,0
tr|Q5NFJ6|Q5NFJ6_FRATT,0,0,0,0
tr|Q5NFJ7|Q5NFJ7_FRATT,0,1,0,0
tr|Q5NFJ8|Q5NFJ8_FRATT,0,0,0,0
tr|Q5NFJ9|Q5NFJ9_FRATT,0,0,0,0
tr|Q5NFK0|Q5NFK0_FRATT,0,1,1,1
tr|Q5NFK1|Q5NFK1_FRATT,0,0,0,0
tr|Q5NFK9|Q5NFK9_FRATT,0,0,0,0
tr|Q5NFL1|Q5NFL1_FRATT,0,0,0,0
tr|Q5NFL2|Q5NFL2_FRATT,0,0,0,0
tr|Q5NFL3|Q5NFL3_FRATT,0,0,0,0
tr|Q5NFL5|Q5NFL5_FRATT,0,0,0,0
tr|Q5NFL6|Q5NFL6_FRATT,0,0,0,0
tr|Q5NFL7|Q5NFL7_FRATT,0,0,0,0
tr|Q5NFL8|Q5NFL8_FRATT,1,0,0,0
tr|Q5NFM0|Q5NFM0_FRATT,0,0,0,0
tr|Q5NFM1|Q5NFM1_FRATT,0,0,0,0
tr|Q5NFM3|Q5NFM3_FRATT,0,0,0,0
tr|Q5NFM6|Q5NFM6_FRATT,0,0,0,0
tr|Q5NFM7|Q5NFM7_FRATT,0,0,0,0
tr|Q5NFM9|Q5NFM9_FRATT,0,0,0,0
tr|Q5NFN0|Q5NFN0_FRATT,0,0,0,0
tr|Q5NFN1|Q5NFN1_FRATT,1,0,0,0
tr|Q5NFN2|Q5NFN2_FRATT,0,0,0,0
tr|Q5NFN5|Q5NFN5_FRATT,0,0,0,0
tr|Q5NFN7|Q5NFN7_FRATT,0,0,0,0
tr|Q5NFN8|Q5NFN8_FRATT,0,0,0,0
tr|Q5NFN9|Q5NFN9_FRATT,1,0,0,0
tr|Q5NFP0|Q5NFP0_FRATT,1,1,0,1
tr|Q5NFP2|Q5NFP2_FRATT,0,0,0,0
tr|Q5NFP5|Q5NFP5_FRATT,1,0,0,0
tr|Q5NFP6|Q5NFP6_FRATT,0,0,0,0
tr|Q5NFP7|Q5NFP7_FRATT,0,0,0,0
tr|Q5NFQ0|Q5NFQ0_FRATT,0,0,0,0
tr|Q5NFQ1|Q5NFQ1_FRATT,0,0,0,0
tr|Q5NFQ2|Q5NFQ2_FRATT,0,0,1,0
tr|Q5NFQ3|Q5NFQ3_FRATT,0,0,0,0
tr|Q5NFQ4|Q5NFQ4_FRATT,1,0,0,0
tr|Q5NFQ6|Q5NFQ6_FRATT,0,0,0,0
tr|Q5NFQ9|Q5NFQ9_FRATT,0,0,0,0
tr|Q5NFR0|Q5NFR0_FRATT,1,0,1,1
tr|Q5NFR3|Q5NFR3_FRATT,0,0,1,0
tr|Q5NFR5|Q5NFR5_FRATT,0,0,0,0
tr|Q5NFR6|Q5NFR6_FRATT,0,0,0,0
tr|Q5NFR7|Q5NFR7_FRATT,0,0,0,0
tr|Q5NFR8|Q5NFR8_FRATT,0,0,0,0
tr|Q5NFR9|Q5NFR9_FRATT,1,0,0,0
tr|Q5NFS2|Q5NFS2_FRATT,1,0,0,0
tr|Q5NFS3|Q5NFS3_FRATT,0,0,0,0
sp|Q5NFS4|SDHE_FRATT,0,0,0,0
tr|Q5NFS6|Q5NFS6_FRATT,0,0,0,0
tr|Q5NFS7|Q5NFS7_FRATT,0,0,0,0
tr|Q5NFS9|Q5NFS9_FRATT,0,0,0,0
tr|Q5NFT0|Q5NFT0_FRATT,0,0,0,0
tr|Q5NFT2|Q5NFT2_FRATT,1,1,1,1
tr|Q5NFT4|Q5NFT4_FRATT,1,1,1,1
tr|Q5NFT5|Q5NFT5_FRATT,0,0,0,0
tr|Q5NFT6|Q5NFT6_FRATT,0,0,0,0
tr|Q5NFT7|Q5NFT7_FRATT,0,0,0,0
tr|Q5NFT8|Q5NFT8_FRATT,0,0,0,0
tr|Q5NFU0|Q5NFU0_FRATT,0,0,0,0
tr|Q5NFU2|Q5NFU2_FRATT,0,1,0,0
tr|Q5NFU3|Q5NFU3_FRATT,0,0,0,0
tr|Q5NFU4|Q5NFU4_FRATT,0,0,0,0
tr|Q5NFU7|Q5NFU7_FRATT,0,1,1,1
tr|Q5NFU9|Q5NFU9_FRATT,0,0,0,0
tr|Q5NFV0|Q5NFV0_FRATT,0,0,0,0
tr|Q5NFV1|Q5NFV1_FRATT,0,0,0,0
tr|Q5NFV5|Q5NFV5_FRATT,0,0,0,0
tr|Q5NFV7|Q5NFV7_FRATT,0,0,0,0
tr|Q5NFV8|Q5NFV8_FRATT,0,0,0,0
tr|Q5NFV9|Q5NFV9_FRATT,1,0,0,0
tr|Q5NFW0|Q5NFW0_FRATT,0,0,0,0
tr|Q5NFW1|Q5NFW1_FRATT,0,0,0,0
tr|Q5NFW3|Q5NFW3_FRATT,1,1,1,1
tr|Q5NFW5|Q5NFW5_FRATT,0,0,0,0
tr|Q5NFW6|Q5NFW6_FRATT,0,0,0,0
tr|Q5NFW8|Q5NFW8_FRATT,0,0,0,0
tr|Q5NFW9|Q5NFW9_FRATT,0,0,0,0
tr|Q5NFX1|Q5NFX1_FRATT,0,1,1,1
tr|Q5NFX2|Q5NFX2_FRATT,0,0,0,0
tr|Q5NFX4|Q5NFX4_FRATT,0,0,0,0
tr|Q5NFX5|Q5NFX5_FRATT,0,0,0,0
tr|Q5NFX7|Q5NFX7_FRATT,0,0,0,0
tr|Q5NFX9|Q5NFX9_FRATT,0,0,0,0
tr|Q5NFY0|Q5NFY0_FRATT,0,0,0,0
tr|Q5NFY1|Q5NFY1_FRATT,0,1,0,0
tr|Q5NFY2|Q5NFY2_FRATT,1,1,0,1
tr|Q5NFY3|Q5NFY3_FRATT,0,0,0,0
tr|Q5NFY4|Q5NFY4_FRATT,0,0,1,0
tr|Q5NFY5|Q5NFY5_FRATT,1,1,1,1
tr|Q5NFY6|Q5NFY6_FRATT,0,0,0,0
tr|Q5NFY7|Q5NFY7_FRATT,1,0,0,0
tr|Q5NFY8|Q5NFY8_FRATT,1,0,0,0
tr|Q5NFZ0|Q5NFZ0_FRATT,0,0,0,0
tr|Q5NFZ1|Q5NFZ1_FRATT,0,0,0,0
tr|Q5NFZ2|Q5NFZ2_FRATT,0,0,0,0
tr|Q5NFZ3|Q5NFZ3_FRATT,0,0,0,0
tr|Q5NFZ4|Q5NFZ4_FRATT,1,0,0,0
tr|Q5NFZ5|Q5NFZ5_FRATT,0,0,0,0
tr|Q5NFZ7|Q5NFZ7_FRATT,0,0,0,0
tr|Q5NG04|Q5NG04_FRATT,0,0,0,0
tr|Q5NG06|Q5NG06_FRATT,0,0,0,0
tr|Q5NG07|Q5NG07_FRATT,0,0,0,0
tr|Q5NG08|Q5NG08_FRATT,1,0,1,1
tr|Q5NG09|Q5NG09_FRATT,1,1,1,1
tr|Q5NG11|Q5NG11_FRATT,0,0,0,0
tr|Q5NG12|Q5NG12_FRATT,1,0,0,0
tr|Q5NG13|Q5NG13_FRATT,0,0,0,0
tr|Q5NG14|Q5NG14_FRATT,1,0,0,0
tr|Q5NG15|Q5NG15_FRATT,0,0,0,0
tr|Q5NG18|Q5NG18_FRATT,0,0,0,0
tr|Q5NG19|Q5NG19_FRATT,1,1,0,1
tr|Q5NG20|Q5NG20_FRATT,1,1,1,1
tr|Q5NG22|Q5NG22_FRATT,0,0,0,0
tr|Q5NG25|Q5NG25_FRATT,0,0,0,0
tr|Q5NG27|Q5NG27_FRATT,0,0,0,0
tr|Q5NG31|Q5NG31_FRATT,1,1,1,1
tr|Q5NG32|Q5NG32_FRATT,1,1,1,1
tr|Q5NG34|Q5NG34_FRATT,1,1,0,1
tr|Q5NG35|Q5NG35_FRATT,0,0,0,0
tr|Q5NG37|Q5NG37_FRATT,0,0,0,0
tr|Q5NG40|Q5NG40_FRATT,0,0,0,0
tr|Q5NG41|Q5NG41_FRATT,1,0,0,0
tr|Q5NG42|Q5NG42_FRATT,0,0,0,0
tr|Q5NG43|Q5NG43_FRATT,0,0,0,0
tr|Q5NG45|Q5NG45_FRATT,0,0,1,0
tr|Q5NG46|Q5NG46_FRATT,0,0,1,0
tr|Q5NG47|Q5NG47_FRATT,0,0,0,0
tr|Q5NG48|Q5NG48_FRATT,0,0,1,0
tr|Q5NG49|Q5NG49_FRATT,0,1,0,0
tr|Q5NG50|Q5NG50_FRATT,0,0,0,0
tr|Q5NG51|Q5NG51_FRATT,0,0,0,0
tr|Q5NG52|Q5NG52_FRATT,0,0,0,0
tr|Q5NG55|Q5NG55_FRATT,0,0,1,0
tr|Q5NG56|Q5NG56_FRATT,0,0,0,0
tr|Q5NG57|Q5NG57_FRATT,1,0,0,0
tr|Q5NG58|Q5NG58_FRATT,0,0,0,0
tr|Q5NG59|Q5NG59_FRATT,0,0,0,0
tr|Q5NG62|Q5NG62_FRATT,0,0,0,0
tr|Q5NG65|Q5NG65_FRATT,0,0,0,0
tr|Q5NG66|Q5NG66_FRATT,1,1,0,1
tr|Q5NG67|Q5NG67_FRATT,1,0,0,0
sp|Q5NG69|Y985_FRATT,0,0,1,0
tr|Q5NG70|Q5NG70_FRATT,0,0,0,0
tr|Q5NG71|Q5NG71_FRATT,0,0,1,0
tr|Q5NG72|Q5NG72_FRATT,1,0,0,0
tr|Q5NG73|Q5NG73_FRATT,0,1,0,0
tr|Q5NG74|Q5NG74_FRATT,0,0,0,0
tr|Q5NG75|Q5NG75_FRATT,0,0,0,0
tr|Q5NG76|Q5NG76_FRATT,1,0,0,0
tr|Q5NG77|Q5NG77_FRATT,0,0,0,0
tr|Q5NG78|Q5NG78_FRATT,0,0,0,0
tr|Q5NG79|Q5NG79_FRATT,1,1,1,1
tr|Q5NG80|Q5NG80_FRATT,0,0,0,0
tr|Q5NG81|Q5NG81_FRATT,0,0,0,0
tr|Q5NG82|Q5NG82_FRATT,0,0,0,0
tr|Q5NG83|Q5NG83_FRATT,0,0,0,0
tr|Q5NG84|Q5NG84_FRATT,0,0,0,0
tr|Q5NG85|Q5NG85_FRATT,0,0,0,0
tr|Q5NG87|Q5NG87_FRATT,1,0,0,0
tr|Q5NG90|Q5NG90_FRATT,1,1,1,1
tr|Q5NG91|Q5NG91_FRATT,0,0,0,0
tr|Q5NG92|Q5NG92_FRATT,0,0,0,0
tr|Q5NG93|Q5NG93_FRATT,1,0,0,0
tr|Q5NG94|Q5NG94_FRATT,0,0,0,0
tr|Q5NG95|Q5NG95_FRATT,0,0,0,0
tr|Q5NG96|Q5NG96_FRATT,0,0,1,0
sp|Q5NG98|Y954_FRATT,1,1,1,1
tr|Q5NG99|Q5NG99_FRATT,0,0,0,0
tr|Q5NGA2|Q5NGA2_FRATT,0,0,0,0
tr|Q5NGA3|Q5NGA3_FRATT,0,0,0,0
tr|Q5NGA4|Q5NGA4_FRATT,0,0,0,0
tr|Q5NGA5|Q5NGA5_FRATT,0,0,0,0
tr|Q5NGA6|Q5NGA6_FRATT,1,1,0,1
tr|Q5NGA8|Q5NGA8_FRATT,0,0,0,0
tr|Q5NGA9|Q5NGA9_FRATT,0,1,0,0
tr|Q5NGB3|Q5NGB3_FRATT,0,0,0,0
tr|Q5NGB4|Q5NGB4_FRATT,0,0,0,0
tr|Q5NGB6|Q5NGB6_FRATT,0,0,1,0
tr|Q5NGB7|Q5NGB7_FRATT,0,0,0,0
tr|Q5NGB8|Q5NGB8_FRATT,0,0,0,0
tr|Q5NGC2|Q5NGC2_FRATT,1,1,0,1
tr|Q5NGC4|Q5NGC4_FRATT,0,0,0,0
tr|Q5NGC6|Q5NGC6_FRATT,1,1,1,1
tr|Q5NGC7|Q5NGC7_FRATT,1,1,1,1
tr|Q5NGD2|Q5NGD2_FRATT,1,0,0,0
tr|Q5NGD4|Q5NGD4_FRATT,0,0,0,0
tr|Q5NGD5|Q5NGD5_FRATT,0,0,0,0
tr|Q5NGD6|Q5NGD6_FRATT,0,0,0,0
tr|Q5NGD7|Q5NGD7_FRATT,1,0,0,0
tr|Q5NGD8|Q5NGD8_FRATT,0,0,0,0
tr|Q5NGE0|Q5NGE0_FRATT,0,0,0,0
tr|Q5NGE1|Q5NGE1_FRATT,1,1,1,1
tr|Q5NGE2|Q5NGE2_FRATT,0,1,1,1
tr|Q5NGE3|Q5NGE3_FRATT,1,0,1,1
tr|Q5NGE4|Q5NGE4_FRATT,1,1,1,1
tr|Q5NGE5|Q5NGE5_FRATT,0,0,0,0
sp|Q5NGE7|Y898_FRATT,0,0,0,0
tr|Q5NGF4|Q5NGF4_FRATT,0,0,0,0
tr|Q5NGF5|Q5NGF5_FRATT,1,1,1,1
tr|Q5NGF6|Q5NGF6_FRATT,0,1,1,1
tr|Q5NGF7|Q5NGF7_FRATT,1,0,1,1
tr|Q5NGF8|Q5NGF8_FRATT,1,0,1,1
tr|Q5NGG0|Q5NGG0_FRATT,0,0,0,0
tr|Q5NGG2|Q5NGG2_FRATT,0,0,0,0
tr|Q5NGG5|Q5NGG5_FRATT,0,0,0,0
tr|Q5NGG7|Q5NGG7_FRATT,0,0,0,0
tr|Q5NGG8|Q5NGG8_FRATT,1,1,1,1
tr|Q5NGH0|Q5NGH0_FRATT,1,0,0,0
tr|Q5NGH2|Q5NGH2_FRATT,1,0,0,0
tr|Q5NGH3|Q5NGH3_FRATT,0,0,0,0
tr|Q5NGH4|Q5NGH4_FRATT,0,0,0,0
tr|Q5NGH6|Q5NGH6_FRATT,0,0,0,0
tr|Q5NGH7|Q5NGH7_FRATT,0,0,0,0
tr|Q5NGH9|Q5NGH9_FRATT,1,0,0,0
tr|Q5NGI0|Q5NGI0_FRATT,1,1,0,1
tr|Q5NGI1|Q5NGI1_FRATT,0,0,1,0
tr|Q5NGI3|Q5NGI3_FRATT,0,0,0,0
tr|Q5NGI5|Q5NGI5_FRATT,0,1,0,0
tr|Q5NGI6|Q5NGI6_FRATT,0,0,0,0
tr|Q5NGI7|Q5NGI7_FRATT,0,0,0,0
tr|Q5NGI8|Q5NGI8_FRATT,1,0,0,0
tr|Q5NGI9|Q5NGI9_FRATT,0,0,0,0
tr|Q5NGJ0|Q5NGJ0_FRATT,0,0,0,0
tr|Q5NGJ1|Q5NGJ1_FRATT,0,1,0,0
tr|Q5NGJ2|Q5NGJ2_FRATT,1,0,0,0
tr|Q5NGJ4|Q5NGJ4_FRATT,1,0,0,0
tr|Q5NGJ5|Q5NGJ5_FRATT,0,1,1,1
tr|Q5NGJ6|Q5NGJ6_FRATT,1,1,1,1
tr|Q5NGJ8|Q5NGJ8_FRATT,1,1,1,1
tr|Q5NGK0|Q5NGK0_FRATT,0,0,0,0
tr|Q5NGK1|Q5NGK1_FRATT,1,1,1,1
tr|Q5NGK2|Q5NGK2_FRATT,0,0,0,0
tr|Q5NGK6|Q5NGK6_FRATT,0,1,0,0
tr|Q5NGK8|Q5NGK8_FRATT,0,0,0,0
tr|Q5NGK9|Q5NGK9_FRATT,1,1,1,1
tr|Q5NGL0|Q5NGL0_FRATT,1,1,1,1
tr|Q5NGL1|Q5NGL1_FRATT,1,0,0,0
tr|Q5NGL2|Q5NGL2_FRATT,0,0,0,0
tr|Q5NGL4|Q5NGL4_FRATT,0,0,0,0
tr|Q5NGL9|Q5NGL9_FRATT,1,1,1,1
tr|Q5NGM0|Q5NGM0_FRATT,0,0,0,0
tr|Q5NGM1|Q5NGM1_FRATT,1,1,1,1
tr|Q5NGM2|Q5NGM2_FRATT,0,0,0,0
tr|Q5NGM8|Q5NGM8_FRATT,1,0,1,1
tr|Q5NGM9|Q5NGM9_FRATT,0,0,1,0
tr|Q5NGN0|Q5NGN0_FRATT,0,0,0,0
tr|Q5NGN1|Q5NGN1_FRATT,0,0,0,0
tr|Q5NGN2|Q5NGN2_FRATT,0,0,0,0
tr|Q5NGN4|Q5NGN4_FRATT,1,1,0,1
tr|Q5NGN5|Q5NGN5_FRATT,1,1,1,1
tr|Q5NGN6|Q5NGN6_FRATT,1,0,0,0
tr|Q5NGN7|Q5NGN7_FRATT,0,0,0,0
tr|Q5NGN8|Q5NGN8_FRATT,0,1,0,0
tr|Q5NGN9|Q5NGN9_FRATT,0,0,0,0
tr|Q5NGP0|Q5NGP0_FRATT,0,0,0,0
tr|Q5NGP1|Q5NGP1_FRATT,0,0,0,0
tr|Q5NGP2|Q5NGP2_FRATT,0,0,0,0
tr|Q5NGP3|Q5NGP3_FRATT,0,0,0,0
tr|Q5NGP5|Q5NGP5_FRATT,0,0,0,0
tr|Q5NGP8|Q5NGP8_FRATT,0,0,0,0
tr|Q5NGP9|Q5NGP9_FRATT,1,0,0,0
tr|Q5NGQ0|Q5NGQ0_FRATT,0,0,0,0
tr|Q5NGQ1|Q5NGQ1_FRATT,1,1,1,1
tr|Q5NGQ2|Q5NGQ2_FRATT,1,1,0,1
tr|Q5NGQ4|Q5NGQ4_FRATT,0,1,0,0
tr|Q5NGQ5|Q5NGQ5_FRATT,0,0,0,0
tr|Q5NGQ7|Q5NGQ7_FRATT,0,0,0,0
tr|Q5NGQ9|Q5NGQ9_FRATT,0,0,0,0
tr|Q5NGR0|Q5NGR0_FRATT,0,0,0,0
tr|Q5NGR4|Q5NGR4_FRATT,0,0,0,0
tr|Q5NGR5|Q5NGR5_FRATT,0,0,0,0
tr|Q5NGR6|Q5NGR6_FRATT,0,0,0,0
tr|Q5NGR9|Q5NGR9_FRATT,0,0,0,0
tr|Q5NGS1|Q5NGS1_FRATT,0,1,1,1
tr|Q5NGS2|Q5NGS2_FRATT,0,0,1,0
tr|Q5NGS3|Q5NGS3_FRATT,0,0,0,0
tr|Q5NGS5|Q5NGS5_FRATT,0,0,0,0
tr|Q5NGS6|Q5NGS6_FRATT,1,0,0,0
tr|Q5NGS7|Q5NGS7_FRATT,0,0,0,0
tr|Q5NGS9|Q5NGS9_FRATT,0,0,1,0
tr|Q5NGT0|Q5NGT0_FRATT,1,0,0,0
tr|Q5NGT2|Q5NGT2_FRATT,1,1,0,1
tr|Q5NGT3|Q5NGT3_FRATT,1,0,0,0
tr|Q5NGT5|Q5NGT5_FRATT,0,0,0,0
tr|Q5NGT6|Q5NGT6_FRATT,1,0,0,0
tr|Q5NGT7|Q5NGT7_FRATT,1,0,0,0
tr|Q5NGT8|Q5NGT8_FRATT,0,1,0,0
tr|Q5NGT9|Q5NGT9_FRATT,1,1,1,1
tr|Q5NGU0|Q5NGU0_FRATT,1,0,0,0
tr|Q5NGU4|Q5NGU4_FRATT,0,0,0,0
tr|Q5NGU5|Q5NGU5_FRATT,0,0,0,0
tr|Q5NGU6|Q5NGU6_FRATT,1,0,0,0
tr|Q5NGU7|Q5NGU7_FRATT,0,1,0,0
tr|Q5NGU8|Q5NGU8_FRATT,1,0,0,0
tr|Q5NGV0|Q5NGV0_FRATT,0,0,0,0
tr|Q5NGV1|Q5NGV1_FRATT,0,1,0,0
tr|Q5NGV2|Q5NGV2_FRATT,0,1,0,0
tr|Q5NGV3|Q5NGV3_FRATT,1,0,1,1
tr|Q5NGV4|Q5NGV4_FRATT,0,0,0,0
tr|Q5NGV5|Q5NGV5_FRATT,0,0,1,0
tr|Q5NGV8|Q5NGV8_FRATT,0,0,0,0
tr|Q5NGV9|Q5NGV9_FRATT,0,0,0,0
tr|Q5NGW0|Q5NGW0_FRATT,1,0,0,0
tr|Q5NGW5|Q5NGW5_FRATT,0,0,0,0
tr|Q5NGW9|Q5NGW9_FRATT,0,0,0,0
tr|Q5NGX2|Q5NGX2_FRATT,1,1,1,1
tr|Q5NGY2|Q5NGY2_FRATT,1,0,0,0
tr|Q5NGY6|Q5NGY6_FRATT,0,0,0,0
tr|Q5NGY7|Q5NGY7_FRATT,0,0,0,0
tr|Q5NGY8|Q5NGY8_FRATT,0,0,0,0
tr|Q5NGZ0|Q5NGZ0_FRATT,0,0,0,0
tr|Q5NGZ1|Q5NGZ1_FRATT,0,0,0,0
tr|Q5NGZ2|Q5NGZ2_FRATT,0,1,0,0
tr|Q5NGZ4|Q5NGZ4_FRATT,1,0,0,0
tr|Q5NGZ8|Q5NGZ8_FRATT,0,0,0,0
tr|Q5NGZ9|Q5NGZ9_FRATT,0,0,0,0
tr|Q5NH00|Q5NH00_FRATT,0,0,0,0
tr|Q5NH03|Q5NH03_FRATT,0,0,0,0
tr|Q5NH04|Q5NH04_FRATT,0,0,0,0
tr|Q5NH05|Q5NH05_FRATT,0,0,0,0
tr|Q5NH06|Q5NH06_FRATT,0,0,0,0
tr|Q5NH08|Q5NH08_FRATT,1,0,0,0
tr|Q5NH10|Q5NH10_FRATT,0,1,1,1
tr|Q5NH11|Q5NH11_FRATT,1,0,0,0
tr|Q5NH12|Q5NH12_FRATT,0,0,0,0
tr|Q5NH13|Q5NH13_FRATT,0,1,0,0
tr|Q5NH14|Q5NH14_FRATT,0,0,0,0
tr|Q5NH15|Q5NH15_FRATT,0,0,0,0
tr|Q5NH16|Q5NH16_FRATT,1,0,0,0
sp|Q5NH19|Y655_FRATT,1,0,1,1
tr|Q5NH20|Q5NH20_FRATT,0,0,0,0
tr|Q5NH23|Q5NH23_FRATT,0,0,0,0
tr|Q5NH24|Q5NH24_FRATT,0,1,0,0
tr|Q5NH25|Q5NH25_FRATT,0,0,0,0
tr|Q5NH27|Q5NH27_FRATT,0,0,0,0
tr|Q5NH28|Q5NH28_FRATT,0,0,0,0
tr|Q5NH29|Q5NH29_FRATT,0,0,0,0
tr|Q5NH31|Q5NH31_FRATT,0,0,0,0
tr|Q5NH33|Q5NH33_FRATT,0,0,1,0
tr|Q5NH34|Q5NH34_FRATT,0,0,0,0
tr|Q5NH37|Q5NH37_FRATT,0,0,0,0
tr|Q5NH39|Q5NH39_FRATT,0,0,0,0
tr|Q5NH43|Q5NH43_FRATT,0,0,0,0
tr|Q5NH44|Q5NH44_FRATT,1,1,1,1
tr|Q5NH49|Q5NH49_FRATT,0,0,0,0
tr|Q5NH51|Q5NH51_FRATT,0,0,0,0
tr|Q5NH52|Q5NH52_FRATT,1,0,0,0
tr|Q5NH54|Q5NH54_FRATT,0,0,0,0
tr|Q5NH56|Q5NH56_FRATT,0,0,0,0
tr|Q5NH58|Q5NH58_FRATT,0,1,1,1
tr|Q5NH59|Q5NH59_FRATT,0,0,0,0
tr|Q5NH62|Q5NH62_FRATT,0,1,0,0
tr|Q5NH65|Q5NH65_FRATT,0,1,0,0
tr|Q5NH66|Q5NH66_FRATT,1,0,1,1
tr|Q5NH67|Q5NH67_FRATT,0,1,1,1
tr|Q5NH68|Q5NH68_FRATT,1,1,1,1
tr|Q5NH69|Q5NH69_FRATT,0,0,0,0
tr|Q5NH70|Q5NH70_FRATT,0,0,0,0
tr|Q5NH71|Q5NH71_FRATT,0,0,0,0
tr|Q5NH73|Q5NH73_FRATT,0,0,0,0
tr|Q5NH75|Q5NH75_FRATT,0,0,0,0
tr|Q5NH76|Q5NH76_FRATT,1,0,0,0
tr|Q5NH80|Q5NH80_FRATT,1,1,0,1
tr|Q5NH84|Q5NH84_FRATT,0,0,0,0
tr|Q5NH86|Q5NH86_FRATT,0,1,0,0
tr|Q5NH88|Q5NH88_FRATT,1,1,1,1
tr|Q5NH89|Q5NH89_FRATT,1,0,0,0
tr|Q5NH92|Q5NH92_FRATT,0,0,0,0
tr|Q5NH95|Q5NH95_FRATT,1,0,0,0
tr|Q5NH96|Q5NH96_FRATT,1,0,0,0
tr|Q5NH97|Q5NH97_FRATT,0,0,0,0
tr|Q5NH98|Q5NH98_FRATT,0,0,0,0
tr|Q5NH99|Q5NH99_FRATT,0,0,0,0
tr|Q5NHA0|Q5NHA0_FRATT,0,0,0,0
tr|Q5NHA2|Q5NHA2_FRATT,0,0,0,0
tr|Q5NHA3|Q5NHA3_FRATT,0,0,0,0
tr|Q5NHA8|Q5NHA8_FRATT,0,0,0,0
tr|Q5NHB0|Q5NHB0_FRATT,0,0,0,0
tr|Q5NHB2|Q5NHB2_FRATT,1,0,0,0
tr|Q5NHB3|Q5NHB3_FRATT,0,0,0,0
tr|Q5NHB5|Q5NHB5_FRATT,0,0,0,0
tr|Q5NHB6|Q5NHB6_FRATT,1,0,0,0
tr|Q5NHB8|Q5NHB8_FRATT,1,1,1,1
tr|Q5NHB9|Q5NHB9_FRATT,0,0,0,0
tr|Q5NHC0|Q5NHC0_FRATT,0,0,0,0
tr|Q5NHC1|Q5NHC1_FRATT,0,1,1,1
tr|Q5NHC2|Q5NHC2_FRATT,1,1,1,1
tr|Q5NHC3|Q5NHC3_FRATT,1,1,1,1
tr|Q5NHC4|Q5NHC4_FRATT,0,1,0,0
tr|Q5NHC5|Q5NHC5_FRATT,1,1,1,1
tr|Q5NHC7|Q5NHC7_FRATT,0,0,0,0
tr|Q5NHD0|Q5NHD0_FRATT,1,0,1,1
tr|Q5NHD2|Q5NHD2_FRATT,0,0,0,0
tr|Q5NHD3|Q5NHD3_FRATT,0,1,1,1
tr|Q5NHD4|Q5NHD4_FRATT,0,0,0,0
tr|Q5NHD5|Q5NHD5_FRATT,0,0,0,0
tr|Q5NHD6|Q5NHD6_FRATT,1,0,0,0
tr|Q5NHD7|Q5NHD7_FRATT,1,0,0,0
tr|Q5NHD8|Q5NHD8_FRATT,0,0,0,0
tr|Q5NHE0|Q5NHE0_FRATT,0,0,0,0
tr|Q5NHE3|Q5NHE3_FRATT,1,0,0,0
tr|Q5NHE8|Q5NHE8_FRATT,0,0,0,0
tr|Q5NHF0|Q5NHF0_FRATT,1,0,1,1
tr|Q5NHF1|Q5NHF1_FRATT,1,1,0,1
tr|Q5NHF2|Q5NHF2_FRATT,0,0,0,0
tr|Q5NHF5|Q5NHF5_FRATT,0,0,1,0
tr|Q5NHF6|Q5NHF6_FRATT,0,0,0,0
tr|Q5NHF7|Q5NHF7_FRATT,0,0,0,0
tr|Q5NHF8|Q5NHF8_FRATT,0,0,0,0
tr|Q5NHF9|Q5NHF9_FRATT,1,0,0,0
tr|Q5NHG0|Q5NHG0_FRATT,1,1,0,1
tr|Q5NHG1|Q5NHG1_FRATT,0,0,0,0
tr|Q5NHG2|Q5NHG2_FRATT,0,0,0,0
tr|Q5NHG3|Q5NHG3_FRATT,0,0,0,0
tr|Q5NHG4|Q5NHG4_FRATT,1,0,0,0
tr|Q5NHG6|Q5NHG6_FRATT,0,0,0,0
tr|Q5NHG7|Q5NHG7_FRATT,0,0,0,0
tr|Q5NHG9|Q5NHG9_FRATT,1,1,1,1
tr|Q5NHH0|Q5NHH0_FRATT,1,1,1,1
tr|Q5NHH2|Q5NHH2_FRATT,1,1,1,1
tr|Q5NHH4|Q5NHH4_FRATT,0,0,0,0
tr|Q5NHH5|Q5NHH5_FRATT,0,0,0,0
tr|Q5NHH7|Q5NHH7_FRATT,0,0,0,0
tr|Q5NHH8|Q5NHH8_FRATT,0,0,0,0
tr|Q5NHH9|Q5NHH9_FRATT,0,0,0,0
tr|Q5NHI0|Q5NHI0_FRATT,1,1,0,1
tr|Q5NHI6|Q5NHI6_FRATT,0,0,0,0
tr|Q5NHI9|Q5NHI9_FRATT,1,1,1,1
tr|Q5NHJ3|Q5NHJ3_FRATT,0,0,0,0
tr|Q5NHJ5|Q5NHJ5_FRATT,0,0,0,0
tr|Q5NHJ6|Q5NHJ6_FRATT,0,0,0,0
sp|Q5NHJ8|FETP_FRATT,1,0,1,1
tr|Q5NHJ9|Q5NHJ9_FRATT,0,0,0,0
tr|Q5NHK0|Q5NHK0_FRATT,1,0,0,0
tr|Q5NHK1|Q5NHK1_FRATT,1,0,0,0
tr|Q5NHK7|Q5NHK7_FRATT,0,0,0,0
tr|Q5NHK8|Q5NHK8_FRATT,0,0,0,0
tr|Q5NHK9|Q5NHK9_FRATT,1,0,0,0
tr|Q5NHL0|Q5NHL0_FRATT,0,0,0,0
tr|Q5NHL3|Q5NHL3_FRATT,1,1,0,1
tr|Q5NHL8|Q5NHL8_FRATT,0,0,0,0
tr|Q5NHL9|Q5NHL9_FRATT,1,1,1,1
tr|Q5NHM5|Q5NHM5_FRATT,1,1,1,1
tr|Q5NHM6|Q5NHM6_FRATT,1,0,1,1
tr|Q5NHN3|Q5NHN3_FRATT,1,1,1,1
tr|Q5NHN5|Q5NHN5_FRATT,1,1,1,1
tr|Q5NHN6|Q5NHN6_FRATT,0,1,0,0
tr|Q5NHP1|Q5NHP1_FRATT,0,0,0,0
tr|Q5NHP3|Q5NHP3_FRATT,1,0,0,0
tr|Q5NHP6|Q5NHP6_FRATT,1,0,0,0
tr|Q5NHP7|Q5NHP7_FRATT,0,0,0,0
tr|Q5NHP8|Q5NHP8_FRATT,0,1,0,0
tr|Q5NHP9|Q5NHP9_FRATT,1,0,0,0
tr|Q5NHQ2|Q5NHQ2_FRATT,0,0,0,0
tr|Q5NHQ3|Q5NHQ3_FRATT,0,0,0,0
tr|Q5NHQ5|Q5NHQ5_FRATT,0,0,1,0
tr|Q5NHQ6|Q5NHQ6_FRATT,0,0,1,0
tr|Q5NHQ8|Q5NHQ8_FRATT,1,1,0,1
tr|Q5NHR2|Q5NHR2_FRATT,0,1,1,1
tr|Q5NHR4|Q5NHR4_FRATT,0,0,0,0
tr|Q5NHR5|Q5NHR5_FRATT,1,0,1,1
tr|Q5NHR8|Q5NHR8_FRATT,0,0,0,0
tr|Q5NHS0|Q5NHS0_FRATT,0,0,0,0
tr|Q5NHS4|Q5NHS4_FRATT,0,0,0,0
tr|Q5NHS5|Q5NHS5_FRATT,0,0,0,0
tr|Q5NHS6|Q5NHS6_FRATT,0,0,0,0
tr|Q5NHT1|Q5NHT1_FRATT,1,0,0,0
tr|Q5NHT3|Q5NHT3_FRATT,0,0,1,0
tr|Q5NHT4|Q5NHT4_FRATT,0,0,0,0
tr|Q5NHT5|Q5NHT5_FRATT,0,0,0,0
tr|Q5NHT6|Q5NHT6_FRATT,0,0,1,0
sp|Q5NHY0|RS2_FRATT,0,0,0,0
tr|Q5NHY2|Q5NHY2_FRATT,0,0,0,0
tr|Q5NHY3|Q5NHY3_FRATT,0,0,0,0
tr|Q5NHY5|Q5NHY5_FRATT,0,1,0,0
tr|Q5NHY8|Q5NHY8_FRATT,0,0,0,0
tr|Q5NHY9|Q5NHY9_FRATT,0,0,0,0
tr|Q5NHZ1|Q5NHZ1_FRATT,0,0,0,0
tr|Q5NHZ2|Q5NHZ2_FRATT,0,0,0,0
tr|Q5NHZ3|Q5NHZ3_FRATT,0,0,0,0
tr|Q5NHZ5|Q5NHZ5_FRATT,0,0,0,0
tr|Q5NHZ6|Q5NHZ6_FRATT,0,0,0,0
tr|Q5NHZ8|Q5NHZ8_FRATT,1,0,0,0
tr|Q5NHZ9|Q5NHZ9_FRATT,0,0,0,0
tr|Q5NI00|Q5NI00_FRATT,0,0,0,0
tr|Q5NI01|Q5NI01_FRATT,0,0,0,0
tr|Q5NI02|Q5NI02_FRATT,0,0,0,0
tr|Q5NI03|Q5NI03_FRATT,0,1,0,0
tr|Q5NI04|Q5NI04_FRATT,0,0,0,0
tr|Q5NI05|Q5NI05_FRATT,1,0,0,0
tr|Q5NI12|Q5NI12_FRATT,1,0,0,0
tr|Q5NI14|Q5NI14_FRATT,0,0,0,0
tr|Q5NI15|Q5NI15_FRATT,1,0,0,0
tr|Q5NI16|Q5NI16_FRATT,0,0,0,0
tr|Q5NI18|Q5NI18_FRATT,0,0,0,0
tr|Q5NI21|Q5NI21_FRATT,0,1,1,1
tr|Q5NI22|Q5NI22_FRATT,0,0,0,0
tr|Q5NI23|Q5NI23_FRATT,1,1,1,1
tr|Q5NI24|Q5NI24_FRATT,0,0,0,0
tr|Q5NI25|Q5NI25_FRATT,0,0,0,0
tr|Q5NI26|Q5NI26_FRATT,0,1,0,0
tr|Q5NI27|Q5NI27_FRATT,1,1,1,1
tr|Q5NI28|Q5NI28_FRATT,0,0,0,0
tr|Q5NI29|Q5NI29_FRATT,1,0,1,1
tr|Q5NI32|Q5NI32_FRATT,0,0,0,0
tr|Q5NI33|Q5NI33_FRATT,0,0,0,0
tr|Q5NI34|Q5NI34_FRATT,0,0,0,0
tr|Q5NI35|Q5NI35_FRATT,0,0,0,0
tr|Q5NI36|Q5NI36_FRATT,0,0,0,0
tr|Q5NI38|Q5NI38_FRATT,1,1,0,1
tr|Q5NI42|Q5NI42_FRATT,0,1,1,1
tr|Q5NI44|Q5NI44_FRATT,0,0,0,0
tr|Q5NI45|Q5NI45_FRATT,0,0,0,0
tr|Q5NI46|Q5NI46_FRATT,1,0,1,1
tr|Q5NI47|Q5NI47_FRATT,0,0,0,0
tr|Q5NI48|Q5NI48_FRATT,0,1,0,0
tr|Q5NI52|Q5NI52_FRATT,0,1,1,1
tr|Q5NI54|Q5NI54_FRATT,0,0,0,0
sp|Q5NI55|YIDD_FRATT,0,0,1,0
tr|Q5NI57|Q5NI57_FRATT,0,0,0,0
tr|Q5NI58|Q5NI58_FRATT,1,0,0,0
tr|Q5NI59|Q5NI59_FRATT,1,0,0,0
tr|Q5NI62|Q5NI62_FRATT,0,0,1,0
tr|Q5NI64|Q5NI64_FRATT,0,0,0,0
tr|Q5NI65|Q5NI65_FRATT,0,0,0,0
tr|Q5NI66|Q5NI66_FRATT,1,1,1,1
tr|Q5NI67|Q5NI67_FRATT,0,0,0,0
tr|Q5NI68|Q5NI68_FRATT,0,0,0,0
tr|Q5NI71|Q5NI71_FRATT,0,0,0,0
tr|Q5NI72|Q5NI72_FRATT,1,1,1,1
tr|Q5NI73|Q5NI73_FRATT,0,1,1,1
tr|Q5NI74|Q5NI74_FRATT,0,0,0,0
tr|Q5NI75|Q5NI75_FRATT,0,0,0,0
tr|Q5NI76|Q5NI76_FRATT,0,0,0,0
tr|Q5NI81|Q5NI81_FRATT,1,0,0,0
tr|Q5NI82|Q5NI82_FRATT,1,1,1,1
tr|Q5NI84|Q5NI84_FRATT,0,0,0,0
tr|Q5NI87|Q5NI87_FRATT,0,0,0,0
tr|Q5NI88|Q5NI88_FRATT,1,0,0,0
tr|Q5NI95|Q5NI95_FRATT,0,0,0,0
tr|Q5NI99|Q5NI99_FRATT,1,0,0,0
tr|Q5NIA0|Q5NIA0_FRATT,1,0,0,0
tr|Q5NIA1|Q5NIA1_FRATT,0,0,0,0
tr|Q5NIA2|Q5NIA2_FRATT,0,0,0,0
tr|Q5NIA3|Q5NIA3_FRATT,0,0,1,0
tr|Q5NIA4|Q5NIA4_FRATT,0,0,0,0
tr|Q5NIA5|Q5NIA5_FRATT,0,0,0,0
tr|Q5NIB0|Q5NIB0_FRATT,0,0,0,0
tr|Q5NIB4|Q5NIB4_FRATT,1,1,0,1
tr|Q5NIB5|Q5NIB5_FRATT,1,0,0,0
tr|Q5NIB7|Q5NIB7_FRATT,1,0,0,0
tr|Q5NIB8|Q5NIB8_FRATT,1,0,0,0
tr|Q5NIB9|Q5NIB9_FRATT,0,0,0,0
tr|Q5NIC0|Q5NIC0_FRATT,0,0,0,0
tr|Q5NIC1|Q5NIC1_FRATT,0,0,0,0
tr|Q5NIC8|Q5NIC8_FRATT,0,0,0,0
tr|Q5NID0|Q5NID0_FRATT,0,0,0,0
tr|Q5NIE0|Q5NIE0_FRATT,0,0,0,0
tr|Q5NIE1|Q5NIE1_FRATT,0,0,0,0
tr|Q5NIE2|Q5NIE2_FRATT,0,0,0,0
tr|Q5NIE3|Q5NIE3_FRATT,0,0,0,0
tr|Q5NIE6|Q5NIE6_FRATT,0,0,0,0
tr|Q5NIE7|Q5NIE7_FRATT,1,1,1,1
tr|Q5NIE8|Q5NIE8_FRATT,0,0,0,0
tr|Q5NIE9|Q5NIE9_FRATT,0,0,0,0
tr|Q5NIF0|Q5NIF0_FRATT,1,0,0,0
tr|Q5NIF3|Q5NIF3_FRATT,0,0,0,0
tr|Q5NIF6|Q5NIF6_FRATT,0,0,0,0
tr|Q5NIF7|Q5NIF7_FRATT,0,0,0,0
tr|Q5NIG5|Q5NIG5_FRATT,0,0,0,0
tr|Q5NIG6|Q5NIG6_FRATT,1,1,1,1
tr|Q5NIG7|Q5NIG7_FRATT,0,0,0,0
tr|Q5NIG8|Q5NIG8_FRATT,0,0,0,0
tr|Q5NIG9|Q5NIG9_FRATT,0,0,0,0
tr|Q5NIH0|Q5NIH0_FRATT,0,0,0,0
tr|Q5NIH2|Q5NIH2_FRATT,0,0,0,0
tr|Q5NIH3|Q5NIH3_FRATT,0,0,0,0
tr|Q5NIH4|Q5NIH4_FRATT,1,0,0,0
tr|Q5NIH5|Q5NIH5_FRATT,0,0,0,0
tr|Q5NIH7|Q5NIH7_FRATT,0,0,0,0
tr|Q5NIH8|Q5NIH8_FRATT,0,0,0,0
tr|Q5NIH9|Q5NIH9_FRATT,0,0,0,0
tr|Q5NII0|Q5NII0_FRATT,0,0,0,0
tr|Q5NII2|Q5NII2_FRATT,0,0,0,0
tr|Q5NII3|Q5NII3_FRATT,0,0,0,0
tr|Q5NII5|Q5NII5_FRATT,1,1,1,1
tr|Q5NIJ7|Q5NIJ7_FRATT,0,0,0,0
tr|Q5NIJ8|Q5NIJ8_FRATT,0,1,0,0
tr|Q5NIK0|Q5NIK0_FRATT,0,0,0,0
tr|Q5NIK1|Q5NIK1_FRATT,1,1,1,1
tr|Q5NIL0|Q5NIL0_FRATT,0,0,0,0
tr|Q5NIL1|Q5NIL1_FRATT,0,0,0,0
tr|Q5NIL3|Q5NIL3_FRATT,0,0,0,0
tr|Q5NIL4|Q5NIL4_FRATT,0,0,0,0
tr|Q5NIM4|Q5NIM4_FRATT,0,0,0,0
tr|Q5NIN7|Q5NIN7_FRATT,0,1,0,0
tr|Q5NIN8|Q5NIN8_FRATT,0,0,0,0
tr|Q5NIN9|Q5NIN9_FRATT,0,0,0,0
tr|Q5NIP1|Q5NIP1_FRATT,1,1,1,1
tr|Q5NIP2|Q5NIP2_FRATT,1,0,1,1
tr|Q5NIP3|Q5NIP3_FRATT,1,1,0,1
tr|Q5NIP4|Q5NIP4_FRATT,0,0,0,0
tr|Q5NIP7|Q5NIP7_FRATT,1,0,0,0
tr|Q5NIP8|Q5NIP8_FRATT,1,0,0,0
tr|Q5NIP9|Q5NIP9_FRATT,0,0,0,0
tr|Q5NIQ0|Q5NIQ0_FRATT,1,1,0,1
tr|Q5NIQ2|Q5NIQ2_FRATT,1,1,1,1
tr|Q5NIQ3|Q5NIQ3_FRATT,1,0,0,0
tr|Q5NIQ5|Q5NIQ5_FRATT,0,0,0,0
tr|W0TYL4|W0TYL4_FRATT,0,0,0,0
