protein,xgboost,random_subspace,random forest,fuse 2/3
sp|Q59533|GYRB_MYCLE,0,1,0,0
sp|Q9CC97|KGD_MYCLE,0,1,0,0
sp|O06081|MMPL3_MYCLE,0,0,0,0
sp|O33114|ILVC_MYCLE,0,0,1,0
sp|O69529|FOLB_MYCLE,0,0,0,0
sp|O69537|HGPRT_MYCLE,1,0,0,0
sp|O69548|TOP1_MYCLE,0,1,0,0
sp|O69557|MURE_MYCLE,1,0,1,1
sp|P09239|CH602_MYCLE,0,1,0,0
sp|P0C0X1|DHPS1_MYCLE,0,0,0,0
sp|P31951|A85B_MYCLE,1,1,1,1
sp|P37391|NNR_MYCLE,1,1,1,1
sp|P38119|DPDS_MYCLE,1,0,0,0
sp|P40832|RUVA_MYCLE,1,1,1,1
sp|P45830|WECA_MYCLE,0,0,0,0
sp|P46726|CYSQ_MYCLE,0,1,0,0
sp|P52063|IXTPA_MYCLE,1,1,0,1
sp|P53529|PYRG_MYCLE,1,1,0,1
sp|P54744|PKNB_MYCLE,1,1,1,1
sp|Q05861|A85A_MYCLE,1,1,1,1
sp|Q05862|A85C_MYCLE,1,1,1,1
sp|Q57532|GYRA_MYCLE,1,1,0,1
tr|Q7AQI9|Q7AQI9_MYCLE,0,0,1,0
tr|Q9CB78|Q9CB78_MYCLE,1,0,0,0
sp|Q9CBX6|FBIC_MYCLE,0,0,0,0
sp|Q9CC23|LYSX_MYCLE,0,0,0,0
sp|Q9CCK2|FBIB_MYCLE,0,0,0,0
tr|Q9CCP4|Q9CCP4_MYCLE,1,1,0,1
tr|Q9CCQ5|Q9CCQ5_MYCLE,0,0,0,0
sp|Q9CD44|GLMU_MYCLE,1,1,1,1
sp|Q9CD45|KPRS_MYCLE,0,0,0,0
sp|Q9CD58|FTSH_MYCLE,0,0,1,0
sp|O05560|FTSK_MYCLE,1,0,0,0
sp|O05564|METE_MYCLE,0,1,0,0
sp|O05756|PURQ_MYCLE,0,1,1,1
sp|O06069|ILVD_MYCLE,0,0,1,0
sp|O06084|PCKG_MYCLE,0,0,0,0
sp|O07145|PDXS_MYCLE,0,0,0,0
sp|O07147|PIMA_MYCLE,0,0,0,0
sp|O07151|SYT_MYCLE,0,0,1,0
sp|O32874|METXA_MYCLE,0,1,1,1
sp|O32879|FOLD_MYCLE,0,0,1,0
sp|O32912|GUAB1_MYCLE,0,0,0,0
sp|O32913|MASZ_MYCLE,0,1,1,1
sp|O32915|GCSP_MYCLE,0,1,0,0
sp|O32922|SECA2_MYCLE,0,0,0,0
sp|O32954|ILVE_MYCLE,0,1,0,0
sp|O32956|AMPA_MYCLE,1,0,0,0
sp|O32961|LIPB_MYCLE,0,0,0,0
sp|O32962|LIPA_MYCLE,0,1,0,0
sp|O32975|CYD_MYCLE,0,1,1,1
sp|O32978|CYSK_MYCLE,0,0,0,0
sp|O33007|KAD_MYCLE,1,0,1,1
sp|O33013|SRP54_MYCLE,1,0,1,1
sp|O33022|RNH2_MYCLE,1,1,1,1
sp|O33045|PYRH_MYCLE,0,0,0,0
sp|O33062|SERC_MYCLE,0,1,0,0
sp|O33064|FPRB_MYCLE,0,1,0,0
sp|O33065|PDXH_MYCLE,0,0,0,0
sp|O33099|MNMA_MYCLE,0,1,1,1
sp|O33102|DNLJ_MYCLE,0,1,0,0
sp|O33106|PFKA_MYCLE,0,0,0,0
sp|O33112|ILVB_MYCLE,1,1,0,1
sp|O33113|ILVH_MYCLE,0,0,0,0
sp|O33116|SERA_MYCLE,0,0,1,0
sp|O33117|LEU3_MYCLE,1,1,0,1
sp|O33120|SYE_MYCLE,0,0,0,0
sp|O33123|LEUC_MYCLE,0,0,1,0
sp|O33125|DBH_MYCLE,1,1,1,1
sp|O33127|PPK1_MYCLE,0,0,0,0
sp|O53114|CTPI_MYCLE,1,0,1,1
sp|O69460|RECG_MYCLE,0,0,0,0
sp|O69466|COAD_MYCLE,0,0,0,0
sp|O69469|RNC_MYCLE,1,1,0,1
sp|O69470|FPG_MYCLE,0,0,0,0
sp|O69473|KASB_MYCLE,0,1,0,0
sp|O69524|PANC_MYCLE,0,0,1,0
sp|O69528|HPPK_MYCLE,0,0,1,0
sp|O69531|GCH1_MYCLE,1,0,0,0
sp|O69540|IPYR_MYCLE,0,0,0,0
sp|O69552|MURG_MYCLE,1,0,1,1
sp|O69555|MRAY_MYCLE,0,0,0,0
sp|O69556|MURF_MYCLE,1,0,1,1
sp|O69560|RSMH_MYCLE,0,0,0,0
sp|O69583|QCRC_MYCLE,1,1,1,1
sp|O69595|PURA_MYCLE,1,0,0,0
sp|O69600|ALF_MYCLE,0,0,0,0
sp|P15878|QCRB_MYCLE,0,0,0,0
sp|P19993|DNAK_MYCLE,0,0,1,0
sp|P24094|LSR2_MYCLE,0,1,1,1
sp|P24301|CH10_MYCLE,0,0,1,0
sp|P30760|RPOB_MYCLE,0,0,0,0
sp|P30761|RPOC_MYCLE,0,0,0,0
sp|P30766|RS12_MYCLE,1,1,0,1
sp|P30768|EFTU_MYCLE,0,0,0,0
sp|P30770|END4_MYCLE,0,0,0,0
sp|P35901|RECA_MYCLE,0,0,0,0
sp|P36429|SYDND_MYCLE,0,1,0,0
sp|P37578|CH601_MYCLE,0,1,0,0
sp|P37939|RNPH_MYCLE,1,0,1,1
sp|P37969|TSAD_MYCLE,0,1,1,1
sp|P38056|ALR_MYCLE,1,0,0,0
sp|P38386|SECF_MYCLE,0,0,0,0
sp|P38387|SECD_MYCLE,1,0,0,0
sp|P40829|GABT_MYCLE,0,0,0,0
sp|P40831|GLMS_MYCLE,0,0,0,0
sp|P40833|RUVB_MYCLE,0,0,0,0
sp|P40834|RUVC_MYCLE,0,0,1,0
sp|P43315|BFR_MYCLE,0,0,0,0
sp|P45486|BIOD_MYCLE,1,0,1,1
sp|P45487|BIOF_MYCLE,0,0,0,0
sp|P45488|BIOA_MYCLE,0,0,0,0
sp|P45821|MURA_MYCLE,0,0,0,0
sp|P45822|ATPE_MYCLE,1,0,1,1
sp|P45823|ATPB_MYCLE,1,0,0,0
sp|P45825|ATPA_MYCLE,0,0,0,0
sp|P45828|ATPL_MYCLE,0,1,1,1
sp|P45832|PRMC_MYCLE,0,0,1,0
sp|P45835|RHO_MYCLE,1,1,1,1
sp|P45836|KHSE_MYCLE,0,0,1,0
sp|P45837|THRC_MYCLE,0,0,1,0
sp|P46392|ACCA3_MYCLE,0,0,0,0
sp|P46394|DNAB_MYCLE,0,0,0,0
sp|P46509|ARC_MYCLE,1,0,0,0
sp|P46701|PURK_MYCLE,0,0,0,0
sp|P46708|TKT_MYCLE,0,1,0,0
sp|P46711|TPIS_MYCLE,0,1,0,0
sp|P46713|G3P_MYCLE,1,0,0,0
sp|P46714|NADC_MYCLE,0,0,0,0
sp|P46715|BIOB_MYCLE,0,0,0,0
sp|P46716|GSA_MYCLE,0,0,1,0
sp|P46723|HEM2_MYCLE,0,0,0,0
sp|P46724|HEM1_MYCLE,0,0,0,0
sp|P46727|PYRD_MYCLE,1,1,1,1
sp|P46806|DHOM_MYCLE,0,0,1,0
sp|P46807|METB_MYCLE,0,0,0,0
sp|P46809|DCUP_MYCLE,0,1,0,0
sp|P46810|GUAA_MYCLE,0,1,0,0
sp|P46811|MIAA_MYCLE,0,0,0,0
sp|P46814|DAPF_MYCLE,0,0,0,0
sp|P46815|WAG31_MYCLE,0,1,1,1
sp|P46831|ACEA_MYCLE,0,0,0,0
sp|P46835|DPO1_MYCLE,0,0,0,0
sp|P46839|CTPA_MYCLE,1,0,0,0
sp|P46840|CTPB_MYCLE,1,0,0,0
sp|P46841|ENCP2_MYCLE,0,0,0,0
sp|P46842|APA_MYCLE,1,1,1,1
sp|P46843|TRXB_MYCLE,0,0,0,0
sp|P46861|SYK_MYCLE,0,0,0,0
sp|P46862|PUNA_MYCLE,0,0,0,0
sp|P52982|OGT_MYCLE,0,0,0,0
sp|P53002|ACCD5_MYCLE,1,0,1,1
sp|P53006|ATPFD_MYCLE,0,0,0,0
sp|P53382|APBC_MYCLE,0,0,0,0
sp|P53523|PDUO_MYCLE,0,0,0,0
sp|P53528|UVRD2_MYCLE,0,0,0,0
sp|P53530|LEPA_MYCLE,0,1,0,0
sp|P53531|GPMA_MYCLE,1,0,0,0
sp|P54077|PAFA_MYCLE,1,0,0,0
sp|P54138|MSHA_MYCLE,0,1,0,0
sp|P54743|PKNA_MYCLE,1,1,1,1
sp|P54883|SENX3_MYCLE,0,0,0,0
sp|P55193|TAL_MYCLE,0,0,0,0
sp|P57990|SYC_MYCLE,1,0,0,0
sp|P57991|UVRB_MYCLE,0,0,0,0
sp|P57993|PKNG_MYCLE,0,1,0,0
sp|P57994|MURC_MYCLE,0,0,0,0
sp|P57995|MURD_MYCLE,1,0,0,0
sp|P57996|SECA1_MYCLE,0,0,0,0
sp|Q02605|DNAJ1_MYCLE,1,1,1,1
sp|Q49617|NADB_MYCLE,1,0,1,1
sp|Q49622|NADA_MYCLE,0,1,0,0
sp|Q49640|RELA_MYCLE,0,0,0,0
sp|Q49729|IMDH_MYCLE,1,1,1,1
sp|Q49734|OTSB_MYCLE,0,0,0,0
sp|Q49744|RNZ_MYCLE,1,1,1,1
sp|Q49762|DNAJ2_MYCLE,0,0,0,0
sp|Q49768|ERA_MYCLE,0,0,0,0
sp|Q49775|METH_MYCLE,0,0,0,0
sp|Q49776|HIS1_MYCLE,0,0,0,0
sp|Q49780|PSB_MYCLE,0,1,0,0
sp|Q49784|MSHC_MYCLE,1,0,0,0
sp|Q49807|CMAS2_MYCLE,0,0,0,0
sp|Q49808|HEM3_MYCLE,1,0,1,1
sp|Q49842|MIAB_MYCLE,0,1,0,0
sp|Q49848|LEXA_MYCLE,0,0,0,0
sp|Q49869|GLMM_MYCLE,0,1,1,1
sp|Q49885|KCY_MYCLE,0,0,0,0
sp|Q49897|NADK_MYCLE,0,0,0,0
sp|Q49900|SYY_MYCLE,0,0,0,0
sp|Q49901|SYW_MYCLE,0,0,0,0
sp|Q49939|PAPA5_MYCLE,0,0,0,0
sp|Q49988|PPGK_MYCLE,1,1,1,1
sp|Q49992|DUT_MYCLE,0,0,0,0
sp|Q50000|DXS_MYCLE,0,0,0,0
sp|Q50023|PURL_MYCLE,0,1,0,0
sp|Q50028|PUR1_MYCLE,0,0,0,0
sp|Q50036|THTR_MYCLE,0,1,0,0
sp|Q50046|PSTB_MYCLE,0,1,0,0
sp|Q50068|DLDH_MYCLE,0,0,0,0
sp|Q50140|DCDA_MYCLE,0,1,0,0
sp|Q50144|PUR2_MYCLE,0,0,0,0
sp|Q50167|OTSA_MYCLE,0,0,0,0
sp|Q50178|COAE_MYCLE,0,0,0,0
sp|Q50186|RODA_MYCLE,0,0,0,0
tr|Q7APW2|Q7APW2_MYCLE,0,0,0,0
tr|Q7APW5|Q7APW5_MYCLE,1,0,0,0
tr|Q7APW6|Q7APW6_MYCLE,0,0,0,0
tr|Q7AQ14|Q7AQ14_MYCLE,1,1,0,1
tr|Q7AQ22|Q7AQ22_MYCLE,0,1,0,0
tr|Q7AQ80|Q7AQ80_MYCLE,0,0,0,0
tr|Q7AQ99|Q7AQ99_MYCLE,1,1,1,1
tr|Q7AQE9|Q7AQE9_MYCLE,0,0,0,0
tr|Q7AQN4|Q7AQN4_MYCLE,0,0,1,0
tr|Q7AQN6|Q7AQN6_MYCLE,1,1,1,1
sp|Q9CB17|DCDB_MYCLE,0,1,1,1
sp|Q9CB26|CLPB_MYCLE,0,0,0,0
sp|Q9CB36|ZFPP_MYCLE,0,0,0,0
sp|Q9CB45|DEOC_MYCLE,1,1,1,1
sp|Q9CB48|MURB_MYCLE,1,1,0,1
sp|Q9CB76|LEU1_MYCLE,1,0,0,0
tr|Q9CB77|Q9CB77_MYCLE,0,1,0,0
sp|Q9CB81|GLPK_MYCLE,0,1,0,0
sp|Q9CB92|END3_MYCLE,0,0,0,0
sp|Q9CBA8|MENG_MYCLE,0,0,0,0
sp|Q9CBB0|MEND_MYCLE,1,1,1,1
sp|Q9CBB2|MENC_MYCLE,0,0,0,0
tr|Q9CBB5|Q9CBB5_MYCLE,0,0,0,0
tr|Q9CBE9|Q9CBE9_MYCLE,0,0,0,0
sp|Q9CBH9|GLPX_MYCLE,0,1,0,0
sp|Q9CBI6|SODC_MYCLE,1,1,1,1
sp|Q9CBJ9|SECE_MYCLE,0,1,0,0
tr|Q9CBL3|Q9CBL3_MYCLE,0,1,0,0
sp|Q9CBM2|CPFC_MYCLE,0,0,0,0
sp|Q9CBM9|CBL_MYCLE,0,0,0,0
sp|Q9CBQ0|RIR1_MYCLE,0,0,0,0
sp|Q9CBQ2|RIR2_MYCLE,1,0,0,0
sp|Q9CBQ5|COX1_MYCLE,0,0,0,0
sp|Q9CBR9|GPDA_MYCLE,1,0,1,1
sp|Q9CBS0|DDL_MYCLE,1,1,0,1
tr|Q9CBS2|Q9CBS2_MYCLE,1,1,1,1
sp|Q9CBS7|KASA_MYCLE,0,1,1,1
sp|Q9CBT0|PANB_MYCLE,0,0,0,0
sp|Q9CBT4|GLNE_MYCLE,0,0,0,0
sp|Q9CBT5|SMC_MYCLE,0,1,0,0
sp|Q9CBU0|XERC_MYCLE,1,0,0,0
sp|Q9CBU1|CDSA_MYCLE,0,0,1,0
sp|Q9CBU3|DXR_MYCLE,1,0,0,0
sp|Q9CBU4|RIP1_MYCLE,0,0,0,0
sp|Q9CBU5|ISPG_MYCLE,0,1,1,1
tr|Q9CBU7|Q9CBU7_MYCLE,0,0,0,0
sp|Q9CBW0|TYSY_MYCLE,0,0,0,0
sp|Q9CBW1|DYR_MYCLE,0,1,0,0
sp|Q9CBW3|THYX_MYCLE,0,0,0,0
sp|Q9CBW4|DAPA_MYCLE,0,0,1,0
sp|Q9CBW6|NPD_MYCLE,1,1,1,1
tr|Q9CBX2|Q9CBX2_MYCLE,0,0,0,0
sp|Q9CBY1|RPIB_MYCLE,1,1,0,1
sp|Q9CBY2|TIG_MYCLE,1,0,0,0
sp|Q9CBY3|CLPP1_MYCLE,0,0,0,0
sp|Q9CBY7|SYV_MYCLE,0,0,0,0
sp|Q9CBZ0|NDK_MYCLE,0,0,0,0
sp|Q9CBZ4|OBG_MYCLE,1,1,1,1
sp|Q9CBZ5|PROB_MYCLE,1,0,1,1
sp|Q9CBZ6|NADE_MYCLE,0,0,1,0
sp|Q9CC11|OTC_MYCLE,0,0,0,0
sp|Q9CC12|ARGD_MYCLE,0,0,1,0
sp|Q9CC13|ARGB_MYCLE,0,0,0,0
sp|Q9CC14|ARGJ_MYCLE,1,0,1,1
sp|Q9CC15|ARGC_MYCLE,0,0,0,0
sp|Q9CC16|SYFB_MYCLE,0,0,0,0
sp|Q9CC17|SYFA_MYCLE,0,0,0,0
sp|Q9CC24|UVRA_MYCLE,0,0,0,0
sp|Q9CC42|UPPP_MYCLE,1,0,0,0
sp|Q9CC56|HIS4_MYCLE,1,1,1,1
sp|Q9CC57|HISX_MYCLE,0,1,0,0
sp|Q9CC59|TRHBO_MYCLE,0,0,0,0
sp|Q9CCA8|GLGC_MYCLE,1,1,1,1
tr|Q9CCB2|Q9CCB2_MYCLE,0,0,0,0
sp|Q9CCB8|NB_MYCLE,0,0,0,0
sp|Q9CCE3|PURNU_MYCLE,1,1,0,1
sp|Q9CCF1|COX2_MYCLE,0,0,0,0
sp|Q9CCF8|PNP_MYCLE,0,0,0,0
sp|Q9CCG2|DNAG_MYCLE,0,0,0,0
tr|Q9CCG4|Q9CCG4_MYCLE,1,1,0,1
sp|Q9CCI3|AROA_MYCLE,1,0,1,1
sp|Q9CCJ4|SAHH_MYCLE,0,0,0,0
sp|Q9CCK1|FBIA_MYCLE,0,1,1,1
sp|Q9CCL1|CTPC_MYCLE,0,0,0,0
sp|Q9CCL9|ADD_MYCLE,0,0,0,0
tr|Q9CCM1|Q9CCM1_MYCLE,0,1,0,0
sp|Q9CCN4|COXX_MYCLE,0,0,0,0
sp|Q9CCP3|RISB_MYCLE,1,0,1,1
sp|Q9CCP6|LPRG_MYCLE,1,1,1,1
tr|Q9CCP8|Q9CCP8_MYCLE,1,1,0,1
sp|Q9CCP9|RPE_MYCLE,0,1,0,0
sp|Q9CCQ3|PRIA_MYCLE,0,0,0,0
sp|Q9CCQ4|METK_MYCLE,1,0,0,0
sp|Q9CCR2|CARB_MYCLE,0,0,0,0
sp|Q9CCR3|CARA_MYCLE,1,1,1,1
sp|Q9CCS3|AROQ_MYCLE,0,0,0,0
sp|Q9CCS4|AROB_MYCLE,0,0,0,0
sp|Q9CCS5|AROK_MYCLE,0,1,0,0
sp|Q9CCS6|AROC_MYCLE,0,1,1,1
sp|Q9CCT0|SYA_MYCLE,0,0,0,0
tr|Q9CCT4|Q9CCT4_MYCLE,0,0,0,0
sp|Q9CCT5|PDXT_MYCLE,0,0,0,0
sp|Q9CCW5|ISPF_MYCLE,0,0,0,0
sp|Q9CCW9|PSD_MYCLE,0,0,0,0
tr|Q9CCX4|Q9CCX4_MYCLE,0,0,0,0
sp|Q9CCZ9|TRMB_MYCLE,0,0,0,0
sp|Q9CD42|ENO_MYCLE,1,0,1,1
sp|Q9CD51|ISPE_MYCLE,0,1,1,1
sp|Q9CD52|RSMA_MYCLE,0,0,0,0
sp|Q9CD55|SYM_MYCLE,1,0,0,0
sp|Q9CD56|COAX_MYCLE,0,0,0,0
sp|Q9CD57|PAND_MYCLE,0,1,1,1
sp|Q9CD72|UVRD1_MYCLE,0,0,0,0
sp|Q9CD75|G6PI_MYCLE,0,1,0,0
sp|Q9CD80|LPPX_MYCLE,1,1,1,1
sp|Q9CDA6|AFTA_MYCLE,0,0,0,0
sp|Q9CDC1|SYS_MYCLE,0,0,0,0
sp|Q9CDD2|RRAAH_MYCLE,0,0,0,0
sp|Q9S375|PSA_MYCLE,0,1,0,0
sp|Q9X781|ISPH_MYCLE,0,0,0,0
sp|Q9X794|GLYA_MYCLE,0,0,0,0
sp|Q9X796|TRUA_MYCLE,1,0,0,0
sp|Q9X798|RPOA_MYCLE,0,1,0,0
sp|Q9X7C0|HIS5_MYCLE,0,0,1,0
sp|Q9X7C2|HIS6_MYCLE,0,1,0,0
sp|Q9X7C3|HIS3_MYCLE,0,1,0,0
sp|Q9X7C5|TRPE_MYCLE,1,0,0,0
sp|Q9X7E5|SYI_MYCLE,1,1,0,1
sp|Q9X7E6|ASPG_MYCLE,0,0,1,0
sp|Q9X7E7|LSPA_MYCLE,0,0,0,0
sp|Q9X7F1|ILVA_MYCLE,0,1,0,0
sp|Q9Z5G7|MPRB_MYCLE,1,0,0,0
sp|Q9Z5H5|PUR9_MYCLE,0,1,0,0
sp|Q9Z5H8|SUCC_MYCLE,0,0,0,0
sp|Q9Z5I7|SYP_MYCLE,0,0,0,0
sp|Q9ZBE0|PUP_MYCLE,0,1,1,1
sp|Q9ZBL0|THIC_MYCLE,0,0,0,0
sp|Q9ZBL1|THID_MYCLE,1,0,0,0
sp|Q9ZBL2|THIG_MYCLE,1,1,1,1
sp|Q9ZBL5|THIE_MYCLE,0,1,0,0
sp|O05668|Y1370_MYCLE,0,1,0,0
sp|O05678|3MGH_MYCLE,1,1,1,1
sp|O05755|PURS_MYCLE,0,0,1,0
sp|O06079|MMPLB_MYCLE,0,0,0,0
sp|O07134|MENA_MYCLE,1,0,0,0
sp|O07137|ECHA8_MYCLE,0,0,0,0
sp|O07708|ORN_MYCLE,1,0,0,0
sp|O08361|PUR7_MYCLE,0,0,0,0
sp|O32881|SSRP_MYCLE,0,0,0,0
sp|O32882|FTSX_MYCLE,0,0,0,0
sp|O32885|RF2_MYCLE,1,0,1,1
sp|O32886|FPRA_MYCLE,0,0,0,0
sp|O32920|GCSH_MYCLE,1,0,1,1
sp|O32953|COBT_MYCLE,1,1,0,1
sp|O32955|GCST_MYCLE,1,1,0,1
sp|O32965|Y855_MYCLE,0,1,0,0
sp|O32967|RS15_MYCLE,0,0,0,0
sp|O32982|RL4_MYCLE,1,1,1,1
sp|O32983|RL23_MYCLE,1,1,0,1
sp|O32984|RL2_MYCLE,1,1,1,1
sp|O32985|RS19_MYCLE,1,1,0,1
sp|O32986|RL22_MYCLE,0,1,1,1
sp|O32987|RS3_MYCLE,1,1,1,1
sp|O32988|RL16_MYCLE,1,1,0,1
sp|O32989|RL29_MYCLE,0,0,0,0
sp|O32990|RS17_MYCLE,0,1,1,1
sp|O32993|RL14_MYCLE,0,0,0,0
sp|O32994|RL24_MYCLE,0,1,0,0
sp|O32995|RL5_MYCLE,1,0,0,0
sp|O32996|RS14Z_MYCLE,0,0,0,0
sp|O32997|RS8_MYCLE,0,1,1,1
sp|O32998|RL6_MYCLE,0,1,1,1
sp|O32999|RL18_MYCLE,0,0,0,0
sp|O33000|RS5_MYCLE,1,0,1,1
sp|O33001|RL30_MYCLE,1,1,1,1
sp|O33002|RL15_MYCLE,1,1,0,1
sp|O33006|SECY_MYCLE,0,0,0,0
sp|O33010|FTSY_MYCLE,0,0,1,0
sp|O33011|Y1624_MYCLE,1,1,0,1
sp|O33012|HTPG_MYCLE,0,0,0,0
sp|O33014|RS16_MYCLE,1,1,1,1
sp|O33015|KHPA_MYCLE,1,1,0,1
sp|O33016|RIMM_MYCLE,0,0,0,0
sp|O33017|TRMD_MYCLE,0,0,0,0
sp|O33020|RL19_MYCLE,0,0,0,0
sp|O33021|LEP_MYCLE,1,1,1,1
sp|O33038|RS2_MYCLE,0,1,0,0
sp|O33039|EFTS_MYCLE,0,0,0,0
sp|O33040|AMI3_MYCLE,1,0,1,1
sp|O33046|RRF_MYCLE,1,0,1,1
sp|O33057|Y2143_MYCLE,0,0,0,0
sp|O33071|PRRB_MYCLE,0,0,0,0
sp|O33084|ESXB_MYCLE,0,0,1,0
sp|O33089|ECCA1_MYCLE,0,0,0,0
sp|O33095|ETFB_MYCLE,1,1,0,1
sp|O33096|ETFA_MYCLE,0,0,1,0
sp|O33104|GATC_MYCLE,0,0,0,0
sp|O33105|GATA_MYCLE,1,0,1,1
sp|O33107|GATB_MYCLE,0,0,0,0
sp|O33124|LEUD_MYCLE,1,0,0,0
sp|O33128|FBID_MYCLE,1,1,1,1
sp|O33132|RS20_MYCLE,0,1,1,1
sp|O53125|RS18_MYCLE,1,0,0,0
sp|O69462|Y1669_MYCLE,0,0,0,0
sp|O69475|ACPM_MYCLE,0,0,0,0
sp|O69497|GABD1_MYCLE,0,0,0,0
sp|O69519|Y2330_MYCLE,0,1,0,0
sp|O69520|RECR_MYCLE,0,0,0,0
sp|O69538|TILS_MYCLE,0,0,0,0
sp|O69561|MRAZ_MYCLE,0,0,0,0
sp|O69581|TRPD_MYCLE,0,0,0,0
sp|O69582|COX3_MYCLE,0,0,0,0
sp|P0A5H7|IF1_MYCLE,1,0,0,0
sp|P0C0X2|DHPS2_MYCLE,0,1,0,0
sp|P12809|18KD_MYCLE,0,0,0,0
sp|P13367|SODM_MYCLE,1,0,1,1
sp|P24428|CLPC_MYCLE,0,0,0,0
sp|P30762|RL3_MYCLE,0,1,0,0
sp|P30763|RL7_MYCLE,0,1,1,1
sp|P30764|RS7_MYCLE,0,1,0,0
sp|P30765|RS10_MYCLE,0,0,0,0
sp|P30767|EFG_MYCLE,0,0,0,0
sp|P30769|MKL_MYCLE,0,0,0,0
sp|P37859|RECX_MYCLE,0,0,0,0
sp|P38014|RL13_MYCLE,0,0,1,0
sp|P38388|SECG_MYCLE,0,0,1,0
sp|P40828|RS9_MYCLE,0,0,0,0
sp|P41484|PRA_MYCLE,1,0,1,1
sp|P45824|ATPG_MYCLE,0,0,0,0
sp|P45827|ATPF_MYCLE,0,0,0,0
sp|P45829|ATP6_MYCLE,0,0,0,0
sp|P45831|TSAC_MYCLE,0,0,0,0
sp|P45833|RF1_MYCLE,1,0,0,0
sp|P45834|RL31_MYCLE,0,1,0,0
sp|P45840|SYR_MYCLE,0,0,0,0
sp|P46385|RL9_MYCLE,0,0,0,0
sp|P46386|RL34_MYCLE,0,1,0,0
sp|P46387|DPO3B_MYCLE,0,1,0,0
sp|P46388|DNAA_MYCLE,0,0,0,0
sp|P46389|RS6_MYCLE,0,0,0,0
sp|P46390|SSB_MYCLE,1,1,1,1
sp|P46391|RECF_MYCLE,0,0,0,0
sp|P46610|RNPA_MYCLE,1,0,0,0
sp|P46696|SYH_MYCLE,0,0,0,0
sp|P46697|PPIB_MYCLE,1,1,1,1
sp|P46700|THT2_MYCLE,1,1,1,1
sp|P46702|PURE_MYCLE,0,0,1,0
sp|P46703|ACDP_MYCLE,0,0,0,0
sp|P46705|MURI_MYCLE,1,0,1,1
sp|P46707|FADA4_MYCLE,0,0,0,0
sp|P46710|CAPP_MYCLE,0,0,0,0
sp|P46712|PGK_MYCLE,1,0,0,0
sp|P46725|P5CR_MYCLE,0,0,0,0
sp|P46808|GREA_MYCLE,1,1,1,1
sp|P46813|SUHB_MYCLE,0,1,1,1
sp|P46836|RS1_MYCLE,0,0,0,0
sp|P46838|AG45_MYCLE,1,0,0,0
sp|P50917|MDH_MYCLE,0,0,0,0
sp|P52678|OXYR_MYCLE,0,0,0,0
sp|P53423|CLPS_MYCLE,0,0,0,0
sp|P53425|Y1167_MYCLE,1,1,1,1
sp|P53435|GLPD_MYCLE,0,0,0,0
sp|P53524|NUCS_MYCLE,0,0,0,0
sp|P53526|ECH12_MYCLE,0,0,0,0
sp|P54075|PAFC_MYCLE,0,0,0,0
sp|P54078|TATC_MYCLE,0,0,0,0
sp|P54079|TATA_MYCLE,0,0,0,0
sp|P54134|LPRD_MYCLE,0,0,0,0
sp|P54200|FAD21_MYCLE,1,1,1,1
sp|P54882|PPX1_MYCLE,0,1,0,0
sp|P54884|REGX3_MYCLE,0,0,0,0
sp|P57992|ARGR_MYCLE,1,1,1,1
sp|P68998|RL28_MYCLE,0,1,0,0
sp|Q05868|MPT51_MYCLE,1,1,1,1
sp|Q07297|SRA_MYCLE,1,1,1,1
sp|Q49619|MMPLA_MYCLE,0,0,0,0
sp|Q49646|Y489_MYCLE,1,1,1,1
sp|Q49647|YAJC_MYCLE,0,0,0,0
sp|Q49649|Y493_MYCLE,1,1,1,1
sp|Q49670|NTPP_MYCLE,1,1,0,1
sp|Q49689|Y593_MYCLE,1,1,0,1
sp|Q49690|CSD2_MYCLE,0,0,0,0
sp|Q49700|6PGL_MYCLE,0,0,0,0
sp|Q49721|Y388_MYCLE,0,0,0,0
sp|Q49736|Y392_MYCLE,0,0,0,0
sp|Q49751|PHOL_MYCLE,0,0,0,0
sp|Q49752|YBEY_MYCLE,0,0,0,0
tr|Q49765|Q49765_MYCLE,0,0,0,0
sp|Q49771|MTB12_MYCLE,1,1,1,1
sp|Q49786|HIS2_MYCLE,1,0,1,1
sp|Q49803|LPPK_MYCLE,1,1,1,1
sp|Q49823|Y2424_MYCLE,0,0,0,0
sp|Q49844|NRDR_MYCLE,0,0,0,0
sp|Q49857|Y378_MYCLE,0,1,0,0
sp|Q49864|TSAE_MYCLE,0,0,0,0
tr|Q49865|Q49865_MYCLE,0,1,1,1
tr|Q49871|Q49871_MYCLE,0,0,0,0
sp|Q49884|DER_MYCLE,0,0,0,0
sp|Q49890|XERD_MYCLE,0,0,0,0
sp|Q49894|MCTB_MYCLE,1,1,1,1
sp|Q49896|RECN_MYCLE,0,1,0,0
sp|Q49929|Y2348_MYCLE,0,0,0,0
sp|Q50008|CGOX_MYCLE,0,0,0,0
sp|Q50022|APEB_MYCLE,0,0,0,0
sp|Q50025|CPSY_MYCLE,0,0,0,0
tr|Q50043|Q50043_MYCLE,1,1,1,1
sp|Q50047|PHOU1_MYCLE,0,0,0,0
sp|Q50049|DUS_MYCLE,0,0,0,0
sp|Q50097|PSTA_MYCLE,1,0,0,0
sp|Q50098|PSTC_MYCLE,0,0,0,0
sp|Q50103|MNTH_MYCLE,0,0,0,0
sp|Q50130|ECHA6_MYCLE,0,0,0,0
sp|Q50136|PRRA_MYCLE,0,0,0,0
sp|Q50173|PIT_MYCLE,1,0,0,0
sp|Q50192|SYL_MYCLE,0,0,0,0
sp|Q50201|PARB_MYCLE,0,0,0,0
sp|Q50203|RSMG_MYCLE,0,0,0,0
sp|Q50205|YIDC_MYCLE,0,0,0,0
sp|Q50206|ESXA_MYCLE,0,0,0,0
tr|Q7APS3|Q7APS3_MYCLE,1,0,0,0
tr|Q7APV3|Q7APV3_MYCLE,1,0,0,0
tr|Q7APX1|Q7APX1_MYCLE,1,1,1,1
tr|Q7APY1|Q7APY1_MYCLE,1,1,1,1
tr|Q7APY8|Q7APY8_MYCLE,0,0,0,0
tr|Q7APZ1|Q7APZ1_MYCLE,1,1,1,1
tr|Q7APZ2|Q7APZ2_MYCLE,1,0,0,0
tr|Q7APZ7|Q7APZ7_MYCLE,1,0,1,1
tr|Q7AQ10|Q7AQ10_MYCLE,0,0,1,0
tr|Q7AQ18|Q7AQ18_MYCLE,0,0,0,0
tr|Q7AQ21|Q7AQ21_MYCLE,1,0,1,1
tr|Q7AQ49|Q7AQ49_MYCLE,0,0,0,0
tr|Q7AQ69|Q7AQ69_MYCLE,1,1,0,1
tr|Q7AQ71|Q7AQ71_MYCLE,1,0,0,0
tr|Q7AQ82|Q7AQ82_MYCLE,1,0,0,0
tr|Q7AQ83|Q7AQ83_MYCLE,1,1,1,1
tr|Q7AQ93|Q7AQ93_MYCLE,1,1,1,1
tr|Q7AQ98|Q7AQ98_MYCLE,0,0,0,0
tr|Q7AQB1|Q7AQB1_MYCLE,1,1,1,1
tr|Q7AQC0|Q7AQC0_MYCLE,1,0,0,0
tr|Q7AQC4|Q7AQC4_MYCLE,0,0,0,0
tr|Q7AQD3|Q7AQD3_MYCLE,1,0,0,0
tr|Q7AQD4|Q7AQD4_MYCLE,0,0,0,0
tr|Q7AQD5|Q7AQD5_MYCLE,0,0,0,0
tr|Q7AQE7|Q7AQE7_MYCLE,1,1,1,1
tr|Q7AQF4|Q7AQF4_MYCLE,1,0,1,1
tr|Q7AQF9|Q7AQF9_MYCLE,0,0,0,0
tr|Q7AQG5|Q7AQG5_MYCLE,0,0,0,0
tr|Q7AQG7|Q7AQG7_MYCLE,0,1,1,1
tr|Q7AQH9|Q7AQH9_MYCLE,0,0,0,0
tr|Q7AQK8|Q7AQK8_MYCLE,0,0,0,0
tr|Q7AQM7|Q7AQM7_MYCLE,1,0,1,1
tr|Q7AQM8|Q7AQM8_MYCLE,0,0,0,0
tr|Q7AQM9|Q7AQM9_MYCLE,1,0,1,1
tr|Q7AQP4|Q7AQP4_MYCLE,1,1,1,1
tr|Q9CB18|Q9CB18_MYCLE,1,0,0,0
sp|Q9CB23|GRPE_MYCLE,1,1,1,1
sp|Q9CB28|PYRE_MYCLE,0,0,0,0
tr|Q9CB32|Q9CB32_MYCLE,1,0,1,1
sp|Q9CB42|HBHA_MYCLE,1,1,1,1
tr|Q9CB65|Q9CB65_MYCLE,0,1,1,1
tr|Q9CB85|Q9CB85_MYCLE,1,1,1,1
tr|Q9CB86|Q9CB86_MYCLE,0,0,1,0
tr|Q9CB94|Q9CB94_MYCLE,0,1,1,1
sp|Q9CBA4|HTPX_MYCLE,0,0,0,0
tr|Q9CBC1|Q9CBC1_MYCLE,0,0,0,0
tr|Q9CBC2|Q9CBC2_MYCLE,0,0,0,0
sp|Q9CBC6|NBLIK_MYCLE,1,1,1,1
sp|Q9CBC9|MSHD_MYCLE,0,0,0,0
tr|Q9CBD3|Q9CBD3_MYCLE,0,1,1,1
sp|Q9CBD6|KDC_MYCLE,0,0,0,0
tr|Q9CBD8|Q9CBD8_MYCLE,0,1,0,0
tr|Q9CBE0|Q9CBE0_MYCLE,0,0,0,0
sp|Q9CBE5|PSTS3_MYCLE,1,1,1,1
tr|Q9CBF8|Q9CBF8_MYCLE,1,1,0,1
sp|Q9CBG0|Y2020_MYCLE,0,1,0,0
tr|Q9CBH7|Q9CBH7_MYCLE,0,0,0,0
sp|Q9CBI2|DEF_MYCLE,1,1,1,1
tr|Q9CBJ1|Q9CBJ1_MYCLE,0,0,0,0
sp|Q9CBJ5|RL332_MYCLE,0,0,0,0
sp|Q9CBK0|NUSG_MYCLE,1,0,1,1
sp|Q9CBK1|RL11_MYCLE,0,1,0,0
sp|Q9CBK2|RL1_MYCLE,0,1,1,1
sp|Q9CBK7|RL10_MYCLE,0,1,0,0
sp|Q9CBL9|Y1808_MYCLE,0,0,0,0
tr|Q9CBM1|Q9CBM1_MYCLE,0,0,0,0
tr|Q9CBM6|Q9CBM6_MYCLE,0,1,0,0
tr|Q9CBN8|Q9CBN8_MYCLE,0,0,0,0
sp|Q9CBP1|MMR_MYCLE,1,0,0,0
tr|Q9CBP2|Q9CBP2_MYCLE,1,1,0,1
sp|Q9CBP9|NRDI_MYCLE,1,0,0,0
tr|Q9CBQ6|Q9CBQ6_MYCLE,0,0,0,0
sp|Q9CBS3|UNG_MYCLE,0,0,0,0
tr|Q9CBS8|Q9CBS8_MYCLE,1,0,1,1
tr|Q9CBV3|Q9CBV3_MYCLE,1,1,1,1
tr|Q9CBV6|Q9CBV6_MYCLE,0,1,1,1
tr|Q9CBW5|Q9CBW5_MYCLE,0,0,1,0
sp|Q9CBX1|PHS_MYCLE,1,0,0,0
sp|Q9CBX4|MSHB_MYCLE,1,0,0,0
tr|Q9CBX7|Q9CBX7_MYCLE,1,1,1,1
tr|Q9CBX8|Q9CBX8_MYCLE,1,0,0,0
tr|Q9CBX9|Q9CBX9_MYCLE,0,0,0,0
sp|Q9CBY4|CLPP2_MYCLE,0,0,0,0
sp|Q9CBY6|CLPX_MYCLE,0,0,0,0
sp|Q9CBZ2|RL21_MYCLE,0,0,0,0
sp|Q9CBZ3|RL27_MYCLE,1,1,1,1
sp|Q9CBZ7|PROA_MYCLE,1,1,0,1
sp|Q9CBZ8|NADD_MYCLE,0,0,0,0
tr|Q9CBZ9|Q9CBZ9_MYCLE,0,0,0,0
tr|Q9CC01|Q9CC01_MYCLE,0,1,0,0
tr|Q9CC05|Q9CC05_MYCLE,0,0,0,0
sp|Q9CC08|CDH_MYCLE,0,1,0,0
sp|Q9CC09|ARLY_MYCLE,0,1,0,0
sp|Q9CC10|ASSY_MYCLE,0,0,0,0
sp|Q9CC20|RL20_MYCLE,0,0,0,0
sp|Q9CC21|RL35_MYCLE,0,0,0,0
sp|Q9CC22|IF3_MYCLE,0,0,0,0
tr|Q9CC49|Q9CC49_MYCLE,0,0,0,0
sp|Q9CC52|LGT_MYCLE,0,0,0,0
sp|Q9CC53|TRPA_MYCLE,1,0,1,1
sp|Q9CC54|TRPB_MYCLE,0,0,0,0
sp|Q9CC91|UDGB_MYCLE,1,1,1,1
tr|Q9CCA0|Q9CCA0_MYCLE,0,1,0,0
tr|Q9CCA4|Q9CCA4_MYCLE,0,0,1,0
sp|Q9CCA7|Y1075_MYCLE,1,1,1,1
sp|Q9CCB5|IDER_MYCLE,0,0,0,0
tr|Q9CCC0|Q9CCC0_MYCLE,0,0,0,0
tr|Q9CCD8|Q9CCD8_MYCLE,1,1,0,1
sp|Q9CCE1|SEPF_MYCLE,1,0,0,0
sp|Q9CCE2|PLPHP_MYCLE,0,1,1,1
sp|Q9CCE4|FTSZ_MYCLE,1,1,1,1
tr|Q9CCE5|Q9CCE5_MYCLE,0,0,0,0
tr|Q9CCE7|Q9CCE7_MYCLE,0,0,0,0
sp|Q9CCF0|COX4_MYCLE,0,0,0,0
tr|Q9CCF2|Q9CCF2_MYCLE,0,0,0,0
sp|Q9CCF6|Y869_MYCLE,0,1,0,0
sp|Q9CCG3|DGTL1_MYCLE,0,0,0,0
tr|Q9CCH3|Q9CCH3_MYCLE,1,1,1,1
tr|Q9CCH5|Q9CCH5_MYCLE,0,1,0,0
tr|Q9CCH7|Q9CCH7_MYCLE,1,1,1,1
tr|Q9CCI2|Q9CCI2_MYCLE,0,1,0,0
tr|Q9CCI7|Q9CCI7_MYCLE,0,1,0,0
sp|Q9CCJ0|LPQB_MYCLE,1,1,1,1
sp|Q9CCJ1|MTRB_MYCLE,0,0,0,0
sp|Q9CCJ2|MTRA_MYCLE,0,0,0,0
tr|Q9CCJ3|Q9CCJ3_MYCLE,0,1,0,0
tr|Q9CCJ5|Q9CCJ5_MYCLE,0,1,1,1
tr|Q9CCK0|Q9CCK0_MYCLE,0,0,1,0
tr|Q9CCK8|Q9CCK8_MYCLE,1,0,1,1
tr|Q9CCM0|Q9CCM0_MYCLE,0,0,0,0
tr|Q9CCM2|Q9CCM2_MYCLE,1,1,1,1
tr|Q9CCM7|Q9CCM7_MYCLE,0,1,1,1
sp|Q9CCN0|RECO_MYCLE,0,0,0,0
tr|Q9CCN1|Q9CCN1_MYCLE,0,0,0,0
sp|Q9CCN2|HRCA_MYCLE,0,0,0,0
sp|Q9CCN8|WHIA_MYCLE,0,0,0,0
sp|Q9CCN9|GNGF_MYCLE,1,1,1,1
sp|Q9CCP0|Y563_MYCLE,0,0,0,0
sp|Q9CCP1|UVRC_MYCLE,0,0,0,0
sp|Q9CCP7|MFS55_MYCLE,0,0,0,0
sp|Q9CCQ0|FMT_MYCLE,0,1,0,0
sp|Q9CCQ6|RPOZ_MYCLE,0,0,0,0
sp|Q9CCQ7|KGUA_MYCLE,0,0,0,0
sp|Q9CCR1|PYRF_MYCLE,0,1,1,1
sp|Q9CCR4|PYRC_MYCLE,1,0,0,0
sp|Q9CCR5|PYRB_MYCLE,0,0,0,0
sp|Q9CCR9|NUSB_MYCLE,1,0,0,0
sp|Q9CCS0|EFP_MYCLE,0,1,0,0
tr|Q9CCS8|Q9CCS8_MYCLE,1,1,1,1
sp|Q9CCS9|YQGF_MYCLE,1,0,0,0
tr|Q9CCU7|Q9CCU7_MYCLE,0,0,0,0
sp|Q9CCW2|PXPA_MYCLE,0,0,0,0
sp|Q9CCW4|Y324_MYCLE,1,1,0,1
sp|Q9CCW6|ISPD_MYCLE,0,0,0,0
tr|Q9CCY4|Q9CCY4_MYCLE,1,1,1,1
sp|Q9CCZ3|MSRA_MYCLE,0,1,1,1
sp|Q9CCZ4|Y2640_MYCLE,0,0,0,0
tr|Q9CCZ7|Q9CCZ7_MYCLE,0,0,1,0
tr|Q9CCZ8|Q9CCZ8_MYCLE,1,0,0,0
sp|Q9CD28|ECCA3_MYCLE,0,0,0,0
tr|Q9CD43|Q9CD43_MYCLE,0,0,0,0
sp|Q9CD48|RL25_MYCLE,0,0,1,0
sp|Q9CD49|PTH_MYCLE,1,1,1,1
tr|Q9CD53|Q9CD53_MYCLE,0,0,0,0
tr|Q9CD60|Q9CD60_MYCLE,0,0,0,0
tr|Q9CD61|Q9CD61_MYCLE,0,0,0,0
sp|Q9CD68|MPRA_MYCLE,0,0,0,0
sp|Q9CD69|RL32_MYCLE,0,0,0,0
sp|Q9CD83|PHBS_MYCLE,0,0,0,0
sp|Q9CD85|PHKR_MYCLE,1,0,0,0
sp|Q9CD86|PHMT_MYCLE,1,0,0,0
sp|Q9CD87|TAER_MYCLE,1,1,0,1
sp|Q9CD89|RNMT_MYCLE,1,0,0,0
sp|Q9CD99|BPA_MYCLE,1,0,0,0
sp|Q9CDA3|AGBR_MYCLE,1,0,0,0
sp|Q9CDA7|EMBC_MYCLE,1,0,0,0
sp|Q9CDA8|EMBA_MYCLE,0,0,0,0
sp|Q9CDA9|EMBB_MYCLE,0,0,0,0
sp|Q9CDC4|PHEA_MYCLE,1,1,1,1
tr|Q9CDD5|Q9CDD5_MYCLE,0,1,0,0
sp|Q9CDE7|CRGA_MYCLE,0,0,0,0
sp|Q9CDE9|PPIA_MYCLE,1,1,1,1
sp|Q9X783|EX7L_MYCLE,0,0,0,0
sp|Q9X784|EX7S_MYCLE,1,0,0,0
sp|Q9X795|COAA_MYCLE,0,0,0,0
sp|Q9X797|RL17_MYCLE,1,1,1,1
sp|Q9X799|RS4_MYCLE,0,0,0,0
sp|Q9X7A0|RS11_MYCLE,1,1,1,1
sp|Q9X7A1|RS13_MYCLE,0,1,0,0
sp|Q9X7A2|RL36_MYCLE,0,0,0,0
sp|Q9X7B0|PLSB_MYCLE,0,0,0,0
sp|Q9X7B8|HIS8_MYCLE,0,1,0,0
sp|Q9X7B9|HIS7_MYCLE,0,0,0,0
sp|Q9X7C7|TRPC_MYCLE,0,0,0,0
sp|Q9X7E3|ACPS_MYCLE,1,0,1,1
sp|Q9X7F0|DPO3A_MYCLE,0,0,0,0
sp|Q9Z5G4|MSCL_MYCLE,0,0,0,0
sp|Q9Z5I4|TRUB_MYCLE,0,1,0,0
sp|Q9Z5I8|RBFA_MYCLE,1,1,1,1
sp|Q9Z5I9|IF2_MYCLE,1,1,1,1
sp|Q9Z5J1|NUSA_MYCLE,0,1,1,1
sp|Q9Z5J2|RIMP_MYCLE,0,0,0,0
sp|Q9Z5K4|TESA_MYCLE,1,0,1,1
sp|Q9ZBD8|HELY_MYCLE,0,1,0,0
sp|Q9ZBM2|PSS_MYCLE,0,0,0,0
sp|O06091|Y2630_MYCLE,1,1,1,1
sp|O32870|Y007_MYCLE,1,0,1,1
sp|O32871|Y030_MYCLE,1,0,1,1
sp|O32960|Y860_MYCLE,0,0,1,0
sp|O33024|Y1607_MYCLE,0,0,0,0
sp|O33060|Y2140_MYCLE,0,0,0,0
sp|O33075|PR28_MYCLE,1,1,1,1
sp|O69468|Y1660_MYCLE,1,0,1,1
sp|O69481|GCH1L_MYCLE,0,0,0,0
sp|O69492|Y2584_MYCLE,1,1,0,1
sp|O69601|Y287_MYCLE,0,0,0,0
sp|P0A5D0|Y2428_MYCLE,0,0,0,0
sp|P13733|Y1796_MYCLE,0,0,0,0
sp|P19361|28KD_MYCLE,1,1,1,1
sp|P49774|YHI1_MYCLE,0,0,0,0
sp|P50474|Y1173_MYCLE,1,1,1,1
sp|P53424|Y1166_MYCLE,0,0,0,0
sp|P53426|Y1171_MYCLE,0,0,0,0
sp|P53431|Y1138_MYCLE,1,0,0,0
sp|P53432|Y1147_MYCLE,0,0,0,0
sp|P53525|Y1998_MYCLE,0,0,0,0
sp|P54076|PAFB_MYCLE,0,1,0,0
sp|P54133|Y1176_MYCLE,1,0,0,0
sp|P54139|Y2442_MYCLE,0,0,0,0
sp|P54579|Y2435_MYCLE,0,0,0,0
sp|P54580|Y2433_MYCLE,0,0,0,0
sp|P54581|Y2432_MYCLE,1,0,0,0
sp|P54878|Y2427_MYCLE,0,1,0,0
sp|P54879|Y2425_MYCLE,0,0,0,0
sp|P54880|MMPS4_MYCLE,0,0,0,0
sp|P54881|MMPL4_MYCLE,1,0,0,0
sp|Q49616|Y1221_MYCLE,0,0,1,0
tr|Q49618|Q49618_MYCLE,0,0,1,0
tr|Q49624|Q49624_MYCLE,0,1,0,0
sp|Q49626|Y1222_MYCLE,0,0,0,0
tr|Q49630|Q49630_MYCLE,1,0,0,0
sp|Q49642|Y467_MYCLE,0,0,1,0
sp|Q49645|Y475_MYCLE,0,0,0,0
tr|Q49657|Q49657_MYCLE,0,0,0,0
sp|Q49682|Y594_MYCLE,1,1,0,1
tr|Q49722|Q49722_MYCLE,1,1,1,1
sp|Q49723|Y406_MYCLE,1,1,1,1
tr|Q49724|Q49724_MYCLE,1,0,1,1
tr|Q49730|Q49730_MYCLE,0,0,0,0
tr|Q49738|Q49738_MYCLE,0,1,0,0
sp|Q49741|Y393_MYCLE,1,1,0,1
sp|Q49742|Y386_MYCLE,0,0,0,0
tr|Q49746|Q49746_MYCLE,0,1,1,1
sp|Q49755|Y605_MYCLE,0,1,0,0
sp|Q49757|Y607_MYCLE,1,1,0,1
sp|Q49760|Y614_MYCLE,0,0,1,0
tr|Q49767|Q49767_MYCLE,1,0,1,1
sp|Q49769|Y638_MYCLE,1,1,1,1
tr|Q49770|Q49770_MYCLE,0,0,0,0
tr|Q49877|Q49877_MYCLE,1,0,0,0
tr|Q49933|Q49933_MYCLE,0,1,0,0
tr|Q49934|Q49934_MYCLE,0,1,0,0
tr|Q49935|Q49935_MYCLE,0,0,0,0
tr|Q49938|Q49938_MYCLE,0,0,0,0
tr|Q49942|Q49942_MYCLE,0,0,0,0
sp|Q49945|ES6LY_MYCLE,1,1,0,1
sp|Q49946|ES6LX_MYCLE,1,0,0,0
tr|Q50121|Q50121_MYCLE,1,0,1,1
tr|Q50123|Q50123_MYCLE,0,0,0,0
sp|Q50191|Y028_MYCLE,0,0,0,0
sp|Q57240|Y396_MYCLE,0,0,0,0
tr|Q59531|Q59531_MYCLE,0,0,0,0
tr|Q7APR5|Q7APR5_MYCLE,0,0,1,0
tr|Q7APR6|Q7APR6_MYCLE,0,0,0,0
tr|Q7APR7|Q7APR7_MYCLE,0,1,1,1
tr|Q7APR8|Q7APR8_MYCLE,1,0,0,0
tr|Q7APR9|Q7APR9_MYCLE,0,0,0,0
tr|Q7APS0|Q7APS0_MYCLE,0,0,0,0
tr|Q7APS1|Q7APS1_MYCLE,1,1,1,1
tr|Q7APS2|Q7APS2_MYCLE,0,0,0,0
tr|Q7APS4|Q7APS4_MYCLE,1,0,0,0
tr|Q7APS5|Q7APS5_MYCLE,1,0,0,0
tr|Q7APS6|Q7APS6_MYCLE,0,0,0,0
tr|Q7APS7|Q7APS7_MYCLE,1,1,0,1
tr|Q7APS8|Q7APS8_MYCLE,0,0,0,0
tr|Q7APS9|Q7APS9_MYCLE,1,1,0,1
tr|Q7APT0|Q7APT0_MYCLE,0,0,0,0
tr|Q7APT1|Q7APT1_MYCLE,1,0,0,0
tr|Q7APT2|Q7APT2_MYCLE,1,1,1,1
tr|Q7APT3|Q7APT3_MYCLE,0,0,0,0
tr|Q7APT4|Q7APT4_MYCLE,1,0,0,0
tr|Q7APT5|Q7APT5_MYCLE,0,0,0,0
tr|Q7APT7|Q7APT7_MYCLE,1,1,0,1
tr|Q7APT8|Q7APT8_MYCLE,0,0,0,0
tr|Q7APU0|Q7APU0_MYCLE,1,0,1,1
tr|Q7APU1|Q7APU1_MYCLE,1,0,0,0
tr|Q7APU2|Q7APU2_MYCLE,1,1,0,1
tr|Q7APU3|Q7APU3_MYCLE,0,1,1,1
tr|Q7APU4|Q7APU4_MYCLE,0,0,0,0
tr|Q7APU5|Q7APU5_MYCLE,0,0,0,0
tr|Q7APU6|Q7APU6_MYCLE,1,0,0,0
tr|Q7APU8|Q7APU8_MYCLE,0,0,0,0
tr|Q7APU9|Q7APU9_MYCLE,1,0,0,0
tr|Q7APV0|Q7APV0_MYCLE,1,0,1,1
tr|Q7APV1|Q7APV1_MYCLE,0,0,0,0
tr|Q7APV2|Q7APV2_MYCLE,0,0,0,0
tr|Q7APV4|Q7APV4_MYCLE,0,0,0,0
tr|Q7APV5|Q7APV5_MYCLE,1,0,0,0
tr|Q7APV7|Q7APV7_MYCLE,0,1,0,0
tr|Q7APV8|Q7APV8_MYCLE,0,1,0,0
tr|Q7APV9|Q7APV9_MYCLE,0,1,0,0
tr|Q7APW0|Q7APW0_MYCLE,1,0,0,0
tr|Q7APW1|Q7APW1_MYCLE,0,0,0,0
tr|Q7APW3|Q7APW3_MYCLE,1,1,0,1
tr|Q7APW4|Q7APW4_MYCLE,0,0,0,0
tr|Q7APW7|Q7APW7_MYCLE,0,0,0,0
tr|Q7APW9|Q7APW9_MYCLE,1,1,1,1
tr|Q7APX0|Q7APX0_MYCLE,0,0,0,0
tr|Q7APX2|Q7APX2_MYCLE,0,1,1,1
tr|Q7APX3|Q7APX3_MYCLE,1,0,0,0
tr|Q7APX4|Q7APX4_MYCLE,0,1,0,0
tr|Q7APX5|Q7APX5_MYCLE,1,1,0,1
tr|Q7APX7|Q7APX7_MYCLE,1,0,1,1
tr|Q7APX8|Q7APX8_MYCLE,0,0,1,0
tr|Q7APX9|Q7APX9_MYCLE,1,1,1,1
tr|Q7APY0|Q7APY0_MYCLE,0,0,0,0
tr|Q7APY2|Q7APY2_MYCLE,0,0,1,0
tr|Q7APY3|Q7APY3_MYCLE,0,0,0,0
tr|Q7APY4|Q7APY4_MYCLE,0,1,1,1
tr|Q7APY5|Q7APY5_MYCLE,0,0,0,0
tr|Q7APY6|Q7APY6_MYCLE,1,0,0,0
tr|Q7APY7|Q7APY7_MYCLE,0,1,0,0
tr|Q7APY9|Q7APY9_MYCLE,0,0,0,0
tr|Q7APZ0|Q7APZ0_MYCLE,0,0,0,0
tr|Q7APZ3|Q7APZ3_MYCLE,1,0,1,1
tr|Q7APZ4|Q7APZ4_MYCLE,1,1,1,1
tr|Q7APZ5|Q7APZ5_MYCLE,1,0,0,0
tr|Q7APZ6|Q7APZ6_MYCLE,1,1,1,1
tr|Q7APZ8|Q7APZ8_MYCLE,0,0,0,0
tr|Q7APZ9|Q7APZ9_MYCLE,0,0,0,0
tr|Q7AQ00|Q7AQ00_MYCLE,1,1,1,1
tr|Q7AQ01|Q7AQ01_MYCLE,0,1,0,0
tr|Q7AQ02|Q7AQ02_MYCLE,1,1,1,1
tr|Q7AQ03|Q7AQ03_MYCLE,0,0,0,0
tr|Q7AQ04|Q7AQ04_MYCLE,1,0,1,1
tr|Q7AQ05|Q7AQ05_MYCLE,0,1,1,1
tr|Q7AQ06|Q7AQ06_MYCLE,1,1,1,1
tr|Q7AQ07|Q7AQ07_MYCLE,0,0,0,0
tr|Q7AQ08|Q7AQ08_MYCLE,0,1,0,0
tr|Q7AQ09|Q7AQ09_MYCLE,0,1,1,1
tr|Q7AQ11|Q7AQ11_MYCLE,0,0,0,0
tr|Q7AQ12|Q7AQ12_MYCLE,0,0,0,0
tr|Q7AQ13|Q7AQ13_MYCLE,1,1,1,1
tr|Q7AQ15|Q7AQ15_MYCLE,1,1,1,1
tr|Q7AQ16|Q7AQ16_MYCLE,1,0,1,1
tr|Q7AQ17|Q7AQ17_MYCLE,0,0,0,0
tr|Q7AQ19|Q7AQ19_MYCLE,0,0,1,0
tr|Q7AQ20|Q7AQ20_MYCLE,1,0,1,1
tr|Q7AQ23|Q7AQ23_MYCLE,1,1,1,1
tr|Q7AQ24|Q7AQ24_MYCLE,0,0,0,0
tr|Q7AQ25|Q7AQ25_MYCLE,0,0,0,0
tr|Q7AQ26|Q7AQ26_MYCLE,1,1,1,1
tr|Q7AQ27|Q7AQ27_MYCLE,0,0,0,0
tr|Q7AQ28|Q7AQ28_MYCLE,0,1,1,1
tr|Q7AQ31|Q7AQ31_MYCLE,1,0,0,0
tr|Q7AQ32|Q7AQ32_MYCLE,1,1,0,1
tr|Q7AQ33|Q7AQ33_MYCLE,0,0,0,0
tr|Q7AQ34|Q7AQ34_MYCLE,0,0,0,0
tr|Q7AQ35|Q7AQ35_MYCLE,0,0,0,0
tr|Q7AQ36|Q7AQ36_MYCLE,0,0,0,0
tr|Q7AQ37|Q7AQ37_MYCLE,0,0,0,0
tr|Q7AQ38|Q7AQ38_MYCLE,1,0,0,0
tr|Q7AQ39|Q7AQ39_MYCLE,1,0,1,1
tr|Q7AQ40|Q7AQ40_MYCLE,0,0,0,0
tr|Q7AQ41|Q7AQ41_MYCLE,1,1,1,1
tr|Q7AQ42|Q7AQ42_MYCLE,1,1,1,1
tr|Q7AQ43|Q7AQ43_MYCLE,0,0,1,0
tr|Q7AQ44|Q7AQ44_MYCLE,0,1,0,0
tr|Q7AQ45|Q7AQ45_MYCLE,1,1,0,1
tr|Q7AQ46|Q7AQ46_MYCLE,0,1,1,1
tr|Q7AQ47|Q7AQ47_MYCLE,0,1,0,0
tr|Q7AQ48|Q7AQ48_MYCLE,0,0,0,0
tr|Q7AQ50|Q7AQ50_MYCLE,1,1,1,1
tr|Q7AQ51|Q7AQ51_MYCLE,0,1,1,1
tr|Q7AQ52|Q7AQ52_MYCLE,1,0,0,0
tr|Q7AQ53|Q7AQ53_MYCLE,0,0,0,0
tr|Q7AQ54|Q7AQ54_MYCLE,0,1,0,0
tr|Q7AQ55|Q7AQ55_MYCLE,0,0,0,0
tr|Q7AQ56|Q7AQ56_MYCLE,0,0,0,0
tr|Q7AQ57|Q7AQ57_MYCLE,0,1,0,0
tr|Q7AQ58|Q7AQ58_MYCLE,0,0,0,0
tr|Q7AQ59|Q7AQ59_MYCLE,0,0,0,0
tr|Q7AQ60|Q7AQ60_MYCLE,0,0,0,0
tr|Q7AQ61|Q7AQ61_MYCLE,0,0,0,0
tr|Q7AQ62|Q7AQ62_MYCLE,1,0,1,1
tr|Q7AQ63|Q7AQ63_MYCLE,1,1,1,1
tr|Q7AQ64|Q7AQ64_MYCLE,0,0,0,0
tr|Q7AQ65|Q7AQ65_MYCLE,1,1,1,1
tr|Q7AQ70|Q7AQ70_MYCLE,0,0,0,0
tr|Q7AQ72|Q7AQ72_MYCLE,0,0,0,0
tr|Q7AQ73|Q7AQ73_MYCLE,0,0,0,0
tr|Q7AQ74|Q7AQ74_MYCLE,0,0,0,0
tr|Q7AQ75|Q7AQ75_MYCLE,0,0,0,0
tr|Q7AQ76|Q7AQ76_MYCLE,0,1,0,0
tr|Q7AQ77|Q7AQ77_MYCLE,1,0,1,1
tr|Q7AQ78|Q7AQ78_MYCLE,1,1,1,1
tr|Q7AQ79|Q7AQ79_MYCLE,0,0,0,0
tr|Q7AQ81|Q7AQ81_MYCLE,0,0,0,0
tr|Q7AQ84|Q7AQ84_MYCLE,0,0,0,0
tr|Q7AQ85|Q7AQ85_MYCLE,0,1,0,0
tr|Q7AQ86|Q7AQ86_MYCLE,0,1,1,1
tr|Q7AQ87|Q7AQ87_MYCLE,1,1,0,1
tr|Q7AQ88|Q7AQ88_MYCLE,0,1,1,1
tr|Q7AQ89|Q7AQ89_MYCLE,1,1,1,1
tr|Q7AQ90|Q7AQ90_MYCLE,0,0,0,0
tr|Q7AQ91|Q7AQ91_MYCLE,1,0,0,0
tr|Q7AQ92|Q7AQ92_MYCLE,0,0,0,0
tr|Q7AQ94|Q7AQ94_MYCLE,0,0,0,0
tr|Q7AQ95|Q7AQ95_MYCLE,1,0,1,1
tr|Q7AQ96|Q7AQ96_MYCLE,1,0,0,0
tr|Q7AQ97|Q7AQ97_MYCLE,0,0,1,0
tr|Q7AQA0|Q7AQA0_MYCLE,1,1,1,1
tr|Q7AQA2|Q7AQA2_MYCLE,0,1,0,0
tr|Q7AQA3|Q7AQA3_MYCLE,1,1,0,1
tr|Q7AQA4|Q7AQA4_MYCLE,0,0,0,0
tr|Q7AQA5|Q7AQA5_MYCLE,0,0,0,0
tr|Q7AQA6|Q7AQA6_MYCLE,1,1,1,1
tr|Q7AQA7|Q7AQA7_MYCLE,0,0,1,0
tr|Q7AQA8|Q7AQA8_MYCLE,0,0,0,0
tr|Q7AQA9|Q7AQA9_MYCLE,0,0,0,0
tr|Q7AQB0|Q7AQB0_MYCLE,1,1,1,1
tr|Q7AQB2|Q7AQB2_MYCLE,0,0,0,0
tr|Q7AQB3|Q7AQB3_MYCLE,0,0,1,0
tr|Q7AQB4|Q7AQB4_MYCLE,0,0,0,0
tr|Q7AQB5|Q7AQB5_MYCLE,1,0,0,0
tr|Q7AQB6|Q7AQB6_MYCLE,1,1,1,1
tr|Q7AQB7|Q7AQB7_MYCLE,1,1,1,1
tr|Q7AQB8|Q7AQB8_MYCLE,0,0,0,0
tr|Q7AQB9|Q7AQB9_MYCLE,1,1,1,1
tr|Q7AQC1|Q7AQC1_MYCLE,0,0,0,0
tr|Q7AQC2|Q7AQC2_MYCLE,1,1,1,1
tr|Q7AQC3|Q7AQC3_MYCLE,1,1,1,1
tr|Q7AQC5|Q7AQC5_MYCLE,0,1,1,1
tr|Q7AQC6|Q7AQC6_MYCLE,1,0,1,1
tr|Q7AQC7|Q7AQC7_MYCLE,1,1,0,1
tr|Q7AQC8|Q7AQC8_MYCLE,0,0,1,0
tr|Q7AQC9|Q7AQC9_MYCLE,1,0,0,0
tr|Q7AQD0|Q7AQD0_MYCLE,1,0,1,1
tr|Q7AQD1|Q7AQD1_MYCLE,1,0,0,0
tr|Q7AQD2|Q7AQD2_MYCLE,1,0,1,1
tr|Q7AQD6|Q7AQD6_MYCLE,0,0,0,0
tr|Q7AQD7|Q7AQD7_MYCLE,1,1,1,1
tr|Q7AQD8|Q7AQD8_MYCLE,1,0,1,1
tr|Q7AQD9|Q7AQD9_MYCLE,0,0,0,0
tr|Q7AQE0|Q7AQE0_MYCLE,0,0,0,0
tr|Q7AQE1|Q7AQE1_MYCLE,0,0,0,0
tr|Q7AQE2|Q7AQE2_MYCLE,0,0,0,0
tr|Q7AQE3|Q7AQE3_MYCLE,1,1,1,1
tr|Q7AQE5|Q7AQE5_MYCLE,1,1,1,1
tr|Q7AQE6|Q7AQE6_MYCLE,0,0,0,0
tr|Q7AQE8|Q7AQE8_MYCLE,1,0,0,0
tr|Q7AQF0|Q7AQF0_MYCLE,0,0,0,0
tr|Q7AQF1|Q7AQF1_MYCLE,0,1,0,0
tr|Q7AQF2|Q7AQF2_MYCLE,0,0,0,0
tr|Q7AQF3|Q7AQF3_MYCLE,1,1,1,1
tr|Q7AQF5|Q7AQF5_MYCLE,1,1,1,1
tr|Q7AQF6|Q7AQF6_MYCLE,0,0,0,0
tr|Q7AQF7|Q7AQF7_MYCLE,1,1,1,1
tr|Q7AQF8|Q7AQF8_MYCLE,0,0,0,0
tr|Q7AQG0|Q7AQG0_MYCLE,0,0,0,0
tr|Q7AQG1|Q7AQG1_MYCLE,0,0,0,0
tr|Q7AQG2|Q7AQG2_MYCLE,0,0,0,0
tr|Q7AQG3|Q7AQG3_MYCLE,1,0,1,1
tr|Q7AQG6|Q7AQG6_MYCLE,1,0,0,0
tr|Q7AQG8|Q7AQG8_MYCLE,0,1,0,0
tr|Q7AQG9|Q7AQG9_MYCLE,0,0,0,0
tr|Q7AQH0|Q7AQH0_MYCLE,1,0,1,1
tr|Q7AQH1|Q7AQH1_MYCLE,0,0,0,0
tr|Q7AQH2|Q7AQH2_MYCLE,0,1,0,0
tr|Q7AQH3|Q7AQH3_MYCLE,1,1,1,1
tr|Q7AQH4|Q7AQH4_MYCLE,0,0,0,0
tr|Q7AQH5|Q7AQH5_MYCLE,0,0,0,0
tr|Q7AQH6|Q7AQH6_MYCLE,0,0,0,0
tr|Q7AQH7|Q7AQH7_MYCLE,0,0,0,0
tr|Q7AQH8|Q7AQH8_MYCLE,0,0,0,0
tr|Q7AQI0|Q7AQI0_MYCLE,0,0,0,0
tr|Q7AQI1|Q7AQI1_MYCLE,1,0,1,1
tr|Q7AQI2|Q7AQI2_MYCLE,0,0,0,0
tr|Q7AQI3|Q7AQI3_MYCLE,1,0,0,0
tr|Q7AQI4|Q7AQI4_MYCLE,0,0,0,0
tr|Q7AQI5|Q7AQI5_MYCLE,0,0,1,0
tr|Q7AQI6|Q7AQI6_MYCLE,1,0,1,1
tr|Q7AQI7|Q7AQI7_MYCLE,0,0,0,0
tr|Q7AQI8|Q7AQI8_MYCLE,0,0,0,0
tr|Q7AQJ0|Q7AQJ0_MYCLE,0,0,0,0
tr|Q7AQJ1|Q7AQJ1_MYCLE,0,0,0,0
tr|Q7AQJ2|Q7AQJ2_MYCLE,1,1,1,1
tr|Q7AQJ3|Q7AQJ3_MYCLE,0,1,0,0
tr|Q7AQJ4|Q7AQJ4_MYCLE,1,1,0,1
tr|Q7AQJ5|Q7AQJ5_MYCLE,1,0,1,1
tr|Q7AQJ6|Q7AQJ6_MYCLE,0,0,0,0
tr|Q7AQJ7|Q7AQJ7_MYCLE,1,0,0,0
tr|Q7AQJ8|Q7AQJ8_MYCLE,1,1,0,1
tr|Q7AQJ9|Q7AQJ9_MYCLE,1,1,1,1
tr|Q7AQK0|Q7AQK0_MYCLE,0,0,0,0
tr|Q7AQK1|Q7AQK1_MYCLE,0,1,0,0
tr|Q7AQK2|Q7AQK2_MYCLE,1,0,1,1
tr|Q7AQK3|Q7AQK3_MYCLE,1,1,1,1
tr|Q7AQK4|Q7AQK4_MYCLE,0,1,1,1
tr|Q7AQK5|Q7AQK5_MYCLE,0,0,0,0
tr|Q7AQK6|Q7AQK6_MYCLE,0,0,1,0
tr|Q7AQK7|Q7AQK7_MYCLE,0,0,0,0
tr|Q7AQK9|Q7AQK9_MYCLE,0,0,0,0
tr|Q7AQL0|Q7AQL0_MYCLE,0,0,0,0
tr|Q7AQL1|Q7AQL1_MYCLE,0,1,0,0
tr|Q7AQL2|Q7AQL2_MYCLE,0,0,0,0
tr|Q7AQL3|Q7AQL3_MYCLE,1,1,1,1
tr|Q7AQL4|Q7AQL4_MYCLE,0,0,0,0
tr|Q7AQL5|Q7AQL5_MYCLE,1,1,1,1
tr|Q7AQL6|Q7AQL6_MYCLE,1,0,1,1
tr|Q7AQL7|Q7AQL7_MYCLE,0,0,0,0
tr|Q7AQL8|Q7AQL8_MYCLE,0,0,0,0
tr|Q7AQL9|Q7AQL9_MYCLE,0,0,0,0
tr|Q7AQM0|Q7AQM0_MYCLE,1,0,1,1
tr|Q7AQM1|Q7AQM1_MYCLE,0,0,0,0
tr|Q7AQM2|Q7AQM2_MYCLE,0,1,0,0
tr|Q7AQM3|Q7AQM3_MYCLE,0,0,0,0
tr|Q7AQM4|Q7AQM4_MYCLE,1,0,1,1
tr|Q7AQM5|Q7AQM5_MYCLE,1,1,1,1
tr|Q7AQM6|Q7AQM6_MYCLE,0,0,0,0
tr|Q7AQN0|Q7AQN0_MYCLE,1,0,1,1
tr|Q7AQN2|Q7AQN2_MYCLE,0,1,1,1
tr|Q7AQN3|Q7AQN3_MYCLE,0,1,0,0
tr|Q7AQN5|Q7AQN5_MYCLE,0,0,0,0
tr|Q7AQN7|Q7AQN7_MYCLE,0,0,0,0
tr|Q7AQN8|Q7AQN8_MYCLE,0,0,0,0
tr|Q7AQN9|Q7AQN9_MYCLE,0,1,1,1
tr|Q7AQP0|Q7AQP0_MYCLE,1,1,1,1
tr|Q7AQP1|Q7AQP1_MYCLE,1,1,1,1
tr|Q7AQP2|Q7AQP2_MYCLE,0,0,1,0
tr|Q7AQP3|Q7AQP3_MYCLE,0,0,0,0
tr|Q7AQP5|Q7AQP5_MYCLE,0,0,0,0
tr|Q7AQP6|Q7AQP6_MYCLE,0,0,0,0
tr|Q9CB19|Q9CB19_MYCLE,0,0,0,0
tr|Q9CB20|Q9CB20_MYCLE,0,0,0,0
tr|Q9CB21|Q9CB21_MYCLE,0,1,1,1
tr|Q9CB22|Q9CB22_MYCLE,0,0,0,0
tr|Q9CB24|Q9CB24_MYCLE,0,0,0,0
tr|Q9CB25|Q9CB25_MYCLE,1,1,1,1
tr|Q9CB27|Q9CB27_MYCLE,0,1,1,1
tr|Q9CB29|Q9CB29_MYCLE,0,1,1,1
tr|Q9CB30|Q9CB30_MYCLE,1,0,1,1
tr|Q9CB31|Q9CB31_MYCLE,1,0,1,1
tr|Q9CB33|Q9CB33_MYCLE,1,0,0,0
tr|Q9CB34|Q9CB34_MYCLE,1,1,1,1
tr|Q9CB35|Q9CB35_MYCLE,1,1,0,1
tr|Q9CB37|Q9CB37_MYCLE,0,0,0,0
tr|Q9CB38|Q9CB38_MYCLE,0,0,0,0
tr|Q9CB39|Q9CB39_MYCLE,0,1,0,0
tr|Q9CB40|Q9CB40_MYCLE,0,0,0,0
tr|Q9CB41|Q9CB41_MYCLE,0,0,0,0
sp|Q9CB43|Y2453_MYCLE,1,0,1,1
sp|Q9CB44|Y2452_MYCLE,1,0,1,1
tr|Q9CB46|Q9CB46_MYCLE,0,1,1,1
tr|Q9CB47|Q9CB47_MYCLE,1,1,1,1
tr|Q9CB49|Q9CB49_MYCLE,1,1,1,1
tr|Q9CB57|Q9CB57_MYCLE,0,0,1,0
tr|Q9CB60|Q9CB60_MYCLE,1,1,1,1
tr|Q9CB61|Q9CB61_MYCLE,0,0,0,0
tr|Q9CB62|Q9CB62_MYCLE,1,0,0,0
tr|Q9CB63|Q9CB63_MYCLE,0,0,0,0
tr|Q9CB64|Q9CB64_MYCLE,0,0,0,0
tr|Q9CB66|Q9CB66_MYCLE,1,1,0,1
tr|Q9CB67|Q9CB67_MYCLE,1,1,1,1
tr|Q9CB68|Q9CB68_MYCLE,0,1,0,0
tr|Q9CB69|Q9CB69_MYCLE,0,0,0,0
tr|Q9CB70|Q9CB70_MYCLE,0,1,0,0
tr|Q9CB71|Q9CB71_MYCLE,0,0,0,0
tr|Q9CB72|Q9CB72_MYCLE,0,0,0,0
tr|Q9CB73|Q9CB73_MYCLE,0,1,1,1
tr|Q9CB74|Q9CB74_MYCLE,0,0,0,0
tr|Q9CB75|Q9CB75_MYCLE,1,1,1,1
tr|Q9CB79|Q9CB79_MYCLE,1,1,1,1
tr|Q9CB80|Q9CB80_MYCLE,1,1,1,1
tr|Q9CB82|Q9CB82_MYCLE,0,0,1,0
tr|Q9CB83|Q9CB83_MYCLE,1,1,1,1
tr|Q9CB84|Q9CB84_MYCLE,0,1,1,1
tr|Q9CB87|Q9CB87_MYCLE,0,0,0,0
tr|Q9CB88|Q9CB88_MYCLE,0,1,0,0
tr|Q9CB89|Q9CB89_MYCLE,1,1,1,1
tr|Q9CB90|Q9CB90_MYCLE,0,0,0,0
tr|Q9CB91|Q9CB91_MYCLE,0,0,0,0
tr|Q9CB93|Q9CB93_MYCLE,1,0,0,0
tr|Q9CB95|Q9CB95_MYCLE,1,0,1,1
tr|Q9CB96|Q9CB96_MYCLE,1,0,0,0
tr|Q9CB97|Q9CB97_MYCLE,1,0,0,0
tr|Q9CB98|Q9CB98_MYCLE,1,1,1,1
tr|Q9CB99|Q9CB99_MYCLE,0,0,1,0
tr|Q9CBA0|Q9CBA0_MYCLE,0,0,1,0
tr|Q9CBA1|Q9CBA1_MYCLE,1,1,1,1
tr|Q9CBA2|Q9CBA2_MYCLE,0,0,0,0
tr|Q9CBA3|Q9CBA3_MYCLE,0,0,0,0
tr|Q9CBA5|Q9CBA5_MYCLE,0,0,0,0
tr|Q9CBA6|Q9CBA6_MYCLE,1,1,1,1
tr|Q9CBA7|Q9CBA7_MYCLE,0,0,0,0
tr|Q9CBA9|Q9CBA9_MYCLE,1,0,0,0
tr|Q9CBB1|Q9CBB1_MYCLE,0,0,0,0
tr|Q9CBB3|Q9CBB3_MYCLE,1,0,1,1
tr|Q9CBB4|Q9CBB4_MYCLE,1,1,1,1
tr|Q9CBB6|Q9CBB6_MYCLE,0,0,0,0
tr|Q9CBB7|Q9CBB7_MYCLE,0,0,0,0
tr|Q9CBB8|Q9CBB8_MYCLE,1,1,1,1
tr|Q9CBB9|Q9CBB9_MYCLE,1,1,0,1
tr|Q9CBC0|Q9CBC0_MYCLE,0,1,0,0
tr|Q9CBC3|Q9CBC3_MYCLE,1,0,1,1
tr|Q9CBC4|Q9CBC4_MYCLE,0,1,0,0
tr|Q9CBC5|Q9CBC5_MYCLE,0,0,0,0
tr|Q9CBC7|Q9CBC7_MYCLE,1,1,0,1
tr|Q9CBC8|Q9CBC8_MYCLE,0,1,0,0
tr|Q9CBD0|Q9CBD0_MYCLE,0,0,0,0
tr|Q9CBD1|Q9CBD1_MYCLE,0,0,1,0
tr|Q9CBD2|Q9CBD2_MYCLE,0,0,0,0
tr|Q9CBD4|Q9CBD4_MYCLE,1,1,1,1
tr|Q9CBD5|Q9CBD5_MYCLE,0,1,0,0
tr|Q9CBD7|Q9CBD7_MYCLE,0,1,0,0
tr|Q9CBD9|Q9CBD9_MYCLE,0,0,1,0
tr|Q9CBE1|Q9CBE1_MYCLE,0,1,0,0
tr|Q9CBE2|Q9CBE2_MYCLE,1,0,1,1
tr|Q9CBE3|Q9CBE3_MYCLE,0,0,1,0
tr|Q9CBE6|Q9CBE6_MYCLE,0,0,1,0
tr|Q9CBE7|Q9CBE7_MYCLE,0,0,0,0
tr|Q9CBE8|Q9CBE8_MYCLE,1,1,1,1
tr|Q9CBF0|Q9CBF0_MYCLE,0,0,1,0
tr|Q9CBF1|Q9CBF1_MYCLE,1,1,0,1
tr|Q9CBF2|Q9CBF2_MYCLE,0,0,0,0
tr|Q9CBF3|Q9CBF3_MYCLE,0,0,0,0
tr|Q9CBF4|Q9CBF4_MYCLE,1,0,0,0
tr|Q9CBF5|Q9CBF5_MYCLE,0,1,0,0
tr|Q9CBF6|Q9CBF6_MYCLE,1,1,1,1
tr|Q9CBF7|Q9CBF7_MYCLE,0,0,1,0
tr|Q9CBF9|Q9CBF9_MYCLE,0,0,0,0
tr|Q9CBG1|Q9CBG1_MYCLE,0,0,0,0
tr|Q9CBG2|Q9CBG2_MYCLE,0,0,0,0
tr|Q9CBG3|Q9CBG3_MYCLE,1,1,0,1
tr|Q9CBG4|Q9CBG4_MYCLE,1,0,1,1
tr|Q9CBG5|Q9CBG5_MYCLE,1,1,1,1
tr|Q9CBG6|Q9CBG6_MYCLE,0,0,0,0
tr|Q9CBG7|Q9CBG7_MYCLE,1,1,1,1
tr|Q9CBG8|Q9CBG8_MYCLE,0,0,0,0
tr|Q9CBH1|Q9CBH1_MYCLE,1,0,1,1
tr|Q9CBH2|Q9CBH2_MYCLE,0,0,0,0
tr|Q9CBH3|Q9CBH3_MYCLE,1,0,0,0
tr|Q9CBH4|Q9CBH4_MYCLE,0,0,0,0
tr|Q9CBH5|Q9CBH5_MYCLE,0,0,0,0
tr|Q9CBH6|Q9CBH6_MYCLE,0,0,0,0
tr|Q9CBH8|Q9CBH8_MYCLE,1,0,0,0
tr|Q9CBI0|Q9CBI0_MYCLE,0,0,0,0
tr|Q9CBI1|Q9CBI1_MYCLE,0,1,1,1
tr|Q9CBI3|Q9CBI3_MYCLE,0,0,0,0
tr|Q9CBI4|Q9CBI4_MYCLE,0,0,0,0
tr|Q9CBI5|Q9CBI5_MYCLE,1,1,1,1
tr|Q9CBI7|Q9CBI7_MYCLE,1,1,1,1
tr|Q9CBI8|Q9CBI8_MYCLE,0,0,1,0
tr|Q9CBI9|Q9CBI9_MYCLE,1,0,0,0
tr|Q9CBJ0|Q9CBJ0_MYCLE,1,1,1,1
tr|Q9CBJ2|Q9CBJ2_MYCLE,1,1,1,1
tr|Q9CBJ3|Q9CBJ3_MYCLE,0,0,1,0
tr|Q9CBJ4|Q9CBJ4_MYCLE,0,0,0,0
sp|Q9CBJ6|Y1910_MYCLE,1,0,0,0
tr|Q9CBJ7|Q9CBJ7_MYCLE,1,1,0,1
sp|Q9CBJ8|Y1908_MYCLE,1,1,0,1
tr|Q9CBK3|Q9CBK3_MYCLE,1,0,1,1
tr|Q9CBK4|Q9CBK4_MYCLE,0,0,0,0
tr|Q9CBK5|Q9CBK5_MYCLE,1,0,0,0
tr|Q9CBK6|Q9CBK6_MYCLE,0,0,0,0
tr|Q9CBK9|Q9CBK9_MYCLE,1,1,1,1
tr|Q9CBL0|Q9CBL0_MYCLE,1,1,1,1
tr|Q9CBL1|Q9CBL1_MYCLE,1,0,0,0
tr|Q9CBL2|Q9CBL2_MYCLE,0,1,1,1
tr|Q9CBL4|Q9CBL4_MYCLE,0,0,0,0
tr|Q9CBL5|Q9CBL5_MYCLE,1,1,1,1
tr|Q9CBL6|Q9CBL6_MYCLE,1,1,1,1
tr|Q9CBL7|Q9CBL7_MYCLE,0,0,0,0
tr|Q9CBL8|Q9CBL8_MYCLE,0,0,0,0
tr|Q9CBM0|Q9CBM0_MYCLE,1,0,1,1
sp|Q9CBM3|Y1804_MYCLE,0,0,0,0
tr|Q9CBM4|Q9CBM4_MYCLE,0,0,0,0
tr|Q9CBM5|Q9CBM5_MYCLE,0,0,0,0
tr|Q9CBM7|Q9CBM7_MYCLE,0,0,0,0
tr|Q9CBM8|Q9CBM8_MYCLE,0,0,0,0
tr|Q9CBN0|Q9CBN0_MYCLE,1,1,1,1
tr|Q9CBN1|Q9CBN1_MYCLE,1,0,0,0
tr|Q9CBN2|Q9CBN2_MYCLE,0,1,0,0
tr|Q9CBN3|Q9CBN3_MYCLE,0,0,0,0
tr|Q9CBN4|Q9CBN4_MYCLE,0,0,0,0
tr|Q9CBN5|Q9CBN5_MYCLE,0,1,1,1
tr|Q9CBN6|Q9CBN6_MYCLE,1,0,0,0
tr|Q9CBN7|Q9CBN7_MYCLE,0,0,0,0
tr|Q9CBN9|Q9CBN9_MYCLE,1,0,0,0
tr|Q9CBP0|Q9CBP0_MYCLE,1,0,0,0
tr|Q9CBP3|Q9CBP3_MYCLE,0,0,0,0
tr|Q9CBP4|Q9CBP4_MYCLE,0,0,0,0
tr|Q9CBP5|Q9CBP5_MYCLE,0,0,0,0
tr|Q9CBP6|Q9CBP6_MYCLE,0,0,0,0
tr|Q9CBP7|Q9CBP7_MYCLE,0,0,0,0
tr|Q9CBP8|Q9CBP8_MYCLE,0,1,0,0
tr|Q9CBQ1|Q9CBQ1_MYCLE,0,0,0,0
tr|Q9CBQ3|Q9CBQ3_MYCLE,0,1,0,0
tr|Q9CBQ4|Q9CBQ4_MYCLE,1,1,1,1
tr|Q9CBQ7|Q9CBQ7_MYCLE,0,0,0,0
tr|Q9CBQ8|Q9CBQ8_MYCLE,0,0,0,0
tr|Q9CBQ9|Q9CBQ9_MYCLE,1,0,0,0
tr|Q9CBR0|Q9CBR0_MYCLE,1,1,1,1
tr|Q9CBR1|Q9CBR1_MYCLE,0,0,0,0
tr|Q9CBR2|Q9CBR2_MYCLE,1,0,1,1
tr|Q9CBR3|Q9CBR3_MYCLE,0,1,0,0
tr|Q9CBR4|Q9CBR4_MYCLE,0,0,0,0
tr|Q9CBR5|Q9CBR5_MYCLE,0,1,0,0
tr|Q9CBR6|Q9CBR6_MYCLE,1,0,1,1
tr|Q9CBR7|Q9CBR7_MYCLE,0,0,0,0
tr|Q9CBR8|Q9CBR8_MYCLE,0,0,0,0
tr|Q9CBS1|Q9CBS1_MYCLE,0,1,0,0
tr|Q9CBS4|Q9CBS4_MYCLE,1,0,0,0
tr|Q9CBS5|Q9CBS5_MYCLE,1,0,0,0
sp|Q9CBS6|Y1661_MYCLE,1,1,0,1
sp|Q9CBS9|Y1638_MYCLE,0,0,0,0
tr|Q9CBT1|Q9CBT1_MYCLE,1,1,1,1
tr|Q9CBT2|Q9CBT2_MYCLE,1,1,1,1
tr|Q9CBT3|Q9CBT3_MYCLE,1,0,0,0
tr|Q9CBT6|Q9CBT6_MYCLE,0,1,1,1
tr|Q9CBT7|Q9CBT7_MYCLE,0,0,0,0
tr|Q9CBT8|Q9CBT8_MYCLE,0,0,1,0
tr|Q9CBT9|Q9CBT9_MYCLE,0,0,0,0
sp|Q9CBU2|Y1584_MYCLE,0,0,0,0
tr|Q9CBU6|Q9CBU6_MYCLE,1,1,1,1
tr|Q9CBU8|Q9CBU8_MYCLE,0,0,0,0
tr|Q9CBU9|Q9CBU9_MYCLE,0,1,1,1
tr|Q9CBV0|Q9CBV0_MYCLE,1,1,1,1
tr|Q9CBV2|Q9CBV2_MYCLE,1,0,0,0
tr|Q9CBV4|Q9CBV4_MYCLE,0,1,0,0
tr|Q9CBV5|Q9CBV5_MYCLE,0,0,0,0
tr|Q9CBV7|Q9CBV7_MYCLE,0,0,0,0
tr|Q9CBV8|Q9CBV8_MYCLE,1,0,1,1
tr|Q9CBV9|Q9CBV9_MYCLE,0,0,0,0
tr|Q9CBW2|Q9CBW2_MYCLE,1,0,0,0
tr|Q9CBW7|Q9CBW7_MYCLE,1,1,1,1
tr|Q9CBW8|Q9CBW8_MYCLE,1,0,1,1
tr|Q9CBW9|Q9CBW9_MYCLE,1,1,1,1
tr|Q9CBX0|Q9CBX0_MYCLE,0,0,0,0
tr|Q9CBX3|Q9CBX3_MYCLE,1,1,1,1
tr|Q9CBX5|Q9CBX5_MYCLE,0,0,1,0
tr|Q9CBY0|Q9CBY0_MYCLE,0,0,0,0
tr|Q9CBY5|Q9CBY5_MYCLE,0,0,0,0
tr|Q9CBY8|Q9CBY8_MYCLE,0,0,0,0
tr|Q9CBY9|Q9CBY9_MYCLE,1,0,1,1
tr|Q9CBZ1|Q9CBZ1_MYCLE,0,1,1,1
tr|Q9CC00|Q9CC00_MYCLE,0,0,1,0
tr|Q9CC02|Q9CC02_MYCLE,1,1,0,1
tr|Q9CC03|Q9CC03_MYCLE,1,0,0,0
tr|Q9CC04|Q9CC04_MYCLE,1,0,1,1
tr|Q9CC06|Q9CC06_MYCLE,1,0,0,0
tr|Q9CC07|Q9CC07_MYCLE,1,0,0,0
tr|Q9CC18|Q9CC18_MYCLE,0,0,0,0
tr|Q9CC19|Q9CC19_MYCLE,1,0,0,0
tr|Q9CC25|Q9CC25_MYCLE,1,1,1,1
tr|Q9CC26|Q9CC26_MYCLE,0,0,1,0
tr|Q9CC27|Q9CC27_MYCLE,0,0,0,0
tr|Q9CC28|Q9CC28_MYCLE,0,1,0,0
tr|Q9CC29|Q9CC29_MYCLE,0,1,0,0
tr|Q9CC30|Q9CC30_MYCLE,0,0,0,0
tr|Q9CC31|Q9CC31_MYCLE,0,1,1,1
tr|Q9CC33|Q9CC33_MYCLE,0,0,0,0
tr|Q9CC34|Q9CC34_MYCLE,0,0,0,0
tr|Q9CC35|Q9CC35_MYCLE,1,0,1,1
tr|Q9CC38|Q9CC38_MYCLE,1,0,0,0
tr|Q9CC40|Q9CC40_MYCLE,0,0,0,0
tr|Q9CC41|Q9CC41_MYCLE,0,1,1,1
tr|Q9CC43|Q9CC43_MYCLE,0,0,0,0
tr|Q9CC44|Q9CC44_MYCLE,0,1,0,0
tr|Q9CC45|Q9CC45_MYCLE,1,1,1,1
tr|Q9CC46|Q9CC46_MYCLE,0,0,0,0
tr|Q9CC47|Q9CC47_MYCLE,1,0,1,1
tr|Q9CC48|Q9CC48_MYCLE,0,0,0,0
tr|Q9CC50|Q9CC50_MYCLE,0,0,0,0
tr|Q9CC51|Q9CC51_MYCLE,1,0,1,1
tr|Q9CC55|Q9CC55_MYCLE,0,0,0,0
tr|Q9CC58|Q9CC58_MYCLE,1,0,1,1
tr|Q9CC60|Q9CC60_MYCLE,1,0,1,1
tr|Q9CC62|Q9CC62_MYCLE,1,1,1,1
tr|Q9CC66|Q9CC66_MYCLE,1,0,0,0
tr|Q9CC67|Q9CC67_MYCLE,1,1,1,1
tr|Q9CC68|Q9CC68_MYCLE,0,0,0,0
tr|Q9CC69|Q9CC69_MYCLE,0,0,1,0
tr|Q9CC70|Q9CC70_MYCLE,0,0,1,0
tr|Q9CC71|Q9CC71_MYCLE,1,1,0,1
tr|Q9CC76|Q9CC76_MYCLE,0,1,1,1
tr|Q9CC79|Q9CC79_MYCLE,0,0,0,0
tr|Q9CC80|Q9CC80_MYCLE,0,0,0,0
tr|Q9CC81|Q9CC81_MYCLE,0,0,0,0
tr|Q9CC82|Q9CC82_MYCLE,0,0,1,0
tr|Q9CC83|Q9CC83_MYCLE,0,1,1,1
tr|Q9CC84|Q9CC84_MYCLE,0,0,0,0
sp|Q9CC85|Y1117_MYCLE,0,0,0,0
tr|Q9CC86|Q9CC86_MYCLE,1,0,0,0
sp|Q9CC87|LPRB_MYCLE,1,1,1,1
tr|Q9CC88|Q9CC88_MYCLE,0,0,0,0
tr|Q9CC89|Q9CC89_MYCLE,0,0,0,0
tr|Q9CC90|Q9CC90_MYCLE,1,1,0,1
tr|Q9CC92|Q9CC92_MYCLE,0,1,1,1
tr|Q9CC93|Q9CC93_MYCLE,0,0,0,0
sp|Q9CC94|LPRE_MYCLE,1,1,1,1
tr|Q9CC95|Q9CC95_MYCLE,0,1,0,0
tr|Q9CC96|Q9CC96_MYCLE,1,0,1,1
tr|Q9CC98|Q9CC98_MYCLE,0,0,1,0
tr|Q9CC99|Q9CC99_MYCLE,1,1,1,1
tr|Q9CCA1|Q9CCA1_MYCLE,0,0,0,0
tr|Q9CCA2|Q9CCA2_MYCLE,0,0,0,0
tr|Q9CCA3|Q9CCA3_MYCLE,0,0,0,0
tr|Q9CCA5|Q9CCA5_MYCLE,0,0,1,0
tr|Q9CCA6|Q9CCA6_MYCLE,1,0,1,1
tr|Q9CCA9|Q9CCA9_MYCLE,1,0,0,0
tr|Q9CCB0|Q9CCB0_MYCLE,0,0,0,0
tr|Q9CCB1|Q9CCB1_MYCLE,0,0,0,0
tr|Q9CCB3|Q9CCB3_MYCLE,1,1,1,1
tr|Q9CCB4|Q9CCB4_MYCLE,0,1,0,0
tr|Q9CCB6|Q9CCB6_MYCLE,1,1,1,1
tr|Q9CCB7|Q9CCB7_MYCLE,1,1,1,1
tr|Q9CCB9|Q9CCB9_MYCLE,1,0,1,1
tr|Q9CCC1|Q9CCC1_MYCLE,0,0,1,0
tr|Q9CCC2|Q9CCC2_MYCLE,0,0,0,0
tr|Q9CCC3|Q9CCC3_MYCLE,0,0,0,0
tr|Q9CCC4|Q9CCC4_MYCLE,1,1,1,1
tr|Q9CCC5|Q9CCC5_MYCLE,0,1,0,0
tr|Q9CCC6|Q9CCC6_MYCLE,1,0,0,0
tr|Q9CCC7|Q9CCC7_MYCLE,1,0,1,1
tr|Q9CCC8|Q9CCC8_MYCLE,0,0,0,0
tr|Q9CCC9|Q9CCC9_MYCLE,0,0,1,0
tr|Q9CCD0|Q9CCD0_MYCLE,0,1,1,1
tr|Q9CCD1|Q9CCD1_MYCLE,1,1,1,1
tr|Q9CCD2|Q9CCD2_MYCLE,1,0,1,1
tr|Q9CCD3|Q9CCD3_MYCLE,1,0,0,0
tr|Q9CCD4|Q9CCD4_MYCLE,0,0,0,0
tr|Q9CCD5|Q9CCD5_MYCLE,0,0,1,0
tr|Q9CCD6|Q9CCD6_MYCLE,1,1,1,1
tr|Q9CCD7|Q9CCD7_MYCLE,0,0,0,0
tr|Q9CCD9|Q9CCD9_MYCLE,0,0,1,0
tr|Q9CCE0|Q9CCE0_MYCLE,1,0,0,0
tr|Q9CCE6|Q9CCE6_MYCLE,0,0,0,0
tr|Q9CCE8|Q9CCE8_MYCLE,0,0,0,0
tr|Q9CCE9|Q9CCE9_MYCLE,1,1,1,1
tr|Q9CCF3|Q9CCF3_MYCLE,0,1,0,0
tr|Q9CCF4|Q9CCF4_MYCLE,0,0,0,0
tr|Q9CCF5|Q9CCF5_MYCLE,1,0,0,0
tr|Q9CCF9|Q9CCF9_MYCLE,0,1,0,0
tr|Q9CCG0|Q9CCG0_MYCLE,1,1,0,1
tr|Q9CCG1|Q9CCG1_MYCLE,1,1,0,1
tr|Q9CCG5|Q9CCG5_MYCLE,1,1,1,1
tr|Q9CCG6|Q9CCG6_MYCLE,0,0,0,0
tr|Q9CCG7|Q9CCG7_MYCLE,0,0,0,0
tr|Q9CCG8|Q9CCG8_MYCLE,0,1,0,0
tr|Q9CCG9|Q9CCG9_MYCLE,1,1,1,1
tr|Q9CCH0|Q9CCH0_MYCLE,0,0,0,0
tr|Q9CCH1|Q9CCH1_MYCLE,1,0,1,1
tr|Q9CCH2|Q9CCH2_MYCLE,1,1,1,1
tr|Q9CCH4|Q9CCH4_MYCLE,1,1,1,1
tr|Q9CCH6|Q9CCH6_MYCLE,1,0,0,0
tr|Q9CCH8|Q9CCH8_MYCLE,0,0,0,0
sp|Q9CCH9|BTB7_MYCLE,1,0,1,1
tr|Q9CCI0|Q9CCI0_MYCLE,0,0,0,0
tr|Q9CCI1|Q9CCI1_MYCLE,1,1,0,1
tr|Q9CCI4|Q9CCI4_MYCLE,0,0,0,0
tr|Q9CCI5|Q9CCI5_MYCLE,0,0,1,0
tr|Q9CCI6|Q9CCI6_MYCLE,0,0,0,0
tr|Q9CCI8|Q9CCI8_MYCLE,0,0,0,0
tr|Q9CCI9|Q9CCI9_MYCLE,1,1,1,1
tr|Q9CCJ6|Q9CCJ6_MYCLE,1,0,1,1
tr|Q9CCJ7|Q9CCJ7_MYCLE,0,1,0,0
tr|Q9CCJ8|Q9CCJ8_MYCLE,1,1,1,1
tr|Q9CCJ9|Q9CCJ9_MYCLE,0,0,1,0
tr|Q9CCK3|Q9CCK3_MYCLE,1,1,1,1
tr|Q9CCK4|Q9CCK4_MYCLE,0,0,0,0
tr|Q9CCK5|Q9CCK5_MYCLE,0,0,0,0
tr|Q9CCK6|Q9CCK6_MYCLE,1,1,0,1
tr|Q9CCK7|Q9CCK7_MYCLE,0,0,0,0
tr|Q9CCK9|Q9CCK9_MYCLE,1,1,1,1
tr|Q9CCL0|Q9CCL0_MYCLE,1,1,1,1
tr|Q9CCL2|Q9CCL2_MYCLE,0,0,0,0
tr|Q9CCL3|Q9CCL3_MYCLE,1,1,1,1
tr|Q9CCL4|Q9CCL4_MYCLE,0,0,0,0
tr|Q9CCL5|Q9CCL5_MYCLE,0,1,1,1
tr|Q9CCL6|Q9CCL6_MYCLE,0,0,0,0
tr|Q9CCL7|Q9CCL7_MYCLE,1,1,1,1
tr|Q9CCL8|Q9CCL8_MYCLE,1,0,0,0
tr|Q9CCM3|Q9CCM3_MYCLE,1,0,1,1
tr|Q9CCM4|Q9CCM4_MYCLE,0,0,0,0
tr|Q9CCM5|Q9CCM5_MYCLE,1,0,0,0
sp|Q9CCM6|Y644_MYCLE,1,0,0,0
tr|Q9CCM8|Q9CCM8_MYCLE,0,0,0,0
tr|Q9CCN3|Q9CCN3_MYCLE,1,1,1,1
tr|Q9CCN6|Q9CCN6_MYCLE,1,0,1,1
tr|Q9CCN7|Q9CCN7_MYCLE,1,1,1,1
tr|Q9CCP2|Q9CCP2_MYCLE,0,0,0,0
tr|Q9CCP5|Q9CCP5_MYCLE,0,0,0,0
tr|Q9CCQ1|Q9CCQ1_MYCLE,1,1,0,1
tr|Q9CCQ2|Q9CCQ2_MYCLE,0,0,0,0
tr|Q9CCQ8|Q9CCQ8_MYCLE,0,1,1,1
tr|Q9CCQ9|Q9CCQ9_MYCLE,1,1,1,1
tr|Q9CCR0|Q9CCR0_MYCLE,0,0,1,0
tr|Q9CCR6|Q9CCR6_MYCLE,0,1,0,0
tr|Q9CCR7|Q9CCR7_MYCLE,0,1,1,1
tr|Q9CCR8|Q9CCR8_MYCLE,0,0,0,0
tr|Q9CCS1|Q9CCS1_MYCLE,0,1,0,0
tr|Q9CCS2|Q9CCS2_MYCLE,1,0,0,0
tr|Q9CCS7|Q9CCS7_MYCLE,1,0,1,1
tr|Q9CCT1|Q9CCT1_MYCLE,1,0,0,0
tr|Q9CCT2|Q9CCT2_MYCLE,1,1,1,1
tr|Q9CCT6|Q9CCT6_MYCLE,0,0,0,0
tr|Q9CCT7|Q9CCT7_MYCLE,0,0,0,0
tr|Q9CCT8|Q9CCT8_MYCLE,1,1,1,1
tr|Q9CCT9|Q9CCT9_MYCLE,1,1,0,1
tr|Q9CCU0|Q9CCU0_MYCLE,0,0,0,0
tr|Q9CCU2|Q9CCU2_MYCLE,0,0,0,0
tr|Q9CCU3|Q9CCU3_MYCLE,1,1,1,1
tr|Q9CCU4|Q9CCU4_MYCLE,0,0,0,0
tr|Q9CCU5|Q9CCU5_MYCLE,1,1,1,1
tr|Q9CCU6|Q9CCU6_MYCLE,1,0,0,0
tr|Q9CCU8|Q9CCU8_MYCLE,0,0,0,0
tr|Q9CCV0|Q9CCV0_MYCLE,1,0,0,0
tr|Q9CCV1|Q9CCV1_MYCLE,0,0,1,0
tr|Q9CCV3|Q9CCV3_MYCLE,0,1,0,0
tr|Q9CCV4|Q9CCV4_MYCLE,0,0,0,0
tr|Q9CCV6|Q9CCV6_MYCLE,1,1,1,1
tr|Q9CCV7|Q9CCV7_MYCLE,0,0,0,0
tr|Q9CCV8|Q9CCV8_MYCLE,0,1,0,0
tr|Q9CCV9|Q9CCV9_MYCLE,1,1,1,1
tr|Q9CCW0|Q9CCW0_MYCLE,0,1,0,0
tr|Q9CCW1|Q9CCW1_MYCLE,1,0,1,1
tr|Q9CCW3|Q9CCW3_MYCLE,0,0,1,0
tr|Q9CCW7|Q9CCW7_MYCLE,0,0,0,0
tr|Q9CCW8|Q9CCW8_MYCLE,0,0,0,0
tr|Q9CCX0|Q9CCX0_MYCLE,1,0,0,0
tr|Q9CCX1|Q9CCX1_MYCLE,0,0,1,0
tr|Q9CCX2|Q9CCX2_MYCLE,0,0,0,0
tr|Q9CCX3|Q9CCX3_MYCLE,0,0,0,0
tr|Q9CCX5|Q9CCX5_MYCLE,0,0,0,0
tr|Q9CCX7|Q9CCX7_MYCLE,1,0,0,0
tr|Q9CCX8|Q9CCX8_MYCLE,0,1,0,0
tr|Q9CCX9|Q9CCX9_MYCLE,1,0,0,0
tr|Q9CCY0|Q9CCY0_MYCLE,1,1,1,1
tr|Q9CCY1|Q9CCY1_MYCLE,0,0,0,0
tr|Q9CCY2|Q9CCY2_MYCLE,0,0,0,0
tr|Q9CCY3|Q9CCY3_MYCLE,0,0,0,0
tr|Q9CCY5|Q9CCY5_MYCLE,0,0,0,0
tr|Q9CCY6|Q9CCY6_MYCLE,0,0,0,0
tr|Q9CCY7|Q9CCY7_MYCLE,1,1,0,1
tr|Q9CCY8|Q9CCY8_MYCLE,0,1,0,0
tr|Q9CCY9|Q9CCY9_MYCLE,1,1,1,1
tr|Q9CCZ0|Q9CCZ0_MYCLE,0,0,0,0
tr|Q9CCZ1|Q9CCZ1_MYCLE,0,1,0,0
tr|Q9CCZ2|Q9CCZ2_MYCLE,1,1,1,1
tr|Q9CCZ5|Q9CCZ5_MYCLE,0,1,0,0
tr|Q9CCZ6|Q9CCZ6_MYCLE,0,0,1,0
tr|Q9CD00|Q9CD00_MYCLE,0,0,0,0
tr|Q9CD01|Q9CD01_MYCLE,0,0,0,0
tr|Q9CD02|Q9CD02_MYCLE,1,0,0,0
tr|Q9CD03|Q9CD03_MYCLE,1,0,0,0
tr|Q9CD04|Q9CD04_MYCLE,1,0,0,0
tr|Q9CD05|Q9CD05_MYCLE,1,0,1,1
tr|Q9CD06|Q9CD06_MYCLE,0,0,0,0
tr|Q9CD07|Q9CD07_MYCLE,0,0,0,0
tr|Q9CD08|Q9CD08_MYCLE,0,0,1,0
tr|Q9CD09|Q9CD09_MYCLE,1,0,1,1
tr|Q9CD10|Q9CD10_MYCLE,1,0,1,1
tr|Q9CD11|Q9CD11_MYCLE,0,0,1,0
tr|Q9CD12|Q9CD12_MYCLE,1,1,1,1
tr|Q9CD13|Q9CD13_MYCLE,1,0,0,0
tr|Q9CD14|Q9CD14_MYCLE,0,1,1,1
tr|Q9CD15|Q9CD15_MYCLE,1,0,0,0
tr|Q9CD16|Q9CD16_MYCLE,1,0,1,1
tr|Q9CD17|Q9CD17_MYCLE,0,0,0,0
tr|Q9CD18|Q9CD18_MYCLE,1,1,1,1
tr|Q9CD19|Q9CD19_MYCLE,0,1,0,0
sp|Q9CD20|Y256A_MYCLE,0,0,0,0
tr|Q9CD21|Q9CD21_MYCLE,1,1,1,1
tr|Q9CD22|Q9CD22_MYCLE,1,0,0,0
tr|Q9CD23|Q9CD23_MYCLE,1,1,0,1
tr|Q9CD24|Q9CD24_MYCLE,1,0,0,0
tr|Q9CD25|Q9CD25_MYCLE,1,1,1,1
tr|Q9CD26|Q9CD26_MYCLE,1,0,0,0
tr|Q9CD27|Q9CD27_MYCLE,1,1,0,1
tr|Q9CD29|Q9CD29_MYCLE,1,1,1,1
tr|Q9CD30|Q9CD30_MYCLE,0,0,0,0
tr|Q9CD31|Q9CD31_MYCLE,1,0,1,1
tr|Q9CD32|Q9CD32_MYCLE,0,1,0,0
sp|Q9CD33|ESXR_MYCLE,1,1,1,1
tr|Q9CD34|Q9CD34_MYCLE,0,1,0,0
tr|Q9CD35|Q9CD35_MYCLE,1,0,0,0
tr|Q9CD36|Q9CD36_MYCLE,1,1,1,1
tr|Q9CD37|Q9CD37_MYCLE,1,1,0,1
tr|Q9CD38|Q9CD38_MYCLE,0,1,1,1
tr|Q9CD39|Q9CD39_MYCLE,0,0,1,0
tr|Q9CD40|Q9CD40_MYCLE,1,0,0,0
tr|Q9CD41|Q9CD41_MYCLE,1,1,1,1
tr|Q9CD46|Q9CD46_MYCLE,0,0,0,0
sp|Q9CD47|LPQT_MYCLE,0,0,1,0
tr|Q9CD50|Q9CD50_MYCLE,0,1,0,0
tr|Q9CD54|Q9CD54_MYCLE,0,0,0,0
tr|Q9CD59|Q9CD59_MYCLE,1,1,1,1
tr|Q9CD62|Q9CD62_MYCLE,1,0,1,1
tr|Q9CD63|Q9CD63_MYCLE,0,0,0,0
tr|Q9CD64|Q9CD64_MYCLE,0,0,0,0
tr|Q9CD65|Q9CD65_MYCLE,1,0,0,0
tr|Q9CD66|Q9CD66_MYCLE,0,0,0,0
tr|Q9CD67|Q9CD67_MYCLE,1,1,1,1
tr|Q9CD70|Q9CD70_MYCLE,1,1,1,1
tr|Q9CD71|Q9CD71_MYCLE,1,1,0,1
tr|Q9CD73|Q9CD73_MYCLE,1,0,0,0
tr|Q9CD74|Q9CD74_MYCLE,0,1,0,0
tr|Q9CD76|Q9CD76_MYCLE,0,0,0,0
tr|Q9CD77|Q9CD77_MYCLE,1,1,0,1
tr|Q9CD78|Q9CD78_MYCLE,0,1,0,0
tr|Q9CD79|Q9CD79_MYCLE,1,1,0,1
tr|Q9CD81|Q9CD81_MYCLE,1,1,1,1
tr|Q9CD82|Q9CD82_MYCLE,0,0,0,0
tr|Q9CD84|Q9CD84_MYCLE,0,0,1,0
tr|Q9CD88|Q9CD88_MYCLE,0,0,0,0
tr|Q9CD90|Q9CD90_MYCLE,0,0,0,0
tr|Q9CD91|Q9CD91_MYCLE,0,0,0,0
tr|Q9CD92|Q9CD92_MYCLE,0,0,0,0
tr|Q9CD93|Q9CD93_MYCLE,0,1,0,0
tr|Q9CD94|Q9CD94_MYCLE,0,0,0,0
tr|Q9CD95|Q9CD95_MYCLE,1,0,0,0
tr|Q9CD96|Q9CD96_MYCLE,0,0,1,0
tr|Q9CD97|Q9CD97_MYCLE,0,0,0,0
tr|Q9CD98|Q9CD98_MYCLE,0,0,0,0
tr|Q9CDA0|Q9CDA0_MYCLE,0,0,1,0
tr|Q9CDA1|Q9CDA1_MYCLE,1,0,0,0
tr|Q9CDA2|Q9CDA2_MYCLE,0,0,0,0
tr|Q9CDA4|Q9CDA4_MYCLE,0,1,0,0
tr|Q9CDA5|Q9CDA5_MYCLE,0,0,0,0
tr|Q9CDB0|Q9CDB0_MYCLE,1,0,0,0
tr|Q9CDB1|Q9CDB1_MYCLE,0,1,0,0
tr|Q9CDB2|Q9CDB2_MYCLE,0,1,0,0
tr|Q9CDB3|Q9CDB3_MYCLE,1,1,1,1
tr|Q9CDB4|Q9CDB4_MYCLE,0,0,0,0
tr|Q9CDB5|Q9CDB5_MYCLE,0,0,0,0
tr|Q9CDB6|Q9CDB6_MYCLE,0,0,0,0
tr|Q9CDB7|Q9CDB7_MYCLE,0,0,0,0
tr|Q9CDB8|Q9CDB8_MYCLE,0,0,0,0
tr|Q9CDB9|Q9CDB9_MYCLE,0,0,0,0
tr|Q9CDC0|Q9CDC0_MYCLE,0,0,0,0
tr|Q9CDC2|Q9CDC2_MYCLE,1,1,1,1
tr|Q9CDC3|Q9CDC3_MYCLE,0,0,0,0
tr|Q9CDC5|Q9CDC5_MYCLE,0,0,0,0
tr|Q9CDC6|Q9CDC6_MYCLE,1,0,0,0
tr|Q9CDC7|Q9CDC7_MYCLE,0,1,1,1
tr|Q9CDC8|Q9CDC8_MYCLE,1,1,1,1
tr|Q9CDC9|Q9CDC9_MYCLE,0,0,0,0
tr|Q9CDD0|Q9CDD0_MYCLE,0,0,0,0
tr|Q9CDD1|Q9CDD1_MYCLE,1,1,1,1
tr|Q9CDD3|Q9CDD3_MYCLE,0,0,0,0
tr|Q9CDD4|Q9CDD4_MYCLE,0,1,0,0
tr|Q9CDD6|Q9CDD6_MYCLE,1,0,1,1
tr|Q9CDD7|Q9CDD7_MYCLE,1,1,1,1
tr|Q9CDD8|Q9CDD8_MYCLE,1,1,1,1
tr|Q9CDD9|Q9CDD9_MYCLE,0,0,0,0
tr|Q9CDE0|Q9CDE0_MYCLE,0,0,0,0
tr|Q9CDE1|Q9CDE1_MYCLE,1,1,0,1
tr|Q9CDE2|Q9CDE2_MYCLE,0,1,1,1
tr|Q9CDE3|Q9CDE3_MYCLE,0,1,1,1
tr|Q9CDE4|Q9CDE4_MYCLE,1,1,1,1
tr|Q9CDE5|Q9CDE5_MYCLE,1,1,1,1
tr|Q9CDE6|Q9CDE6_MYCLE,1,1,1,1
tr|Q9CDE8|Q9CDE8_MYCLE,0,0,0,0
tr|Q9CDF0|Q9CDF0_MYCLE,1,0,0,0
tr|Q9CDF1|Q9CDF1_MYCLE,1,1,0,1
sp|Q9CDF4|Y004_MYCLE,0,0,0,0
sp|Q9X7D6|CINAL_MYCLE,0,1,0,0
sp|Q9ZBM7|LPQE_MYCLE,0,0,1,0
