protein,xgboost,random_subspace,random forest,fuse 2/3
tr|A0A0Y5GDG9|A0A0Y5GDG9_NEIME,0,0,0,0
tr|A0A0Y5SY11|A0A0Y5SY11_NEIME,0,0,0,0
tr|A0A0Y6RR91|A0A0Y6RR91_NEIME,0,0,0,0
tr|A0A0Y6UBG3|A0A0Y6UBG3_NEIME,0,0,0,0
tr|A0A112B7J1|A0A112B7J1_NEIME,0,0,0,0
tr|A0A2X1U6A3|A0A2X1U6A3_NEIME,0,1,1,1
tr|A0A2X1UHN1|A0A2X1UHN1_NEIME,1,0,0,0
tr|A0A2X1WA40|A0A2X1WA40_NEIME,0,0,0,0
tr|A0A2X1WAI1|A0A2X1WAI1_NEIME,0,0,0,0
tr|A0A2X1WEC4|A0A2X1WEC4_NEIME,1,1,0,1
tr|X5EP00|X5EP00_NEIME,0,0,0,0
tr|X5FBG0|X5FBG0_NEIME,0,0,0,0
tr|A0A0G4BQW5|A0A0G4BQW5_NEIME,1,0,0,0
tr|A0A0G4BS51|A0A0G4BS51_NEIME,0,0,0,0
tr|A0A0G4BSA6|A0A0G4BSA6_NEIME,0,0,0,0
tr|A0A0G4BSG8|A0A0G4BSG8_NEIME,0,0,0,0
tr|A0A0Q0SIZ9|A0A0Q0SIZ9_NEIME,0,0,0,0
tr|A0A0T7KZ69|A0A0T7KZ69_NEIME,0,0,0,0
tr|A0A0T7KZH8|A0A0T7KZH8_NEIME,0,1,0,0
tr|A0A0T7KZM3|A0A0T7KZM3_NEIME,0,0,1,0
tr|A0A0T7L093|A0A0T7L093_NEIME,0,0,0,0
tr|A0A0T7L236|A0A0T7L236_NEIME,1,1,1,1
tr|A0A0Y5D4P0|A0A0Y5D4P0_NEIME,0,0,0,0
tr|A0A0Y5DIG8|A0A0Y5DIG8_NEIME,1,1,1,1
tr|A0A0Y5DRI3|A0A0Y5DRI3_NEIME,0,1,1,1
tr|A0A0Y5F281|A0A0Y5F281_NEIME,0,0,0,0
tr|A0A0Y5FFU3|A0A0Y5FFU3_NEIME,1,0,1,1
tr|A0A0Y5J9H0|A0A0Y5J9H0_NEIME,0,1,0,0
tr|A0A0Y5JZP2|A0A0Y5JZP2_NEIME,1,0,0,0
tr|A0A0Y5K9J6|A0A0Y5K9J6_NEIME,1,0,0,0
tr|A0A0Y5KAL0|A0A0Y5KAL0_NEIME,0,0,0,0
tr|A0A0Y5KH04|A0A0Y5KH04_NEIME,0,1,1,1
tr|A0A0Y5LNM0|A0A0Y5LNM0_NEIME,0,0,0,0
tr|A0A0Y5M145|A0A0Y5M145_NEIME,1,1,1,1
tr|A0A0Y5M222|A0A0Y5M222_NEIME,0,0,0,0
tr|A0A0Y5M2V7|A0A0Y5M2V7_NEIME,1,0,0,0
tr|A0A0Y5M4L8|A0A0Y5M4L8_NEIME,0,0,0,0
tr|A0A0Y5MWS2|A0A0Y5MWS2_NEIME,1,0,0,0
tr|A0A0Y5NTQ2|A0A0Y5NTQ2_NEIME,0,0,0,0
tr|A0A0Y5Q076|A0A0Y5Q076_NEIME,0,0,0,0
tr|A0A0Y5QPA0|A0A0Y5QPA0_NEIME,1,1,1,1
tr|A0A0Y5R4Y1|A0A0Y5R4Y1_NEIME,0,1,0,0
tr|A0A0Y5S9M8|A0A0Y5S9M8_NEIME,0,0,0,0
tr|A0A0Y5ST56|A0A0Y5ST56_NEIME,0,0,0,0
tr|A0A0Y5T3E3|A0A0Y5T3E3_NEIME,1,0,0,0
tr|A0A0Y5VWZ6|A0A0Y5VWZ6_NEIME,1,0,0,0
tr|A0A0Y5Z2K2|A0A0Y5Z2K2_NEIME,0,0,0,0
tr|A0A0Y6CV47|A0A0Y6CV47_NEIME,0,0,0,0
tr|A0A0Y6GPV2|A0A0Y6GPV2_NEIME,1,1,0,1
tr|A0A0Y6I6N9|A0A0Y6I6N9_NEIME,0,0,0,0
tr|A0A0Y6ICY9|A0A0Y6ICY9_NEIME,0,0,0,0
tr|A0A0Y6JI57|A0A0Y6JI57_NEIME,1,0,0,0
tr|A0A0Y6JLC4|A0A0Y6JLC4_NEIME,0,0,0,0
tr|A0A0Y6KJP1|A0A0Y6KJP1_NEIME,1,1,0,1
tr|A0A0Y6L3M5|A0A0Y6L3M5_NEIME,0,0,0,0
tr|A0A0Y6LIJ0|A0A0Y6LIJ0_NEIME,0,0,0,0
tr|A0A0Y6MHD1|A0A0Y6MHD1_NEIME,0,0,0,0
tr|A0A0Y6RXP7|A0A0Y6RXP7_NEIME,0,1,0,0
tr|A0A0Y6SX95|A0A0Y6SX95_NEIME,0,0,0,0
tr|A0A0Y6TCX5|A0A0Y6TCX5_NEIME,0,0,0,0
tr|A0A0Y6TIF5|A0A0Y6TIF5_NEIME,1,0,0,0
tr|A0A0Y6U0Q0|A0A0Y6U0Q0_NEIME,0,0,0,0
tr|A0A0Y6U395|A0A0Y6U395_NEIME,1,1,1,1
tr|A0A0Y6UVN7|A0A0Y6UVN7_NEIME,0,0,0,0
tr|A0A112C606|A0A112C606_NEIME,1,1,0,1
tr|A0A112CIH9|A0A112CIH9_NEIME,0,0,0,0
tr|A0A112CKV3|A0A112CKV3_NEIME,1,0,0,0
tr|A0A112EH10|A0A112EH10_NEIME,1,0,0,0
tr|A0A112EHU2|A0A112EHU2_NEIME,0,0,0,0
tr|A0A112EKR1|A0A112EKR1_NEIME,0,0,0,0
tr|A0A112EY20|A0A112EY20_NEIME,0,0,0,0
tr|A0A112FIH2|A0A112FIH2_NEIME,0,0,0,0
tr|A0A112G787|A0A112G787_NEIME,0,0,0,0
tr|A0A112L3L8|A0A112L3L8_NEIME,0,0,0,0
tr|A0A112LHZ3|A0A112LHZ3_NEIME,0,0,0,0
tr|A0A112PN66|A0A112PN66_NEIME,0,0,0,0
tr|A0A112Q4L5|A0A112Q4L5_NEIME,1,0,1,1
tr|A0A112QCR9|A0A112QCR9_NEIME,0,1,0,0
tr|A0A112QLQ1|A0A112QLQ1_NEIME,0,1,1,1
tr|A0A112QTB2|A0A112QTB2_NEIME,0,1,0,0
tr|A0A121T878|A0A121T878_NEIME,0,0,0,0
tr|A0A121T8Q0|A0A121T8Q0_NEIME,0,0,0,0
tr|A0A121UDT8|A0A121UDT8_NEIME,0,0,0,0
tr|A0A121ULI5|A0A121ULI5_NEIME,0,0,0,0
tr|A0A121UM09|A0A121UM09_NEIME,0,0,0,0
tr|A0A121UMQ7|A0A121UMQ7_NEIME,0,0,0,0
tr|A0A121URZ7|A0A121URZ7_NEIME,0,0,1,0
tr|A0A121UU72|A0A121UU72_NEIME,0,0,0,0
tr|A0A121VAF6|A0A121VAF6_NEIME,0,0,0,0
tr|A0A1B1X0S1|A0A1B1X0S1_NEIME,0,0,0,0
tr|A0A1B1ZFI7|A0A1B1ZFI7_NEIME,0,0,0,0
tr|A0A1V0G839|A0A1V0G839_NEIME,0,0,0,0
tr|A0A1V0G8L8|A0A1V0G8L8_NEIME,0,0,0,0
tr|A0A1V0GA94|A0A1V0GA94_NEIME,0,0,0,0
tr|A0A1V3SNM2|A0A1V3SNM2_NEIME,0,0,0,0
tr|A0A2A3LQD9|A0A2A3LQD9_NEIME,0,0,0,0
tr|A0A2A3LRA0|A0A2A3LRA0_NEIME,0,0,0,0
tr|A0A2J1S469|A0A2J1S469_NEIME,0,0,0,0
tr|A0A2J1SDS8|A0A2J1SDS8_NEIME,0,0,0,0
tr|A0A2J1SG65|A0A2J1SG65_NEIME,0,0,0,0
tr|A0A2J1SKN9|A0A2J1SKN9_NEIME,0,0,0,0
tr|A0A2J1SWD8|A0A2J1SWD8_NEIME,0,0,0,0
tr|A0A2J1T8A3|A0A2J1T8A3_NEIME,0,1,0,0
tr|A0A2X1U2F4|A0A2X1U2F4_NEIME,1,0,1,1
tr|A0A2X1U2R0|A0A2X1U2R0_NEIME,0,0,0,0
tr|A0A2X1U2R4|A0A2X1U2R4_NEIME,0,0,0,0
tr|A0A2X1U3T7|A0A2X1U3T7_NEIME,0,1,0,0
tr|A0A2X1U3W2|A0A2X1U3W2_NEIME,0,0,0,0
tr|A0A2X1U3W9|A0A2X1U3W9_NEIME,0,0,0,0
tr|A0A2X1U453|A0A2X1U453_NEIME,0,0,0,0
tr|A0A2X1U4F9|A0A2X1U4F9_NEIME,0,0,0,0
tr|A0A2X1U4I6|A0A2X1U4I6_NEIME,0,1,1,1
tr|A0A2X1U4K5|A0A2X1U4K5_NEIME,0,0,0,0
tr|A0A2X1U4P5|A0A2X1U4P5_NEIME,0,0,0,0
tr|A0A2X1U4Q2|A0A2X1U4Q2_NEIME,0,0,0,0
tr|A0A2X1U4V9|A0A2X1U4V9_NEIME,0,0,0,0
tr|A0A2X1U4X8|A0A2X1U4X8_NEIME,0,0,0,0
tr|A0A2X1U525|A0A2X1U525_NEIME,0,1,0,0
tr|A0A2X1U532|A0A2X1U532_NEIME,0,0,0,0
tr|A0A2X1U536|A0A2X1U536_NEIME,0,0,0,0
tr|A0A2X1U5G9|A0A2X1U5G9_NEIME,0,0,0,0
tr|A0A2X1U5I7|A0A2X1U5I7_NEIME,0,0,0,0
tr|A0A2X1U5K5|A0A2X1U5K5_NEIME,0,1,0,0
tr|A0A2X1U5P4|A0A2X1U5P4_NEIME,0,0,0,0
tr|A0A2X1U5R7|A0A2X1U5R7_NEIME,0,0,0,0
tr|A0A2X1U612|A0A2X1U612_NEIME,0,1,0,0
tr|A0A2X1U634|A0A2X1U634_NEIME,0,0,0,0
tr|A0A2X1U635|A0A2X1U635_NEIME,0,0,0,0
tr|A0A2X1U671|A0A2X1U671_NEIME,0,0,0,0
tr|A0A2X1U695|A0A2X1U695_NEIME,0,0,0,0
tr|A0A2X1U6C5|A0A2X1U6C5_NEIME,0,0,0,0
tr|A0A2X1U6C7|A0A2X1U6C7_NEIME,0,0,0,0
tr|A0A2X1U6E2|A0A2X1U6E2_NEIME,0,0,0,0
tr|A0A2X1U6L0|A0A2X1U6L0_NEIME,0,0,0,0
tr|A0A2X1U6L2|A0A2X1U6L2_NEIME,0,0,0,0
tr|A0A2X1U6M6|A0A2X1U6M6_NEIME,1,1,0,1
tr|A0A2X1U6R0|A0A2X1U6R0_NEIME,0,0,0,0
tr|A0A2X1U6S2|A0A2X1U6S2_NEIME,0,0,0,0
tr|A0A2X1U6U2|A0A2X1U6U2_NEIME,0,0,0,0
tr|A0A2X1U6W9|A0A2X1U6W9_NEIME,0,0,0,0
tr|A0A2X1U748|A0A2X1U748_NEIME,0,0,0,0
tr|A0A2X1U777|A0A2X1U777_NEIME,0,0,0,0
tr|A0A2X1U7E8|A0A2X1U7E8_NEIME,1,0,0,0
tr|A0A2X1U7F1|A0A2X1U7F1_NEIME,1,0,0,0
tr|A0A2X1U7I0|A0A2X1U7I0_NEIME,0,1,0,0
tr|A0A2X1U7J3|A0A2X1U7J3_NEIME,0,0,0,0
tr|A0A2X1U7L2|A0A2X1U7L2_NEIME,0,0,0,0
tr|A0A2X1U8F4|A0A2X1U8F4_NEIME,0,0,0,0
tr|A0A2X1U8K4|A0A2X1U8K4_NEIME,0,0,0,0
tr|A0A2X1U8L4|A0A2X1U8L4_NEIME,0,1,1,1
tr|A0A2X1U8Q4|A0A2X1U8Q4_NEIME,0,0,0,0
tr|A0A2X1U8Y2|A0A2X1U8Y2_NEIME,1,0,0,0
tr|A0A2X1U938|A0A2X1U938_NEIME,0,0,0,0
tr|A0A2X1UCB2|A0A2X1UCB2_NEIME,0,0,0,0
tr|A0A2X1UCS8|A0A2X1UCS8_NEIME,0,0,0,0
tr|A0A2X1UCT3|A0A2X1UCT3_NEIME,0,1,0,0
tr|A0A2X1UCX2|A0A2X1UCX2_NEIME,0,0,0,0
tr|A0A2X1UCY7|A0A2X1UCY7_NEIME,1,1,1,1
tr|A0A2X1UCZ5|A0A2X1UCZ5_NEIME,0,0,0,0
tr|A0A2X1UD65|A0A2X1UD65_NEIME,0,0,0,0
tr|A0A2X1UDB0|A0A2X1UDB0_NEIME,0,0,0,0
tr|A0A2X1UDE2|A0A2X1UDE2_NEIME,0,0,0,0
tr|A0A2X1UDG0|A0A2X1UDG0_NEIME,0,0,0,0
tr|A0A2X1UDG2|A0A2X1UDG2_NEIME,0,0,0,0
tr|A0A2X1UDG8|A0A2X1UDG8_NEIME,0,0,0,0
tr|A0A2X1UDH7|A0A2X1UDH7_NEIME,0,0,0,0
tr|A0A2X1UDI0|A0A2X1UDI0_NEIME,0,0,0,0
tr|A0A2X1UDI2|A0A2X1UDI2_NEIME,0,1,0,0
tr|A0A2X1UDK0|A0A2X1UDK0_NEIME,0,0,0,0
tr|A0A2X1UDM6|A0A2X1UDM6_NEIME,0,0,0,0
tr|A0A2X1UDS7|A0A2X1UDS7_NEIME,1,0,0,0
tr|A0A2X1UDT9|A0A2X1UDT9_NEIME,0,0,0,0
tr|A0A2X1UDW4|A0A2X1UDW4_NEIME,1,0,0,0
tr|A0A2X1UE12|A0A2X1UE12_NEIME,0,0,0,0
tr|A0A2X1UEJ6|A0A2X1UEJ6_NEIME,0,0,0,0
tr|A0A2X1UES2|A0A2X1UES2_NEIME,0,1,0,0
tr|A0A2X1UFB2|A0A2X1UFB2_NEIME,0,0,0,0
tr|A0A2X1UFD2|A0A2X1UFD2_NEIME,1,1,1,1
tr|A0A2X1UFP7|A0A2X1UFP7_NEIME,1,0,0,0
tr|A0A2X1UFS7|A0A2X1UFS7_NEIME,0,0,0,0
tr|A0A2X1UGM6|A0A2X1UGM6_NEIME,0,0,0,0
tr|A0A2X1UHA1|A0A2X1UHA1_NEIME,0,0,0,0
tr|A0A2X1UHG3|A0A2X1UHG3_NEIME,0,0,1,0
tr|A0A2X1UHY1|A0A2X1UHY1_NEIME,0,0,0,0
tr|A0A2X1UJ26|A0A2X1UJ26_NEIME,0,0,0,0
tr|A0A2X1UND7|A0A2X1UND7_NEIME,1,0,0,0
tr|A0A2X1UQ17|A0A2X1UQ17_NEIME,0,0,0,0
tr|A0A2X1V0H7|A0A2X1V0H7_NEIME,1,0,0,0
tr|A0A2X1V0Y7|A0A2X1V0Y7_NEIME,0,1,1,1
tr|A0A2X1V1A3|A0A2X1V1A3_NEIME,0,0,0,0
tr|A0A2X1V1X9|A0A2X1V1X9_NEIME,0,0,0,0
tr|A0A2X1V2C7|A0A2X1V2C7_NEIME,0,0,0,0
tr|A0A2X1V2U2|A0A2X1V2U2_NEIME,0,1,0,0
tr|A0A2X1V4E5|A0A2X1V4E5_NEIME,0,0,0,0
tr|A0A2X1V4W8|A0A2X1V4W8_NEIME,0,0,0,0
tr|A0A2X1V5P2|A0A2X1V5P2_NEIME,0,0,0,0
tr|A0A2X1VAB3|A0A2X1VAB3_NEIME,1,0,0,0
tr|A0A2X1VAD0|A0A2X1VAD0_NEIME,0,1,0,0
tr|A0A2X1VB35|A0A2X1VB35_NEIME,0,1,0,0
tr|A0A2X1W0Q1|A0A2X1W0Q1_NEIME,0,1,0,0
tr|A0A2X1W0X0|A0A2X1W0X0_NEIME,0,0,0,0
tr|A0A2X1W1U8|A0A2X1W1U8_NEIME,0,0,0,0
tr|A0A2X1W288|A0A2X1W288_NEIME,1,1,1,1
tr|A0A2X1W3I2|A0A2X1W3I2_NEIME,0,0,0,0
tr|A0A2X1W3J9|A0A2X1W3J9_NEIME,0,0,0,0
tr|A0A2X1W3N2|A0A2X1W3N2_NEIME,0,0,0,0
tr|A0A2X1W3S7|A0A2X1W3S7_NEIME,0,0,0,0
tr|A0A2X1W3U5|A0A2X1W3U5_NEIME,0,0,0,0
tr|A0A2X1W4I5|A0A2X1W4I5_NEIME,0,0,0,0
tr|A0A2X1W562|A0A2X1W562_NEIME,1,0,0,0
tr|A0A2X1W591|A0A2X1W591_NEIME,0,0,0,0
tr|A0A2X1W5P3|A0A2X1W5P3_NEIME,0,0,0,0
tr|A0A2X1W5X6|A0A2X1W5X6_NEIME,1,1,1,1
tr|A0A2X1W607|A0A2X1W607_NEIME,0,0,0,0
tr|A0A2X1W636|A0A2X1W636_NEIME,0,0,0,0
tr|A0A2X1W775|A0A2X1W775_NEIME,0,1,0,0
tr|A0A2X1W7G1|A0A2X1W7G1_NEIME,0,0,0,0
tr|A0A2X1W7H2|A0A2X1W7H2_NEIME,0,0,0,0
tr|A0A2X1W7S7|A0A2X1W7S7_NEIME,0,0,0,0
tr|A0A2X1W7X9|A0A2X1W7X9_NEIME,0,0,0,0
tr|A0A2X1W8U7|A0A2X1W8U7_NEIME,1,0,1,1
tr|A0A2X1W9H2|A0A2X1W9H2_NEIME,0,0,0,0
tr|A0A2X1WAA3|A0A2X1WAA3_NEIME,1,1,0,1
tr|A0A2X1WB52|A0A2X1WB52_NEIME,0,0,0,0
tr|A0A2X1WET7|A0A2X1WET7_NEIME,1,1,0,1
tr|Q1KMW9|Q1KMW9_NEIME,0,0,0,0
tr|Q71F74|Q71F74_NEIME,1,1,1,1
tr|X5EJK4|X5EJK4_NEIME,0,0,0,0
tr|X5EJL3|X5EJL3_NEIME,0,0,0,0
tr|X5EKT1|X5EKT1_NEIME,0,0,0,0
tr|X5EKU2|X5EKU2_NEIME,0,0,0,0
tr|X5ELS2|X5ELS2_NEIME,0,0,0,0
tr|X5ELY3|X5ELY3_NEIME,0,0,0,0
tr|X5EM07|X5EM07_NEIME,1,0,0,0
tr|X5EM21|X5EM21_NEIME,0,0,0,0
tr|X5EMA8|X5EMA8_NEIME,0,0,1,0
tr|X5EMG2|X5EMG2_NEIME,0,0,1,0
tr|X5EN42|X5EN42_NEIME,0,1,0,0
tr|X5EP89|X5EP89_NEIME,1,0,1,1
tr|X5EPJ7|X5EPJ7_NEIME,1,0,1,1
tr|X5EPN9|X5EPN9_NEIME,0,0,0,0
tr|X5EPV3|X5EPV3_NEIME,0,0,0,0
tr|X5EQE4|X5EQE4_NEIME,0,0,0,0
tr|X5ERY7|X5ERY7_NEIME,0,1,0,0
tr|X5ES23|X5ES23_NEIME,0,0,0,0
tr|X5ET69|X5ET69_NEIME,0,0,0,0
tr|X5F375|X5F375_NEIME,0,0,0,0
tr|X5F4N2|X5F4N2_NEIME,1,1,0,1
tr|X5F5Z8|X5F5Z8_NEIME,0,0,0,0
tr|X5F665|X5F665_NEIME,0,0,0,0
tr|X5F6T5|X5F6T5_NEIME,1,0,1,1
tr|X5F6U0|X5F6U0_NEIME,0,0,0,0
tr|X5F6V7|X5F6V7_NEIME,0,0,0,0
tr|X5F769|X5F769_NEIME,0,0,0,0
tr|X5F789|X5F789_NEIME,1,1,1,1
tr|X5F7V1|X5F7V1_NEIME,0,0,0,0
tr|X5F842|X5F842_NEIME,0,0,0,0
tr|X5F8E6|X5F8E6_NEIME,0,0,0,0
tr|X5F8U0|X5F8U0_NEIME,0,0,0,0
tr|X5FAP4|X5FAP4_NEIME,0,1,0,0
tr|X5FB70|X5FB70_NEIME,0,0,0,0
tr|A0A0E1IA02|A0A0E1IA02_NEIME,0,0,0,0
tr|A0A0E1IA10|A0A0E1IA10_NEIME,0,0,0,0
tr|A0A0E1IA37|A0A0E1IA37_NEIME,0,0,0,0
tr|A0A0E1IAC2|A0A0E1IAC2_NEIME,0,0,0,0
tr|A0A0E1IAC4|A0A0E1IAC4_NEIME,0,0,0,0
tr|A0A0E1IAE6|A0A0E1IAE6_NEIME,1,1,1,1
tr|A0A0E1IB32|A0A0E1IB32_NEIME,0,0,0,0
tr|A0A0E1IB42|A0A0E1IB42_NEIME,0,0,0,0
tr|A0A0E1IBL7|A0A0E1IBL7_NEIME,0,0,0,0
tr|A0A0E1IBY6|A0A0E1IBY6_NEIME,1,0,0,0
tr|A0A0E1IC45|A0A0E1IC45_NEIME,0,0,0,0
tr|A0A0E1IC46|A0A0E1IC46_NEIME,0,0,0,0
tr|A0A0E1IC72|A0A0E1IC72_NEIME,0,1,1,1
tr|A0A0E1ICG3|A0A0E1ICG3_NEIME,0,0,0,0
tr|A0A0E1ICV1|A0A0E1ICV1_NEIME,1,0,1,1
tr|A0A0E1IDN3|A0A0E1IDN3_NEIME,0,0,0,0
tr|A0A0E1IDN6|A0A0E1IDN6_NEIME,0,1,1,1
tr|A0A0E1IDR1|A0A0E1IDR1_NEIME,1,0,0,0
tr|A0A0E1IDR7|A0A0E1IDR7_NEIME,0,1,0,0
tr|A0A0E1IDT5|A0A0E1IDT5_NEIME,0,0,0,0
tr|A0A0E1IDW5|A0A0E1IDW5_NEIME,0,1,0,0
tr|A0A0E1IDX4|A0A0E1IDX4_NEIME,0,0,0,0
tr|A0A0E1IE10|A0A0E1IE10_NEIME,1,1,0,1
tr|A0A0E1IEN1|A0A0E1IEN1_NEIME,0,0,0,0
tr|A0A0E1IG37|A0A0E1IG37_NEIME,0,0,0,0
tr|A0A0E1IG71|A0A0E1IG71_NEIME,0,0,1,0
tr|A0A0G4BPM4|A0A0G4BPM4_NEIME,0,0,0,0
tr|A0A0G4BQ10|A0A0G4BQ10_NEIME,0,0,0,0
tr|A0A0G4BS12|A0A0G4BS12_NEIME,0,0,0,0
tr|A0A0G4BSL7|A0A0G4BSL7_NEIME,1,1,1,1
tr|A0A0G4BU38|A0A0G4BU38_NEIME,0,0,0,0
tr|A0A0Q0SKD6|A0A0Q0SKD6_NEIME,0,0,1,0
tr|A0A0T7KZH3|A0A0T7KZH3_NEIME,1,0,0,0
tr|A0A0T7L256|A0A0T7L256_NEIME,1,0,0,0
tr|A0A0T7L266|A0A0T7L266_NEIME,1,0,1,1
tr|A0A0T7L2B9|A0A0T7L2B9_NEIME,1,1,0,1
tr|A0A0T7L2D0|A0A0T7L2D0_NEIME,0,1,0,0
tr|A0A0T7L2F0|A0A0T7L2F0_NEIME,1,1,0,1
tr|A0A0T7L2S4|A0A0T7L2S4_NEIME,0,0,0,0
tr|A0A0T7L2U1|A0A0T7L2U1_NEIME,0,1,1,1
tr|A0A0T7L3F0|A0A0T7L3F0_NEIME,0,0,0,0
tr|A0A0Y5ARK3|A0A0Y5ARK3_NEIME,0,0,0,0
tr|A0A0Y5BMT4|A0A0Y5BMT4_NEIME,0,0,0,0
tr|A0A0Y5BNI1|A0A0Y5BNI1_NEIME,0,0,0,0
tr|A0A0Y5BNM8|A0A0Y5BNM8_NEIME,0,0,0,0
tr|A0A0Y5BNR0|A0A0Y5BNR0_NEIME,0,0,0,0
tr|A0A0Y5BNU4|A0A0Y5BNU4_NEIME,1,0,1,1
tr|A0A0Y5C0H3|A0A0Y5C0H3_NEIME,0,0,0,0
tr|A0A0Y5CTT8|A0A0Y5CTT8_NEIME,0,0,0,0
tr|A0A0Y5D241|A0A0Y5D241_NEIME,0,0,0,0
tr|A0A0Y5DFN5|A0A0Y5DFN5_NEIME,0,0,0,0
tr|A0A0Y5DGY8|A0A0Y5DGY8_NEIME,1,0,0,0
tr|A0A0Y5DL45|A0A0Y5DL45_NEIME,0,0,0,0
tr|A0A0Y5DT98|A0A0Y5DT98_NEIME,0,0,0,0
tr|A0A0Y5E1H6|A0A0Y5E1H6_NEIME,1,0,1,1
tr|A0A0Y5HGF4|A0A0Y5HGF4_NEIME,0,0,1,0
tr|A0A0Y5HLZ3|A0A0Y5HLZ3_NEIME,0,0,0,0
tr|A0A0Y5HVJ2|A0A0Y5HVJ2_NEIME,0,0,0,0
tr|A0A0Y5I2S0|A0A0Y5I2S0_NEIME,0,0,0,0
tr|A0A0Y5I6I0|A0A0Y5I6I0_NEIME,0,0,0,0
tr|A0A0Y5ISS9|A0A0Y5ISS9_NEIME,0,1,0,0
tr|A0A0Y5IZR2|A0A0Y5IZR2_NEIME,0,0,0,0
tr|A0A0Y5JEF6|A0A0Y5JEF6_NEIME,0,0,0,0
tr|A0A0Y5K2S7|A0A0Y5K2S7_NEIME,0,0,1,0
tr|A0A0Y5KDT4|A0A0Y5KDT4_NEIME,1,0,0,0
tr|A0A0Y5KHJ1|A0A0Y5KHJ1_NEIME,0,0,0,0
tr|A0A0Y5KMD6|A0A0Y5KMD6_NEIME,0,0,0,0
tr|A0A0Y5KNM5|A0A0Y5KNM5_NEIME,0,0,0,0
tr|A0A0Y5L5Z1|A0A0Y5L5Z1_NEIME,0,1,0,0
tr|A0A0Y5L741|A0A0Y5L741_NEIME,0,1,0,0
tr|A0A0Y5LHY5|A0A0Y5LHY5_NEIME,0,0,0,0
tr|A0A0Y5M696|A0A0Y5M696_NEIME,0,0,0,0
tr|A0A0Y5M9G8|A0A0Y5M9G8_NEIME,0,0,0,0
tr|A0A0Y5M9R7|A0A0Y5M9R7_NEIME,1,0,1,1
tr|A0A0Y5MAE4|A0A0Y5MAE4_NEIME,0,0,0,0
tr|A0A0Y5MFI9|A0A0Y5MFI9_NEIME,0,0,0,0
tr|A0A0Y5MLE2|A0A0Y5MLE2_NEIME,0,0,0,0
tr|A0A0Y5MTM7|A0A0Y5MTM7_NEIME,1,0,0,0
tr|A0A0Y5MUU2|A0A0Y5MUU2_NEIME,0,1,0,0
tr|A0A0Y5N0J2|A0A0Y5N0J2_NEIME,0,0,0,0
tr|A0A0Y5N453|A0A0Y5N453_NEIME,1,0,0,0
tr|A0A0Y5N791|A0A0Y5N791_NEIME,0,0,0,0
tr|A0A0Y5N9B9|A0A0Y5N9B9_NEIME,0,0,0,0
tr|A0A0Y5NAG8|A0A0Y5NAG8_NEIME,0,0,0,0
tr|A0A0Y5PMI7|A0A0Y5PMI7_NEIME,0,0,0,0
tr|A0A0Y5PXQ1|A0A0Y5PXQ1_NEIME,0,0,0,0
tr|A0A0Y5QA12|A0A0Y5QA12_NEIME,1,0,1,1
tr|A0A0Y5QB08|A0A0Y5QB08_NEIME,0,1,0,0
tr|A0A0Y5QF66|A0A0Y5QF66_NEIME,0,1,0,0
tr|A0A0Y5QFI0|A0A0Y5QFI0_NEIME,0,0,0,0
tr|A0A0Y5QG98|A0A0Y5QG98_NEIME,0,1,0,0
tr|A0A0Y5S2F1|A0A0Y5S2F1_NEIME,0,0,0,0
tr|A0A0Y5T6U2|A0A0Y5T6U2_NEIME,1,0,0,0
tr|A0A0Y5TWP8|A0A0Y5TWP8_NEIME,0,0,0,0
tr|A0A0Y5VME3|A0A0Y5VME3_NEIME,1,0,1,1
tr|A0A0Y5VYH9|A0A0Y5VYH9_NEIME,0,1,0,0
tr|A0A0Y5WU07|A0A0Y5WU07_NEIME,0,0,1,0
tr|A0A0Y5X9U3|A0A0Y5X9U3_NEIME,0,0,1,0
tr|A0A0Y5XNK5|A0A0Y5XNK5_NEIME,1,1,1,1
tr|A0A0Y5XU50|A0A0Y5XU50_NEIME,0,1,0,0
tr|A0A0Y5Y3Q1|A0A0Y5Y3Q1_NEIME,0,0,0,0
tr|A0A0Y5YA84|A0A0Y5YA84_NEIME,1,0,0,0
tr|A0A0Y5YMG8|A0A0Y5YMG8_NEIME,0,0,0,0
tr|A0A0Y5YZ13|A0A0Y5YZ13_NEIME,1,1,1,1
tr|A0A0Y5Z1W7|A0A0Y5Z1W7_NEIME,0,0,0,0
tr|A0A0Y5ZKG5|A0A0Y5ZKG5_NEIME,0,0,0,0
tr|A0A0Y6B5M5|A0A0Y6B5M5_NEIME,0,0,0,0
tr|A0A0Y6BBD2|A0A0Y6BBD2_NEIME,0,0,0,0
tr|A0A0Y6CWX8|A0A0Y6CWX8_NEIME,0,1,0,0
tr|A0A0Y6D004|A0A0Y6D004_NEIME,0,0,0,0
tr|A0A0Y6FHX5|A0A0Y6FHX5_NEIME,0,0,0,0
tr|A0A0Y6G2P0|A0A0Y6G2P0_NEIME,1,0,0,0
tr|A0A0Y6G599|A0A0Y6G599_NEIME,1,1,1,1
tr|A0A0Y6GBH5|A0A0Y6GBH5_NEIME,0,0,0,0
tr|A0A0Y6GN94|A0A0Y6GN94_NEIME,0,0,0,0
tr|A0A0Y6GQP9|A0A0Y6GQP9_NEIME,1,0,0,0
tr|A0A0Y6GVN4|A0A0Y6GVN4_NEIME,0,0,0,0
tr|A0A0Y6H1K1|A0A0Y6H1K1_NEIME,0,0,0,0
tr|A0A0Y6H5K5|A0A0Y6H5K5_NEIME,0,0,0,0
tr|A0A0Y6HZX4|A0A0Y6HZX4_NEIME,0,0,0,0
tr|A0A0Y6I5Y2|A0A0Y6I5Y2_NEIME,0,0,0,0
tr|A0A0Y6IGD2|A0A0Y6IGD2_NEIME,0,0,0,0
tr|A0A0Y6IYU2|A0A0Y6IYU2_NEIME,0,0,0,0
tr|A0A0Y6J6Y1|A0A0Y6J6Y1_NEIME,0,0,0,0
tr|A0A0Y6JHU8|A0A0Y6JHU8_NEIME,0,0,0,0
tr|A0A0Y6KXT0|A0A0Y6KXT0_NEIME,1,1,0,1
tr|A0A0Y6KY70|A0A0Y6KY70_NEIME,0,0,0,0
tr|A0A0Y6M0P8|A0A0Y6M0P8_NEIME,1,0,0,0
tr|A0A0Y6M206|A0A0Y6M206_NEIME,0,0,0,0
tr|A0A0Y6MFX5|A0A0Y6MFX5_NEIME,0,0,0,0
tr|A0A0Y6N799|A0A0Y6N799_NEIME,0,0,0,0
tr|A0A0Y6NKI9|A0A0Y6NKI9_NEIME,0,1,0,0
tr|A0A0Y6NN97|A0A0Y6NN97_NEIME,0,0,0,0
tr|A0A0Y6P761|A0A0Y6P761_NEIME,0,1,0,0
tr|A0A0Y6PQ64|A0A0Y6PQ64_NEIME,1,1,1,1
tr|A0A0Y6PRD6|A0A0Y6PRD6_NEIME,0,0,0,0
tr|A0A0Y6PYY7|A0A0Y6PYY7_NEIME,0,0,0,0
tr|A0A0Y6QEQ6|A0A0Y6QEQ6_NEIME,1,0,0,0
tr|A0A0Y6QKY0|A0A0Y6QKY0_NEIME,1,1,1,1
tr|A0A0Y6QMK0|A0A0Y6QMK0_NEIME,0,0,0,0
tr|A0A0Y6QS44|A0A0Y6QS44_NEIME,1,1,1,1
tr|A0A0Y6RDK1|A0A0Y6RDK1_NEIME,1,0,1,1
tr|A0A0Y6RGG2|A0A0Y6RGG2_NEIME,0,0,0,0
tr|A0A0Y6RGN7|A0A0Y6RGN7_NEIME,1,0,0,0
tr|A0A0Y6RKS9|A0A0Y6RKS9_NEIME,0,0,0,0
tr|A0A0Y6RPY4|A0A0Y6RPY4_NEIME,1,0,1,1
tr|A0A0Y6RSJ8|A0A0Y6RSJ8_NEIME,0,0,0,0
tr|A0A0Y6RTW5|A0A0Y6RTW5_NEIME,0,0,1,0
tr|A0A0Y6S8F8|A0A0Y6S8F8_NEIME,0,0,0,0
tr|A0A0Y6S8N4|A0A0Y6S8N4_NEIME,0,1,1,1
tr|A0A0Y6S938|A0A0Y6S938_NEIME,0,0,0,0
tr|A0A0Y6S9D0|A0A0Y6S9D0_NEIME,1,0,0,0
tr|A0A0Y6SG76|A0A0Y6SG76_NEIME,1,0,0,0
tr|A0A0Y6SS20|A0A0Y6SS20_NEIME,1,0,0,0
tr|A0A0Y6SVV2|A0A0Y6SVV2_NEIME,0,0,0,0
tr|A0A0Y6SVY7|A0A0Y6SVY7_NEIME,0,1,0,0
tr|A0A0Y6SXC1|A0A0Y6SXC1_NEIME,0,0,0,0
tr|A0A0Y6TKW4|A0A0Y6TKW4_NEIME,0,0,0,0
tr|A0A0Y6TR89|A0A0Y6TR89_NEIME,0,0,0,0
tr|A0A0Y6TRG7|A0A0Y6TRG7_NEIME,1,0,0,0
tr|A0A0Y6U2V9|A0A0Y6U2V9_NEIME,0,0,0,0
tr|A0A0Y6U8K3|A0A0Y6U8K3_NEIME,0,0,0,0
tr|A0A0Y6UPL6|A0A0Y6UPL6_NEIME,0,0,0,0
tr|A0A0Y6UR59|A0A0Y6UR59_NEIME,1,0,0,0
tr|A0A0Y6USS5|A0A0Y6USS5_NEIME,0,0,1,0
tr|A0A0Y6VAH8|A0A0Y6VAH8_NEIME,1,0,0,0
tr|A0A0Y6VVL9|A0A0Y6VVL9_NEIME,0,0,0,0
tr|A0A112BAU8|A0A112BAU8_NEIME,0,0,0,0
tr|A0A112BDG9|A0A112BDG9_NEIME,0,0,1,0
tr|A0A112BNL3|A0A112BNL3_NEIME,0,0,1,0
tr|A0A112DGD7|A0A112DGD7_NEIME,1,1,0,1
tr|A0A112DW88|A0A112DW88_NEIME,1,0,0,0
tr|A0A112EIY2|A0A112EIY2_NEIME,0,0,0,0
tr|A0A112F3H3|A0A112F3H3_NEIME,0,0,0,0
tr|A0A112F4D6|A0A112F4D6_NEIME,0,0,0,0
tr|A0A112F4Q6|A0A112F4Q6_NEIME,0,0,0,0
tr|A0A112F6P6|A0A112F6P6_NEIME,0,0,0,0
tr|A0A112G090|A0A112G090_NEIME,1,0,0,0
tr|A0A112G8B2|A0A112G8B2_NEIME,1,0,0,0
tr|A0A112GH61|A0A112GH61_NEIME,0,0,0,0
tr|A0A112GSD5|A0A112GSD5_NEIME,1,0,1,1
tr|A0A112IK09|A0A112IK09_NEIME,0,0,0,0
tr|A0A112IVB5|A0A112IVB5_NEIME,1,0,0,0
tr|A0A112KSG1|A0A112KSG1_NEIME,1,1,1,1
tr|A0A112LD35|A0A112LD35_NEIME,0,0,0,0
tr|A0A112PRJ6|A0A112PRJ6_NEIME,0,0,1,0
tr|A0A112PZ32|A0A112PZ32_NEIME,0,0,0,0
tr|A0A112QMG7|A0A112QMG7_NEIME,1,0,0,0
tr|A0A112QR34|A0A112QR34_NEIME,0,0,0,0
tr|A0A112R123|A0A112R123_NEIME,0,0,0,0
tr|A0A112R6I7|A0A112R6I7_NEIME,1,1,0,1
tr|A0A121PSY6|A0A121PSY6_NEIME,1,1,1,1
tr|A0A121QX58|A0A121QX58_NEIME,0,0,0,0
tr|A0A121RJ12|A0A121RJ12_NEIME,0,0,0,0
tr|A0A121TE42|A0A121TE42_NEIME,0,0,0,0
tr|A0A121TQD4|A0A121TQD4_NEIME,0,0,0,0
tr|A0A121UD12|A0A121UD12_NEIME,1,0,0,0
tr|A0A121UJF2|A0A121UJF2_NEIME,0,0,0,0
tr|A0A121UKY8|A0A121UKY8_NEIME,0,0,0,0
tr|A0A121UX95|A0A121UX95_NEIME,0,0,0,0
tr|A0A121V3K1|A0A121V3K1_NEIME,1,0,0,0
tr|A0A121V4N4|A0A121V4N4_NEIME,0,0,0,0
tr|A0A1B1X0F4|A0A1B1X0F4_NEIME,1,1,1,1
tr|A0A1B1ZDT6|A0A1B1ZDT6_NEIME,0,0,0,0
tr|A0A1B1ZEZ5|A0A1B1ZEZ5_NEIME,0,0,0,0
tr|A0A1R1MUI8|A0A1R1MUI8_NEIME,0,0,0,0
tr|A0A1V0G4D3|A0A1V0G4D3_NEIME,1,1,1,1
tr|A0A1V0G4Z1|A0A1V0G4Z1_NEIME,0,1,0,0
tr|A0A1V0G5V3|A0A1V0G5V3_NEIME,0,0,1,0
tr|A0A1V0G649|A0A1V0G649_NEIME,0,0,0,0
tr|A0A1V0G658|A0A1V0G658_NEIME,0,1,0,0
tr|A0A1V0G6V6|A0A1V0G6V6_NEIME,0,0,0,0
tr|A0A1V0G9J0|A0A1V0G9J0_NEIME,0,0,0,0
tr|A0A1V3SM40|A0A1V3SM40_NEIME,1,0,1,1
tr|A0A1V3SQ29|A0A1V3SQ29_NEIME,1,1,1,1
tr|A0A1V3SQR1|A0A1V3SQR1_NEIME,1,1,1,1
tr|A0A1V3SQW4|A0A1V3SQW4_NEIME,1,1,1,1
tr|A0A2A3LPI5|A0A2A3LPI5_NEIME,0,0,0,0
tr|A0A2A3LPU1|A0A2A3LPU1_NEIME,1,1,1,1
tr|A0A2A3LQG1|A0A2A3LQG1_NEIME,0,0,0,0
tr|A0A2A3LQG2|A0A2A3LQG2_NEIME,1,0,1,1
tr|A0A2A3LRE4|A0A2A3LRE4_NEIME,0,0,0,0
tr|A0A2A3LTG0|A0A2A3LTG0_NEIME,1,0,1,1
tr|A0A2A3LVI2|A0A2A3LVI2_NEIME,0,0,0,0
tr|A0A2J1S4F0|A0A2J1S4F0_NEIME,0,0,0,0
tr|A0A2J1SIT6|A0A2J1SIT6_NEIME,0,0,0,0
tr|A0A2J1SYP5|A0A2J1SYP5_NEIME,0,1,0,0
tr|A0A2J1TFF2|A0A2J1TFF2_NEIME,0,0,0,0
tr|A0A2J1TFH5|A0A2J1TFH5_NEIME,0,1,0,0
tr|A0A2K7RKK4|A0A2K7RKK4_NEIME,0,0,0,0
tr|A0A2K7RL16|A0A2K7RL16_NEIME,0,0,0,0
tr|A0A2K7RLM9|A0A2K7RLM9_NEIME,0,0,0,0
tr|A0A2K7RMB1|A0A2K7RMB1_NEIME,1,1,1,1
tr|A0A2X1U2E7|A0A2X1U2E7_NEIME,0,0,0,0
tr|A0A2X1U2G0|A0A2X1U2G0_NEIME,1,0,0,0
tr|A0A2X1U2I3|A0A2X1U2I3_NEIME,1,0,0,0
tr|A0A2X1U2K3|A0A2X1U2K3_NEIME,0,0,0,0
tr|A0A2X1U2L0|A0A2X1U2L0_NEIME,1,1,1,1
tr|A0A2X1U2Q8|A0A2X1U2Q8_NEIME,0,1,0,0
tr|A0A2X1U2R9|A0A2X1U2R9_NEIME,0,0,0,0
tr|A0A2X1U2S6|A0A2X1U2S6_NEIME,0,0,0,0
tr|A0A2X1U2S8|A0A2X1U2S8_NEIME,0,0,0,0
tr|A0A2X1U2U5|A0A2X1U2U5_NEIME,1,0,0,0
tr|A0A2X1U2U8|A0A2X1U2U8_NEIME,0,0,0,0
tr|A0A2X1U2Y0|A0A2X1U2Y0_NEIME,0,0,0,0
tr|A0A2X1U2Y5|A0A2X1U2Y5_NEIME,0,0,0,0
tr|A0A2X1U2Z7|A0A2X1U2Z7_NEIME,0,0,0,0
tr|A0A2X1U307|A0A2X1U307_NEIME,0,0,0,0
tr|A0A2X1U375|A0A2X1U375_NEIME,0,0,0,0
tr|A0A2X1U389|A0A2X1U389_NEIME,0,0,0,0
tr|A0A2X1U399|A0A2X1U399_NEIME,0,0,0,0
tr|A0A2X1U3S6|A0A2X1U3S6_NEIME,0,0,0,0
tr|A0A2X1U3W8|A0A2X1U3W8_NEIME,0,1,1,1
tr|A0A2X1U405|A0A2X1U405_NEIME,0,0,0,0
tr|A0A2X1U410|A0A2X1U410_NEIME,1,0,0,0
tr|A0A2X1U419|A0A2X1U419_NEIME,0,0,0,0
tr|A0A2X1U434|A0A2X1U434_NEIME,0,0,0,0
tr|A0A2X1U462|A0A2X1U462_NEIME,0,0,0,0
tr|A0A2X1U476|A0A2X1U476_NEIME,0,0,0,0
tr|A0A2X1U4C7|A0A2X1U4C7_NEIME,0,0,0,0
tr|A0A2X1U4D3|A0A2X1U4D3_NEIME,0,0,0,0
tr|A0A2X1U4E9|A0A2X1U4E9_NEIME,1,0,0,0
tr|A0A2X1U4G9|A0A2X1U4G9_NEIME,0,0,0,0
tr|A0A2X1U4H5|A0A2X1U4H5_NEIME,1,1,1,1
tr|A0A2X1U4I4|A0A2X1U4I4_NEIME,0,0,0,0
tr|A0A2X1U4J1|A0A2X1U4J1_NEIME,1,0,1,1
tr|A0A2X1U4M0|A0A2X1U4M0_NEIME,0,0,0,0
tr|A0A2X1U4N1|A0A2X1U4N1_NEIME,0,0,0,0
tr|A0A2X1U4Q7|A0A2X1U4Q7_NEIME,0,0,0,0
tr|A0A2X1U4Q8|A0A2X1U4Q8_NEIME,0,1,0,0
tr|A0A2X1U4R2|A0A2X1U4R2_NEIME,0,1,0,0
tr|A0A2X1U4X4|A0A2X1U4X4_NEIME,0,0,0,0
tr|A0A2X1U4Y2|A0A2X1U4Y2_NEIME,0,0,0,0
tr|A0A2X1U4Y8|A0A2X1U4Y8_NEIME,1,0,0,0
tr|A0A2X1U502|A0A2X1U502_NEIME,0,0,0,0
tr|A0A2X1U517|A0A2X1U517_NEIME,1,0,0,0
tr|A0A2X1U543|A0A2X1U543_NEIME,0,0,0,0
tr|A0A2X1U551|A0A2X1U551_NEIME,0,0,0,0
tr|A0A2X1U577|A0A2X1U577_NEIME,0,0,0,0
tr|A0A2X1U5C3|A0A2X1U5C3_NEIME,0,0,0,0
tr|A0A2X1U5E1|A0A2X1U5E1_NEIME,0,0,0,0
tr|A0A2X1U5F1|A0A2X1U5F1_NEIME,1,0,0,0
tr|A0A2X1U5J6|A0A2X1U5J6_NEIME,0,0,0,0
tr|A0A2X1U5Q5|A0A2X1U5Q5_NEIME,0,0,0,0
tr|A0A2X1U5X0|A0A2X1U5X0_NEIME,0,0,0,0
tr|A0A2X1U5X8|A0A2X1U5X8_NEIME,0,0,0,0
tr|A0A2X1U5Y8|A0A2X1U5Y8_NEIME,1,0,0,0
tr|A0A2X1U640|A0A2X1U640_NEIME,1,0,0,0
tr|A0A2X1U667|A0A2X1U667_NEIME,1,0,0,0
tr|A0A2X1U685|A0A2X1U685_NEIME,0,0,0,0
tr|A0A2X1U6A5|A0A2X1U6A5_NEIME,0,0,0,0
tr|A0A2X1U6F2|A0A2X1U6F2_NEIME,1,0,0,0
tr|A0A2X1U6G5|A0A2X1U6G5_NEIME,0,1,0,0
tr|A0A2X1U6J4|A0A2X1U6J4_NEIME,0,0,0,0
tr|A0A2X1U6K0|A0A2X1U6K0_NEIME,0,0,0,0
tr|A0A2X1U6M2|A0A2X1U6M2_NEIME,1,0,0,0
tr|A0A2X1U6N7|A0A2X1U6N7_NEIME,0,0,0,0
tr|A0A2X1U6P3|A0A2X1U6P3_NEIME,1,0,1,1
tr|A0A2X1U6P8|A0A2X1U6P8_NEIME,0,1,1,1
tr|A0A2X1U6R2|A0A2X1U6R2_NEIME,1,0,0,0
tr|A0A2X1U6S8|A0A2X1U6S8_NEIME,0,0,0,0
tr|A0A2X1U6V8|A0A2X1U6V8_NEIME,0,0,0,0
tr|A0A2X1U6W7|A0A2X1U6W7_NEIME,0,0,0,0
tr|A0A2X1U740|A0A2X1U740_NEIME,0,0,0,0
tr|A0A2X1U781|A0A2X1U781_NEIME,0,0,0,0
tr|A0A2X1U786|A0A2X1U786_NEIME,0,0,0,0
tr|A0A2X1U7A6|A0A2X1U7A6_NEIME,1,0,0,0
tr|A0A2X1U7B2|A0A2X1U7B2_NEIME,0,0,0,0
tr|A0A2X1U7B3|A0A2X1U7B3_NEIME,0,0,1,0
tr|A0A2X1U7F4|A0A2X1U7F4_NEIME,0,0,0,0
tr|A0A2X1U7G0|A0A2X1U7G0_NEIME,1,1,1,1
tr|A0A2X1U7K5|A0A2X1U7K5_NEIME,0,1,0,0
tr|A0A2X1U7M8|A0A2X1U7M8_NEIME,1,1,1,1
tr|A0A2X1U7T4|A0A2X1U7T4_NEIME,0,0,0,0
tr|A0A2X1U7X8|A0A2X1U7X8_NEIME,1,0,0,0
tr|A0A2X1U7Z9|A0A2X1U7Z9_NEIME,0,0,1,0
tr|A0A2X1U814|A0A2X1U814_NEIME,0,0,0,0
tr|A0A2X1U841|A0A2X1U841_NEIME,0,0,0,0
tr|A0A2X1U8C1|A0A2X1U8C1_NEIME,0,0,0,0
tr|A0A2X1U8G7|A0A2X1U8G7_NEIME,0,0,0,0
tr|A0A2X1U8R4|A0A2X1U8R4_NEIME,0,0,0,0
tr|A0A2X1U8U4|A0A2X1U8U4_NEIME,1,1,1,1
tr|A0A2X1U916|A0A2X1U916_NEIME,0,0,0,0
tr|A0A2X1UBW4|A0A2X1UBW4_NEIME,0,0,0,0
tr|A0A2X1UC60|A0A2X1UC60_NEIME,0,0,0,0
tr|A0A2X1UC68|A0A2X1UC68_NEIME,0,0,0,0
tr|A0A2X1UC90|A0A2X1UC90_NEIME,0,0,0,0
tr|A0A2X1UC95|A0A2X1UC95_NEIME,0,0,0,0
tr|A0A2X1UCA9|A0A2X1UCA9_NEIME,0,0,0,0
tr|A0A2X1UCB8|A0A2X1UCB8_NEIME,1,0,0,0
tr|A0A2X1UCI0|A0A2X1UCI0_NEIME,0,0,0,0
tr|A0A2X1UCL5|A0A2X1UCL5_NEIME,0,0,0,0
tr|A0A2X1UCN7|A0A2X1UCN7_NEIME,1,1,1,1
tr|A0A2X1UCQ2|A0A2X1UCQ2_NEIME,0,0,0,0
tr|A0A2X1UCU5|A0A2X1UCU5_NEIME,1,0,1,1
tr|A0A2X1UD12|A0A2X1UD12_NEIME,0,1,0,0
tr|A0A2X1UD51|A0A2X1UD51_NEIME,0,0,0,0
tr|A0A2X1UD74|A0A2X1UD74_NEIME,0,0,0,0
tr|A0A2X1UD89|A0A2X1UD89_NEIME,0,1,0,0
tr|A0A2X1UDA5|A0A2X1UDA5_NEIME,1,1,1,1
tr|A0A2X1UDA7|A0A2X1UDA7_NEIME,0,0,0,0
tr|A0A2X1UDB9|A0A2X1UDB9_NEIME,0,0,0,0
tr|A0A2X1UDH1|A0A2X1UDH1_NEIME,1,1,0,1
tr|A0A2X1UDH5|A0A2X1UDH5_NEIME,1,1,1,1
tr|A0A2X1UDJ2|A0A2X1UDJ2_NEIME,1,0,1,1
tr|A0A2X1UDK9|A0A2X1UDK9_NEIME,1,0,0,0
tr|A0A2X1UDM1|A0A2X1UDM1_NEIME,1,0,0,0
tr|A0A2X1UDM4|A0A2X1UDM4_NEIME,0,0,0,0
tr|A0A2X1UDN4|A0A2X1UDN4_NEIME,0,0,0,0
tr|A0A2X1UDN6|A0A2X1UDN6_NEIME,0,0,0,0
tr|A0A2X1UDN9|A0A2X1UDN9_NEIME,1,0,0,0
tr|A0A2X1UDR8|A0A2X1UDR8_NEIME,1,1,1,1
tr|A0A2X1UDW5|A0A2X1UDW5_NEIME,0,0,0,0
tr|A0A2X1UDX9|A0A2X1UDX9_NEIME,0,0,0,0
tr|A0A2X1UE07|A0A2X1UE07_NEIME,1,1,1,1
tr|A0A2X1UE59|A0A2X1UE59_NEIME,0,0,0,0
tr|A0A2X1UE75|A0A2X1UE75_NEIME,0,0,0,0
tr|A0A2X1UE85|A0A2X1UE85_NEIME,1,0,0,0
tr|A0A2X1UE93|A0A2X1UE93_NEIME,0,0,0,0
tr|A0A2X1UEB8|A0A2X1UEB8_NEIME,0,0,0,0
tr|A0A2X1UEI9|A0A2X1UEI9_NEIME,0,0,0,0
tr|A0A2X1UEK3|A0A2X1UEK3_NEIME,0,0,0,0
tr|A0A2X1UEM2|A0A2X1UEM2_NEIME,0,0,0,0
tr|A0A2X1UEM5|A0A2X1UEM5_NEIME,0,0,0,0
tr|A0A2X1UEQ8|A0A2X1UEQ8_NEIME,0,0,0,0
tr|A0A2X1UF03|A0A2X1UF03_NEIME,0,0,0,0
tr|A0A2X1UF19|A0A2X1UF19_NEIME,1,1,1,1
tr|A0A2X1UF27|A0A2X1UF27_NEIME,1,0,0,0
tr|A0A2X1UF95|A0A2X1UF95_NEIME,0,0,0,0
tr|A0A2X1UFK8|A0A2X1UFK8_NEIME,0,0,0,0
tr|A0A2X1UFP3|A0A2X1UFP3_NEIME,1,0,0,0
tr|A0A2X1UFS9|A0A2X1UFS9_NEIME,0,0,0,0
tr|A0A2X1UG38|A0A2X1UG38_NEIME,0,0,0,0
tr|A0A2X1UGY0|A0A2X1UGY0_NEIME,0,0,0,0
tr|A0A2X1UHA4|A0A2X1UHA4_NEIME,1,1,1,1
tr|A0A2X1UHD1|A0A2X1UHD1_NEIME,1,0,1,1
tr|A0A2X1UHH2|A0A2X1UHH2_NEIME,0,0,0,0
tr|A0A2X1UHT2|A0A2X1UHT2_NEIME,1,0,0,0
tr|A0A2X1UHW5|A0A2X1UHW5_NEIME,0,0,0,0
tr|A0A2X1UI12|A0A2X1UI12_NEIME,1,1,0,1
tr|A0A2X1UIH7|A0A2X1UIH7_NEIME,0,0,0,0
tr|A0A2X1UIJ2|A0A2X1UIJ2_NEIME,0,0,0,0
tr|A0A2X1UJ34|A0A2X1UJ34_NEIME,0,0,0,0
tr|A0A2X1UKZ2|A0A2X1UKZ2_NEIME,0,0,0,0
tr|A0A2X1ULJ5|A0A2X1ULJ5_NEIME,1,0,0,0
tr|A0A2X1ULU8|A0A2X1ULU8_NEIME,0,0,0,0
tr|A0A2X1ULY2|A0A2X1ULY2_NEIME,0,0,0,0
tr|A0A2X1UNM9|A0A2X1UNM9_NEIME,0,0,0,0
tr|A0A2X1UNS1|A0A2X1UNS1_NEIME,0,0,0,0
tr|A0A2X1UNU9|A0A2X1UNU9_NEIME,0,0,0,0
tr|A0A2X1UP30|A0A2X1UP30_NEIME,0,1,0,0
tr|A0A2X1UP65|A0A2X1UP65_NEIME,0,0,0,0
tr|A0A2X1UPH0|A0A2X1UPH0_NEIME,1,1,1,1
tr|A0A2X1UPH8|A0A2X1UPH8_NEIME,0,0,0,0
tr|A0A2X1UPI5|A0A2X1UPI5_NEIME,1,1,1,1
tr|A0A2X1UPM0|A0A2X1UPM0_NEIME,0,0,0,0
tr|A0A2X1UPR8|A0A2X1UPR8_NEIME,0,0,0,0
tr|A0A2X1V2E8|A0A2X1V2E8_NEIME,0,0,1,0
tr|A0A2X1V2K0|A0A2X1V2K0_NEIME,0,0,1,0
tr|A0A2X1V2M9|A0A2X1V2M9_NEIME,1,0,1,1
tr|A0A2X1V2R9|A0A2X1V2R9_NEIME,0,1,0,0
tr|A0A2X1V2Y1|A0A2X1V2Y1_NEIME,0,0,0,0
tr|A0A2X1V334|A0A2X1V334_NEIME,0,0,0,0
tr|A0A2X1V365|A0A2X1V365_NEIME,1,1,0,1
tr|A0A2X1V379|A0A2X1V379_NEIME,0,0,0,0
tr|A0A2X1V393|A0A2X1V393_NEIME,0,0,0,0
tr|A0A2X1V472|A0A2X1V472_NEIME,0,0,0,0
tr|A0A2X1V4P2|A0A2X1V4P2_NEIME,1,1,0,1
tr|A0A2X1V5F7|A0A2X1V5F7_NEIME,0,0,0,0
tr|A0A2X1V5I0|A0A2X1V5I0_NEIME,0,0,0,0
tr|A0A2X1V5J1|A0A2X1V5J1_NEIME,0,0,0,0
tr|A0A2X1V5K3|A0A2X1V5K3_NEIME,1,1,1,1
tr|A0A2X1VAD8|A0A2X1VAD8_NEIME,1,0,0,0
tr|A0A2X1VAE6|A0A2X1VAE6_NEIME,0,0,0,0
tr|A0A2X1VAT1|A0A2X1VAT1_NEIME,0,0,0,0
tr|A0A2X1W0N0|A0A2X1W0N0_NEIME,1,1,0,1
tr|A0A2X1W0P1|A0A2X1W0P1_NEIME,0,0,0,0
tr|A0A2X1W0U4|A0A2X1W0U4_NEIME,0,0,0,0
tr|A0A2X1W1M0|A0A2X1W1M0_NEIME,0,0,1,0
tr|A0A2X1W1V8|A0A2X1W1V8_NEIME,0,1,0,0
tr|A0A2X1W1Z4|A0A2X1W1Z4_NEIME,0,0,0,0
tr|A0A2X1W264|A0A2X1W264_NEIME,0,0,0,0
tr|A0A2X1W2J0|A0A2X1W2J0_NEIME,0,0,0,0
tr|A0A2X1W2J7|A0A2X1W2J7_NEIME,0,0,0,0
tr|A0A2X1W2L6|A0A2X1W2L6_NEIME,0,0,0,0
tr|A0A2X1W2V0|A0A2X1W2V0_NEIME,0,0,0,0
tr|A0A2X1W3D8|A0A2X1W3D8_NEIME,0,0,0,0
tr|A0A2X1W418|A0A2X1W418_NEIME,0,0,0,0
tr|A0A2X1W426|A0A2X1W426_NEIME,0,0,0,0
tr|A0A2X1W472|A0A2X1W472_NEIME,0,0,0,0
tr|A0A2X1W480|A0A2X1W480_NEIME,0,1,1,1
tr|A0A2X1W492|A0A2X1W492_NEIME,1,1,1,1
tr|A0A2X1W4M1|A0A2X1W4M1_NEIME,0,0,1,0
tr|A0A2X1W4W3|A0A2X1W4W3_NEIME,0,0,0,0
tr|A0A2X1W4X3|A0A2X1W4X3_NEIME,1,0,0,0
tr|A0A2X1W5M4|A0A2X1W5M4_NEIME,0,0,0,0
tr|A0A2X1W707|A0A2X1W707_NEIME,0,0,0,0
tr|A0A2X1W746|A0A2X1W746_NEIME,0,0,0,0
tr|A0A2X1W7I0|A0A2X1W7I0_NEIME,0,1,0,0
tr|A0A2X1W8I7|A0A2X1W8I7_NEIME,0,0,0,0
tr|A0A2X1W953|A0A2X1W953_NEIME,0,0,0,0
tr|A0A2X1W9A8|A0A2X1W9A8_NEIME,1,0,0,0
tr|A0A2X1W9E2|A0A2X1W9E2_NEIME,1,0,0,0
tr|A0A2X1W9F2|A0A2X1W9F2_NEIME,0,0,0,0
tr|A0A2X1W9L2|A0A2X1W9L2_NEIME,0,0,0,0
tr|A0A2X1W9M3|A0A2X1W9M3_NEIME,0,0,1,0
tr|A0A2X1W9P1|A0A2X1W9P1_NEIME,0,0,0,0
tr|A0A2X1W9P4|A0A2X1W9P4_NEIME,0,0,0,0
tr|A0A2X1W9R4|A0A2X1W9R4_NEIME,0,1,0,0
tr|A0A2X1WA68|A0A2X1WA68_NEIME,0,1,0,0
tr|A0A2X1WA70|A0A2X1WA70_NEIME,1,0,0,0
tr|A0A2X1WB89|A0A2X1WB89_NEIME,0,0,0,0
tr|A0A2X1WF51|A0A2X1WF51_NEIME,0,0,0,0
tr|A0A2X1WF57|A0A2X1WF57_NEIME,0,0,0,0
tr|A0A2X1WFY4|A0A2X1WFY4_NEIME,1,1,1,1
tr|A0A2X1WFZ5|A0A2X1WFZ5_NEIME,0,0,0,0
tr|B3FHD2|B3FHD2_NEIME,0,0,0,0
tr|C5I5R5|C5I5R5_NEIME,1,0,0,0
tr|E0YJC5|E0YJC5_NEIME,0,1,0,0
tr|E1AA51|E1AA51_NEIME,1,0,1,1
tr|H6T5Y1|H6T5Y1_NEIME,0,0,0,0
tr|M5D576|M5D576_NEIME,0,0,0,0
tr|M5D5K0|M5D5K0_NEIME,0,1,0,0
tr|O34773|O34773_NEIME,0,0,0,0
tr|Q51135|Q51135_NEIME,0,0,0,0
tr|Q51153|Q51153_NEIME,0,1,0,0
tr|Q71US2|Q71US2_NEIME,1,1,1,1
tr|Q9JPG6|Q9JPG6_NEIME,0,1,1,1
tr|Q9JPH1|Q9JPH1_NEIME,1,1,1,1
tr|Q9JPK4|Q9JPK4_NEIME,0,0,0,0
tr|Q9R935|Q9R935_NEIME,1,1,1,1
tr|Q9RML3|Q9RML3_NEIME,0,0,0,0
tr|X5EFG6|X5EFG6_NEIME,1,1,1,1
tr|X5EFJ4|X5EFJ4_NEIME,0,0,1,0
tr|X5EFN7|X5EFN7_NEIME,0,0,0,0
tr|X5EFP1|X5EFP1_NEIME,0,0,0,0
tr|X5EFP6|X5EFP6_NEIME,0,0,0,0
tr|X5EGW7|X5EGW7_NEIME,0,1,0,0
tr|X5EHH5|X5EHH5_NEIME,0,1,0,0
tr|X5EI71|X5EI71_NEIME,0,0,0,0
tr|X5EIE3|X5EIE3_NEIME,0,0,0,0
tr|X5EIF9|X5EIF9_NEIME,0,0,0,0
tr|X5EIQ3|X5EIQ3_NEIME,0,1,1,1
tr|X5EKU8|X5EKU8_NEIME,0,0,0,0
tr|X5ELG8|X5ELG8_NEIME,0,1,1,1
tr|X5ELT8|X5ELT8_NEIME,0,0,0,0
tr|X5EM29|X5EM29_NEIME,1,1,1,1
tr|X5EN58|X5EN58_NEIME,0,0,1,0
tr|X5ENC5|X5ENC5_NEIME,0,0,1,0
tr|X5END1|X5END1_NEIME,1,0,1,1
tr|X5END6|X5END6_NEIME,0,0,0,0
tr|X5ENF7|X5ENF7_NEIME,1,1,1,1
tr|X5ENL0|X5ENL0_NEIME,0,0,1,0
tr|X5EP12|X5EP12_NEIME,0,0,0,0
tr|X5EP82|X5EP82_NEIME,0,0,0,0
tr|X5EPM9|X5EPM9_NEIME,0,0,0,0
tr|X5EQ12|X5EQ12_NEIME,0,0,0,0
tr|X5EQ17|X5EQ17_NEIME,1,0,0,0
tr|X5EQC6|X5EQC6_NEIME,0,0,0,0
tr|X5EQE5|X5EQE5_NEIME,0,0,0,0
tr|X5EQW3|X5EQW3_NEIME,0,0,0,0
tr|X5EQX8|X5EQX8_NEIME,0,1,0,0
tr|X5ER51|X5ER51_NEIME,0,1,0,0
tr|X5ER58|X5ER58_NEIME,1,1,0,1
tr|X5ER59|X5ER59_NEIME,0,0,0,0
tr|X5ER64|X5ER64_NEIME,0,0,1,0
tr|X5ERC6|X5ERC6_NEIME,0,0,0,0
tr|X5ERD5|X5ERD5_NEIME,0,0,1,0
tr|X5ERM9|X5ERM9_NEIME,0,0,0,0
tr|X5ERN3|X5ERN3_NEIME,0,1,1,1
tr|X5ERY0|X5ERY0_NEIME,1,0,1,1
tr|X5ERZ2|X5ERZ2_NEIME,1,1,0,1
tr|X5ERZ8|X5ERZ8_NEIME,0,0,0,0
tr|X5ES74|X5ES74_NEIME,1,0,0,0
tr|X5ESE5|X5ESE5_NEIME,0,1,1,1
tr|X5ETQ6|X5ETQ6_NEIME,1,0,0,0
tr|X5EU79|X5EU79_NEIME,1,0,1,1
tr|X5EUG8|X5EUG8_NEIME,0,0,0,0
tr|X5F3G2|X5F3G2_NEIME,1,0,1,1
tr|X5F3T1|X5F3T1_NEIME,0,0,0,0
tr|X5F4L0|X5F4L0_NEIME,0,0,0,0
tr|X5F4P3|X5F4P3_NEIME,0,0,0,0
tr|X5F4V1|X5F4V1_NEIME,0,0,0,0
tr|X5F5H2|X5F5H2_NEIME,0,0,0,0
tr|X5F5K3|X5F5K3_NEIME,0,0,0,0
tr|X5F5K7|X5F5K7_NEIME,0,0,0,0
tr|X5F5R2|X5F5R2_NEIME,0,0,0,0
tr|X5F5U8|X5F5U8_NEIME,1,1,0,1
tr|X5F5V1|X5F5V1_NEIME,0,0,0,0
tr|X5F5Z9|X5F5Z9_NEIME,0,1,0,0
tr|X5F642|X5F642_NEIME,1,0,0,0
tr|X5F6C8|X5F6C8_NEIME,0,1,1,1
tr|X5F6D0|X5F6D0_NEIME,0,0,0,0
tr|X5F6P4|X5F6P4_NEIME,1,0,0,0
tr|X5F711|X5F711_NEIME,0,1,1,1
tr|X5F7F0|X5F7F0_NEIME,1,0,0,0
tr|X5F7L1|X5F7L1_NEIME,0,0,0,0
tr|X5F7R2|X5F7R2_NEIME,0,1,0,0
tr|X5F870|X5F870_NEIME,0,0,0,0
tr|X5F8E3|X5F8E3_NEIME,0,0,0,0
tr|X5F8F9|X5F8F9_NEIME,1,0,0,0
tr|X5F8R2|X5F8R2_NEIME,1,0,0,0
tr|X5F943|X5F943_NEIME,0,1,0,0
tr|X5F980|X5F980_NEIME,1,0,0,0
tr|X5F9A2|X5F9A2_NEIME,0,0,0,0
tr|X5F9D6|X5F9D6_NEIME,0,0,0,0
tr|X5F9G9|X5F9G9_NEIME,1,0,0,0
tr|X5F9K9|X5F9K9_NEIME,0,0,0,0
tr|X5F9Y9|X5F9Y9_NEIME,0,0,0,0
tr|X5FA46|X5FA46_NEIME,1,0,1,1
tr|A0A0E1I7G8|A0A0E1I7G8_NEIME,0,0,0,0
tr|A0A0E1I940|A0A0E1I940_NEIME,1,0,1,1
tr|A0A0E1I961|A0A0E1I961_NEIME,0,0,0,0
tr|A0A0E1I965|A0A0E1I965_NEIME,0,0,0,0
tr|A0A0E1IAN8|A0A0E1IAN8_NEIME,1,0,0,0
tr|A0A0E1IB21|A0A0E1IB21_NEIME,0,0,0,0
tr|A0A0E1IB38|A0A0E1IB38_NEIME,0,0,1,0
tr|A0A0E1IBJ7|A0A0E1IBJ7_NEIME,1,0,0,0
tr|A0A0E1IBK1|A0A0E1IBK1_NEIME,0,1,1,1
tr|A0A0E1IBQ5|A0A0E1IBQ5_NEIME,1,0,0,0
tr|A0A0E1IBU4|A0A0E1IBU4_NEIME,0,0,0,0
tr|A0A0E1IC34|A0A0E1IC34_NEIME,0,0,0,0
tr|A0A0E1ICB1|A0A0E1ICB1_NEIME,1,0,1,1
tr|A0A0E1ICH0|A0A0E1ICH0_NEIME,0,1,0,0
tr|A0A0E1ICK1|A0A0E1ICK1_NEIME,0,0,0,0
tr|A0A0E1ICU9|A0A0E1ICU9_NEIME,1,1,1,1
tr|A0A0E1ID65|A0A0E1ID65_NEIME,1,0,0,0
tr|A0A0E1ID98|A0A0E1ID98_NEIME,0,0,0,0
tr|A0A0E1IE98|A0A0E1IE98_NEIME,0,0,0,0
tr|A0A0E1IEA7|A0A0E1IEA7_NEIME,1,1,1,1
tr|A0A0E1IEK6|A0A0E1IEK6_NEIME,0,1,1,1
tr|A0A0E1IEZ7|A0A0E1IEZ7_NEIME,1,0,1,1
tr|A0A0E1IG45|A0A0E1IG45_NEIME,1,0,0,0
tr|A0A0G4BP68|A0A0G4BP68_NEIME,0,0,0,0
tr|A0A0G4BPX7|A0A0G4BPX7_NEIME,0,0,0,0
tr|A0A0G4BQ15|A0A0G4BQ15_NEIME,0,0,0,0
tr|A0A0G4BQC4|A0A0G4BQC4_NEIME,0,0,1,0
tr|A0A0G4BQJ2|A0A0G4BQJ2_NEIME,0,1,1,1
tr|A0A0G4BQP4|A0A0G4BQP4_NEIME,0,0,0,0
tr|A0A0G4BR37|A0A0G4BR37_NEIME,0,0,0,0
tr|A0A0G4BRD1|A0A0G4BRD1_NEIME,0,0,0,0
tr|A0A0G4BRJ9|A0A0G4BRJ9_NEIME,0,0,0,0
tr|A0A0G4BRT9|A0A0G4BRT9_NEIME,0,0,0,0
tr|A0A0G4BS29|A0A0G4BS29_NEIME,0,0,0,0
tr|A0A0G4BSH1|A0A0G4BSH1_NEIME,0,0,0,0
tr|A0A0G4BSJ2|A0A0G4BSJ2_NEIME,0,0,0,0
tr|A0A0G4BSP3|A0A0G4BSP3_NEIME,0,0,0,0
tr|A0A0G4BTY3|A0A0G4BTY3_NEIME,1,0,0,0
tr|A0A0G4BTZ7|A0A0G4BTZ7_NEIME,1,0,1,1
tr|A0A0G4BTZ9|A0A0G4BTZ9_NEIME,0,0,0,0
tr|A0A0H3WLI7|A0A0H3WLI7_NEIME,1,1,1,1
tr|A0A0Q0SKD2|A0A0Q0SKD2_NEIME,0,0,0,0
tr|A0A0Q0SX51|A0A0Q0SX51_NEIME,0,1,1,1
tr|A0A0Q0WWI9|A0A0Q0WWI9_NEIME,0,0,1,0
tr|A0A0Q0XA34|A0A0Q0XA34_NEIME,0,0,0,0
tr|A0A0Q1BV13|A0A0Q1BV13_NEIME,1,0,0,0
tr|A0A0T7KYF8|A0A0T7KYF8_NEIME,0,0,0,0
tr|A0A0T7KYL5|A0A0T7KYL5_NEIME,1,0,0,0
tr|A0A0T7KYZ3|A0A0T7KYZ3_NEIME,0,0,0,0
tr|A0A0T7KZ47|A0A0T7KZ47_NEIME,0,0,0,0
tr|A0A0T7KZ77|A0A0T7KZ77_NEIME,0,0,0,0
tr|A0A0T7KZT6|A0A0T7KZT6_NEIME,0,0,0,0
tr|A0A0T7KZU5|A0A0T7KZU5_NEIME,1,1,1,1
tr|A0A0T7L079|A0A0T7L079_NEIME,1,0,0,0
tr|A0A0T7L0A5|A0A0T7L0A5_NEIME,0,0,0,0
tr|A0A0T7L0H1|A0A0T7L0H1_NEIME,0,1,1,1
tr|A0A0T7L0U7|A0A0T7L0U7_NEIME,1,0,0,0
tr|A0A0T7L102|A0A0T7L102_NEIME,0,0,0,0
tr|A0A0T7L117|A0A0T7L117_NEIME,1,0,1,1
tr|A0A0T7L1M3|A0A0T7L1M3_NEIME,0,0,1,0
tr|A0A0T7L1Q8|A0A0T7L1Q8_NEIME,1,1,0,1
tr|A0A0T7L2E9|A0A0T7L2E9_NEIME,0,0,0,0
tr|A0A0T7L378|A0A0T7L378_NEIME,0,1,0,0
tr|A0A0T7L396|A0A0T7L396_NEIME,0,0,0,0
tr|A0A0T7L3C7|A0A0T7L3C7_NEIME,1,0,0,0
tr|A0A0T7L3D2|A0A0T7L3D2_NEIME,0,0,0,0
tr|A0A0T7L3E9|A0A0T7L3E9_NEIME,1,0,1,1
tr|A0A0T7L3W5|A0A0T7L3W5_NEIME,0,1,0,0
tr|A0A0T7L421|A0A0T7L421_NEIME,1,0,0,0
tr|A0A0Y4ZID0|A0A0Y4ZID0_NEIME,1,1,0,1
tr|A0A0Y4ZIG4|A0A0Y4ZIG4_NEIME,0,0,0,0
tr|A0A0Y5A7X3|A0A0Y5A7X3_NEIME,0,0,0,0
tr|A0A0Y5AEJ8|A0A0Y5AEJ8_NEIME,1,0,0,0
tr|A0A0Y5AIX3|A0A0Y5AIX3_NEIME,0,0,0,0
tr|A0A0Y5AP49|A0A0Y5AP49_NEIME,0,0,0,0
tr|A0A0Y5ART2|A0A0Y5ART2_NEIME,1,0,0,0
tr|A0A0Y5AY51|A0A0Y5AY51_NEIME,0,0,0,0
tr|A0A0Y5AZT5|A0A0Y5AZT5_NEIME,0,0,0,0
tr|A0A0Y5B572|A0A0Y5B572_NEIME,1,1,0,1
tr|A0A0Y5B8K4|A0A0Y5B8K4_NEIME,0,0,0,0
tr|A0A0Y5BHA7|A0A0Y5BHA7_NEIME,0,0,0,0
tr|A0A0Y5BN92|A0A0Y5BN92_NEIME,1,0,0,0
tr|A0A0Y5C1P5|A0A0Y5C1P5_NEIME,1,0,1,1
tr|A0A0Y5C1R9|A0A0Y5C1R9_NEIME,1,1,1,1
tr|A0A0Y5C3C0|A0A0Y5C3C0_NEIME,0,0,0,0
tr|A0A0Y5CL96|A0A0Y5CL96_NEIME,0,1,0,0
tr|A0A0Y5CMF8|A0A0Y5CMF8_NEIME,1,0,0,0
tr|A0A0Y5CRQ9|A0A0Y5CRQ9_NEIME,0,0,0,0
tr|A0A0Y5CWL6|A0A0Y5CWL6_NEIME,0,0,0,0
tr|A0A0Y5D1V4|A0A0Y5D1V4_NEIME,0,0,0,0
tr|A0A0Y5D4F5|A0A0Y5D4F5_NEIME,0,1,1,1
tr|A0A0Y5D8W2|A0A0Y5D8W2_NEIME,1,0,1,1
tr|A0A0Y5D9H5|A0A0Y5D9H5_NEIME,0,0,0,0
tr|A0A0Y5DA56|A0A0Y5DA56_NEIME,0,0,0,0
tr|A0A0Y5DI07|A0A0Y5DI07_NEIME,1,0,0,0
tr|A0A0Y5DIA0|A0A0Y5DIA0_NEIME,0,0,0,0
tr|A0A0Y5DNA3|A0A0Y5DNA3_NEIME,0,0,0,0
tr|A0A0Y5DNI9|A0A0Y5DNI9_NEIME,0,0,0,0
tr|A0A0Y5DP70|A0A0Y5DP70_NEIME,1,1,1,1
tr|A0A0Y5E0I7|A0A0Y5E0I7_NEIME,0,0,0,0
tr|A0A0Y5E430|A0A0Y5E430_NEIME,0,0,0,0
tr|A0A0Y5E9V2|A0A0Y5E9V2_NEIME,0,0,0,0
tr|A0A0Y5EB24|A0A0Y5EB24_NEIME,1,0,0,0
tr|A0A0Y5EKQ7|A0A0Y5EKQ7_NEIME,1,1,1,1
tr|A0A0Y5EWT9|A0A0Y5EWT9_NEIME,0,0,0,0
tr|A0A0Y5FB70|A0A0Y5FB70_NEIME,1,0,0,0
tr|A0A0Y5FB93|A0A0Y5FB93_NEIME,0,0,0,0
tr|A0A0Y5FE22|A0A0Y5FE22_NEIME,1,1,1,1
tr|A0A0Y5FKD8|A0A0Y5FKD8_NEIME,0,0,0,0
tr|A0A0Y5FSS8|A0A0Y5FSS8_NEIME,0,0,0,0
tr|A0A0Y5G7L7|A0A0Y5G7L7_NEIME,0,0,0,0
tr|A0A0Y5GMM8|A0A0Y5GMM8_NEIME,0,0,0,0
tr|A0A0Y5GR21|A0A0Y5GR21_NEIME,1,0,1,1
tr|A0A0Y5GU39|A0A0Y5GU39_NEIME,0,0,0,0
tr|A0A0Y5HB58|A0A0Y5HB58_NEIME,1,0,1,1
tr|A0A0Y5HDL6|A0A0Y5HDL6_NEIME,1,1,1,1
tr|A0A0Y5HYL9|A0A0Y5HYL9_NEIME,0,0,0,0
tr|A0A0Y5HYQ1|A0A0Y5HYQ1_NEIME,1,0,1,1
tr|A0A0Y5I0B7|A0A0Y5I0B7_NEIME,1,1,1,1
tr|A0A0Y5I0S0|A0A0Y5I0S0_NEIME,1,1,1,1
tr|A0A0Y5IAZ9|A0A0Y5IAZ9_NEIME,1,1,1,1
tr|A0A0Y5IKT2|A0A0Y5IKT2_NEIME,0,0,0,0
tr|A0A0Y5IMY2|A0A0Y5IMY2_NEIME,0,0,0,0
tr|A0A0Y5IYC2|A0A0Y5IYC2_NEIME,0,1,0,0
tr|A0A0Y5J441|A0A0Y5J441_NEIME,1,0,1,1
tr|A0A0Y5J647|A0A0Y5J647_NEIME,0,0,0,0
tr|A0A0Y5J9M2|A0A0Y5J9M2_NEIME,1,1,1,1
tr|A0A0Y5JBX8|A0A0Y5JBX8_NEIME,0,0,0,0
tr|A0A0Y5JHL6|A0A0Y5JHL6_NEIME,0,0,0,0
tr|A0A0Y5JME1|A0A0Y5JME1_NEIME,0,1,0,0
tr|A0A0Y5JPD7|A0A0Y5JPD7_NEIME,1,1,1,1
tr|A0A0Y5JRV7|A0A0Y5JRV7_NEIME,0,1,0,0
tr|A0A0Y5K117|A0A0Y5K117_NEIME,0,0,0,0
tr|A0A0Y5K2J4|A0A0Y5K2J4_NEIME,1,1,1,1
tr|A0A0Y5K466|A0A0Y5K466_NEIME,0,0,1,0
tr|A0A0Y5K4T0|A0A0Y5K4T0_NEIME,0,0,1,0
tr|A0A0Y5K9N2|A0A0Y5K9N2_NEIME,1,1,1,1
tr|A0A0Y5KAJ2|A0A0Y5KAJ2_NEIME,0,0,0,0
tr|A0A0Y5KK84|A0A0Y5KK84_NEIME,1,0,0,0
tr|A0A0Y5KKJ1|A0A0Y5KKJ1_NEIME,0,0,0,0
tr|A0A0Y5KQ68|A0A0Y5KQ68_NEIME,0,0,0,0
tr|A0A0Y5KVD9|A0A0Y5KVD9_NEIME,0,0,0,0
tr|A0A0Y5KZV4|A0A0Y5KZV4_NEIME,0,0,0,0
tr|A0A0Y5L306|A0A0Y5L306_NEIME,0,0,0,0
tr|A0A0Y5LFQ1|A0A0Y5LFQ1_NEIME,0,0,0,0
tr|A0A0Y5LID5|A0A0Y5LID5_NEIME,0,1,0,0
tr|A0A0Y5LL32|A0A0Y5LL32_NEIME,1,0,0,0
tr|A0A0Y5LLY8|A0A0Y5LLY8_NEIME,0,1,0,0
tr|A0A0Y5LMB2|A0A0Y5LMB2_NEIME,1,0,0,0
tr|A0A0Y5LSE9|A0A0Y5LSE9_NEIME,0,1,1,1
tr|A0A0Y5LXY5|A0A0Y5LXY5_NEIME,0,0,0,0
tr|A0A0Y5LY12|A0A0Y5LY12_NEIME,0,0,0,0
tr|A0A0Y5M1F2|A0A0Y5M1F2_NEIME,0,0,0,0
tr|A0A0Y5M210|A0A0Y5M210_NEIME,0,0,0,0
tr|A0A0Y5M2L7|A0A0Y5M2L7_NEIME,0,0,0,0
tr|A0A0Y5M431|A0A0Y5M431_NEIME,0,0,0,0
tr|A0A0Y5M436|A0A0Y5M436_NEIME,0,0,0,0
tr|A0A0Y5M4X4|A0A0Y5M4X4_NEIME,0,0,0,0
tr|A0A0Y5M552|A0A0Y5M552_NEIME,0,0,0,0
tr|A0A0Y5M831|A0A0Y5M831_NEIME,0,0,0,0
tr|A0A0Y5M834|A0A0Y5M834_NEIME,1,1,1,1
tr|A0A0Y5MBK6|A0A0Y5MBK6_NEIME,0,0,0,0
tr|A0A0Y5MDA4|A0A0Y5MDA4_NEIME,0,0,0,0
tr|A0A0Y5MI88|A0A0Y5MI88_NEIME,1,0,1,1
tr|A0A0Y5MK21|A0A0Y5MK21_NEIME,1,1,1,1
tr|A0A0Y5MLG2|A0A0Y5MLG2_NEIME,1,0,1,1
tr|A0A0Y5MLU7|A0A0Y5MLU7_NEIME,1,0,0,0
tr|A0A0Y5MM03|A0A0Y5MM03_NEIME,1,1,1,1
tr|A0A0Y5MV81|A0A0Y5MV81_NEIME,0,0,0,0
tr|A0A0Y5MVZ6|A0A0Y5MVZ6_NEIME,0,0,0,0
tr|A0A0Y5MY11|A0A0Y5MY11_NEIME,0,0,0,0
tr|A0A0Y5N2S9|A0A0Y5N2S9_NEIME,0,0,0,0
tr|A0A0Y5N314|A0A0Y5N314_NEIME,1,0,1,1
tr|A0A0Y5N320|A0A0Y5N320_NEIME,0,0,1,0
tr|A0A0Y5N3G3|A0A0Y5N3G3_NEIME,0,0,0,0
tr|A0A0Y5N3S2|A0A0Y5N3S2_NEIME,0,0,0,0
tr|A0A0Y5N698|A0A0Y5N698_NEIME,0,0,0,0
tr|A0A0Y5N9R4|A0A0Y5N9R4_NEIME,0,0,0,0
tr|A0A0Y5N9U4|A0A0Y5N9U4_NEIME,0,0,0,0
tr|A0A0Y5NND3|A0A0Y5NND3_NEIME,0,0,0,0
tr|A0A0Y5NSX3|A0A0Y5NSX3_NEIME,1,0,0,0
tr|A0A0Y5NSY2|A0A0Y5NSY2_NEIME,1,1,1,1
tr|A0A0Y5NT47|A0A0Y5NT47_NEIME,0,0,1,0
tr|A0A0Y5NW50|A0A0Y5NW50_NEIME,0,0,0,0
tr|A0A0Y5NZT5|A0A0Y5NZT5_NEIME,1,1,1,1
tr|A0A0Y5P507|A0A0Y5P507_NEIME,1,0,1,1
tr|A0A0Y5P6R7|A0A0Y5P6R7_NEIME,0,1,1,1
tr|A0A0Y5PIV5|A0A0Y5PIV5_NEIME,0,0,0,0
tr|A0A0Y5PJ98|A0A0Y5PJ98_NEIME,1,0,1,1
tr|A0A0Y5PJT1|A0A0Y5PJT1_NEIME,0,0,0,0
tr|A0A0Y5PR10|A0A0Y5PR10_NEIME,1,0,1,1
tr|A0A0Y5PRG5|A0A0Y5PRG5_NEIME,0,0,0,0
tr|A0A0Y5PVP4|A0A0Y5PVP4_NEIME,1,1,1,1
tr|A0A0Y5PWC8|A0A0Y5PWC8_NEIME,0,0,0,0
tr|A0A0Y5Q011|A0A0Y5Q011_NEIME,0,1,1,1
tr|A0A0Y5Q6B5|A0A0Y5Q6B5_NEIME,0,0,0,0
tr|A0A0Y5Q9R4|A0A0Y5Q9R4_NEIME,0,0,0,0
tr|A0A0Y5QCW4|A0A0Y5QCW4_NEIME,0,0,0,0
tr|A0A0Y5QD30|A0A0Y5QD30_NEIME,1,1,1,1
tr|A0A0Y5QE07|A0A0Y5QE07_NEIME,0,0,0,0
tr|A0A0Y5QFK6|A0A0Y5QFK6_NEIME,1,0,0,0
tr|A0A0Y5QLJ4|A0A0Y5QLJ4_NEIME,1,0,1,1
tr|A0A0Y5QZI2|A0A0Y5QZI2_NEIME,0,1,0,0
tr|A0A0Y5R6K8|A0A0Y5R6K8_NEIME,0,0,0,0
tr|A0A0Y5REI8|A0A0Y5REI8_NEIME,1,0,1,1
tr|A0A0Y5RGB9|A0A0Y5RGB9_NEIME,0,0,0,0
tr|A0A0Y5S4M5|A0A0Y5S4M5_NEIME,1,0,0,0
tr|A0A0Y5S6N2|A0A0Y5S6N2_NEIME,0,0,0,0
tr|A0A0Y5SE75|A0A0Y5SE75_NEIME,1,1,0,1
tr|A0A0Y5SEW3|A0A0Y5SEW3_NEIME,1,0,0,0
tr|A0A0Y5ST78|A0A0Y5ST78_NEIME,1,1,1,1
tr|A0A0Y5TIL7|A0A0Y5TIL7_NEIME,0,0,0,0
tr|A0A0Y5TTS9|A0A0Y5TTS9_NEIME,0,0,0,0
tr|A0A0Y5USX8|A0A0Y5USX8_NEIME,0,0,1,0
tr|A0A0Y5V466|A0A0Y5V466_NEIME,1,1,1,1
tr|A0A0Y5VE30|A0A0Y5VE30_NEIME,1,0,0,0
tr|A0A0Y5VH03|A0A0Y5VH03_NEIME,0,0,0,0
tr|A0A0Y5VPW5|A0A0Y5VPW5_NEIME,0,0,0,0
tr|A0A0Y5WD38|A0A0Y5WD38_NEIME,1,1,1,1
tr|A0A0Y5WI18|A0A0Y5WI18_NEIME,1,1,1,1
tr|A0A0Y5WML3|A0A0Y5WML3_NEIME,1,0,0,0
tr|A0A0Y5XL38|A0A0Y5XL38_NEIME,0,0,0,0
tr|A0A0Y5XN66|A0A0Y5XN66_NEIME,0,0,0,0
tr|A0A0Y5XTA7|A0A0Y5XTA7_NEIME,1,0,1,1
tr|A0A0Y5YKU2|A0A0Y5YKU2_NEIME,0,0,0,0
tr|A0A0Y5YNR7|A0A0Y5YNR7_NEIME,0,0,1,0
tr|A0A0Y5YQ97|A0A0Y5YQ97_NEIME,0,0,0,0
tr|A0A0Y5YRV0|A0A0Y5YRV0_NEIME,0,0,0,0
tr|A0A0Y5ZBV3|A0A0Y5ZBV3_NEIME,1,0,0,0
tr|A0A0Y5ZSW3|A0A0Y5ZSW3_NEIME,0,0,0,0
tr|A0A0Y6A536|A0A0Y6A536_NEIME,0,0,0,0
tr|A0A0Y6AJ41|A0A0Y6AJ41_NEIME,1,1,1,1
tr|A0A0Y6B6Z5|A0A0Y6B6Z5_NEIME,0,0,0,0
tr|A0A0Y6BFL1|A0A0Y6BFL1_NEIME,0,1,1,1
tr|A0A0Y6BI01|A0A0Y6BI01_NEIME,0,0,0,0
tr|A0A0Y6BTT5|A0A0Y6BTT5_NEIME,0,0,1,0
tr|A0A0Y6C426|A0A0Y6C426_NEIME,0,1,0,0
tr|A0A0Y6C863|A0A0Y6C863_NEIME,0,0,0,0
tr|A0A0Y6CAS2|A0A0Y6CAS2_NEIME,1,0,1,1
tr|A0A0Y6CB21|A0A0Y6CB21_NEIME,0,1,0,0
tr|A0A0Y6D0H7|A0A0Y6D0H7_NEIME,1,1,0,1
tr|A0A0Y6D104|A0A0Y6D104_NEIME,0,0,0,0
tr|A0A0Y6D3E8|A0A0Y6D3E8_NEIME,1,0,1,1
tr|A0A0Y6D950|A0A0Y6D950_NEIME,0,1,0,0
tr|A0A0Y6DBK9|A0A0Y6DBK9_NEIME,0,0,0,0
tr|A0A0Y6DRJ8|A0A0Y6DRJ8_NEIME,1,1,1,1
tr|A0A0Y6DTK4|A0A0Y6DTK4_NEIME,1,0,1,1
tr|A0A0Y6DVR8|A0A0Y6DVR8_NEIME,0,0,0,0
tr|A0A0Y6DY33|A0A0Y6DY33_NEIME,0,0,0,0
tr|A0A0Y6E7P7|A0A0Y6E7P7_NEIME,1,0,1,1
tr|A0A0Y6EAN6|A0A0Y6EAN6_NEIME,0,0,1,0
tr|A0A0Y6EU58|A0A0Y6EU58_NEIME,0,0,0,0
tr|A0A0Y6EWM4|A0A0Y6EWM4_NEIME,0,0,0,0
tr|A0A0Y6F3M3|A0A0Y6F3M3_NEIME,0,0,0,0
tr|A0A0Y6FG89|A0A0Y6FG89_NEIME,0,0,0,0
tr|A0A0Y6FI96|A0A0Y6FI96_NEIME,0,1,0,0
tr|A0A0Y6FN51|A0A0Y6FN51_NEIME,0,0,0,0
tr|A0A0Y6FTW1|A0A0Y6FTW1_NEIME,0,0,0,0
tr|A0A0Y6GBE5|A0A0Y6GBE5_NEIME,0,0,1,0
tr|A0A0Y6GC35|A0A0Y6GC35_NEIME,0,0,0,0
tr|A0A0Y6GEP8|A0A0Y6GEP8_NEIME,0,0,0,0
tr|A0A0Y6GKR8|A0A0Y6GKR8_NEIME,1,1,1,1
tr|A0A0Y6GPV1|A0A0Y6GPV1_NEIME,0,0,0,0
tr|A0A0Y6GRD5|A0A0Y6GRD5_NEIME,0,0,0,0
tr|A0A0Y6GSE0|A0A0Y6GSE0_NEIME,0,0,0,0
tr|A0A0Y6HEA7|A0A0Y6HEA7_NEIME,1,0,1,1
tr|A0A0Y6HLB6|A0A0Y6HLB6_NEIME,0,0,0,0
tr|A0A0Y6HND2|A0A0Y6HND2_NEIME,0,0,0,0
tr|A0A0Y6HVK5|A0A0Y6HVK5_NEIME,0,0,1,0
tr|A0A0Y6HW33|A0A0Y6HW33_NEIME,0,1,1,1
tr|A0A0Y6HWA4|A0A0Y6HWA4_NEIME,1,0,1,1
tr|A0A0Y6HXE7|A0A0Y6HXE7_NEIME,0,0,0,0
tr|A0A0Y6HY30|A0A0Y6HY30_NEIME,0,1,0,0
tr|A0A0Y6I736|A0A0Y6I736_NEIME,1,1,1,1
tr|A0A0Y6IE81|A0A0Y6IE81_NEIME,1,0,0,0
tr|A0A0Y6IFH3|A0A0Y6IFH3_NEIME,1,0,0,0
tr|A0A0Y6IIX3|A0A0Y6IIX3_NEIME,0,0,0,0
tr|A0A0Y6IJY1|A0A0Y6IJY1_NEIME,0,0,1,0
tr|A0A0Y6IMP2|A0A0Y6IMP2_NEIME,0,0,0,0
tr|A0A0Y6IUS8|A0A0Y6IUS8_NEIME,0,0,1,0
tr|A0A0Y6IYD6|A0A0Y6IYD6_NEIME,0,0,0,0
tr|A0A0Y6JBC6|A0A0Y6JBC6_NEIME,0,0,0,0
tr|A0A0Y6JLZ6|A0A0Y6JLZ6_NEIME,0,0,0,0
tr|A0A0Y6JM59|A0A0Y6JM59_NEIME,0,0,0,0
tr|A0A0Y6JQ50|A0A0Y6JQ50_NEIME,0,0,0,0
tr|A0A0Y6JUE9|A0A0Y6JUE9_NEIME,1,0,1,1
tr|A0A0Y6JY45|A0A0Y6JY45_NEIME,0,0,1,0
tr|A0A0Y6JZK6|A0A0Y6JZK6_NEIME,0,1,0,0
tr|A0A0Y6K3Z1|A0A0Y6K3Z1_NEIME,1,1,1,1
tr|A0A0Y6K6T2|A0A0Y6K6T2_NEIME,0,0,0,0
tr|A0A0Y6KW68|A0A0Y6KW68_NEIME,0,0,0,0
tr|A0A0Y6KXX4|A0A0Y6KXX4_NEIME,0,0,0,0
tr|A0A0Y6L4A1|A0A0Y6L4A1_NEIME,0,0,0,0
tr|A0A0Y6L7C3|A0A0Y6L7C3_NEIME,1,1,1,1
tr|A0A0Y6L9L2|A0A0Y6L9L2_NEIME,0,0,0,0
tr|A0A0Y6ME67|A0A0Y6ME67_NEIME,1,0,0,0
tr|A0A0Y6MJ45|A0A0Y6MJ45_NEIME,0,0,0,0
tr|A0A0Y6MMG7|A0A0Y6MMG7_NEIME,0,0,0,0
tr|A0A0Y6MMX0|A0A0Y6MMX0_NEIME,0,0,0,0
tr|A0A0Y6MR19|A0A0Y6MR19_NEIME,0,0,1,0
tr|A0A0Y6MV30|A0A0Y6MV30_NEIME,0,0,0,0
tr|A0A0Y6N8Y5|A0A0Y6N8Y5_NEIME,1,0,0,0
tr|A0A0Y6N920|A0A0Y6N920_NEIME,0,0,0,0
tr|A0A0Y6NA55|A0A0Y6NA55_NEIME,1,0,0,0
tr|A0A0Y6NJP1|A0A0Y6NJP1_NEIME,0,0,0,0
tr|A0A0Y6NVQ0|A0A0Y6NVQ0_NEIME,0,1,1,1
tr|A0A0Y6P557|A0A0Y6P557_NEIME,0,0,0,0
tr|A0A0Y6P6Z7|A0A0Y6P6Z7_NEIME,0,0,1,0
tr|A0A0Y6PDS4|A0A0Y6PDS4_NEIME,0,0,1,0
tr|A0A0Y6PF76|A0A0Y6PF76_NEIME,0,0,0,0
tr|A0A0Y6PIU7|A0A0Y6PIU7_NEIME,0,0,0,0
tr|A0A0Y6PTC0|A0A0Y6PTC0_NEIME,1,0,0,0
tr|A0A0Y6PUP0|A0A0Y6PUP0_NEIME,1,0,0,0
tr|A0A0Y6Q2L8|A0A0Y6Q2L8_NEIME,1,1,1,1
tr|A0A0Y6QAK8|A0A0Y6QAK8_NEIME,1,1,0,1
tr|A0A0Y6QAN0|A0A0Y6QAN0_NEIME,0,0,0,0
tr|A0A0Y6QFF4|A0A0Y6QFF4_NEIME,0,0,0,0
tr|A0A0Y6QGX8|A0A0Y6QGX8_NEIME,1,0,0,0
tr|A0A0Y6QJ70|A0A0Y6QJ70_NEIME,0,0,0,0
tr|A0A0Y6QK37|A0A0Y6QK37_NEIME,1,0,0,0
tr|A0A0Y6QLQ0|A0A0Y6QLQ0_NEIME,1,0,0,0
tr|A0A0Y6QT95|A0A0Y6QT95_NEIME,1,0,1,1
tr|A0A0Y6QWU6|A0A0Y6QWU6_NEIME,0,0,0,0
tr|A0A0Y6QXJ3|A0A0Y6QXJ3_NEIME,1,1,0,1
tr|A0A0Y6R5B3|A0A0Y6R5B3_NEIME,1,0,1,1
tr|A0A0Y6RC21|A0A0Y6RC21_NEIME,0,0,0,0
tr|A0A0Y6RCT5|A0A0Y6RCT5_NEIME,0,0,0,0
tr|A0A0Y6RDI0|A0A0Y6RDI0_NEIME,0,0,0,0
tr|A0A0Y6RH36|A0A0Y6RH36_NEIME,0,0,0,0
tr|A0A0Y6RI88|A0A0Y6RI88_NEIME,1,0,0,0
tr|A0A0Y6RIM9|A0A0Y6RIM9_NEIME,0,0,0,0
tr|A0A0Y6RJ57|A0A0Y6RJ57_NEIME,0,0,0,0
tr|A0A0Y6RK63|A0A0Y6RK63_NEIME,1,0,0,0
tr|A0A0Y6RKL0|A0A0Y6RKL0_NEIME,1,0,1,1
tr|A0A0Y6RM81|A0A0Y6RM81_NEIME,0,0,0,0
tr|A0A0Y6RP47|A0A0Y6RP47_NEIME,1,0,0,0
tr|A0A0Y6RPI1|A0A0Y6RPI1_NEIME,1,0,0,0
tr|A0A0Y6RVC9|A0A0Y6RVC9_NEIME,0,0,0,0
tr|A0A0Y6RVD2|A0A0Y6RVD2_NEIME,0,0,0,0
tr|A0A0Y6RVE8|A0A0Y6RVE8_NEIME,0,0,0,0
tr|A0A0Y6RVL8|A0A0Y6RVL8_NEIME,1,1,1,1
tr|A0A0Y6RVU1|A0A0Y6RVU1_NEIME,0,0,1,0
tr|A0A0Y6RVV3|A0A0Y6RVV3_NEIME,0,0,0,0
tr|A0A0Y6RVW7|A0A0Y6RVW7_NEIME,1,0,0,0
tr|A0A0Y6RW32|A0A0Y6RW32_NEIME,0,0,0,0
tr|A0A0Y6RWZ8|A0A0Y6RWZ8_NEIME,0,0,0,0
tr|A0A0Y6RX24|A0A0Y6RX24_NEIME,0,0,0,0
tr|A0A0Y6RX59|A0A0Y6RX59_NEIME,0,0,0,0
tr|A0A0Y6RX90|A0A0Y6RX90_NEIME,0,0,1,0
tr|A0A0Y6RZS0|A0A0Y6RZS0_NEIME,0,0,0,0
tr|A0A0Y6S373|A0A0Y6S373_NEIME,0,0,0,0
tr|A0A0Y6S4E0|A0A0Y6S4E0_NEIME,1,0,0,0
tr|A0A0Y6SAG7|A0A0Y6SAG7_NEIME,0,0,0,0
tr|A0A0Y6SFA7|A0A0Y6SFA7_NEIME,0,0,0,0
tr|A0A0Y6SFL3|A0A0Y6SFL3_NEIME,0,0,0,0
tr|A0A0Y6SG84|A0A0Y6SG84_NEIME,0,0,0,0
tr|A0A0Y6SL41|A0A0Y6SL41_NEIME,0,0,0,0
tr|A0A0Y6SMS1|A0A0Y6SMS1_NEIME,0,0,0,0
tr|A0A0Y6SPK1|A0A0Y6SPK1_NEIME,1,0,1,1
tr|A0A0Y6SQQ4|A0A0Y6SQQ4_NEIME,1,0,0,0
tr|A0A0Y6SS56|A0A0Y6SS56_NEIME,0,0,1,0
tr|A0A0Y6SV56|A0A0Y6SV56_NEIME,0,1,1,1
tr|A0A0Y6T1K1|A0A0Y6T1K1_NEIME,0,0,0,0
tr|A0A0Y6T5H5|A0A0Y6T5H5_NEIME,0,0,0,0
tr|A0A0Y6T7N8|A0A0Y6T7N8_NEIME,0,0,0,0
tr|A0A0Y6TBF5|A0A0Y6TBF5_NEIME,1,0,0,0
tr|A0A0Y6TBQ5|A0A0Y6TBQ5_NEIME,0,0,0,0
tr|A0A0Y6TE78|A0A0Y6TE78_NEIME,0,0,0,0
tr|A0A0Y6TGJ4|A0A0Y6TGJ4_NEIME,1,0,0,0
tr|A0A0Y6TJL0|A0A0Y6TJL0_NEIME,0,0,0,0
tr|A0A0Y6TKG9|A0A0Y6TKG9_NEIME,0,0,0,0
tr|A0A0Y6TLI7|A0A0Y6TLI7_NEIME,0,0,0,0
tr|A0A0Y6TLS5|A0A0Y6TLS5_NEIME,0,0,0,0
tr|A0A0Y6TMK2|A0A0Y6TMK2_NEIME,0,0,0,0
tr|A0A0Y6TQ15|A0A0Y6TQ15_NEIME,0,1,0,0
tr|A0A0Y6TST7|A0A0Y6TST7_NEIME,0,1,1,1
tr|A0A0Y6TUN0|A0A0Y6TUN0_NEIME,1,1,1,1
tr|A0A0Y6U375|A0A0Y6U375_NEIME,1,0,0,0
tr|A0A0Y6U387|A0A0Y6U387_NEIME,0,1,0,0
tr|A0A0Y6UAK1|A0A0Y6UAK1_NEIME,1,1,0,1
tr|A0A0Y6UI53|A0A0Y6UI53_NEIME,1,0,1,1
tr|A0A0Y6UI85|A0A0Y6UI85_NEIME,0,0,0,0
tr|A0A0Y6UJ54|A0A0Y6UJ54_NEIME,0,0,0,0
tr|A0A0Y6UPS1|A0A0Y6UPS1_NEIME,1,0,0,0
tr|A0A0Y6UUA2|A0A0Y6UUA2_NEIME,0,0,0,0
tr|A0A0Y6UXE3|A0A0Y6UXE3_NEIME,1,0,0,0
tr|A0A0Y6UXL5|A0A0Y6UXL5_NEIME,0,0,0,0
tr|A0A0Y6V218|A0A0Y6V218_NEIME,0,0,0,0
tr|A0A0Y6V783|A0A0Y6V783_NEIME,0,0,0,0
tr|A0A0Y6V7G7|A0A0Y6V7G7_NEIME,0,0,1,0
tr|A0A0Y6VA89|A0A0Y6VA89_NEIME,0,0,0,0
tr|A0A0Y6VAW5|A0A0Y6VAW5_NEIME,0,1,1,1
tr|A0A0Y6VBN7|A0A0Y6VBN7_NEIME,1,1,1,1
tr|A0A0Y6VDH3|A0A0Y6VDH3_NEIME,1,1,1,1
tr|A0A0Y6VEG3|A0A0Y6VEG3_NEIME,1,1,0,1
tr|A0A0Y6VG52|A0A0Y6VG52_NEIME,0,0,0,0
tr|A0A112B1U1|A0A112B1U1_NEIME,1,0,1,1
tr|A0A112BNH9|A0A112BNH9_NEIME,0,0,0,0
tr|A0A112BY09|A0A112BY09_NEIME,1,0,0,0
tr|A0A112C1B4|A0A112C1B4_NEIME,1,0,0,0
tr|A0A112C212|A0A112C212_NEIME,0,0,0,0
tr|A0A112CE63|A0A112CE63_NEIME,0,0,0,0
tr|A0A112CRH7|A0A112CRH7_NEIME,0,1,1,1
tr|A0A112CUV5|A0A112CUV5_NEIME,1,0,0,0
tr|A0A112D5I4|A0A112D5I4_NEIME,0,0,0,0
tr|A0A112DIC7|A0A112DIC7_NEIME,1,1,1,1
tr|A0A112DK10|A0A112DK10_NEIME,0,0,0,0
tr|A0A112DS22|A0A112DS22_NEIME,0,0,0,0
tr|A0A112DTR5|A0A112DTR5_NEIME,0,0,1,0
tr|A0A112EHT2|A0A112EHT2_NEIME,0,0,0,0
tr|A0A112ELI5|A0A112ELI5_NEIME,1,1,1,1
tr|A0A112EMX8|A0A112EMX8_NEIME,0,0,0,0
tr|A0A112EN30|A0A112EN30_NEIME,0,0,0,0
tr|A0A112F6P1|A0A112F6P1_NEIME,0,0,0,0
tr|A0A112F8R2|A0A112F8R2_NEIME,1,1,0,1
tr|A0A112F9N5|A0A112F9N5_NEIME,1,0,0,0
tr|A0A112FGA3|A0A112FGA3_NEIME,0,0,0,0
tr|A0A112FGG7|A0A112FGG7_NEIME,0,1,1,1
tr|A0A112FIJ7|A0A112FIJ7_NEIME,1,0,1,1
tr|A0A112FIS6|A0A112FIS6_NEIME,0,0,1,0
tr|A0A112FJH2|A0A112FJH2_NEIME,0,0,0,0
tr|A0A112FLQ9|A0A112FLQ9_NEIME,1,0,0,0
tr|A0A112FPV0|A0A112FPV0_NEIME,0,0,0,0
tr|A0A112FQ62|A0A112FQ62_NEIME,0,0,1,0
tr|A0A112FSM2|A0A112FSM2_NEIME,0,0,0,0
tr|A0A112FT87|A0A112FT87_NEIME,1,1,1,1
tr|A0A112FUQ5|A0A112FUQ5_NEIME,0,1,1,1
tr|A0A112FXS2|A0A112FXS2_NEIME,0,0,0,0
tr|A0A112G1W2|A0A112G1W2_NEIME,1,1,1,1
tr|A0A112G7U4|A0A112G7U4_NEIME,0,0,0,0
tr|A0A112G9I9|A0A112G9I9_NEIME,0,0,0,0
tr|A0A112GCQ7|A0A112GCQ7_NEIME,1,0,1,1
tr|A0A112GCU2|A0A112GCU2_NEIME,1,1,1,1
tr|A0A112GMJ1|A0A112GMJ1_NEIME,0,0,0,0
tr|A0A112GSE8|A0A112GSE8_NEIME,1,1,1,1
tr|A0A112GTQ6|A0A112GTQ6_NEIME,1,0,0,0
tr|A0A112HS57|A0A112HS57_NEIME,0,0,0,0
tr|A0A112I5W3|A0A112I5W3_NEIME,0,0,0,0
tr|A0A112I6S8|A0A112I6S8_NEIME,0,1,1,1
tr|A0A112JII8|A0A112JII8_NEIME,1,0,1,1
tr|A0A112JLX8|A0A112JLX8_NEIME,1,1,1,1
tr|A0A112K6C0|A0A112K6C0_NEIME,0,0,0,0
tr|A0A112LF85|A0A112LF85_NEIME,0,0,0,0
tr|A0A112LG96|A0A112LG96_NEIME,0,0,0,0
tr|A0A112LKA5|A0A112LKA5_NEIME,0,0,0,0
tr|A0A112M2E6|A0A112M2E6_NEIME,1,0,0,0
tr|A0A112M919|A0A112M919_NEIME,1,0,0,0
tr|A0A112M9A5|A0A112M9A5_NEIME,0,0,0,0
tr|A0A112MCA3|A0A112MCA3_NEIME,0,0,0,0
tr|A0A112MCN5|A0A112MCN5_NEIME,0,0,0,0
tr|A0A112MKH7|A0A112MKH7_NEIME,0,0,0,0
tr|A0A112MS04|A0A112MS04_NEIME,0,0,0,0
tr|A0A112N369|A0A112N369_NEIME,0,0,0,0
tr|A0A112N4Z8|A0A112N4Z8_NEIME,0,0,0,0
tr|A0A112N680|A0A112N680_NEIME,0,0,0,0
tr|A0A112N6E3|A0A112N6E3_NEIME,1,1,1,1
tr|A0A112NDJ3|A0A112NDJ3_NEIME,0,0,0,0
tr|A0A112PU30|A0A112PU30_NEIME,0,0,0,0
tr|A0A112Q2N3|A0A112Q2N3_NEIME,1,0,0,0
tr|A0A112Q2Z0|A0A112Q2Z0_NEIME,1,0,0,0
tr|A0A112Q8U7|A0A112Q8U7_NEIME,1,0,1,1
tr|A0A112Q901|A0A112Q901_NEIME,1,1,1,1
tr|A0A112Q9Y6|A0A112Q9Y6_NEIME,1,0,0,0
tr|A0A112QBH9|A0A112QBH9_NEIME,0,0,0,0
tr|A0A112QCT9|A0A112QCT9_NEIME,0,1,0,0
tr|A0A112QCU5|A0A112QCU5_NEIME,1,1,1,1
tr|A0A112QF60|A0A112QF60_NEIME,0,0,0,0
tr|A0A112QK73|A0A112QK73_NEIME,1,1,0,1
tr|A0A112QSQ6|A0A112QSQ6_NEIME,0,0,0,0
tr|A0A112QWZ6|A0A112QWZ6_NEIME,0,1,0,0
tr|A0A112R3Z2|A0A112R3Z2_NEIME,0,0,0,0
tr|A0A121NDB6|A0A121NDB6_NEIME,1,0,0,0
tr|A0A121NEA7|A0A121NEA7_NEIME,0,0,0,0
tr|A0A121NFP4|A0A121NFP4_NEIME,1,0,0,0
tr|A0A121NPP2|A0A121NPP2_NEIME,0,0,0,0
tr|A0A121P003|A0A121P003_NEIME,0,0,0,0
tr|A0A121PEB9|A0A121PEB9_NEIME,0,0,1,0
tr|A0A121PVH2|A0A121PVH2_NEIME,1,0,1,1
tr|A0A121Q3L6|A0A121Q3L6_NEIME,1,1,1,1
tr|A0A121Q5N5|A0A121Q5N5_NEIME,0,0,0,0
tr|A0A121Q6U8|A0A121Q6U8_NEIME,1,1,0,1
tr|A0A121Q7L8|A0A121Q7L8_NEIME,0,1,0,0
tr|A0A121QDB6|A0A121QDB6_NEIME,1,0,0,0
tr|A0A121QJR1|A0A121QJR1_NEIME,0,0,0,0
tr|A0A121QU75|A0A121QU75_NEIME,0,0,0,0
tr|A0A121RL63|A0A121RL63_NEIME,0,0,0,0
tr|A0A121SBX7|A0A121SBX7_NEIME,1,0,1,1
tr|A0A121SLX9|A0A121SLX9_NEIME,1,1,1,1
tr|A0A121STG7|A0A121STG7_NEIME,0,0,0,0
tr|A0A121T398|A0A121T398_NEIME,0,0,0,0
tr|A0A121TAP4|A0A121TAP4_NEIME,0,0,0,0
tr|A0A121TI27|A0A121TI27_NEIME,0,0,0,0
tr|A0A121TM26|A0A121TM26_NEIME,1,0,0,0
tr|A0A121U0A6|A0A121U0A6_NEIME,0,0,0,0
tr|A0A121U7D8|A0A121U7D8_NEIME,1,0,0,0
tr|A0A121UAY7|A0A121UAY7_NEIME,0,0,1,0
tr|A0A121UFS0|A0A121UFS0_NEIME,1,1,1,1
tr|A0A121UHL3|A0A121UHL3_NEIME,0,0,0,0
tr|A0A121UNR7|A0A121UNR7_NEIME,0,0,0,0
tr|A0A121UYB9|A0A121UYB9_NEIME,0,1,1,1
tr|A0A121UYD3|A0A121UYD3_NEIME,1,0,0,0
tr|A0A121UYH3|A0A121UYH3_NEIME,1,0,1,1
tr|A0A121V0F3|A0A121V0F3_NEIME,0,0,0,0
tr|A0A121V3W4|A0A121V3W4_NEIME,0,0,0,0
tr|A0A121V9X0|A0A121V9X0_NEIME,0,0,0,0
tr|A0A121VAG4|A0A121VAG4_NEIME,0,0,0,0
tr|A0A121VGX7|A0A121VGX7_NEIME,1,0,0,0
tr|A0A1B1WXN4|A0A1B1WXN4_NEIME,0,0,0,0
tr|A0A1B1WYJ7|A0A1B1WYJ7_NEIME,0,0,0,0
tr|A0A1B1ZD70|A0A1B1ZD70_NEIME,1,0,0,0
tr|A0A1B1ZDI5|A0A1B1ZDI5_NEIME,0,1,0,0
tr|A0A1B1ZFD2|A0A1B1ZFD2_NEIME,0,1,1,1
tr|A0A1R1MVV1|A0A1R1MVV1_NEIME,1,0,1,1
tr|A0A1R1NA58|A0A1R1NA58_NEIME,0,0,1,0
tr|A0A1R1NAU7|A0A1R1NAU7_NEIME,1,0,0,0
tr|A0A1R1NC89|A0A1R1NC89_NEIME,0,0,0,0
tr|A0A1V0G5V7|A0A1V0G5V7_NEIME,0,0,0,0
tr|A0A1V0G6I2|A0A1V0G6I2_NEIME,1,0,0,0
tr|A0A1V0G6J2|A0A1V0G6J2_NEIME,0,0,0,0
tr|A0A1V0G759|A0A1V0G759_NEIME,0,0,0,0
tr|A0A1V0G7A5|A0A1V0G7A5_NEIME,0,0,0,0
tr|A0A1V0G8I9|A0A1V0G8I9_NEIME,1,0,1,1
tr|A0A1V0G931|A0A1V0G931_NEIME,0,1,0,0
tr|A0A1V0G934|A0A1V0G934_NEIME,0,0,0,0
tr|A0A1V0G9D5|A0A1V0G9D5_NEIME,1,1,0,1
tr|A0A1V0GA24|A0A1V0GA24_NEIME,0,0,0,0
tr|A0A1V0GA66|A0A1V0GA66_NEIME,1,0,1,1
tr|A0A1V3SLK2|A0A1V3SLK2_NEIME,0,1,0,0
tr|A0A1V3SLT1|A0A1V3SLT1_NEIME,0,1,0,0
tr|A0A1V3SM89|A0A1V3SM89_NEIME,1,0,0,0
tr|A0A1V3SMQ5|A0A1V3SMQ5_NEIME,0,0,1,0
tr|A0A1V3SN13|A0A1V3SN13_NEIME,1,1,1,1
tr|A0A1V3SN28|A0A1V3SN28_NEIME,0,0,0,0
tr|A0A1V3SN97|A0A1V3SN97_NEIME,1,0,1,1
tr|A0A1V3SNB2|A0A1V3SNB2_NEIME,0,0,0,0
tr|A0A1V3SNL0|A0A1V3SNL0_NEIME,1,0,0,0
tr|A0A1V3SPQ2|A0A1V3SPQ2_NEIME,1,1,1,1
tr|A0A1V3SQ89|A0A1V3SQ89_NEIME,0,0,0,0
tr|A0A1V3SR09|A0A1V3SR09_NEIME,0,0,1,0
tr|A0A1V3SR92|A0A1V3SR92_NEIME,0,0,0,0
tr|A0A2A3LP57|A0A2A3LP57_NEIME,1,0,0,0
tr|A0A2A3LPU3|A0A2A3LPU3_NEIME,1,0,1,1
tr|A0A2A3LQ72|A0A2A3LQ72_NEIME,0,0,0,0
tr|A0A2A3LQF4|A0A2A3LQF4_NEIME,0,0,0,0
tr|A0A2A3LQN3|A0A2A3LQN3_NEIME,1,1,1,1
tr|A0A2A3LRM2|A0A2A3LRM2_NEIME,0,0,0,0
tr|A0A2A3LRN7|A0A2A3LRN7_NEIME,0,0,0,0
tr|A0A2A3LSK1|A0A2A3LSK1_NEIME,0,0,0,0
tr|A0A2A3LT78|A0A2A3LT78_NEIME,0,0,0,0
tr|A0A2J1S0X7|A0A2J1S0X7_NEIME,0,0,1,0
tr|A0A2J1S303|A0A2J1S303_NEIME,0,0,0,0
tr|A0A2J1SA75|A0A2J1SA75_NEIME,1,1,1,1
tr|A0A2J1SEB7|A0A2J1SEB7_NEIME,0,0,0,0
tr|A0A2J1SIH5|A0A2J1SIH5_NEIME,1,1,1,1
tr|A0A2J1SIT5|A0A2J1SIT5_NEIME,1,0,0,0
tr|A0A2J1SPU5|A0A2J1SPU5_NEIME,0,0,0,0
tr|A0A2J1SQD9|A0A2J1SQD9_NEIME,1,0,0,0
tr|A0A2J1SRY5|A0A2J1SRY5_NEIME,0,0,0,0
tr|A0A2J1SSD3|A0A2J1SSD3_NEIME,0,0,0,0
tr|A0A2J1SUR1|A0A2J1SUR1_NEIME,0,0,0,0
tr|A0A2J1SWW2|A0A2J1SWW2_NEIME,0,0,0,0
tr|A0A2J1T5P2|A0A2J1T5P2_NEIME,0,0,0,0
tr|A0A2J1T820|A0A2J1T820_NEIME,0,0,1,0
tr|A0A2J1T8K2|A0A2J1T8K2_NEIME,0,0,0,0
tr|A0A2J1THT0|A0A2J1THT0_NEIME,0,0,0,0
tr|A0A2J1TKT9|A0A2J1TKT9_NEIME,1,0,0,0
tr|A0A2J1TL46|A0A2J1TL46_NEIME,0,0,0,0
tr|A0A2K7RH81|A0A2K7RH81_NEIME,1,0,0,0
tr|A0A2K7RI16|A0A2K7RI16_NEIME,0,0,0,0
tr|A0A2K7RI59|A0A2K7RI59_NEIME,0,0,0,0
tr|A0A2K7RJQ8|A0A2K7RJQ8_NEIME,0,0,0,0
tr|A0A2K7RJV3|A0A2K7RJV3_NEIME,1,1,0,1
tr|A0A2X1U1Q6|A0A2X1U1Q6_NEIME,0,1,1,1
tr|A0A2X1U1S4|A0A2X1U1S4_NEIME,0,0,0,0
tr|A0A2X1U2I0|A0A2X1U2I0_NEIME,0,1,1,1
tr|A0A2X1U2I7|A0A2X1U2I7_NEIME,0,0,0,0
tr|A0A2X1U2J2|A0A2X1U2J2_NEIME,0,0,0,0
tr|A0A2X1U2J5|A0A2X1U2J5_NEIME,0,0,0,0
tr|A0A2X1U2N1|A0A2X1U2N1_NEIME,0,1,0,0
tr|A0A2X1U2S7|A0A2X1U2S7_NEIME,0,0,0,0
tr|A0A2X1U2V5|A0A2X1U2V5_NEIME,1,0,0,0
tr|A0A2X1U364|A0A2X1U364_NEIME,0,0,0,0
tr|A0A2X1U377|A0A2X1U377_NEIME,0,0,0,0
tr|A0A2X1U388|A0A2X1U388_NEIME,0,1,0,0
tr|A0A2X1U390|A0A2X1U390_NEIME,1,1,1,1
tr|A0A2X1U3A6|A0A2X1U3A6_NEIME,0,0,0,0
tr|A0A2X1U3A9|A0A2X1U3A9_NEIME,0,1,1,1
tr|A0A2X1U3D4|A0A2X1U3D4_NEIME,0,0,0,0
tr|A0A2X1U3H9|A0A2X1U3H9_NEIME,0,0,0,0
tr|A0A2X1U3J0|A0A2X1U3J0_NEIME,0,0,1,0
tr|A0A2X1U3J1|A0A2X1U3J1_NEIME,0,0,1,0
tr|A0A2X1U3K0|A0A2X1U3K0_NEIME,0,1,1,1
tr|A0A2X1U3K3|A0A2X1U3K3_NEIME,0,1,0,0
tr|A0A2X1U3M2|A0A2X1U3M2_NEIME,0,0,0,0
tr|A0A2X1U3N0|A0A2X1U3N0_NEIME,0,0,0,0
tr|A0A2X1U3P1|A0A2X1U3P1_NEIME,0,0,0,0
tr|A0A2X1U3P5|A0A2X1U3P5_NEIME,0,0,0,0
tr|A0A2X1U3P6|A0A2X1U3P6_NEIME,0,0,0,0
tr|A0A2X1U3Q7|A0A2X1U3Q7_NEIME,0,0,0,0
tr|A0A2X1U3Q9|A0A2X1U3Q9_NEIME,1,0,0,0
tr|A0A2X1U3R6|A0A2X1U3R6_NEIME,1,0,0,0
tr|A0A2X1U3S7|A0A2X1U3S7_NEIME,0,0,1,0
tr|A0A2X1U3S8|A0A2X1U3S8_NEIME,0,0,0,0
tr|A0A2X1U3T6|A0A2X1U3T6_NEIME,0,1,0,0
tr|A0A2X1U3V1|A0A2X1U3V1_NEIME,0,0,0,0
tr|A0A2X1U3V9|A0A2X1U3V9_NEIME,0,0,0,0
tr|A0A2X1U3Y4|A0A2X1U3Y4_NEIME,1,1,1,1
tr|A0A2X1U402|A0A2X1U402_NEIME,0,0,0,0
tr|A0A2X1U428|A0A2X1U428_NEIME,0,1,0,0
tr|A0A2X1U437|A0A2X1U437_NEIME,1,1,0,1
tr|A0A2X1U451|A0A2X1U451_NEIME,1,1,1,1
tr|A0A2X1U455|A0A2X1U455_NEIME,1,0,0,0
tr|A0A2X1U457|A0A2X1U457_NEIME,0,1,0,0
tr|A0A2X1U461|A0A2X1U461_NEIME,0,0,0,0
tr|A0A2X1U467|A0A2X1U467_NEIME,1,1,1,1
tr|A0A2X1U471|A0A2X1U471_NEIME,0,1,1,1
tr|A0A2X1U481|A0A2X1U481_NEIME,1,0,1,1
tr|A0A2X1U485|A0A2X1U485_NEIME,0,0,0,0
tr|A0A2X1U491|A0A2X1U491_NEIME,0,0,0,0
tr|A0A2X1U492|A0A2X1U492_NEIME,0,0,0,0
tr|A0A2X1U4A1|A0A2X1U4A1_NEIME,0,1,1,1
tr|A0A2X1U4A3|A0A2X1U4A3_NEIME,0,0,0,0
tr|A0A2X1U4C3|A0A2X1U4C3_NEIME,0,0,0,0
tr|A0A2X1U4D0|A0A2X1U4D0_NEIME,0,1,1,1
tr|A0A2X1U4E3|A0A2X1U4E3_NEIME,1,0,0,0
tr|A0A2X1U4F4|A0A2X1U4F4_NEIME,0,0,1,0
tr|A0A2X1U4I1|A0A2X1U4I1_NEIME,0,1,0,0
tr|A0A2X1U4I7|A0A2X1U4I7_NEIME,0,0,0,0
tr|A0A2X1U4J6|A0A2X1U4J6_NEIME,0,0,0,0
tr|A0A2X1U4K9|A0A2X1U4K9_NEIME,0,0,0,0
tr|A0A2X1U4L9|A0A2X1U4L9_NEIME,0,1,1,1
tr|A0A2X1U4M7|A0A2X1U4M7_NEIME,0,0,0,0
tr|A0A2X1U4N2|A0A2X1U4N2_NEIME,1,1,1,1
tr|A0A2X1U4N6|A0A2X1U4N6_NEIME,0,0,1,0
tr|A0A2X1U4R6|A0A2X1U4R6_NEIME,1,0,0,0
tr|A0A2X1U4S3|A0A2X1U4S3_NEIME,1,0,0,0
tr|A0A2X1U4W8|A0A2X1U4W8_NEIME,0,0,0,0
tr|A0A2X1U4X2|A0A2X1U4X2_NEIME,0,0,0,0
tr|A0A2X1U4Y7|A0A2X1U4Y7_NEIME,1,0,1,1
tr|A0A2X1U4Z7|A0A2X1U4Z7_NEIME,0,0,1,0
tr|A0A2X1U4Z8|A0A2X1U4Z8_NEIME,0,0,0,0
tr|A0A2X1U500|A0A2X1U500_NEIME,0,0,0,0
tr|A0A2X1U507|A0A2X1U507_NEIME,1,1,1,1
tr|A0A2X1U516|A0A2X1U516_NEIME,0,1,1,1
tr|A0A2X1U523|A0A2X1U523_NEIME,1,0,0,0
tr|A0A2X1U530|A0A2X1U530_NEIME,0,0,0,0
tr|A0A2X1U540|A0A2X1U540_NEIME,1,1,0,1
tr|A0A2X1U548|A0A2X1U548_NEIME,0,0,0,0
tr|A0A2X1U550|A0A2X1U550_NEIME,1,0,1,1
tr|A0A2X1U555|A0A2X1U555_NEIME,1,0,1,1
tr|A0A2X1U558|A0A2X1U558_NEIME,0,0,0,0
tr|A0A2X1U561|A0A2X1U561_NEIME,1,1,1,1
tr|A0A2X1U563|A0A2X1U563_NEIME,0,0,1,0
tr|A0A2X1U567|A0A2X1U567_NEIME,0,0,0,0
tr|A0A2X1U569|A0A2X1U569_NEIME,1,1,0,1
tr|A0A2X1U583|A0A2X1U583_NEIME,1,0,1,1
tr|A0A2X1U587|A0A2X1U587_NEIME,0,1,0,0
tr|A0A2X1U588|A0A2X1U588_NEIME,1,1,1,1
tr|A0A2X1U589|A0A2X1U589_NEIME,0,0,0,0
tr|A0A2X1U590|A0A2X1U590_NEIME,0,0,1,0
tr|A0A2X1U593|A0A2X1U593_NEIME,1,0,0,0
tr|A0A2X1U5A2|A0A2X1U5A2_NEIME,1,1,1,1
tr|A0A2X1U5A7|A0A2X1U5A7_NEIME,0,0,1,0
tr|A0A2X1U5B1|A0A2X1U5B1_NEIME,1,1,1,1
tr|A0A2X1U5B5|A0A2X1U5B5_NEIME,0,0,1,0
tr|A0A2X1U5C1|A0A2X1U5C1_NEIME,1,1,1,1
tr|A0A2X1U5C4|A0A2X1U5C4_NEIME,0,0,0,0
tr|A0A2X1U5D2|A0A2X1U5D2_NEIME,0,0,1,0
tr|A0A2X1U5D6|A0A2X1U5D6_NEIME,0,0,0,0
tr|A0A2X1U5E5|A0A2X1U5E5_NEIME,0,0,0,0
tr|A0A2X1U5F4|A0A2X1U5F4_NEIME,0,1,0,0
tr|A0A2X1U5F5|A0A2X1U5F5_NEIME,0,0,0,0
tr|A0A2X1U5F8|A0A2X1U5F8_NEIME,1,1,1,1
tr|A0A2X1U5G1|A0A2X1U5G1_NEIME,0,0,0,0
tr|A0A2X1U5G3|A0A2X1U5G3_NEIME,0,0,0,0
tr|A0A2X1U5H5|A0A2X1U5H5_NEIME,0,0,0,0
tr|A0A2X1U5I2|A0A2X1U5I2_NEIME,0,1,0,0
tr|A0A2X1U5J2|A0A2X1U5J2_NEIME,1,0,1,1
tr|A0A2X1U5L3|A0A2X1U5L3_NEIME,1,0,0,0
tr|A0A2X1U5L5|A0A2X1U5L5_NEIME,1,1,1,1
tr|A0A2X1U5M0|A0A2X1U5M0_NEIME,1,1,0,1
tr|A0A2X1U5M4|A0A2X1U5M4_NEIME,0,0,0,0
tr|A0A2X1U5M5|A0A2X1U5M5_NEIME,1,1,1,1
tr|A0A2X1U5N4|A0A2X1U5N4_NEIME,0,1,1,1
tr|A0A2X1U5P3|A0A2X1U5P3_NEIME,1,0,0,0
tr|A0A2X1U5P9|A0A2X1U5P9_NEIME,0,0,0,0
tr|A0A2X1U5R0|A0A2X1U5R0_NEIME,1,0,1,1
tr|A0A2X1U5S7|A0A2X1U5S7_NEIME,1,0,0,0
tr|A0A2X1U5T4|A0A2X1U5T4_NEIME,1,1,1,1
tr|A0A2X1U5T9|A0A2X1U5T9_NEIME,0,0,0,0
tr|A0A2X1U5U9|A0A2X1U5U9_NEIME,0,1,0,0
tr|A0A2X1U5V9|A0A2X1U5V9_NEIME,1,1,1,1
tr|A0A2X1U5Y0|A0A2X1U5Y0_NEIME,0,0,0,0
tr|A0A2X1U5Z2|A0A2X1U5Z2_NEIME,0,0,0,0
tr|A0A2X1U609|A0A2X1U609_NEIME,0,0,0,0
tr|A0A2X1U611|A0A2X1U611_NEIME,1,0,0,0
tr|A0A2X1U616|A0A2X1U616_NEIME,0,0,0,0
tr|A0A2X1U619|A0A2X1U619_NEIME,0,0,0,0
tr|A0A2X1U620|A0A2X1U620_NEIME,0,0,0,0
tr|A0A2X1U622|A0A2X1U622_NEIME,1,0,0,0
tr|A0A2X1U625|A0A2X1U625_NEIME,0,0,0,0
tr|A0A2X1U628|A0A2X1U628_NEIME,1,0,1,1
tr|A0A2X1U629|A0A2X1U629_NEIME,0,0,0,0
tr|A0A2X1U633|A0A2X1U633_NEIME,1,0,0,0
tr|A0A2X1U647|A0A2X1U647_NEIME,1,0,1,1
tr|A0A2X1U682|A0A2X1U682_NEIME,0,0,0,0
tr|A0A2X1U692|A0A2X1U692_NEIME,0,0,0,0
tr|A0A2X1U693|A0A2X1U693_NEIME,0,0,0,0
tr|A0A2X1U696|A0A2X1U696_NEIME,0,0,0,0
tr|A0A2X1U6A4|A0A2X1U6A4_NEIME,0,0,0,0
tr|A0A2X1U6D8|A0A2X1U6D8_NEIME,0,0,0,0
tr|A0A2X1U6G2|A0A2X1U6G2_NEIME,0,0,1,0
tr|A0A2X1U6G3|A0A2X1U6G3_NEIME,0,0,0,0
tr|A0A2X1U6J0|A0A2X1U6J0_NEIME,0,0,1,0
tr|A0A2X1U6J9|A0A2X1U6J9_NEIME,0,0,0,0
tr|A0A2X1U6M9|A0A2X1U6M9_NEIME,0,0,0,0
tr|A0A2X1U6N4|A0A2X1U6N4_NEIME,1,1,1,1
tr|A0A2X1U6P4|A0A2X1U6P4_NEIME,1,1,1,1
tr|A0A2X1U6Q5|A0A2X1U6Q5_NEIME,0,0,1,0
tr|A0A2X1U6Q7|A0A2X1U6Q7_NEIME,0,0,0,0
tr|A0A2X1U6R5|A0A2X1U6R5_NEIME,0,0,0,0
tr|A0A2X1U6T0|A0A2X1U6T0_NEIME,0,0,0,0
tr|A0A2X1U6T2|A0A2X1U6T2_NEIME,0,0,1,0
tr|A0A2X1U6T7|A0A2X1U6T7_NEIME,0,1,1,1
tr|A0A2X1U6T9|A0A2X1U6T9_NEIME,1,0,0,0
tr|A0A2X1U6U5|A0A2X1U6U5_NEIME,1,1,1,1
tr|A0A2X1U6U7|A0A2X1U6U7_NEIME,1,1,1,1
tr|A0A2X1U6U9|A0A2X1U6U9_NEIME,0,1,0,0
tr|A0A2X1U6W4|A0A2X1U6W4_NEIME,0,0,0,0
tr|A0A2X1U6X5|A0A2X1U6X5_NEIME,0,0,0,0
tr|A0A2X1U6X7|A0A2X1U6X7_NEIME,0,0,1,0
tr|A0A2X1U6Z1|A0A2X1U6Z1_NEIME,0,0,0,0
tr|A0A2X1U6Z4|A0A2X1U6Z4_NEIME,0,0,0,0
tr|A0A2X1U6Z9|A0A2X1U6Z9_NEIME,1,0,0,0
tr|A0A2X1U702|A0A2X1U702_NEIME,1,1,1,1
tr|A0A2X1U705|A0A2X1U705_NEIME,0,0,0,0
tr|A0A2X1U707|A0A2X1U707_NEIME,0,0,1,0
tr|A0A2X1U711|A0A2X1U711_NEIME,0,1,0,0
tr|A0A2X1U713|A0A2X1U713_NEIME,1,1,1,1
tr|A0A2X1U715|A0A2X1U715_NEIME,1,0,1,1
tr|A0A2X1U720|A0A2X1U720_NEIME,0,0,0,0
tr|A0A2X1U723|A0A2X1U723_NEIME,1,0,0,0
tr|A0A2X1U730|A0A2X1U730_NEIME,0,0,0,0
tr|A0A2X1U731|A0A2X1U731_NEIME,0,0,0,0
tr|A0A2X1U732|A0A2X1U732_NEIME,1,1,1,1
tr|A0A2X1U737|A0A2X1U737_NEIME,1,0,1,1
tr|A0A2X1U739|A0A2X1U739_NEIME,0,0,0,0
tr|A0A2X1U741|A0A2X1U741_NEIME,1,0,1,1
tr|A0A2X1U742|A0A2X1U742_NEIME,0,0,0,0
tr|A0A2X1U745|A0A2X1U745_NEIME,0,0,0,0
tr|A0A2X1U751|A0A2X1U751_NEIME,0,0,0,0
tr|A0A2X1U752|A0A2X1U752_NEIME,0,0,0,0
tr|A0A2X1U757|A0A2X1U757_NEIME,0,0,0,0
tr|A0A2X1U762|A0A2X1U762_NEIME,1,1,1,1
tr|A0A2X1U763|A0A2X1U763_NEIME,0,0,0,0
tr|A0A2X1U772|A0A2X1U772_NEIME,0,0,0,0
tr|A0A2X1U779|A0A2X1U779_NEIME,0,0,0,0
tr|A0A2X1U799|A0A2X1U799_NEIME,0,1,1,1
tr|A0A2X1U7A8|A0A2X1U7A8_NEIME,0,0,0,0
tr|A0A2X1U7B0|A0A2X1U7B0_NEIME,0,0,0,0
tr|A0A2X1U7B9|A0A2X1U7B9_NEIME,1,1,1,1
tr|A0A2X1U7C4|A0A2X1U7C4_NEIME,0,0,0,0
tr|A0A2X1U7C7|A0A2X1U7C7_NEIME,0,0,0,0
tr|A0A2X1U7F5|A0A2X1U7F5_NEIME,0,0,0,0
tr|A0A2X1U7F7|A0A2X1U7F7_NEIME,1,0,0,0
tr|A0A2X1U7G5|A0A2X1U7G5_NEIME,0,0,0,0
tr|A0A2X1U7J2|A0A2X1U7J2_NEIME,0,0,0,0
tr|A0A2X1U7K4|A0A2X1U7K4_NEIME,0,0,0,0
tr|A0A2X1U7L4|A0A2X1U7L4_NEIME,0,0,0,0
tr|A0A2X1U7L7|A0A2X1U7L7_NEIME,0,0,0,0
tr|A0A2X1U7L9|A0A2X1U7L9_NEIME,0,0,0,0
tr|A0A2X1U7M3|A0A2X1U7M3_NEIME,0,0,0,0
tr|A0A2X1U7P0|A0A2X1U7P0_NEIME,1,1,1,1
tr|A0A2X1U7P2|A0A2X1U7P2_NEIME,1,0,0,0
tr|A0A2X1U7Q0|A0A2X1U7Q0_NEIME,1,0,1,1
tr|A0A2X1U7Q2|A0A2X1U7Q2_NEIME,0,0,0,0
tr|A0A2X1U7Q7|A0A2X1U7Q7_NEIME,0,1,1,1
tr|A0A2X1U7Q8|A0A2X1U7Q8_NEIME,0,0,0,0
tr|A0A2X1U7U3|A0A2X1U7U3_NEIME,0,0,0,0
tr|A0A2X1U7U6|A0A2X1U7U6_NEIME,0,0,0,0
tr|A0A2X1U7V3|A0A2X1U7V3_NEIME,0,0,0,0
tr|A0A2X1U804|A0A2X1U804_NEIME,1,1,0,1
tr|A0A2X1U821|A0A2X1U821_NEIME,0,1,0,0
tr|A0A2X1U851|A0A2X1U851_NEIME,1,1,1,1
tr|A0A2X1U872|A0A2X1U872_NEIME,0,0,0,0
tr|A0A2X1U880|A0A2X1U880_NEIME,1,1,1,1
tr|A0A2X1U891|A0A2X1U891_NEIME,0,0,0,0
tr|A0A2X1U897|A0A2X1U897_NEIME,0,1,0,0
tr|A0A2X1U8A6|A0A2X1U8A6_NEIME,0,0,0,0
tr|A0A2X1U8B1|A0A2X1U8B1_NEIME,1,1,1,1
tr|A0A2X1U8E0|A0A2X1U8E0_NEIME,1,1,1,1
tr|A0A2X1U8H8|A0A2X1U8H8_NEIME,0,0,0,0
tr|A0A2X1U8J3|A0A2X1U8J3_NEIME,1,1,0,1
tr|A0A2X1U8K1|A0A2X1U8K1_NEIME,1,0,1,1
tr|A0A2X1U8L1|A0A2X1U8L1_NEIME,0,0,0,0
tr|A0A2X1U8M0|A0A2X1U8M0_NEIME,0,0,0,0
tr|A0A2X1U8M9|A0A2X1U8M9_NEIME,0,0,1,0
tr|A0A2X1U8N8|A0A2X1U8N8_NEIME,0,0,0,0
tr|A0A2X1U8P9|A0A2X1U8P9_NEIME,0,0,0,0
tr|A0A2X1U8Q1|A0A2X1U8Q1_NEIME,1,1,1,1
tr|A0A2X1U8S6|A0A2X1U8S6_NEIME,1,1,1,1
tr|A0A2X1U8T7|A0A2X1U8T7_NEIME,1,1,1,1
tr|A0A2X1U8U7|A0A2X1U8U7_NEIME,0,0,0,0
tr|A0A2X1U8V4|A0A2X1U8V4_NEIME,0,0,0,0
tr|A0A2X1U974|A0A2X1U974_NEIME,0,0,1,0
tr|A0A2X1U997|A0A2X1U997_NEIME,0,0,0,0
tr|A0A2X1UC24|A0A2X1UC24_NEIME,1,0,1,1
tr|A0A2X1UC27|A0A2X1UC27_NEIME,0,0,0,0
tr|A0A2X1UC32|A0A2X1UC32_NEIME,1,1,1,1
tr|A0A2X1UC34|A0A2X1UC34_NEIME,1,0,0,0
tr|A0A2X1UC41|A0A2X1UC41_NEIME,0,0,0,0
tr|A0A2X1UC57|A0A2X1UC57_NEIME,1,1,1,1
tr|A0A2X1UC81|A0A2X1UC81_NEIME,0,0,1,0
tr|A0A2X1UC89|A0A2X1UC89_NEIME,1,0,0,0
tr|A0A2X1UCA0|A0A2X1UCA0_NEIME,0,0,0,0
tr|A0A2X1UCA8|A0A2X1UCA8_NEIME,0,1,1,1
tr|A0A2X1UCD8|A0A2X1UCD8_NEIME,1,0,1,1
tr|A0A2X1UCG1|A0A2X1UCG1_NEIME,0,0,0,0
tr|A0A2X1UCG5|A0A2X1UCG5_NEIME,0,0,0,0
tr|A0A2X1UCG8|A0A2X1UCG8_NEIME,0,0,1,0
tr|A0A2X1UCH0|A0A2X1UCH0_NEIME,1,0,0,0
tr|A0A2X1UCH2|A0A2X1UCH2_NEIME,1,1,1,1
tr|A0A2X1UCH9|A0A2X1UCH9_NEIME,1,1,1,1
tr|A0A2X1UCI4|A0A2X1UCI4_NEIME,1,0,0,0
tr|A0A2X1UCI7|A0A2X1UCI7_NEIME,1,1,1,1
tr|A0A2X1UCI9|A0A2X1UCI9_NEIME,1,0,0,0
tr|A0A2X1UCJ1|A0A2X1UCJ1_NEIME,1,0,1,1
tr|A0A2X1UCJ7|A0A2X1UCJ7_NEIME,0,0,1,0
tr|A0A2X1UCK7|A0A2X1UCK7_NEIME,0,1,0,0
tr|A0A2X1UCL8|A0A2X1UCL8_NEIME,0,0,0,0
tr|A0A2X1UCN0|A0A2X1UCN0_NEIME,0,1,0,0
tr|A0A2X1UCN2|A0A2X1UCN2_NEIME,0,1,0,0
tr|A0A2X1UCQ1|A0A2X1UCQ1_NEIME,1,0,1,1
tr|A0A2X1UCQ7|A0A2X1UCQ7_NEIME,0,1,0,0
tr|A0A2X1UCR4|A0A2X1UCR4_NEIME,1,0,0,0
tr|A0A2X1UCR8|A0A2X1UCR8_NEIME,1,1,1,1
tr|A0A2X1UCS0|A0A2X1UCS0_NEIME,0,0,0,0
tr|A0A2X1UCS1|A0A2X1UCS1_NEIME,0,0,0,0
tr|A0A2X1UCS6|A0A2X1UCS6_NEIME,0,0,0,0
tr|A0A2X1UCT5|A0A2X1UCT5_NEIME,0,0,0,0
tr|A0A2X1UCT9|A0A2X1UCT9_NEIME,1,1,1,1
tr|A0A2X1UCV0|A0A2X1UCV0_NEIME,0,0,0,0
tr|A0A2X1UCV6|A0A2X1UCV6_NEIME,1,0,1,1
tr|A0A2X1UCV9|A0A2X1UCV9_NEIME,0,1,1,1
tr|A0A2X1UCW1|A0A2X1UCW1_NEIME,0,0,0,0
tr|A0A2X1UCW4|A0A2X1UCW4_NEIME,0,0,0,0
tr|A0A2X1UCW7|A0A2X1UCW7_NEIME,0,0,0,0
tr|A0A2X1UCX3|A0A2X1UCX3_NEIME,1,0,0,0
tr|A0A2X1UCY1|A0A2X1UCY1_NEIME,1,0,1,1
tr|A0A2X1UCY4|A0A2X1UCY4_NEIME,0,0,0,0
tr|A0A2X1UCY8|A0A2X1UCY8_NEIME,1,1,1,1
tr|A0A2X1UCZ2|A0A2X1UCZ2_NEIME,0,0,0,0
tr|A0A2X1UCZ7|A0A2X1UCZ7_NEIME,0,0,0,0
tr|A0A2X1UD05|A0A2X1UD05_NEIME,1,0,0,0
tr|A0A2X1UD09|A0A2X1UD09_NEIME,1,1,1,1
tr|A0A2X1UD10|A0A2X1UD10_NEIME,0,0,1,0
tr|A0A2X1UD15|A0A2X1UD15_NEIME,1,1,1,1
tr|A0A2X1UD25|A0A2X1UD25_NEIME,0,0,0,0
tr|A0A2X1UD28|A0A2X1UD28_NEIME,0,0,0,0
tr|A0A2X1UD29|A0A2X1UD29_NEIME,1,1,1,1
tr|A0A2X1UD40|A0A2X1UD40_NEIME,0,0,0,0
tr|A0A2X1UD42|A0A2X1UD42_NEIME,0,0,0,0
tr|A0A2X1UD43|A0A2X1UD43_NEIME,1,0,0,0
tr|A0A2X1UD50|A0A2X1UD50_NEIME,0,1,1,1
tr|A0A2X1UD52|A0A2X1UD52_NEIME,0,0,0,0
tr|A0A2X1UD84|A0A2X1UD84_NEIME,1,1,1,1
tr|A0A2X1UD87|A0A2X1UD87_NEIME,0,0,0,0
tr|A0A2X1UDA6|A0A2X1UDA6_NEIME,0,0,0,0
tr|A0A2X1UDA9|A0A2X1UDA9_NEIME,1,0,0,0
tr|A0A2X1UDC1|A0A2X1UDC1_NEIME,0,1,0,0
tr|A0A2X1UDD6|A0A2X1UDD6_NEIME,0,1,0,0
tr|A0A2X1UDD7|A0A2X1UDD7_NEIME,1,1,1,1
tr|A0A2X1UDF2|A0A2X1UDF2_NEIME,1,0,0,0
tr|A0A2X1UDG3|A0A2X1UDG3_NEIME,1,1,1,1
tr|A0A2X1UDI3|A0A2X1UDI3_NEIME,1,1,1,1
tr|A0A2X1UDJ0|A0A2X1UDJ0_NEIME,1,1,1,1
tr|A0A2X1UDK2|A0A2X1UDK2_NEIME,0,0,0,0
tr|A0A2X1UDK3|A0A2X1UDK3_NEIME,0,0,0,0
tr|A0A2X1UDL1|A0A2X1UDL1_NEIME,0,0,0,0
tr|A0A2X1UDL6|A0A2X1UDL6_NEIME,0,1,0,0
tr|A0A2X1UDL7|A0A2X1UDL7_NEIME,1,1,1,1
tr|A0A2X1UDL8|A0A2X1UDL8_NEIME,0,0,0,0
tr|A0A2X1UDM3|A0A2X1UDM3_NEIME,1,1,1,1
tr|A0A2X1UDM9|A0A2X1UDM9_NEIME,0,0,0,0
tr|A0A2X1UDN2|A0A2X1UDN2_NEIME,1,1,0,1
tr|A0A2X1UDN7|A0A2X1UDN7_NEIME,1,0,0,0
tr|A0A2X1UDP4|A0A2X1UDP4_NEIME,0,0,0,0
tr|A0A2X1UDP5|A0A2X1UDP5_NEIME,0,0,0,0
tr|A0A2X1UDP8|A0A2X1UDP8_NEIME,1,1,1,1
tr|A0A2X1UDQ2|A0A2X1UDQ2_NEIME,0,0,0,0
tr|A0A2X1UDQ8|A0A2X1UDQ8_NEIME,0,0,0,0
tr|A0A2X1UDQ9|A0A2X1UDQ9_NEIME,1,1,1,1
tr|A0A2X1UDS0|A0A2X1UDS0_NEIME,1,0,0,0
tr|A0A2X1UDT4|A0A2X1UDT4_NEIME,1,1,0,1
tr|A0A2X1UDT8|A0A2X1UDT8_NEIME,1,0,0,0
tr|A0A2X1UDU8|A0A2X1UDU8_NEIME,0,0,0,0
tr|A0A2X1UDV6|A0A2X1UDV6_NEIME,0,0,1,0
tr|A0A2X1UDV8|A0A2X1UDV8_NEIME,0,0,0,0
tr|A0A2X1UDW0|A0A2X1UDW0_NEIME,1,1,1,1
tr|A0A2X1UDX7|A0A2X1UDX7_NEIME,1,1,1,1
tr|A0A2X1UDZ5|A0A2X1UDZ5_NEIME,1,0,0,0
tr|A0A2X1UDZ8|A0A2X1UDZ8_NEIME,0,0,0,0
tr|A0A2X1UE01|A0A2X1UE01_NEIME,1,1,1,1
tr|A0A2X1UE17|A0A2X1UE17_NEIME,0,0,0,0
tr|A0A2X1UE22|A0A2X1UE22_NEIME,0,0,0,0
tr|A0A2X1UE25|A0A2X1UE25_NEIME,1,1,0,1
tr|A0A2X1UE28|A0A2X1UE28_NEIME,0,0,0,0
tr|A0A2X1UE35|A0A2X1UE35_NEIME,0,0,0,0
tr|A0A2X1UE49|A0A2X1UE49_NEIME,1,0,0,0
tr|A0A2X1UE50|A0A2X1UE50_NEIME,0,0,0,0
tr|A0A2X1UE60|A0A2X1UE60_NEIME,0,0,1,0
tr|A0A2X1UE73|A0A2X1UE73_NEIME,1,1,0,1
tr|A0A2X1UE83|A0A2X1UE83_NEIME,1,1,1,1
tr|A0A2X1UE86|A0A2X1UE86_NEIME,1,0,0,0
tr|A0A2X1UE88|A0A2X1UE88_NEIME,1,0,1,1
tr|A0A2X1UE90|A0A2X1UE90_NEIME,1,0,0,0
tr|A0A2X1UEA6|A0A2X1UEA6_NEIME,0,0,1,0
tr|A0A2X1UEA9|A0A2X1UEA9_NEIME,0,0,0,0
tr|A0A2X1UEB4|A0A2X1UEB4_NEIME,0,0,0,0
tr|A0A2X1UEB7|A0A2X1UEB7_NEIME,1,1,1,1
tr|A0A2X1UEC6|A0A2X1UEC6_NEIME,0,0,0,0
tr|A0A2X1UEC7|A0A2X1UEC7_NEIME,0,0,0,0
tr|A0A2X1UED1|A0A2X1UED1_NEIME,1,1,1,1
tr|A0A2X1UED4|A0A2X1UED4_NEIME,1,0,0,0
tr|A0A2X1UED5|A0A2X1UED5_NEIME,0,0,0,0
tr|A0A2X1UEF1|A0A2X1UEF1_NEIME,0,0,0,0
tr|A0A2X1UEF2|A0A2X1UEF2_NEIME,0,0,0,0
tr|A0A2X1UEG8|A0A2X1UEG8_NEIME,0,1,0,0
tr|A0A2X1UEI5|A0A2X1UEI5_NEIME,0,0,0,0
tr|A0A2X1UEJ0|A0A2X1UEJ0_NEIME,1,1,1,1
tr|A0A2X1UEM1|A0A2X1UEM1_NEIME,1,0,0,0
tr|A0A2X1UEM9|A0A2X1UEM9_NEIME,0,0,0,0
tr|A0A2X1UEN9|A0A2X1UEN9_NEIME,0,0,0,0
tr|A0A2X1UEP6|A0A2X1UEP6_NEIME,0,0,0,0
tr|A0A2X1UES4|A0A2X1UES4_NEIME,0,1,0,0
tr|A0A2X1UES9|A0A2X1UES9_NEIME,0,0,0,0
tr|A0A2X1UET4|A0A2X1UET4_NEIME,0,0,0,0
tr|A0A2X1UEU4|A0A2X1UEU4_NEIME,0,0,1,0
tr|A0A2X1UEV5|A0A2X1UEV5_NEIME,1,1,1,1
tr|A0A2X1UEW4|A0A2X1UEW4_NEIME,0,0,0,0
tr|A0A2X1UEY2|A0A2X1UEY2_NEIME,1,0,0,0
tr|A0A2X1UF26|A0A2X1UF26_NEIME,0,1,0,0
tr|A0A2X1UF53|A0A2X1UF53_NEIME,0,0,0,0
tr|A0A2X1UF65|A0A2X1UF65_NEIME,0,0,0,0
tr|A0A2X1UF71|A0A2X1UF71_NEIME,0,1,1,1
tr|A0A2X1UF77|A0A2X1UF77_NEIME,0,0,0,0
tr|A0A2X1UF85|A0A2X1UF85_NEIME,0,0,0,0
tr|A0A2X1UFA5|A0A2X1UFA5_NEIME,1,0,0,0
tr|A0A2X1UFC0|A0A2X1UFC0_NEIME,1,0,0,0
tr|A0A2X1UFC5|A0A2X1UFC5_NEIME,0,0,1,0
tr|A0A2X1UFE5|A0A2X1UFE5_NEIME,0,0,1,0
tr|A0A2X1UFG4|A0A2X1UFG4_NEIME,0,1,0,0
tr|A0A2X1UFH7|A0A2X1UFH7_NEIME,1,0,0,0
tr|A0A2X1UFJ9|A0A2X1UFJ9_NEIME,1,1,1,1
tr|A0A2X1UFL8|A0A2X1UFL8_NEIME,1,0,0,0
tr|A0A2X1UFM7|A0A2X1UFM7_NEIME,1,0,0,0
tr|A0A2X1UFN8|A0A2X1UFN8_NEIME,0,0,0,0
tr|A0A2X1UFQ7|A0A2X1UFQ7_NEIME,1,0,0,0
tr|A0A2X1UFR9|A0A2X1UFR9_NEIME,0,1,0,0
tr|A0A2X1UFU3|A0A2X1UFU3_NEIME,0,0,0,0
tr|A0A2X1UFX3|A0A2X1UFX3_NEIME,1,1,1,1
tr|A0A2X1UFZ5|A0A2X1UFZ5_NEIME,0,0,0,0
tr|A0A2X1UG02|A0A2X1UG02_NEIME,1,1,1,1
tr|A0A2X1UG20|A0A2X1UG20_NEIME,0,0,0,0
tr|A0A2X1UG32|A0A2X1UG32_NEIME,0,0,0,0
tr|A0A2X1UG43|A0A2X1UG43_NEIME,0,0,1,0
tr|A0A2X1UG53|A0A2X1UG53_NEIME,1,0,0,0
tr|A0A2X1UG61|A0A2X1UG61_NEIME,1,0,1,1
tr|A0A2X1UG80|A0A2X1UG80_NEIME,0,0,0,0
tr|A0A2X1UG89|A0A2X1UG89_NEIME,0,0,0,0
tr|A0A2X1UG91|A0A2X1UG91_NEIME,0,1,0,0
tr|A0A2X1UG98|A0A2X1UG98_NEIME,1,0,0,0
tr|A0A2X1UGA3|A0A2X1UGA3_NEIME,1,0,0,0
tr|A0A2X1UGB4|A0A2X1UGB4_NEIME,1,1,0,1
tr|A0A2X1UGB8|A0A2X1UGB8_NEIME,0,1,0,0
tr|A0A2X1UGD5|A0A2X1UGD5_NEIME,0,0,0,0
tr|A0A2X1UGD6|A0A2X1UGD6_NEIME,1,1,1,1
tr|A0A2X1UGE4|A0A2X1UGE4_NEIME,1,1,1,1
tr|A0A2X1UGL6|A0A2X1UGL6_NEIME,1,1,1,1
tr|A0A2X1UGQ1|A0A2X1UGQ1_NEIME,1,0,0,0
tr|A0A2X1UGR0|A0A2X1UGR0_NEIME,0,0,0,0
tr|A0A2X1UGR2|A0A2X1UGR2_NEIME,0,0,0,0
tr|A0A2X1UGR7|A0A2X1UGR7_NEIME,0,0,0,0
tr|A0A2X1UGV6|A0A2X1UGV6_NEIME,1,1,1,1
tr|A0A2X1UGZ7|A0A2X1UGZ7_NEIME,0,0,0,0
tr|A0A2X1UH32|A0A2X1UH32_NEIME,1,0,1,1
tr|A0A2X1UH48|A0A2X1UH48_NEIME,0,0,0,0
tr|A0A2X1UH77|A0A2X1UH77_NEIME,0,1,1,1
tr|A0A2X1UHA9|A0A2X1UHA9_NEIME,1,1,1,1
tr|A0A2X1UHI3|A0A2X1UHI3_NEIME,1,0,1,1
tr|A0A2X1UHJ7|A0A2X1UHJ7_NEIME,0,0,0,0
tr|A0A2X1UHK7|A0A2X1UHK7_NEIME,0,1,1,1
tr|A0A2X1UHP7|A0A2X1UHP7_NEIME,0,0,0,0
tr|A0A2X1UHR9|A0A2X1UHR9_NEIME,0,0,0,0
tr|A0A2X1UHV9|A0A2X1UHV9_NEIME,0,0,1,0
tr|A0A2X1UI06|A0A2X1UI06_NEIME,0,0,1,0
tr|A0A2X1UIE4|A0A2X1UIE4_NEIME,1,1,1,1
tr|A0A2X1UIH3|A0A2X1UIH3_NEIME,0,0,0,0
tr|A0A2X1UIK5|A0A2X1UIK5_NEIME,0,1,1,1
tr|A0A2X1UIK9|A0A2X1UIK9_NEIME,0,0,0,0
tr|A0A2X1UIL6|A0A2X1UIL6_NEIME,1,0,0,0
tr|A0A2X1UIM7|A0A2X1UIM7_NEIME,0,0,0,0
tr|A0A2X1UIN8|A0A2X1UIN8_NEIME,0,0,0,0
tr|A0A2X1UIP6|A0A2X1UIP6_NEIME,0,0,1,0
tr|A0A2X1UIR3|A0A2X1UIR3_NEIME,1,1,1,1
tr|A0A2X1UIT0|A0A2X1UIT0_NEIME,0,0,0,0
tr|A0A2X1UIT8|A0A2X1UIT8_NEIME,0,0,0,0
tr|A0A2X1UIX4|A0A2X1UIX4_NEIME,0,0,0,0
tr|A0A2X1UIY1|A0A2X1UIY1_NEIME,1,1,1,1
tr|A0A2X1UIY6|A0A2X1UIY6_NEIME,0,0,0,0
tr|A0A2X1UJ16|A0A2X1UJ16_NEIME,1,0,0,0
tr|A0A2X1UJ41|A0A2X1UJ41_NEIME,0,0,0,0
tr|A0A2X1UJ85|A0A2X1UJ85_NEIME,1,1,1,1
tr|A0A2X1UKR9|A0A2X1UKR9_NEIME,0,0,0,0
tr|A0A2X1UKS8|A0A2X1UKS8_NEIME,1,1,1,1
tr|A0A2X1UKT5|A0A2X1UKT5_NEIME,1,1,1,1
tr|A0A2X1UKW2|A0A2X1UKW2_NEIME,0,0,0,0
tr|A0A2X1UKY5|A0A2X1UKY5_NEIME,1,1,1,1
tr|A0A2X1UL21|A0A2X1UL21_NEIME,1,1,1,1
tr|A0A2X1UL34|A0A2X1UL34_NEIME,1,1,0,1
tr|A0A2X1UL44|A0A2X1UL44_NEIME,0,0,0,0
tr|A0A2X1UL52|A0A2X1UL52_NEIME,1,1,1,1
tr|A0A2X1ULA7|A0A2X1ULA7_NEIME,0,0,0,0
tr|A0A2X1ULE0|A0A2X1ULE0_NEIME,1,1,1,1
tr|A0A2X1ULH1|A0A2X1ULH1_NEIME,1,0,0,0
tr|A0A2X1ULM7|A0A2X1ULM7_NEIME,0,0,0,0
tr|A0A2X1ULP6|A0A2X1ULP6_NEIME,0,0,1,0
tr|A0A2X1UM42|A0A2X1UM42_NEIME,1,0,1,1
tr|A0A2X1UM70|A0A2X1UM70_NEIME,0,0,0,0
tr|A0A2X1UM91|A0A2X1UM91_NEIME,0,1,0,0
tr|A0A2X1UMF4|A0A2X1UMF4_NEIME,0,0,0,0
tr|A0A2X1UMG0|A0A2X1UMG0_NEIME,0,0,0,0
tr|A0A2X1UMJ3|A0A2X1UMJ3_NEIME,0,0,1,0
tr|A0A2X1UN70|A0A2X1UN70_NEIME,0,0,0,0
tr|A0A2X1UN78|A0A2X1UN78_NEIME,0,0,0,0
tr|A0A2X1UN91|A0A2X1UN91_NEIME,0,0,0,0
tr|A0A2X1UNB9|A0A2X1UNB9_NEIME,0,0,0,0
tr|A0A2X1UNH5|A0A2X1UNH5_NEIME,1,0,0,0
tr|A0A2X1UNJ3|A0A2X1UNJ3_NEIME,0,0,0,0
tr|A0A2X1UNK3|A0A2X1UNK3_NEIME,0,1,1,1
tr|A0A2X1UNR2|A0A2X1UNR2_NEIME,0,0,0,0
tr|A0A2X1UNY2|A0A2X1UNY2_NEIME,0,1,0,0
tr|A0A2X1UP00|A0A2X1UP00_NEIME,0,0,1,0
tr|A0A2X1UP82|A0A2X1UP82_NEIME,0,1,0,0
tr|A0A2X1UPA3|A0A2X1UPA3_NEIME,0,1,1,1
tr|A0A2X1UPC8|A0A2X1UPC8_NEIME,1,0,1,1
tr|A0A2X1UPR1|A0A2X1UPR1_NEIME,0,0,0,0
tr|A0A2X1UPY2|A0A2X1UPY2_NEIME,0,0,0,0
tr|A0A2X1V0G8|A0A2X1V0G8_NEIME,1,0,0,0
tr|A0A2X1V0J1|A0A2X1V0J1_NEIME,0,0,0,0
tr|A0A2X1V0V2|A0A2X1V0V2_NEIME,0,0,0,0
tr|A0A2X1V118|A0A2X1V118_NEIME,0,0,0,0
tr|A0A2X1V137|A0A2X1V137_NEIME,1,1,1,1
tr|A0A2X1V1B3|A0A2X1V1B3_NEIME,0,0,0,0
tr|A0A2X1V1T4|A0A2X1V1T4_NEIME,1,1,1,1
tr|A0A2X1V1U3|A0A2X1V1U3_NEIME,0,0,0,0
tr|A0A2X1V1W1|A0A2X1V1W1_NEIME,0,0,0,0
tr|A0A2X1V1X0|A0A2X1V1X0_NEIME,0,1,1,1
tr|A0A2X1V234|A0A2X1V234_NEIME,1,0,0,0
tr|A0A2X1V265|A0A2X1V265_NEIME,0,0,0,0
tr|A0A2X1V277|A0A2X1V277_NEIME,1,0,0,0
tr|A0A2X1V287|A0A2X1V287_NEIME,1,1,1,1
tr|A0A2X1V2K9|A0A2X1V2K9_NEIME,0,0,0,0
tr|A0A2X1V2L7|A0A2X1V2L7_NEIME,0,0,0,0
tr|A0A2X1V323|A0A2X1V323_NEIME,0,0,0,0
tr|A0A2X1V387|A0A2X1V387_NEIME,0,0,0,0
tr|A0A2X1V3A8|A0A2X1V3A8_NEIME,1,0,1,1
tr|A0A2X1V3C7|A0A2X1V3C7_NEIME,0,0,0,0
tr|A0A2X1V3C9|A0A2X1V3C9_NEIME,0,1,1,1
tr|A0A2X1V3I4|A0A2X1V3I4_NEIME,1,0,1,1
tr|A0A2X1V3R6|A0A2X1V3R6_NEIME,0,0,0,0
tr|A0A2X1V3R9|A0A2X1V3R9_NEIME,0,0,0,0
tr|A0A2X1V432|A0A2X1V432_NEIME,1,0,0,0
tr|A0A2X1V482|A0A2X1V482_NEIME,0,0,0,0
tr|A0A2X1V4C1|A0A2X1V4C1_NEIME,0,0,0,0
tr|A0A2X1V4D0|A0A2X1V4D0_NEIME,1,0,0,0
tr|A0A2X1V4D5|A0A2X1V4D5_NEIME,0,0,0,0
tr|A0A2X1V516|A0A2X1V516_NEIME,0,1,0,0
tr|A0A2X1V539|A0A2X1V539_NEIME,0,0,0,0
tr|A0A2X1V5A9|A0A2X1V5A9_NEIME,1,0,1,1
tr|A0A2X1V5B9|A0A2X1V5B9_NEIME,1,0,0,0
tr|A0A2X1V5C9|A0A2X1V5C9_NEIME,0,0,0,0
tr|A0A2X1V5D7|A0A2X1V5D7_NEIME,1,1,1,1
tr|A0A2X1V5E7|A0A2X1V5E7_NEIME,0,0,0,0
tr|A0A2X1V5Q2|A0A2X1V5Q2_NEIME,0,0,0,0
tr|A0A2X1V5V6|A0A2X1V5V6_NEIME,0,0,0,0
tr|A0A2X1V5W8|A0A2X1V5W8_NEIME,1,0,1,1
tr|A0A2X1V5Z2|A0A2X1V5Z2_NEIME,1,1,1,1
tr|A0A2X1V9T3|A0A2X1V9T3_NEIME,1,0,0,0
tr|A0A2X1VA00|A0A2X1VA00_NEIME,0,0,0,0
tr|A0A2X1VA24|A0A2X1VA24_NEIME,1,0,0,0
tr|A0A2X1VA42|A0A2X1VA42_NEIME,0,0,0,0
tr|A0A2X1VA52|A0A2X1VA52_NEIME,1,1,1,1
tr|A0A2X1VA61|A0A2X1VA61_NEIME,0,1,1,1
tr|A0A2X1VAF3|A0A2X1VAF3_NEIME,1,0,0,0
tr|A0A2X1VAG9|A0A2X1VAG9_NEIME,1,0,1,1
tr|A0A2X1VAJ4|A0A2X1VAJ4_NEIME,0,0,1,0
tr|A0A2X1VAK8|A0A2X1VAK8_NEIME,0,0,0,0
tr|A0A2X1VAN2|A0A2X1VAN2_NEIME,0,0,0,0
tr|A0A2X1VAP2|A0A2X1VAP2_NEIME,1,1,1,1
tr|A0A2X1VAQ1|A0A2X1VAQ1_NEIME,0,0,0,0
tr|A0A2X1VAU3|A0A2X1VAU3_NEIME,0,0,0,0
tr|A0A2X1VB12|A0A2X1VB12_NEIME,0,0,0,0
tr|A0A2X1VB16|A0A2X1VB16_NEIME,1,1,1,1
tr|A0A2X1VB42|A0A2X1VB42_NEIME,0,0,0,0
tr|A0A2X1VB53|A0A2X1VB53_NEIME,1,1,1,1
tr|A0A2X1VB64|A0A2X1VB64_NEIME,0,0,0,0
tr|A0A2X1VB93|A0A2X1VB93_NEIME,0,0,1,0
tr|A0A2X1VBD6|A0A2X1VBD6_NEIME,1,1,1,1
tr|A0A2X1VBF2|A0A2X1VBF2_NEIME,1,0,0,0
tr|A0A2X1VBG3|A0A2X1VBG3_NEIME,0,0,0,0
tr|A0A2X1VBH8|A0A2X1VBH8_NEIME,0,0,0,0
tr|A0A2X1VBJ6|A0A2X1VBJ6_NEIME,1,1,1,1
tr|A0A2X1VZN3|A0A2X1VZN3_NEIME,1,0,0,0
tr|A0A2X1W0B0|A0A2X1W0B0_NEIME,0,0,0,0
tr|A0A2X1W0E5|A0A2X1W0E5_NEIME,0,0,1,0
tr|A0A2X1W0R8|A0A2X1W0R8_NEIME,0,0,1,0
tr|A0A2X1W0S6|A0A2X1W0S6_NEIME,1,0,1,1
tr|A0A2X1W140|A0A2X1W140_NEIME,0,1,0,0
tr|A0A2X1W161|A0A2X1W161_NEIME,0,0,0,0
tr|A0A2X1W169|A0A2X1W169_NEIME,1,1,1,1
tr|A0A2X1W1E2|A0A2X1W1E2_NEIME,1,1,1,1
tr|A0A2X1W1G4|A0A2X1W1G4_NEIME,0,1,0,0
tr|A0A2X1W1J2|A0A2X1W1J2_NEIME,1,0,1,1
tr|A0A2X1W1K2|A0A2X1W1K2_NEIME,0,0,0,0
tr|A0A2X1W1K8|A0A2X1W1K8_NEIME,0,0,0,0
tr|A0A2X1W1P2|A0A2X1W1P2_NEIME,0,1,1,1
tr|A0A2X1W1W8|A0A2X1W1W8_NEIME,0,1,1,1
tr|A0A2X1W207|A0A2X1W207_NEIME,1,1,1,1
tr|A0A2X1W218|A0A2X1W218_NEIME,1,1,1,1
tr|A0A2X1W224|A0A2X1W224_NEIME,1,1,1,1
tr|A0A2X1W239|A0A2X1W239_NEIME,0,0,0,0
tr|A0A2X1W2A3|A0A2X1W2A3_NEIME,1,1,0,1
tr|A0A2X1W2B4|A0A2X1W2B4_NEIME,0,0,0,0
tr|A0A2X1W2D8|A0A2X1W2D8_NEIME,0,0,0,0
tr|A0A2X1W2E7|A0A2X1W2E7_NEIME,0,1,1,1
tr|A0A2X1W2U5|A0A2X1W2U5_NEIME,0,0,0,0
tr|A0A2X1W2X8|A0A2X1W2X8_NEIME,0,0,0,0
tr|A0A2X1W2Y8|A0A2X1W2Y8_NEIME,1,0,1,1
tr|A0A2X1W345|A0A2X1W345_NEIME,0,0,0,0
tr|A0A2X1W365|A0A2X1W365_NEIME,0,0,0,0
tr|A0A2X1W3A9|A0A2X1W3A9_NEIME,1,1,1,1
tr|A0A2X1W3H2|A0A2X1W3H2_NEIME,0,1,0,0
tr|A0A2X1W3K8|A0A2X1W3K8_NEIME,0,0,0,0
tr|A0A2X1W3P2|A0A2X1W3P2_NEIME,0,0,0,0
tr|A0A2X1W3V5|A0A2X1W3V5_NEIME,0,0,0,0
tr|A0A2X1W3W5|A0A2X1W3W5_NEIME,1,1,1,1
tr|A0A2X1W3Z8|A0A2X1W3Z8_NEIME,0,0,0,0
tr|A0A2X1W406|A0A2X1W406_NEIME,0,0,0,0
tr|A0A2X1W4A2|A0A2X1W4A2_NEIME,1,1,0,1
tr|A0A2X1W4L5|A0A2X1W4L5_NEIME,0,0,0,0
tr|A0A2X1W4M7|A0A2X1W4M7_NEIME,0,1,0,0
tr|A0A2X1W4Q9|A0A2X1W4Q9_NEIME,0,0,0,0
tr|A0A2X1W4T1|A0A2X1W4T1_NEIME,0,0,0,0
tr|A0A2X1W4U3|A0A2X1W4U3_NEIME,0,0,0,0
tr|A0A2X1W4U6|A0A2X1W4U6_NEIME,1,0,0,0
tr|A0A2X1W4V8|A0A2X1W4V8_NEIME,1,0,1,1
tr|A0A2X1W4X6|A0A2X1W4X6_NEIME,1,1,1,1
tr|A0A2X1W4Y6|A0A2X1W4Y6_NEIME,1,1,1,1
tr|A0A2X1W512|A0A2X1W512_NEIME,0,0,0,0
tr|A0A2X1W521|A0A2X1W521_NEIME,0,0,0,0
tr|A0A2X1W576|A0A2X1W576_NEIME,0,1,0,0
tr|A0A2X1W5B0|A0A2X1W5B0_NEIME,0,1,1,1
tr|A0A2X1W5V6|A0A2X1W5V6_NEIME,0,0,0,0
tr|A0A2X1W5Z9|A0A2X1W5Z9_NEIME,1,1,1,1
tr|A0A2X1W657|A0A2X1W657_NEIME,0,0,0,0
tr|A0A2X1W6I0|A0A2X1W6I0_NEIME,0,0,0,0
tr|A0A2X1W6I9|A0A2X1W6I9_NEIME,0,0,0,0
tr|A0A2X1W6P6|A0A2X1W6P6_NEIME,0,0,0,0
tr|A0A2X1W6R7|A0A2X1W6R7_NEIME,0,0,0,0
tr|A0A2X1W6S3|A0A2X1W6S3_NEIME,1,1,1,1
tr|A0A2X1W6T8|A0A2X1W6T8_NEIME,0,1,0,0
tr|A0A2X1W6V8|A0A2X1W6V8_NEIME,1,0,1,1
tr|A0A2X1W6W8|A0A2X1W6W8_NEIME,1,0,0,0
tr|A0A2X1W6Y0|A0A2X1W6Y0_NEIME,0,0,0,0
tr|A0A2X1W6Z0|A0A2X1W6Z0_NEIME,0,0,1,0
tr|A0A2X1W700|A0A2X1W700_NEIME,0,0,0,0
tr|A0A2X1W719|A0A2X1W719_NEIME,0,0,0,0
tr|A0A2X1W728|A0A2X1W728_NEIME,0,0,0,0
tr|A0A2X1W756|A0A2X1W756_NEIME,0,1,0,0
tr|A0A2X1W765|A0A2X1W765_NEIME,0,0,0,0
tr|A0A2X1W7E9|A0A2X1W7E9_NEIME,0,0,0,0
tr|A0A2X1W7F4|A0A2X1W7F4_NEIME,0,0,0,0
tr|A0A2X1W7L8|A0A2X1W7L8_NEIME,1,1,1,1
tr|A0A2X1W7M8|A0A2X1W7M8_NEIME,1,1,1,1
tr|A0A2X1W7P1|A0A2X1W7P1_NEIME,0,0,0,0
tr|A0A2X1W7S1|A0A2X1W7S1_NEIME,0,0,0,0
tr|A0A2X1W7T2|A0A2X1W7T2_NEIME,1,0,0,0
tr|A0A2X1W7Y3|A0A2X1W7Y3_NEIME,0,1,0,0
tr|A0A2X1W8E3|A0A2X1W8E3_NEIME,1,0,0,0
tr|A0A2X1W928|A0A2X1W928_NEIME,0,0,1,0
tr|A0A2X1W9A2|A0A2X1W9A2_NEIME,1,0,0,0
tr|A0A2X1W9C1|A0A2X1W9C1_NEIME,0,1,0,0
tr|A0A2X1W9F5|A0A2X1W9F5_NEIME,1,0,0,0
tr|A0A2X1W9L4|A0A2X1W9L4_NEIME,1,1,1,1
tr|A0A2X1W9M8|A0A2X1W9M8_NEIME,0,0,1,0
tr|A0A2X1W9N1|A0A2X1W9N1_NEIME,0,0,0,0
tr|A0A2X1W9N3|A0A2X1W9N3_NEIME,1,0,0,0
tr|A0A2X1W9Q4|A0A2X1W9Q4_NEIME,0,0,0,0
tr|A0A2X1W9T2|A0A2X1W9T2_NEIME,1,1,0,1
tr|A0A2X1W9T4|A0A2X1W9T4_NEIME,1,0,1,1
tr|A0A2X1W9U3|A0A2X1W9U3_NEIME,0,0,0,0
tr|A0A2X1W9V7|A0A2X1W9V7_NEIME,0,0,0,0
tr|A0A2X1W9Z3|A0A2X1W9Z3_NEIME,0,0,0,0
tr|A0A2X1W9Z5|A0A2X1W9Z5_NEIME,0,0,0,0
tr|A0A2X1WA02|A0A2X1WA02_NEIME,0,0,1,0
tr|A0A2X1WA28|A0A2X1WA28_NEIME,1,0,0,0
tr|A0A2X1WA29|A0A2X1WA29_NEIME,0,0,0,0
tr|A0A2X1WA38|A0A2X1WA38_NEIME,0,0,0,0
tr|A0A2X1WA48|A0A2X1WA48_NEIME,0,1,1,1
tr|A0A2X1WA59|A0A2X1WA59_NEIME,1,1,1,1
tr|A0A2X1WA81|A0A2X1WA81_NEIME,0,0,1,0
tr|A0A2X1WA93|A0A2X1WA93_NEIME,0,1,1,1
tr|A0A2X1WA98|A0A2X1WA98_NEIME,1,0,1,1
tr|A0A2X1WAC0|A0A2X1WAC0_NEIME,1,0,0,0
tr|A0A2X1WAC5|A0A2X1WAC5_NEIME,0,0,0,0
tr|A0A2X1WAH3|A0A2X1WAH3_NEIME,1,0,1,1
tr|A0A2X1WAN2|A0A2X1WAN2_NEIME,0,0,0,0
tr|A0A2X1WAQ9|A0A2X1WAQ9_NEIME,0,0,0,0
tr|A0A2X1WAR5|A0A2X1WAR5_NEIME,0,0,0,0
tr|A0A2X1WAS3|A0A2X1WAS3_NEIME,0,0,0,0
tr|A0A2X1WAT0|A0A2X1WAT0_NEIME,0,0,1,0
tr|A0A2X1WAV3|A0A2X1WAV3_NEIME,0,0,0,0
tr|A0A2X1WB11|A0A2X1WB11_NEIME,0,1,0,0
tr|A0A2X1WB35|A0A2X1WB35_NEIME,0,0,0,0
tr|A0A2X1WB42|A0A2X1WB42_NEIME,0,1,0,0
tr|A0A2X1WB68|A0A2X1WB68_NEIME,1,0,1,1
tr|A0A2X1WEE0|A0A2X1WEE0_NEIME,1,1,1,1
tr|A0A2X1WEE5|A0A2X1WEE5_NEIME,1,1,1,1
tr|A0A2X1WEF3|A0A2X1WEF3_NEIME,0,0,0,0
tr|A0A2X1WEJ9|A0A2X1WEJ9_NEIME,0,0,0,0
tr|A0A2X1WEL3|A0A2X1WEL3_NEIME,0,0,0,0
tr|A0A2X1WEM3|A0A2X1WEM3_NEIME,1,1,1,1
tr|A0A2X1WEQ1|A0A2X1WEQ1_NEIME,0,0,0,0
tr|A0A2X1WEQ9|A0A2X1WEQ9_NEIME,0,0,0,0
tr|A0A2X1WEV7|A0A2X1WEV7_NEIME,1,0,0,0
tr|A0A2X1WF14|A0A2X1WF14_NEIME,1,1,1,1
tr|A0A2X1WF20|A0A2X1WF20_NEIME,1,0,1,1
tr|A0A2X1WF80|A0A2X1WF80_NEIME,1,1,1,1
tr|A0A2X1WF93|A0A2X1WF93_NEIME,0,0,0,0
tr|A0A2X1WFJ3|A0A2X1WFJ3_NEIME,1,1,0,1
tr|A0A2X1WFJ6|A0A2X1WFJ6_NEIME,0,0,0,0
tr|A0A2X1WFL1|A0A2X1WFL1_NEIME,0,1,1,1
tr|A0A2X1WFM9|A0A2X1WFM9_NEIME,0,0,0,0
tr|A0A2X1WG16|A0A2X1WG16_NEIME,0,0,1,0
tr|A0A2X1WG56|A0A2X1WG56_NEIME,0,0,0,0
tr|A7ISB1|A7ISB1_NEIME,0,0,0,0
tr|A7ISB8|A7ISB8_NEIME,0,0,0,0
tr|A8V931|A8V931_NEIME,1,0,0,0
tr|B3FHD0|B3FHD0_NEIME,0,0,0,0
tr|B9VX98|B9VX98_NEIME,1,1,1,1
tr|D3JNS6|D3JNS6_NEIME,1,1,1,1
tr|D6CI22|D6CI22_NEIME,0,0,0,0
tr|H6T632|H6T632_NEIME,0,0,0,0
tr|M5D5E1|M5D5E1_NEIME,0,0,0,0
tr|M5DAB1|M5DAB1_NEIME,0,0,0,0
tr|O34609|O34609_NEIME,0,0,0,0
tr|O85741|O85741_NEIME,0,0,0,0
tr|Q0PMP4|Q0PMP4_NEIME,1,0,0,0
tr|Q51175|Q51175_NEIME,0,0,0,0
tr|Q51281|Q51281_NEIME,0,1,0,0
tr|Q547A8|Q547A8_NEIME,1,1,1,1
tr|Q57265|Q57265_NEIME,0,0,0,0
tr|Q79DD9|Q79DD9_NEIME,0,0,0,0
tr|Q7AX05|Q7AX05_NEIME,0,0,0,0
tr|Q7AX07|Q7AX07_NEIME,1,1,0,1
tr|Q7AX34|Q7AX34_NEIME,1,0,0,0
tr|Q7AX66|Q7AX66_NEIME,0,0,0,0
tr|Q7AX68|Q7AX68_NEIME,0,0,0,0
tr|Q7BH72|Q7BH72_NEIME,0,0,1,0
tr|Q7BH74|Q7BH74_NEIME,0,0,0,0
tr|Q8KH92|Q8KH92_NEIME,0,0,0,0
tr|Q8KI61|Q8KI61_NEIME,0,0,0,0
tr|Q9AH44|Q9AH44_NEIME,0,1,1,1
tr|Q9JPE4|Q9JPE4_NEIME,0,1,1,1
tr|Q9JPG2|Q9JPG2_NEIME,1,1,1,1
tr|Q9JQZ1|Q9JQZ1_NEIME,0,0,0,0
tr|Q9JR23|Q9JR23_NEIME,0,1,1,1
tr|Q9JR56|Q9JR56_NEIME,1,0,1,1
tr|Q9JRD6|Q9JRD6_NEIME,0,0,0,0
tr|Q9RMM0|Q9RMM0_NEIME,0,0,0,0
tr|Q9RP16|Q9RP16_NEIME,1,1,1,1
tr|Q9WW31|Q9WW31_NEIME,1,0,0,0
tr|Q9XAY9|Q9XAY9_NEIME,0,0,0,0
tr|X5EFQ1|X5EFQ1_NEIME,0,1,0,0
tr|X5EFR3|X5EFR3_NEIME,1,1,1,1
tr|X5EFW8|X5EFW8_NEIME,0,0,0,0
tr|X5EG37|X5EG37_NEIME,1,0,1,1
tr|X5EGB0|X5EGB0_NEIME,0,0,0,0
tr|X5EGF7|X5EGF7_NEIME,0,0,0,0
tr|X5EGK3|X5EGK3_NEIME,0,0,0,0
tr|X5EGY8|X5EGY8_NEIME,0,0,0,0
tr|X5EH28|X5EH28_NEIME,0,0,0,0
tr|X5EHB4|X5EHB4_NEIME,1,0,0,0
tr|X5EHF5|X5EHF5_NEIME,0,0,0,0
tr|X5EHV2|X5EHV2_NEIME,0,1,0,0
tr|X5EI59|X5EI59_NEIME,0,0,0,0
tr|X5EI83|X5EI83_NEIME,1,0,0,0
tr|X5EIB4|X5EIB4_NEIME,1,0,1,1
tr|X5EIH5|X5EIH5_NEIME,1,0,0,0
tr|X5EIP9|X5EIP9_NEIME,0,0,0,0
tr|X5EJ80|X5EJ80_NEIME,1,1,0,1
tr|X5EJL0|X5EJL0_NEIME,0,0,0,0
tr|X5EJQ3|X5EJQ3_NEIME,0,0,0,0
tr|X5EJW2|X5EJW2_NEIME,0,0,0,0
tr|X5EKI8|X5EKI8_NEIME,0,0,0,0
tr|X5EKT6|X5EKT6_NEIME,0,0,0,0
tr|X5ELA3|X5ELA3_NEIME,0,1,0,0
tr|X5ELF3|X5ELF3_NEIME,0,0,0,0
tr|X5ELF7|X5ELF7_NEIME,0,0,0,0
tr|X5ELX8|X5ELX8_NEIME,0,0,0,0
tr|X5EM16|X5EM16_NEIME,0,0,0,0
tr|X5EM31|X5EM31_NEIME,1,1,0,1
tr|X5EM49|X5EM49_NEIME,1,0,1,1
tr|X5EM94|X5EM94_NEIME,1,1,1,1
tr|X5EMD0|X5EMD0_NEIME,0,0,0,0
tr|X5EMN3|X5EMN3_NEIME,1,1,1,1
tr|X5EMV1|X5EMV1_NEIME,1,0,0,0
tr|X5EN45|X5EN45_NEIME,0,0,0,0
tr|X5EN49|X5EN49_NEIME,0,0,0,0
tr|X5EN72|X5EN72_NEIME,0,0,0,0
tr|X5EN78|X5EN78_NEIME,0,0,0,0
tr|X5ENB3|X5ENB3_NEIME,0,0,0,0
tr|X5ENF8|X5ENF8_NEIME,0,1,0,0
tr|X5ENK6|X5ENK6_NEIME,0,0,0,0
tr|X5ENY3|X5ENY3_NEIME,1,0,1,1
tr|X5EP05|X5EP05_NEIME,0,0,0,0
tr|X5EP29|X5EP29_NEIME,0,0,1,0
tr|X5EP40|X5EP40_NEIME,0,0,0,0
tr|X5EP45|X5EP45_NEIME,0,0,0,0
tr|X5EPA9|X5EPA9_NEIME,0,0,0,0
tr|X5EPE0|X5EPE0_NEIME,0,0,0,0
tr|X5EPJ1|X5EPJ1_NEIME,0,1,0,0
tr|X5EPK6|X5EPK6_NEIME,1,0,0,0
tr|X5EPL9|X5EPL9_NEIME,1,0,1,1
tr|X5EPY9|X5EPY9_NEIME,1,0,0,0
tr|X5EPZ8|X5EPZ8_NEIME,0,0,0,0
tr|X5EQ57|X5EQ57_NEIME,1,1,0,1
tr|X5EQ84|X5EQ84_NEIME,0,0,0,0
tr|X5EQA3|X5EQA3_NEIME,0,0,0,0
tr|X5EQB7|X5EQB7_NEIME,1,0,0,0
tr|X5EQV7|X5EQV7_NEIME,0,0,0,0
tr|X5EQY4|X5EQY4_NEIME,1,1,1,1
tr|X5EQZ0|X5EQZ0_NEIME,0,0,0,0
tr|X5EQZ4|X5EQZ4_NEIME,0,0,0,0
tr|X5ER37|X5ER37_NEIME,1,1,1,1
tr|X5ERB3|X5ERB3_NEIME,0,0,0,0
tr|X5ERF3|X5ERF3_NEIME,0,1,0,0
tr|X5ERL1|X5ERL1_NEIME,0,0,0,0
tr|X5ERX5|X5ERX5_NEIME,0,0,0,0
tr|X5ES35|X5ES35_NEIME,1,1,1,1
tr|X5ESC5|X5ESC5_NEIME,0,0,0,0
tr|X5ESK5|X5ESK5_NEIME,1,0,1,1
tr|X5ESQ7|X5ESQ7_NEIME,0,0,0,0
tr|X5ESV6|X5ESV6_NEIME,1,1,1,1
tr|X5ESZ2|X5ESZ2_NEIME,0,1,0,0
tr|X5ET02|X5ET02_NEIME,0,1,1,1
tr|X5ET44|X5ET44_NEIME,0,0,0,0
tr|X5ET62|X5ET62_NEIME,0,0,0,0
tr|X5ETA1|X5ETA1_NEIME,1,0,0,0
tr|X5ETB2|X5ETB2_NEIME,1,0,0,0
tr|X5ETB8|X5ETB8_NEIME,0,0,0,0
tr|X5ETC4|X5ETC4_NEIME,0,0,0,0
tr|X5ETG7|X5ETG7_NEIME,0,0,0,0
tr|X5ETN9|X5ETN9_NEIME,0,0,0,0
tr|X5ETX9|X5ETX9_NEIME,0,0,1,0
tr|X5EU37|X5EU37_NEIME,0,0,0,0
tr|X5EU73|X5EU73_NEIME,0,0,0,0
tr|X5EUK8|X5EUK8_NEIME,0,0,0,0
tr|X5F3E2|X5F3E2_NEIME,0,0,0,0
tr|X5F3K1|X5F3K1_NEIME,0,0,0,0
tr|X5F3Y4|X5F3Y4_NEIME,0,0,0,0
tr|X5F411|X5F411_NEIME,0,0,0,0
tr|X5F466|X5F466_NEIME,1,0,1,1
tr|X5F471|X5F471_NEIME,0,0,0,0
tr|X5F4C7|X5F4C7_NEIME,0,0,0,0
tr|X5F4J8|X5F4J8_NEIME,0,0,0,0
tr|X5F4P6|X5F4P6_NEIME,1,1,1,1
tr|X5F4T1|X5F4T1_NEIME,0,0,0,0
tr|X5F552|X5F552_NEIME,0,0,0,0
tr|X5F5E1|X5F5E1_NEIME,0,0,0,0
tr|X5F5F1|X5F5F1_NEIME,1,0,0,0
tr|X5F5G7|X5F5G7_NEIME,0,0,1,0
tr|X5F5K9|X5F5K9_NEIME,1,0,1,1
tr|X5F649|X5F649_NEIME,0,0,1,0
tr|X5F6G8|X5F6G8_NEIME,1,0,0,0
tr|X5F6L0|X5F6L0_NEIME,0,0,1,0
tr|X5F6N1|X5F6N1_NEIME,0,0,0,0
tr|X5F6P5|X5F6P5_NEIME,1,1,1,1
tr|X5F6S2|X5F6S2_NEIME,1,0,0,0
tr|X5F6S5|X5F6S5_NEIME,0,0,0,0
tr|X5F6W0|X5F6W0_NEIME,1,1,1,1
tr|X5F776|X5F776_NEIME,1,1,1,1
tr|X5F7Q3|X5F7Q3_NEIME,1,0,1,1
tr|X5F818|X5F818_NEIME,1,1,1,1
tr|X5F830|X5F830_NEIME,1,0,1,1
tr|X5F837|X5F837_NEIME,0,0,0,0
tr|X5F838|X5F838_NEIME,1,1,1,1
tr|X5F841|X5F841_NEIME,0,0,1,0
tr|X5F893|X5F893_NEIME,1,0,1,1
tr|X5F895|X5F895_NEIME,0,0,0,0
tr|X5F8C3|X5F8C3_NEIME,0,0,0,0
tr|X5F8C6|X5F8C6_NEIME,1,0,0,0
tr|X5F8F1|X5F8F1_NEIME,1,1,1,1
tr|X5F8I0|X5F8I0_NEIME,0,0,1,0
tr|X5F8J1|X5F8J1_NEIME,0,0,1,0
tr|X5F8K7|X5F8K7_NEIME,0,0,0,0
tr|X5F8S2|X5F8S2_NEIME,0,0,0,0
tr|X5F8U9|X5F8U9_NEIME,0,0,0,0
tr|X5F905|X5F905_NEIME,0,0,0,0
tr|X5F910|X5F910_NEIME,0,0,0,0
tr|X5F915|X5F915_NEIME,0,0,0,0
tr|X5F9G0|X5F9G0_NEIME,0,0,0,0
tr|X5F9U1|X5F9U1_NEIME,0,0,0,0
tr|X5F9U8|X5F9U8_NEIME,0,0,0,0
tr|X5FA74|X5FA74_NEIME,1,0,0,0
tr|X5FAE4|X5FAE4_NEIME,0,1,1,1
tr|X5FAM8|X5FAM8_NEIME,0,0,0,0
tr|X5FAR2|X5FAR2_NEIME,0,1,0,0
tr|X5FAZ6|X5FAZ6_NEIME,0,0,0,0
tr|X5FB84|X5FB84_NEIME,1,0,0,0
tr|X5FB87|X5FB87_NEIME,0,0,0,0
tr|X5FBP7|X5FBP7_NEIME,1,0,0,0
