protein,xgboost,random_subspace,random forest,fuse 2/3
tr|A0A0G4BW27|A0A0G4BW27_NEIME,1,1,0,1
tr|A0A0G4BWF4|A0A0G4BWF4_NEIME,0,0,0,0
tr|A0A0G4BXG0|A0A0G4BXG0_NEIME,0,0,0,0
tr|A0A0G4BXQ1|A0A0G4BXQ1_NEIME,0,0,0,0
tr|A0A0G4BXR1|A0A0G4BXR1_NEIME,0,0,0,0
tr|A0A0G4BY07|A0A0G4BY07_NEIME,0,0,0,0
tr|A0A0G4BZG2|A0A0G4BZG2_NEIME,0,0,0,0
tr|A0A0G4BZW9|A0A0G4BZW9_NEIME,0,1,1,1
tr|A0A0G4C079|A0A0G4C079_NEIME,0,0,0,0
tr|A0A0G4C131|A0A0G4C131_NEIME,0,0,0,0
tr|A0A0G4C196|A0A0G4C196_NEIME,1,0,1,1
tr|A0A0G4C1L5|A0A0G4C1L5_NEIME,0,0,0,0
tr|A0A0G4BUZ6|A0A0G4BUZ6_NEIME,0,0,0,0
tr|A0A0G4BV21|A0A0G4BV21_NEIME,0,0,0,0
tr|A0A0G4BV36|A0A0G4BV36_NEIME,0,0,0,0
tr|A0A0G4BV41|A0A0G4BV41_NEIME,0,0,0,0
tr|A0A0G4BV55|A0A0G4BV55_NEIME,0,0,0,0
tr|A0A0G4BV65|A0A0G4BV65_NEIME,0,0,0,0
tr|A0A0G4BV95|A0A0G4BV95_NEIME,0,0,0,0
tr|A0A0G4BVA7|A0A0G4BVA7_NEIME,0,0,1,0
tr|A0A0G4BVJ9|A0A0G4BVJ9_NEIME,1,1,0,1
tr|A0A0G4BVL4|A0A0G4BVL4_NEIME,0,0,0,0
tr|A0A0G4BVL9|A0A0G4BVL9_NEIME,0,0,0,0
tr|A0A0G4BVM0|A0A0G4BVM0_NEIME,1,0,0,0
tr|A0A0G4BVM7|A0A0G4BVM7_NEIME,1,0,0,0
tr|A0A0G4BVN3|A0A0G4BVN3_NEIME,1,0,0,0
tr|A0A0G4BVN7|A0A0G4BVN7_NEIME,0,0,0,0
tr|A0A0G4BVP2|A0A0G4BVP2_NEIME,0,1,0,0
tr|A0A0G4BVP5|A0A0G4BVP5_NEIME,0,1,0,0
tr|A0A0G4BVQ1|A0A0G4BVQ1_NEIME,0,0,0,0
tr|A0A0G4BVQ4|A0A0G4BVQ4_NEIME,0,0,0,0
tr|A0A0G4BVQ7|A0A0G4BVQ7_NEIME,0,0,0,0
tr|A0A0G4BVT6|A0A0G4BVT6_NEIME,0,0,0,0
tr|A0A0G4BVW3|A0A0G4BVW3_NEIME,0,0,0,0
tr|A0A0G4BVY6|A0A0G4BVY6_NEIME,1,0,0,0
tr|A0A0G4BVZ3|A0A0G4BVZ3_NEIME,1,1,0,1
tr|A0A0G4BVZ4|A0A0G4BVZ4_NEIME,0,0,0,0
tr|A0A0G4BW02|A0A0G4BW02_NEIME,1,1,1,1
tr|A0A0G4BW05|A0A0G4BW05_NEIME,0,0,0,0
tr|A0A0G4BW20|A0A0G4BW20_NEIME,1,1,0,1
tr|A0A0G4BW43|A0A0G4BW43_NEIME,0,0,0,0
tr|A0A0G4BW60|A0A0G4BW60_NEIME,0,0,0,0
tr|A0A0G4BW90|A0A0G4BW90_NEIME,0,0,0,0
tr|A0A0G4BWC3|A0A0G4BWC3_NEIME,0,0,0,0
tr|A0A0G4BWD2|A0A0G4BWD2_NEIME,0,0,0,0
tr|A0A0G4BWD6|A0A0G4BWD6_NEIME,0,0,0,0
tr|A0A0G4BWE3|A0A0G4BWE3_NEIME,0,1,0,0
tr|A0A0G4BWF2|A0A0G4BWF2_NEIME,0,0,0,0
tr|A0A0G4BWG3|A0A0G4BWG3_NEIME,1,1,1,1
tr|A0A0G4BWH0|A0A0G4BWH0_NEIME,0,1,0,0
tr|A0A0G4BWH4|A0A0G4BWH4_NEIME,0,0,0,0
tr|A0A0G4BWI3|A0A0G4BWI3_NEIME,0,0,0,0
tr|A0A0G4BWK0|A0A0G4BWK0_NEIME,0,0,0,0
tr|A0A0G4BWK1|A0A0G4BWK1_NEIME,0,0,0,0
tr|A0A0G4BWK2|A0A0G4BWK2_NEIME,0,1,1,1
tr|A0A0G4BWK5|A0A0G4BWK5_NEIME,0,0,0,0
tr|A0A0G4BWK9|A0A0G4BWK9_NEIME,1,1,1,1
tr|A0A0G4BWL2|A0A0G4BWL2_NEIME,1,0,0,0
tr|A0A0G4BWL3|A0A0G4BWL3_NEIME,0,0,0,0
tr|A0A0G4BWN3|A0A0G4BWN3_NEIME,0,0,0,0
tr|A0A0G4BWN9|A0A0G4BWN9_NEIME,0,0,0,0
tr|A0A0G4BWP2|A0A0G4BWP2_NEIME,1,0,0,0
tr|A0A0G4BWQ3|A0A0G4BWQ3_NEIME,1,0,0,0
tr|A0A0G4BWQ8|A0A0G4BWQ8_NEIME,1,0,0,0
tr|A0A0G4BWR4|A0A0G4BWR4_NEIME,1,1,0,1
tr|A0A0G4BWR7|A0A0G4BWR7_NEIME,0,0,0,0
tr|A0A0G4BWS0|A0A0G4BWS0_NEIME,1,0,0,0
tr|A0A0G4BWS1|A0A0G4BWS1_NEIME,1,0,0,0
tr|A0A0G4BWT3|A0A0G4BWT3_NEIME,0,0,0,0
tr|A0A0G4BWU3|A0A0G4BWU3_NEIME,0,0,1,0
tr|A0A0G4BWU9|A0A0G4BWU9_NEIME,0,0,1,0
tr|A0A0G4BWW2|A0A0G4BWW2_NEIME,0,0,0,0
tr|A0A0G4BWY3|A0A0G4BWY3_NEIME,0,0,0,0
tr|A0A0G4BWZ6|A0A0G4BWZ6_NEIME,0,0,0,0
tr|A0A0G4BX09|A0A0G4BX09_NEIME,0,0,1,0
tr|A0A0G4BX14|A0A0G4BX14_NEIME,0,1,0,0
tr|A0A0G4BX53|A0A0G4BX53_NEIME,0,0,0,0
tr|A0A0G4BX62|A0A0G4BX62_NEIME,0,0,0,0
tr|A0A0G4BX63|A0A0G4BX63_NEIME,0,0,0,0
tr|A0A0G4BX96|A0A0G4BX96_NEIME,0,0,0,0
tr|A0A0G4BXC3|A0A0G4BXC3_NEIME,0,1,0,0
tr|A0A0G4BXC9|A0A0G4BXC9_NEIME,0,0,0,0
tr|A0A0G4BXD4|A0A0G4BXD4_NEIME,0,0,0,0
tr|A0A0G4BXD5|A0A0G4BXD5_NEIME,1,0,0,0
tr|A0A0G4BXE1|A0A0G4BXE1_NEIME,1,0,0,0
tr|A0A0G4BXF0|A0A0G4BXF0_NEIME,0,0,0,0
tr|A0A0G4BXG4|A0A0G4BXG4_NEIME,1,1,1,1
tr|A0A0G4BXG7|A0A0G4BXG7_NEIME,1,0,0,0
tr|A0A0G4BXH1|A0A0G4BXH1_NEIME,0,0,0,0
tr|A0A0G4BXH3|A0A0G4BXH3_NEIME,0,0,0,0
tr|A0A0G4BXI8|A0A0G4BXI8_NEIME,0,0,0,0
tr|A0A0G4BXJ5|A0A0G4BXJ5_NEIME,0,0,0,0
tr|A0A0G4BXK8|A0A0G4BXK8_NEIME,1,0,1,1
tr|A0A0G4BXM4|A0A0G4BXM4_NEIME,0,0,0,0
tr|A0A0G4BXP1|A0A0G4BXP1_NEIME,0,0,0,0
tr|A0A0G4BXP9|A0A0G4BXP9_NEIME,0,0,0,0
tr|A0A0G4BXQ0|A0A0G4BXQ0_NEIME,0,1,1,1
tr|A0A0G4BXS0|A0A0G4BXS0_NEIME,1,0,0,0
tr|A0A0G4BXS7|A0A0G4BXS7_NEIME,0,0,0,0
tr|A0A0G4BXT7|A0A0G4BXT7_NEIME,0,0,0,0
tr|A0A0G4BXU7|A0A0G4BXU7_NEIME,0,0,0,0
tr|A0A0G4BXV4|A0A0G4BXV4_NEIME,0,0,1,0
tr|A0A0G4BXW5|A0A0G4BXW5_NEIME,0,0,0,0
tr|A0A0G4BXX0|A0A0G4BXX0_NEIME,0,0,0,0
tr|A0A0G4BXY1|A0A0G4BXY1_NEIME,0,1,0,0
tr|A0A0G4BXY4|A0A0G4BXY4_NEIME,0,0,0,0
tr|A0A0G4BXZ7|A0A0G4BXZ7_NEIME,1,0,1,1
tr|A0A0G4BXZ8|A0A0G4BXZ8_NEIME,0,0,0,0
tr|A0A0G4BY04|A0A0G4BY04_NEIME,0,1,1,1
tr|A0A0G4BY23|A0A0G4BY23_NEIME,1,1,0,1
tr|A0A0G4BY29|A0A0G4BY29_NEIME,0,0,0,0
tr|A0A0G4BY35|A0A0G4BY35_NEIME,0,0,0,0
tr|A0A0G4BY39|A0A0G4BY39_NEIME,1,1,1,1
tr|A0A0G4BY44|A0A0G4BY44_NEIME,1,0,0,0
tr|A0A0G4BY54|A0A0G4BY54_NEIME,0,0,0,0
tr|A0A0G4BY58|A0A0G4BY58_NEIME,0,0,0,0
tr|A0A0G4BY72|A0A0G4BY72_NEIME,0,0,0,0
tr|A0A0G4BY73|A0A0G4BY73_NEIME,0,0,0,0
tr|A0A0G4BY86|A0A0G4BY86_NEIME,0,1,0,0
tr|A0A0G4BY95|A0A0G4BY95_NEIME,1,0,1,1
tr|A0A0G4BYC4|A0A0G4BYC4_NEIME,0,1,1,1
tr|A0A0G4BYC9|A0A0G4BYC9_NEIME,0,0,0,0
tr|A0A0G4BYD8|A0A0G4BYD8_NEIME,0,0,0,0
tr|A0A0G4BYE3|A0A0G4BYE3_NEIME,0,1,1,1
tr|A0A0G4BYF3|A0A0G4BYF3_NEIME,0,0,0,0
tr|A0A0G4BYF5|A0A0G4BYF5_NEIME,0,0,0,0
tr|A0A0G4BYG1|A0A0G4BYG1_NEIME,0,1,0,0
tr|A0A0G4BYG4|A0A0G4BYG4_NEIME,1,0,1,1
tr|A0A0G4BYG7|A0A0G4BYG7_NEIME,0,0,0,0
tr|A0A0G4BYH1|A0A0G4BYH1_NEIME,0,0,0,0
tr|A0A0G4BYH2|A0A0G4BYH2_NEIME,0,0,0,0
tr|A0A0G4BYI3|A0A0G4BYI3_NEIME,1,1,0,1
tr|A0A0G4BYI4|A0A0G4BYI4_NEIME,0,0,0,0
tr|A0A0G4BYI9|A0A0G4BYI9_NEIME,0,0,0,0
tr|A0A0G4BYJ1|A0A0G4BYJ1_NEIME,0,1,1,1
tr|A0A0G4BYJ5|A0A0G4BYJ5_NEIME,0,1,0,0
tr|A0A0G4BYL2|A0A0G4BYL2_NEIME,1,1,0,1
tr|A0A0G4BYM5|A0A0G4BYM5_NEIME,0,0,0,0
tr|A0A0G4BYN7|A0A0G4BYN7_NEIME,0,0,0,0
tr|A0A0G4BYP2|A0A0G4BYP2_NEIME,0,0,0,0
tr|A0A0G4BYQ5|A0A0G4BYQ5_NEIME,0,0,0,0
tr|A0A0G4BYQ6|A0A0G4BYQ6_NEIME,0,0,0,0
tr|A0A0G4BYQ7|A0A0G4BYQ7_NEIME,0,1,0,0
tr|A0A0G4BYS4|A0A0G4BYS4_NEIME,0,0,0,0
tr|A0A0G4BYS7|A0A0G4BYS7_NEIME,0,0,0,0
tr|A0A0G4BYS9|A0A0G4BYS9_NEIME,0,0,0,0
tr|A0A0G4BYT2|A0A0G4BYT2_NEIME,0,0,0,0
tr|A0A0G4BYU1|A0A0G4BYU1_NEIME,1,0,0,0
tr|A0A0G4BYV9|A0A0G4BYV9_NEIME,0,0,0,0
tr|A0A0G4BYW3|A0A0G4BYW3_NEIME,1,0,1,1
tr|A0A0G4BYZ1|A0A0G4BYZ1_NEIME,0,0,0,0
tr|A0A0G4BYZ7|A0A0G4BYZ7_NEIME,0,1,0,0
tr|A0A0G4BYZ8|A0A0G4BYZ8_NEIME,0,0,0,0
tr|A0A0G4BZ00|A0A0G4BZ00_NEIME,0,0,0,0
tr|A0A0G4BZ13|A0A0G4BZ13_NEIME,0,0,0,0
tr|A0A0G4BZ54|A0A0G4BZ54_NEIME,0,1,0,0
tr|A0A0G4BZ57|A0A0G4BZ57_NEIME,1,0,1,1
tr|A0A0G4BZ58|A0A0G4BZ58_NEIME,0,0,0,0
tr|A0A0G4BZ75|A0A0G4BZ75_NEIME,0,0,0,0
tr|A0A0G4BZ77|A0A0G4BZ77_NEIME,0,0,0,0
tr|A0A0G4BZ78|A0A0G4BZ78_NEIME,1,0,0,0
tr|A0A0G4BZ82|A0A0G4BZ82_NEIME,0,0,0,0
tr|A0A0G4BZ92|A0A0G4BZ92_NEIME,0,1,0,0
tr|A0A0G4BZ95|A0A0G4BZ95_NEIME,0,0,0,0
tr|A0A0G4BZ97|A0A0G4BZ97_NEIME,0,0,0,0
tr|A0A0G4BZ98|A0A0G4BZ98_NEIME,0,0,0,0
tr|A0A0G4BZA5|A0A0G4BZA5_NEIME,0,0,0,0
tr|A0A0G4BZB3|A0A0G4BZB3_NEIME,0,0,0,0
tr|A0A0G4BZD0|A0A0G4BZD0_NEIME,0,0,1,0
tr|A0A0G4BZD9|A0A0G4BZD9_NEIME,0,0,0,0
tr|A0A0G4BZF8|A0A0G4BZF8_NEIME,0,0,0,0
tr|A0A0G4BZF9|A0A0G4BZF9_NEIME,0,0,0,0
tr|A0A0G4BZH6|A0A0G4BZH6_NEIME,0,0,0,0
tr|A0A0G4BZI2|A0A0G4BZI2_NEIME,0,0,0,0
tr|A0A0G4BZI4|A0A0G4BZI4_NEIME,0,1,0,0
tr|A0A0G4BZI6|A0A0G4BZI6_NEIME,0,0,0,0
tr|A0A0G4BZI8|A0A0G4BZI8_NEIME,0,0,0,0
tr|A0A0G4BZJ5|A0A0G4BZJ5_NEIME,0,0,0,0
tr|A0A0G4BZL2|A0A0G4BZL2_NEIME,0,0,0,0
tr|A0A0G4BZL5|A0A0G4BZL5_NEIME,0,0,0,0
tr|A0A0G4BZM4|A0A0G4BZM4_NEIME,0,1,0,0
tr|A0A0G4BZM5|A0A0G4BZM5_NEIME,0,0,0,0
tr|A0A0G4BZM7|A0A0G4BZM7_NEIME,0,0,0,0
tr|A0A0G4BZN3|A0A0G4BZN3_NEIME,0,0,0,0
tr|A0A0G4BZN9|A0A0G4BZN9_NEIME,0,0,0,0
tr|A0A0G4BZP2|A0A0G4BZP2_NEIME,0,0,0,0
tr|A0A0G4BZR0|A0A0G4BZR0_NEIME,0,0,0,0
tr|A0A0G4BZR3|A0A0G4BZR3_NEIME,0,0,0,0
tr|A0A0G4BZS4|A0A0G4BZS4_NEIME,0,0,0,0
tr|A0A0G4BZS8|A0A0G4BZS8_NEIME,0,0,0,0
tr|A0A0G4BZU2|A0A0G4BZU2_NEIME,0,1,0,0
tr|A0A0G4BZW3|A0A0G4BZW3_NEIME,0,0,0,0
tr|A0A0G4BZW5|A0A0G4BZW5_NEIME,0,0,0,0
tr|A0A0G4BZW8|A0A0G4BZW8_NEIME,0,0,0,0
tr|A0A0G4BZX1|A0A0G4BZX1_NEIME,0,0,0,0
tr|A0A0G4BZY1|A0A0G4BZY1_NEIME,0,1,0,0
tr|A0A0G4BZY8|A0A0G4BZY8_NEIME,0,0,0,0
tr|A0A0G4BZY9|A0A0G4BZY9_NEIME,0,1,0,0
tr|A0A0G4BZZ3|A0A0G4BZZ3_NEIME,0,0,0,0
tr|A0A0G4C006|A0A0G4C006_NEIME,0,0,0,0
tr|A0A0G4C011|A0A0G4C011_NEIME,1,0,0,0
tr|A0A0G4C043|A0A0G4C043_NEIME,0,0,0,0
tr|A0A0G4C046|A0A0G4C046_NEIME,0,0,0,0
tr|A0A0G4C048|A0A0G4C048_NEIME,0,0,0,0
tr|A0A0G4C049|A0A0G4C049_NEIME,0,0,0,0
tr|A0A0G4C050|A0A0G4C050_NEIME,0,0,0,0
tr|A0A0G4C055|A0A0G4C055_NEIME,0,0,0,0
tr|A0A0G4C081|A0A0G4C081_NEIME,1,1,1,1
tr|A0A0G4C082|A0A0G4C082_NEIME,0,0,0,0
tr|A0A0G4C098|A0A0G4C098_NEIME,0,0,0,0
tr|A0A0G4C0B3|A0A0G4C0B3_NEIME,0,0,0,0
tr|A0A0G4C0C1|A0A0G4C0C1_NEIME,0,0,0,0
tr|A0A0G4C0C3|A0A0G4C0C3_NEIME,0,1,0,0
tr|A0A0G4C0C4|A0A0G4C0C4_NEIME,0,0,0,0
tr|A0A0G4C0C5|A0A0G4C0C5_NEIME,0,0,0,0
tr|A0A0G4C0E1|A0A0G4C0E1_NEIME,0,0,0,0
tr|A0A0G4C0E3|A0A0G4C0E3_NEIME,0,0,0,0
tr|A0A0G4C0F3|A0A0G4C0F3_NEIME,1,0,0,0
tr|A0A0G4C0G4|A0A0G4C0G4_NEIME,0,0,0,0
tr|A0A0G4C0G9|A0A0G4C0G9_NEIME,0,0,0,0
tr|A0A0G4C0H1|A0A0G4C0H1_NEIME,0,0,0,0
tr|A0A0G4C0I4|A0A0G4C0I4_NEIME,0,1,1,1
tr|A0A0G4C0I8|A0A0G4C0I8_NEIME,0,0,1,0
tr|A0A0G4C0J6|A0A0G4C0J6_NEIME,0,0,0,0
tr|A0A0G4C0K2|A0A0G4C0K2_NEIME,1,1,1,1
tr|A0A0G4C0K3|A0A0G4C0K3_NEIME,0,0,0,0
tr|A0A0G4C0L2|A0A0G4C0L2_NEIME,0,0,0,0
tr|A0A0G4C0L9|A0A0G4C0L9_NEIME,0,0,0,0
tr|A0A0G4C0M0|A0A0G4C0M0_NEIME,1,1,1,1
tr|A0A0G4C0M5|A0A0G4C0M5_NEIME,0,0,0,0
tr|A0A0G4C0M9|A0A0G4C0M9_NEIME,0,0,0,0
tr|A0A0G4C0P4|A0A0G4C0P4_NEIME,0,0,0,0
tr|A0A0G4C0Q1|A0A0G4C0Q1_NEIME,0,0,0,0
tr|A0A0G4C0Q4|A0A0G4C0Q4_NEIME,0,0,0,0
tr|A0A0G4C0R3|A0A0G4C0R3_NEIME,0,0,0,0
tr|A0A0G4C0S0|A0A0G4C0S0_NEIME,1,1,1,1
tr|A0A0G4C0X5|A0A0G4C0X5_NEIME,1,0,0,0
tr|A0A0G4C0X7|A0A0G4C0X7_NEIME,0,0,0,0
tr|A0A0G4C0Z0|A0A0G4C0Z0_NEIME,0,1,0,0
tr|A0A0G4C108|A0A0G4C108_NEIME,0,0,0,0
tr|A0A0G4C110|A0A0G4C110_NEIME,1,0,0,0
tr|A0A0G4C116|A0A0G4C116_NEIME,0,0,0,0
tr|A0A0G4C120|A0A0G4C120_NEIME,0,0,0,0
tr|A0A0G4C133|A0A0G4C133_NEIME,1,0,1,1
tr|A0A0G4C192|A0A0G4C192_NEIME,0,0,0,0
tr|A0A0G4C199|A0A0G4C199_NEIME,0,0,0,0
tr|A0A0G4C1A1|A0A0G4C1A1_NEIME,0,0,0,0
tr|A0A0G4C1C8|A0A0G4C1C8_NEIME,0,0,0,0
tr|A0A0G4C1D6|A0A0G4C1D6_NEIME,0,0,0,0
tr|A0A0G4C1H7|A0A0G4C1H7_NEIME,1,1,0,1
tr|A0A0G4C1I6|A0A0G4C1I6_NEIME,0,0,0,0
tr|A0A0G4C1R2|A0A0G4C1R2_NEIME,1,0,1,1
tr|A0A0G4C1Z7|A0A0G4C1Z7_NEIME,0,0,0,0
tr|A0A0G4C263|A0A0G4C263_NEIME,0,0,0,0
tr|A0A0G4C267|A0A0G4C267_NEIME,0,0,0,0
tr|A0A0G4C293|A0A0G4C293_NEIME,0,0,0,0
tr|A0A0G4C298|A0A0G4C298_NEIME,0,0,0,0
tr|A0A0G4C2A9|A0A0G4C2A9_NEIME,0,0,0,0
tr|A0A0G4C2B5|A0A0G4C2B5_NEIME,0,0,0,0
tr|A0A0G4C2B9|A0A0G4C2B9_NEIME,0,0,0,0
tr|A0A0G4C2F1|A0A0G4C2F1_NEIME,0,0,0,0
tr|A0A0G4C2G5|A0A0G4C2G5_NEIME,0,0,0,0
tr|A0A0G4C2I0|A0A0G4C2I0_NEIME,0,0,0,0
tr|A0A0G4BUY7|A0A0G4BUY7_NEIME,1,0,0,0
tr|A0A0G4BUZ2|A0A0G4BUZ2_NEIME,0,0,0,0
tr|A0A0G4BV10|A0A0G4BV10_NEIME,0,1,1,1
tr|A0A0G4BV11|A0A0G4BV11_NEIME,0,0,0,0
tr|A0A0G4BV52|A0A0G4BV52_NEIME,1,1,0,1
tr|A0A0G4BV66|A0A0G4BV66_NEIME,0,0,1,0
tr|A0A0G4BV77|A0A0G4BV77_NEIME,1,0,1,1
tr|A0A0G4BV90|A0A0G4BV90_NEIME,0,0,0,0
tr|A0A0G4BV96|A0A0G4BV96_NEIME,0,0,0,0
tr|A0A0G4BVA6|A0A0G4BVA6_NEIME,0,0,0,0
tr|A0A0G4BVB7|A0A0G4BVB7_NEIME,1,0,1,1
tr|A0A0G4BVC6|A0A0G4BVC6_NEIME,0,1,0,0
tr|A0A0G4BVE8|A0A0G4BVE8_NEIME,1,1,1,1
tr|A0A0G4BVF4|A0A0G4BVF4_NEIME,1,1,1,1
tr|A0A0G4BVF7|A0A0G4BVF7_NEIME,1,1,1,1
tr|A0A0G4BVF8|A0A0G4BVF8_NEIME,0,0,0,0
tr|A0A0G4BVG3|A0A0G4BVG3_NEIME,0,0,0,0
tr|A0A0G4BVG7|A0A0G4BVG7_NEIME,0,0,0,0
tr|A0A0G4BVH2|A0A0G4BVH2_NEIME,0,0,0,0
tr|A0A0G4BVI4|A0A0G4BVI4_NEIME,0,0,0,0
tr|A0A0G4BVI9|A0A0G4BVI9_NEIME,0,0,0,0
tr|A0A0G4BVJ3|A0A0G4BVJ3_NEIME,0,1,0,0
tr|A0A0G4BVK9|A0A0G4BVK9_NEIME,1,1,1,1
tr|A0A0G4BVL3|A0A0G4BVL3_NEIME,0,0,0,0
tr|A0A0G4BVM8|A0A0G4BVM8_NEIME,0,0,0,0
tr|A0A0G4BVN2|A0A0G4BVN2_NEIME,0,0,0,0
tr|A0A0G4BVP1|A0A0G4BVP1_NEIME,1,1,1,1
tr|A0A0G4BVP6|A0A0G4BVP6_NEIME,1,1,0,1
tr|A0A0G4BVQ5|A0A0G4BVQ5_NEIME,0,0,0,0
tr|A0A0G4BVR0|A0A0G4BVR0_NEIME,0,0,0,0
tr|A0A0G4BVR4|A0A0G4BVR4_NEIME,0,0,0,0
tr|A0A0G4BVR5|A0A0G4BVR5_NEIME,0,0,0,0
tr|A0A0G4BVS1|A0A0G4BVS1_NEIME,0,0,0,0
tr|A0A0G4BVS6|A0A0G4BVS6_NEIME,0,0,0,0
tr|A0A0G4BVT5|A0A0G4BVT5_NEIME,0,0,0,0
tr|A0A0G4BVV1|A0A0G4BVV1_NEIME,0,0,0,0
tr|A0A0G4BVV4|A0A0G4BVV4_NEIME,0,0,0,0
tr|A0A0G4BVV5|A0A0G4BVV5_NEIME,1,0,1,1
tr|A0A0G4BVV7|A0A0G4BVV7_NEIME,1,1,1,1
tr|A0A0G4BVV8|A0A0G4BVV8_NEIME,0,0,0,0
tr|A0A0G4BVW8|A0A0G4BVW8_NEIME,0,0,0,0
tr|A0A0G4BVX3|A0A0G4BVX3_NEIME,0,0,0,0
tr|A0A0G4BVX5|A0A0G4BVX5_NEIME,0,0,0,0
tr|A0A0G4BVX8|A0A0G4BVX8_NEIME,0,0,0,0
tr|A0A0G4BVY3|A0A0G4BVY3_NEIME,0,0,0,0
tr|A0A0G4BVZ0|A0A0G4BVZ0_NEIME,1,0,0,0
tr|A0A0G4BVZ8|A0A0G4BVZ8_NEIME,1,0,0,0
tr|A0A0G4BW10|A0A0G4BW10_NEIME,0,0,1,0
tr|A0A0G4BW18|A0A0G4BW18_NEIME,0,0,0,0
tr|A0A0G4BW22|A0A0G4BW22_NEIME,1,1,1,1
tr|A0A0G4BW49|A0A0G4BW49_NEIME,0,1,0,0
tr|A0A0G4BW55|A0A0G4BW55_NEIME,1,1,1,1
tr|A0A0G4BW57|A0A0G4BW57_NEIME,1,0,0,0
tr|A0A0G4BW74|A0A0G4BW74_NEIME,1,0,0,0
tr|A0A0G4BW87|A0A0G4BW87_NEIME,1,0,1,1
tr|A0A0G4BW94|A0A0G4BW94_NEIME,0,1,0,0
tr|A0A0G4BWA7|A0A0G4BWA7_NEIME,1,0,0,0
tr|A0A0G4BWA8|A0A0G4BWA8_NEIME,1,1,1,1
tr|A0A0G4BWC7|A0A0G4BWC7_NEIME,1,0,0,0
tr|A0A0G4BWC8|A0A0G4BWC8_NEIME,1,0,0,0
tr|A0A0G4BWE1|A0A0G4BWE1_NEIME,0,0,0,0
tr|A0A0G4BWE6|A0A0G4BWE6_NEIME,0,0,0,0
tr|A0A0G4BWE7|A0A0G4BWE7_NEIME,0,0,0,0
tr|A0A0G4BWF1|A0A0G4BWF1_NEIME,0,0,0,0
tr|A0A0G4BWF3|A0A0G4BWF3_NEIME,0,0,0,0
tr|A0A0G4BWG1|A0A0G4BWG1_NEIME,1,0,1,1
tr|A0A0G4BWG8|A0A0G4BWG8_NEIME,0,0,0,0
tr|A0A0G4BWG9|A0A0G4BWG9_NEIME,1,0,0,0
tr|A0A0G4BWH2|A0A0G4BWH2_NEIME,0,0,0,0
tr|A0A0G4BWH8|A0A0G4BWH8_NEIME,0,0,0,0
tr|A0A0G4BWJ0|A0A0G4BWJ0_NEIME,0,1,0,0
tr|A0A0G4BWJ5|A0A0G4BWJ5_NEIME,0,0,0,0
tr|A0A0G4BWJ7|A0A0G4BWJ7_NEIME,0,0,0,0
tr|A0A0G4BWK7|A0A0G4BWK7_NEIME,1,0,0,0
tr|A0A0G4BWL4|A0A0G4BWL4_NEIME,0,0,0,0
tr|A0A0G4BWL8|A0A0G4BWL8_NEIME,0,0,0,0
tr|A0A0G4BWL9|A0A0G4BWL9_NEIME,0,0,0,0
tr|A0A0G4BWM2|A0A0G4BWM2_NEIME,0,0,0,0
tr|A0A0G4BWM3|A0A0G4BWM3_NEIME,0,0,0,0
tr|A0A0G4BWM7|A0A0G4BWM7_NEIME,0,0,0,0
tr|A0A0G4BWN5|A0A0G4BWN5_NEIME,0,0,0,0
tr|A0A0G4BWN7|A0A0G4BWN7_NEIME,1,0,0,0
tr|A0A0G4BWN8|A0A0G4BWN8_NEIME,0,0,0,0
tr|A0A0G4BWP0|A0A0G4BWP0_NEIME,0,0,0,0
tr|A0A0G4BWQ1|A0A0G4BWQ1_NEIME,1,1,1,1
tr|A0A0G4BWQ9|A0A0G4BWQ9_NEIME,0,0,0,0
tr|A0A0G4BWR1|A0A0G4BWR1_NEIME,0,0,0,0
tr|A0A0G4BWR8|A0A0G4BWR8_NEIME,0,0,0,0
tr|A0A0G4BWS2|A0A0G4BWS2_NEIME,0,0,0,0
tr|A0A0G4BWS4|A0A0G4BWS4_NEIME,0,0,0,0
tr|A0A0G4BWS5|A0A0G4BWS5_NEIME,0,0,0,0
tr|A0A0G4BWT1|A0A0G4BWT1_NEIME,0,0,0,0
tr|A0A0G4BWT5|A0A0G4BWT5_NEIME,0,0,0,0
tr|A0A0G4BWU4|A0A0G4BWU4_NEIME,1,1,1,1
tr|A0A0G4BWU5|A0A0G4BWU5_NEIME,0,0,0,0
tr|A0A0G4BWU7|A0A0G4BWU7_NEIME,0,0,0,0
tr|A0A0G4BWV0|A0A0G4BWV0_NEIME,0,0,0,0
tr|A0A0G4BWV6|A0A0G4BWV6_NEIME,1,1,0,1
tr|A0A0G4BWW3|A0A0G4BWW3_NEIME,1,0,0,0
tr|A0A0G4BWW4|A0A0G4BWW4_NEIME,0,0,0,0
tr|A0A0G4BWW8|A0A0G4BWW8_NEIME,0,1,0,0
tr|A0A0G4BWW9|A0A0G4BWW9_NEIME,0,0,0,0
tr|A0A0G4BWX0|A0A0G4BWX0_NEIME,0,0,0,0
tr|A0A0G4BWX1|A0A0G4BWX1_NEIME,0,1,0,0
tr|A0A0G4BWX4|A0A0G4BWX4_NEIME,0,0,0,0
tr|A0A0G4BWX5|A0A0G4BWX5_NEIME,0,0,0,0
tr|A0A0G4BWY0|A0A0G4BWY0_NEIME,0,0,0,0
tr|A0A0G4BWY1|A0A0G4BWY1_NEIME,0,0,0,0
tr|A0A0G4BWY6|A0A0G4BWY6_NEIME,1,1,1,1
tr|A0A0G4BWY7|A0A0G4BWY7_NEIME,0,0,0,0
tr|A0A0G4BWZ0|A0A0G4BWZ0_NEIME,0,0,0,0
tr|A0A0G4BWZ1|A0A0G4BWZ1_NEIME,1,1,1,1
tr|A0A0G4BWZ5|A0A0G4BWZ5_NEIME,0,0,0,0
tr|A0A0G4BWZ8|A0A0G4BWZ8_NEIME,0,0,1,0
tr|A0A0G4BWZ9|A0A0G4BWZ9_NEIME,1,1,1,1
tr|A0A0G4BX00|A0A0G4BX00_NEIME,0,0,0,0
tr|A0A0G4BX02|A0A0G4BX02_NEIME,0,0,0,0
tr|A0A0G4BX03|A0A0G4BX03_NEIME,0,0,0,0
tr|A0A0G4BX04|A0A0G4BX04_NEIME,0,0,0,0
tr|A0A0G4BX06|A0A0G4BX06_NEIME,0,0,0,0
tr|A0A0G4BX15|A0A0G4BX15_NEIME,0,0,0,0
tr|A0A0G4BX17|A0A0G4BX17_NEIME,0,0,0,0
tr|A0A0G4BX20|A0A0G4BX20_NEIME,0,0,0,0
tr|A0A0G4BX21|A0A0G4BX21_NEIME,0,1,0,0
tr|A0A0G4BX22|A0A0G4BX22_NEIME,0,0,0,0
tr|A0A0G4BX25|A0A0G4BX25_NEIME,0,0,0,0
tr|A0A0G4BX29|A0A0G4BX29_NEIME,0,0,0,0
tr|A0A0G4BX30|A0A0G4BX30_NEIME,1,1,1,1
tr|A0A0G4BX32|A0A0G4BX32_NEIME,0,0,0,0
tr|A0A0G4BX33|A0A0G4BX33_NEIME,0,0,0,0
tr|A0A0G4BX35|A0A0G4BX35_NEIME,0,1,1,1
tr|A0A0G4BX36|A0A0G4BX36_NEIME,0,0,0,0
tr|A0A0G4BX38|A0A0G4BX38_NEIME,0,1,0,0
tr|A0A0G4BX40|A0A0G4BX40_NEIME,0,1,1,1
tr|A0A0G4BX42|A0A0G4BX42_NEIME,1,0,1,1
tr|A0A0G4BX43|A0A0G4BX43_NEIME,0,0,0,0
tr|A0A0G4BX45|A0A0G4BX45_NEIME,0,0,0,0
tr|A0A0G4BX47|A0A0G4BX47_NEIME,1,0,0,0
tr|A0A0G4BX48|A0A0G4BX48_NEIME,0,0,0,0
tr|A0A0G4BX49|A0A0G4BX49_NEIME,0,1,1,1
tr|A0A0G4BX52|A0A0G4BX52_NEIME,1,1,1,1
tr|A0A0G4BX54|A0A0G4BX54_NEIME,1,0,1,1
tr|A0A0G4BX55|A0A0G4BX55_NEIME,1,1,1,1
tr|A0A0G4BX56|A0A0G4BX56_NEIME,0,0,0,0
tr|A0A0G4BX58|A0A0G4BX58_NEIME,1,1,1,1
tr|A0A0G4BX64|A0A0G4BX64_NEIME,1,1,1,1
tr|A0A0G4BX67|A0A0G4BX67_NEIME,0,0,0,0
tr|A0A0G4BX68|A0A0G4BX68_NEIME,1,0,1,1
tr|A0A0G4BX69|A0A0G4BX69_NEIME,0,0,0,0
tr|A0A0G4BX82|A0A0G4BX82_NEIME,1,0,1,1
tr|A0A0G4BX83|A0A0G4BX83_NEIME,0,0,0,0
tr|A0A0G4BX84|A0A0G4BX84_NEIME,0,0,0,0
tr|A0A0G4BX90|A0A0G4BX90_NEIME,0,0,1,0
tr|A0A0G4BX91|A0A0G4BX91_NEIME,1,1,1,1
tr|A0A0G4BX92|A0A0G4BX92_NEIME,0,0,0,0
tr|A0A0G4BX93|A0A0G4BX93_NEIME,0,1,1,1
tr|A0A0G4BXB1|A0A0G4BXB1_NEIME,0,0,0,0
tr|A0A0G4BXB5|A0A0G4BXB5_NEIME,0,0,0,0
tr|A0A0G4BXC8|A0A0G4BXC8_NEIME,0,0,0,0
tr|A0A0G4BXD1|A0A0G4BXD1_NEIME,0,0,0,0
tr|A0A0G4BXD2|A0A0G4BXD2_NEIME,0,0,0,0
tr|A0A0G4BXD6|A0A0G4BXD6_NEIME,0,0,0,0
tr|A0A0G4BXD7|A0A0G4BXD7_NEIME,0,0,0,0
tr|A0A0G4BXE4|A0A0G4BXE4_NEIME,0,1,0,0
tr|A0A0G4BXE9|A0A0G4BXE9_NEIME,0,0,0,0
tr|A0A0G4BXF3|A0A0G4BXF3_NEIME,0,0,0,0
tr|A0A0G4BXF9|A0A0G4BXF9_NEIME,0,0,0,0
tr|A0A0G4BXG1|A0A0G4BXG1_NEIME,1,1,0,1
tr|A0A0G4BXG2|A0A0G4BXG2_NEIME,0,0,0,0
tr|A0A0G4BXG3|A0A0G4BXG3_NEIME,0,0,0,0
tr|A0A0G4BXH0|A0A0G4BXH0_NEIME,1,0,1,1
tr|A0A0G4BXH2|A0A0G4BXH2_NEIME,0,1,0,0
tr|A0A0G4BXH5|A0A0G4BXH5_NEIME,0,0,0,0
tr|A0A0G4BXH8|A0A0G4BXH8_NEIME,0,0,0,0
tr|A0A0G4BXI2|A0A0G4BXI2_NEIME,0,0,0,0
tr|A0A0G4BXI3|A0A0G4BXI3_NEIME,0,0,0,0
tr|A0A0G4BXI4|A0A0G4BXI4_NEIME,1,0,0,0
tr|A0A0G4BXJ0|A0A0G4BXJ0_NEIME,1,0,0,0
tr|A0A0G4BXJ9|A0A0G4BXJ9_NEIME,0,0,0,0
tr|A0A0G4BXL1|A0A0G4BXL1_NEIME,0,1,0,0
tr|A0A0G4BXL5|A0A0G4BXL5_NEIME,0,1,1,1
tr|A0A0G4BXL8|A0A0G4BXL8_NEIME,0,1,0,0
tr|A0A0G4BXM5|A0A0G4BXM5_NEIME,0,0,0,0
tr|A0A0G4BXM6|A0A0G4BXM6_NEIME,0,0,0,0
tr|A0A0G4BXN0|A0A0G4BXN0_NEIME,0,0,0,0
tr|A0A0G4BXN3|A0A0G4BXN3_NEIME,1,0,0,0
tr|A0A0G4BXQ3|A0A0G4BXQ3_NEIME,0,0,0,0
tr|A0A0G4BXQ4|A0A0G4BXQ4_NEIME,1,1,1,1
tr|A0A0G4BXR0|A0A0G4BXR0_NEIME,0,0,0,0
tr|A0A0G4BXS2|A0A0G4BXS2_NEIME,0,1,0,0
tr|A0A0G4BXS3|A0A0G4BXS3_NEIME,0,0,0,0
tr|A0A0G4BXT5|A0A0G4BXT5_NEIME,0,1,1,1
tr|A0A0G4BXT8|A0A0G4BXT8_NEIME,0,1,0,0
tr|A0A0G4BXU0|A0A0G4BXU0_NEIME,1,1,1,1
tr|A0A0G4BXU3|A0A0G4BXU3_NEIME,0,0,0,0
tr|A0A0G4BXU9|A0A0G4BXU9_NEIME,0,0,0,0
tr|A0A0G4BXV3|A0A0G4BXV3_NEIME,0,0,0,0
tr|A0A0G4BXV7|A0A0G4BXV7_NEIME,0,0,0,0
tr|A0A0G4BXW3|A0A0G4BXW3_NEIME,1,0,0,0
tr|A0A0G4BXW9|A0A0G4BXW9_NEIME,1,1,1,1
tr|A0A0G4BXX9|A0A0G4BXX9_NEIME,0,0,0,0
tr|A0A0G4BXY3|A0A0G4BXY3_NEIME,0,0,0,0
tr|A0A0G4BXY5|A0A0G4BXY5_NEIME,1,0,0,0
tr|A0A0G4BXZ0|A0A0G4BXZ0_NEIME,0,0,0,0
tr|A0A0G4BY03|A0A0G4BY03_NEIME,0,0,0,0
tr|A0A0G4BY05|A0A0G4BY05_NEIME,0,1,0,0
tr|A0A0G4BY06|A0A0G4BY06_NEIME,1,1,1,1
tr|A0A0G4BY09|A0A0G4BY09_NEIME,0,0,0,0
tr|A0A0G4BY13|A0A0G4BY13_NEIME,0,1,1,1
tr|A0A0G4BY19|A0A0G4BY19_NEIME,0,1,0,0
tr|A0A0G4BY20|A0A0G4BY20_NEIME,0,0,0,0
tr|A0A0G4BY24|A0A0G4BY24_NEIME,0,0,0,0
tr|A0A0G4BY31|A0A0G4BY31_NEIME,1,0,0,0
tr|A0A0G4BY33|A0A0G4BY33_NEIME,0,0,0,0
tr|A0A0G4BY42|A0A0G4BY42_NEIME,1,1,0,1
tr|A0A0G4BY45|A0A0G4BY45_NEIME,1,0,0,0
tr|A0A0G4BY47|A0A0G4BY47_NEIME,0,0,0,0
tr|A0A0G4BY49|A0A0G4BY49_NEIME,0,0,0,0
tr|A0A0G4BY51|A0A0G4BY51_NEIME,0,0,0,0
tr|A0A0G4BY52|A0A0G4BY52_NEIME,0,1,0,0
tr|A0A0G4BY55|A0A0G4BY55_NEIME,1,0,0,0
tr|A0A0G4BY57|A0A0G4BY57_NEIME,1,1,1,1
tr|A0A0G4BY59|A0A0G4BY59_NEIME,0,1,1,1
tr|A0A0G4BY60|A0A0G4BY60_NEIME,0,0,0,0
tr|A0A0G4BY62|A0A0G4BY62_NEIME,0,1,1,1
tr|A0A0G4BY63|A0A0G4BY63_NEIME,0,0,0,0
tr|A0A0G4BY64|A0A0G4BY64_NEIME,0,0,0,0
tr|A0A0G4BY65|A0A0G4BY65_NEIME,0,1,0,0
tr|A0A0G4BY70|A0A0G4BY70_NEIME,1,1,0,1
tr|A0A0G4BY74|A0A0G4BY74_NEIME,0,1,0,0
tr|A0A0G4BY76|A0A0G4BY76_NEIME,0,0,0,0
tr|A0A0G4BY80|A0A0G4BY80_NEIME,0,0,0,0
tr|A0A0G4BY83|A0A0G4BY83_NEIME,0,0,0,0
tr|A0A0G4BY85|A0A0G4BY85_NEIME,0,0,0,0
tr|A0A0G4BY88|A0A0G4BY88_NEIME,0,0,0,0
tr|A0A0G4BY96|A0A0G4BY96_NEIME,0,0,0,0
tr|A0A0G4BY98|A0A0G4BY98_NEIME,1,1,1,1
tr|A0A0G4BY99|A0A0G4BY99_NEIME,1,1,1,1
tr|A0A0G4BYA1|A0A0G4BYA1_NEIME,1,0,0,0
tr|A0A0G4BYA6|A0A0G4BYA6_NEIME,0,0,0,0
tr|A0A0G4BYA9|A0A0G4BYA9_NEIME,1,0,0,0
tr|A0A0G4BYB1|A0A0G4BYB1_NEIME,0,0,0,0
tr|A0A0G4BYB2|A0A0G4BYB2_NEIME,0,0,0,0
tr|A0A0G4BYB3|A0A0G4BYB3_NEIME,0,0,0,0
tr|A0A0G4BYB4|A0A0G4BYB4_NEIME,0,0,0,0
tr|A0A0G4BYB5|A0A0G4BYB5_NEIME,0,0,0,0
tr|A0A0G4BYB7|A0A0G4BYB7_NEIME,0,0,0,0
tr|A0A0G4BYC1|A0A0G4BYC1_NEIME,1,0,0,0
tr|A0A0G4BYC3|A0A0G4BYC3_NEIME,0,0,0,0
tr|A0A0G4BYC8|A0A0G4BYC8_NEIME,1,1,1,1
tr|A0A0G4BYD0|A0A0G4BYD0_NEIME,1,0,0,0
tr|A0A0G4BYD3|A0A0G4BYD3_NEIME,0,0,0,0
tr|A0A0G4BYD9|A0A0G4BYD9_NEIME,0,0,0,0
tr|A0A0G4BYF0|A0A0G4BYF0_NEIME,0,0,0,0
tr|A0A0G4BYF4|A0A0G4BYF4_NEIME,0,0,0,0
tr|A0A0G4BYF7|A0A0G4BYF7_NEIME,0,0,0,0
tr|A0A0G4BYG3|A0A0G4BYG3_NEIME,1,0,0,0
tr|A0A0G4BYG6|A0A0G4BYG6_NEIME,1,0,0,0
tr|A0A0G4BYG9|A0A0G4BYG9_NEIME,0,0,0,0
tr|A0A0G4BYH0|A0A0G4BYH0_NEIME,0,0,0,0
tr|A0A0G4BYH8|A0A0G4BYH8_NEIME,0,0,0,0
tr|A0A0G4BYH9|A0A0G4BYH9_NEIME,1,0,1,1
tr|A0A0G4BYI0|A0A0G4BYI0_NEIME,0,0,0,0
tr|A0A0G4BYI6|A0A0G4BYI6_NEIME,1,1,1,1
tr|A0A0G4BYI7|A0A0G4BYI7_NEIME,0,0,0,0
tr|A0A0G4BYJ0|A0A0G4BYJ0_NEIME,0,1,0,0
tr|A0A0G4BYJ4|A0A0G4BYJ4_NEIME,0,0,0,0
tr|A0A0G4BYK1|A0A0G4BYK1_NEIME,0,0,0,0
tr|A0A0G4BYK2|A0A0G4BYK2_NEIME,1,0,0,0
tr|A0A0G4BYK5|A0A0G4BYK5_NEIME,1,1,1,1
tr|A0A0G4BYK6|A0A0G4BYK6_NEIME,0,0,0,0
tr|A0A0G4BYK7|A0A0G4BYK7_NEIME,0,0,0,0
tr|A0A0G4BYL3|A0A0G4BYL3_NEIME,0,0,0,0
tr|A0A0G4BYL6|A0A0G4BYL6_NEIME,0,1,0,0
tr|A0A0G4BYM9|A0A0G4BYM9_NEIME,0,0,0,0
tr|A0A0G4BYN0|A0A0G4BYN0_NEIME,0,0,0,0
tr|A0A0G4BYN2|A0A0G4BYN2_NEIME,0,0,0,0
tr|A0A0G4BYN8|A0A0G4BYN8_NEIME,1,1,1,1
tr|A0A0G4BYP0|A0A0G4BYP0_NEIME,0,0,0,0
tr|A0A0G4BYP6|A0A0G4BYP6_NEIME,0,0,0,0
tr|A0A0G4BYP8|A0A0G4BYP8_NEIME,0,0,0,0
tr|A0A0G4BYQ1|A0A0G4BYQ1_NEIME,0,1,0,0
tr|A0A0G4BYQ2|A0A0G4BYQ2_NEIME,0,0,0,0
tr|A0A0G4BYR1|A0A0G4BYR1_NEIME,0,0,0,0
tr|A0A0G4BYR3|A0A0G4BYR3_NEIME,1,0,1,1
tr|A0A0G4BYR7|A0A0G4BYR7_NEIME,0,0,0,0
tr|A0A0G4BYR8|A0A0G4BYR8_NEIME,0,0,0,0
tr|A0A0G4BYR9|A0A0G4BYR9_NEIME,0,0,0,0
tr|A0A0G4BYS1|A0A0G4BYS1_NEIME,0,0,0,0
tr|A0A0G4BYS3|A0A0G4BYS3_NEIME,0,0,0,0
tr|A0A0G4BYS5|A0A0G4BYS5_NEIME,0,0,0,0
tr|A0A0G4BYT0|A0A0G4BYT0_NEIME,0,0,0,0
tr|A0A0G4BYT4|A0A0G4BYT4_NEIME,0,0,0,0
tr|A0A0G4BYT5|A0A0G4BYT5_NEIME,0,0,0,0
tr|A0A0G4BYT8|A0A0G4BYT8_NEIME,0,0,0,0
tr|A0A0G4BYT9|A0A0G4BYT9_NEIME,0,0,0,0
tr|A0A0G4BYU0|A0A0G4BYU0_NEIME,1,0,0,0
tr|A0A0G4BYU4|A0A0G4BYU4_NEIME,1,1,1,1
tr|A0A0G4BYV0|A0A0G4BYV0_NEIME,0,0,0,0
tr|A0A0G4BYV4|A0A0G4BYV4_NEIME,1,0,1,1
tr|A0A0G4BYV6|A0A0G4BYV6_NEIME,0,1,0,0
tr|A0A0G4BYV7|A0A0G4BYV7_NEIME,0,0,0,0
tr|A0A0G4BYW5|A0A0G4BYW5_NEIME,0,0,0,0
tr|A0A0G4BYW6|A0A0G4BYW6_NEIME,1,0,0,0
tr|A0A0G4BYW7|A0A0G4BYW7_NEIME,1,0,0,0
tr|A0A0G4BYW9|A0A0G4BYW9_NEIME,1,1,1,1
tr|A0A0G4BYX1|A0A0G4BYX1_NEIME,1,0,0,0
tr|A0A0G4BYX2|A0A0G4BYX2_NEIME,1,0,0,0
tr|A0A0G4BYX4|A0A0G4BYX4_NEIME,0,0,0,0
tr|A0A0G4BYX7|A0A0G4BYX7_NEIME,0,0,0,0
tr|A0A0G4BYX9|A0A0G4BYX9_NEIME,1,0,0,0
tr|A0A0G4BYY2|A0A0G4BYY2_NEIME,0,0,0,0
tr|A0A0G4BYY6|A0A0G4BYY6_NEIME,1,1,1,1
tr|A0A0G4BYY7|A0A0G4BYY7_NEIME,1,0,0,0
tr|A0A0G4BYY9|A0A0G4BYY9_NEIME,1,0,0,0
tr|A0A0G4BYZ0|A0A0G4BYZ0_NEIME,0,0,0,0
tr|A0A0G4BYZ4|A0A0G4BYZ4_NEIME,0,0,1,0
tr|A0A0G4BYZ6|A0A0G4BYZ6_NEIME,1,1,1,1
tr|A0A0G4BZ01|A0A0G4BZ01_NEIME,0,0,0,0
tr|A0A0G4BZ05|A0A0G4BZ05_NEIME,0,1,0,0
tr|A0A0G4BZ08|A0A0G4BZ08_NEIME,0,0,1,0
tr|A0A0G4BZ09|A0A0G4BZ09_NEIME,0,0,0,0
tr|A0A0G4BZ10|A0A0G4BZ10_NEIME,1,0,0,0
tr|A0A0G4BZ16|A0A0G4BZ16_NEIME,0,0,0,0
tr|A0A0G4BZ18|A0A0G4BZ18_NEIME,0,0,0,0
tr|A0A0G4BZ23|A0A0G4BZ23_NEIME,1,0,0,0
tr|A0A0G4BZ26|A0A0G4BZ26_NEIME,0,0,0,0
tr|A0A0G4BZ29|A0A0G4BZ29_NEIME,1,0,0,0
tr|A0A0G4BZ34|A0A0G4BZ34_NEIME,0,0,0,0
tr|A0A0G4BZ39|A0A0G4BZ39_NEIME,1,0,0,0
tr|A0A0G4BZ44|A0A0G4BZ44_NEIME,0,0,0,0
tr|A0A0G4BZ46|A0A0G4BZ46_NEIME,0,0,0,0
tr|A0A0G4BZ50|A0A0G4BZ50_NEIME,0,0,0,0
tr|A0A0G4BZ52|A0A0G4BZ52_NEIME,0,1,0,0
tr|A0A0G4BZ53|A0A0G4BZ53_NEIME,1,0,0,0
tr|A0A0G4BZ61|A0A0G4BZ61_NEIME,0,0,0,0
tr|A0A0G4BZ62|A0A0G4BZ62_NEIME,0,0,1,0
tr|A0A0G4BZ63|A0A0G4BZ63_NEIME,0,1,0,0
tr|A0A0G4BZ66|A0A0G4BZ66_NEIME,0,1,0,0
tr|A0A0G4BZ79|A0A0G4BZ79_NEIME,1,1,1,1
tr|A0A0G4BZ80|A0A0G4BZ80_NEIME,0,0,0,0
tr|A0A0G4BZ83|A0A0G4BZ83_NEIME,0,0,0,0
tr|A0A0G4BZ84|A0A0G4BZ84_NEIME,0,0,0,0
tr|A0A0G4BZ87|A0A0G4BZ87_NEIME,0,0,0,0
tr|A0A0G4BZ89|A0A0G4BZ89_NEIME,0,0,0,0
tr|A0A0G4BZ99|A0A0G4BZ99_NEIME,0,0,0,0
tr|A0A0G4BZA0|A0A0G4BZA0_NEIME,0,0,0,0
tr|A0A0G4BZB0|A0A0G4BZB0_NEIME,0,0,0,0
tr|A0A0G4BZB4|A0A0G4BZB4_NEIME,0,0,0,0
tr|A0A0G4BZB6|A0A0G4BZB6_NEIME,0,0,0,0
tr|A0A0G4BZB7|A0A0G4BZB7_NEIME,0,1,0,0
tr|A0A0G4BZB8|A0A0G4BZB8_NEIME,0,0,0,0
tr|A0A0G4BZC1|A0A0G4BZC1_NEIME,0,1,0,0
tr|A0A0G4BZC3|A0A0G4BZC3_NEIME,0,1,0,0
tr|A0A0G4BZC5|A0A0G4BZC5_NEIME,0,0,0,0
tr|A0A0G4BZC6|A0A0G4BZC6_NEIME,1,0,1,1
tr|A0A0G4BZC8|A0A0G4BZC8_NEIME,1,1,0,1
tr|A0A0G4BZC9|A0A0G4BZC9_NEIME,0,0,0,0
tr|A0A0G4BZD1|A0A0G4BZD1_NEIME,1,0,0,0
tr|A0A0G4BZD2|A0A0G4BZD2_NEIME,0,0,0,0
tr|A0A0G4BZD3|A0A0G4BZD3_NEIME,0,0,0,0
tr|A0A0G4BZD5|A0A0G4BZD5_NEIME,0,0,0,0
tr|A0A0G4BZD6|A0A0G4BZD6_NEIME,0,0,0,0
tr|A0A0G4BZE1|A0A0G4BZE1_NEIME,1,0,0,0
tr|A0A0G4BZE4|A0A0G4BZE4_NEIME,1,0,0,0
tr|A0A0G4BZE8|A0A0G4BZE8_NEIME,0,0,0,0
tr|A0A0G4BZF5|A0A0G4BZF5_NEIME,0,0,0,0
tr|A0A0G4BZG4|A0A0G4BZG4_NEIME,0,1,1,1
tr|A0A0G4BZG6|A0A0G4BZG6_NEIME,0,0,0,0
tr|A0A0G4BZG7|A0A0G4BZG7_NEIME,1,0,0,0
tr|A0A0G4BZG9|A0A0G4BZG9_NEIME,1,0,1,1
tr|A0A0G4BZH1|A0A0G4BZH1_NEIME,0,0,0,0
tr|A0A0G4BZI0|A0A0G4BZI0_NEIME,0,0,0,0
tr|A0A0G4BZI5|A0A0G4BZI5_NEIME,0,0,0,0
tr|A0A0G4BZI9|A0A0G4BZI9_NEIME,0,0,0,0
tr|A0A0G4BZJ3|A0A0G4BZJ3_NEIME,1,0,0,0
tr|A0A0G4BZK2|A0A0G4BZK2_NEIME,1,1,0,1
tr|A0A0G4BZK5|A0A0G4BZK5_NEIME,0,0,0,0
tr|A0A0G4BZK8|A0A0G4BZK8_NEIME,0,0,1,0
tr|A0A0G4BZK9|A0A0G4BZK9_NEIME,0,0,0,0
tr|A0A0G4BZL1|A0A0G4BZL1_NEIME,0,0,0,0
tr|A0A0G4BZL3|A0A0G4BZL3_NEIME,0,0,0,0
tr|A0A0G4BZL8|A0A0G4BZL8_NEIME,0,0,0,0
tr|A0A0G4BZN7|A0A0G4BZN7_NEIME,0,0,0,0
tr|A0A0G4BZP4|A0A0G4BZP4_NEIME,0,0,0,0
tr|A0A0G4BZP5|A0A0G4BZP5_NEIME,0,1,0,0
tr|A0A0G4BZP6|A0A0G4BZP6_NEIME,0,0,0,0
tr|A0A0G4BZP7|A0A0G4BZP7_NEIME,0,0,0,0
tr|A0A0G4BZP9|A0A0G4BZP9_NEIME,1,0,1,1
tr|A0A0G4BZQ6|A0A0G4BZQ6_NEIME,0,0,0,0
tr|A0A0G4BZR1|A0A0G4BZR1_NEIME,0,0,0,0
tr|A0A0G4BZR2|A0A0G4BZR2_NEIME,0,0,0,0
tr|A0A0G4BZR7|A0A0G4BZR7_NEIME,0,0,0,0
tr|A0A0G4BZR8|A0A0G4BZR8_NEIME,0,0,0,0
tr|A0A0G4BZS7|A0A0G4BZS7_NEIME,1,0,1,1
tr|A0A0G4BZU6|A0A0G4BZU6_NEIME,1,0,1,1
tr|A0A0G4BZV0|A0A0G4BZV0_NEIME,0,0,0,0
tr|A0A0G4BZV3|A0A0G4BZV3_NEIME,1,0,0,0
tr|A0A0G4BZV7|A0A0G4BZV7_NEIME,0,0,0,0
tr|A0A0G4BZW0|A0A0G4BZW0_NEIME,1,0,0,0
tr|A0A0G4BZW4|A0A0G4BZW4_NEIME,0,0,0,0
tr|A0A0G4BZX0|A0A0G4BZX0_NEIME,0,1,1,1
tr|A0A0G4BZX3|A0A0G4BZX3_NEIME,0,1,1,1
tr|A0A0G4BZX4|A0A0G4BZX4_NEIME,1,0,0,0
tr|A0A0G4BZX7|A0A0G4BZX7_NEIME,0,0,0,0
tr|A0A0G4BZY0|A0A0G4BZY0_NEIME,0,0,0,0
tr|A0A0G4BZZ1|A0A0G4BZZ1_NEIME,1,0,0,0
tr|A0A0G4BZZ4|A0A0G4BZZ4_NEIME,0,0,0,0
tr|A0A0G4BZZ7|A0A0G4BZZ7_NEIME,0,0,0,0
tr|A0A0G4BZZ8|A0A0G4BZZ8_NEIME,1,1,0,1
tr|A0A0G4C000|A0A0G4C000_NEIME,0,0,0,0
tr|A0A0G4C001|A0A0G4C001_NEIME,0,0,0,0
tr|A0A0G4C004|A0A0G4C004_NEIME,0,0,0,0
tr|A0A0G4C009|A0A0G4C009_NEIME,0,0,0,0
tr|A0A0G4C012|A0A0G4C012_NEIME,0,0,0,0
tr|A0A0G4C024|A0A0G4C024_NEIME,0,0,0,0
tr|A0A0G4C035|A0A0G4C035_NEIME,0,0,0,0
tr|A0A0G4C037|A0A0G4C037_NEIME,0,0,0,0
tr|A0A0G4C040|A0A0G4C040_NEIME,0,0,0,0
tr|A0A0G4C051|A0A0G4C051_NEIME,1,0,0,0
tr|A0A0G4C053|A0A0G4C053_NEIME,0,0,0,0
tr|A0A0G4C054|A0A0G4C054_NEIME,1,0,0,0
tr|A0A0G4C056|A0A0G4C056_NEIME,0,0,0,0
tr|A0A0G4C058|A0A0G4C058_NEIME,0,0,0,0
tr|A0A0G4C062|A0A0G4C062_NEIME,0,0,0,0
tr|A0A0G4C065|A0A0G4C065_NEIME,1,0,0,0
tr|A0A0G4C066|A0A0G4C066_NEIME,0,0,0,0
tr|A0A0G4C070|A0A0G4C070_NEIME,1,0,0,0
tr|A0A0G4C074|A0A0G4C074_NEIME,1,0,0,0
tr|A0A0G4C075|A0A0G4C075_NEIME,0,0,0,0
tr|A0A0G4C076|A0A0G4C076_NEIME,1,0,1,1
tr|A0A0G4C085|A0A0G4C085_NEIME,0,1,0,0
tr|A0A0G4C092|A0A0G4C092_NEIME,0,1,0,0
tr|A0A0G4C099|A0A0G4C099_NEIME,1,1,0,1
tr|A0A0G4C0B2|A0A0G4C0B2_NEIME,0,0,1,0
tr|A0A0G4C0B5|A0A0G4C0B5_NEIME,1,0,0,0
tr|A0A0G4C0B6|A0A0G4C0B6_NEIME,0,0,0,0
tr|A0A0G4C0B8|A0A0G4C0B8_NEIME,1,0,0,0
tr|A0A0G4C0C6|A0A0G4C0C6_NEIME,0,0,0,0
tr|A0A0G4C0D7|A0A0G4C0D7_NEIME,0,0,0,0
tr|A0A0G4C0E0|A0A0G4C0E0_NEIME,0,0,1,0
tr|A0A0G4C0E9|A0A0G4C0E9_NEIME,0,0,0,0
tr|A0A0G4C0F4|A0A0G4C0F4_NEIME,0,0,0,0
tr|A0A0G4C0H5|A0A0G4C0H5_NEIME,0,0,0,0
tr|A0A0G4C0H6|A0A0G4C0H6_NEIME,1,0,0,0
tr|A0A0G4C0I0|A0A0G4C0I0_NEIME,0,0,0,0
tr|A0A0G4C0J2|A0A0G4C0J2_NEIME,0,0,0,0
tr|A0A0G4C0J3|A0A0G4C0J3_NEIME,1,0,0,0
tr|A0A0G4C0K7|A0A0G4C0K7_NEIME,0,0,0,0
tr|A0A0G4C0L0|A0A0G4C0L0_NEIME,1,0,0,0
tr|A0A0G4C0L6|A0A0G4C0L6_NEIME,1,1,0,1
tr|A0A0G4C0M3|A0A0G4C0M3_NEIME,0,1,0,0
tr|A0A0G4C0M6|A0A0G4C0M6_NEIME,0,0,0,0
tr|A0A0G4C0M8|A0A0G4C0M8_NEIME,0,0,0,0
tr|A0A0G4C0N0|A0A0G4C0N0_NEIME,0,0,0,0
tr|A0A0G4C0N1|A0A0G4C0N1_NEIME,0,0,0,0
tr|A0A0G4C0N3|A0A0G4C0N3_NEIME,0,1,0,0
tr|A0A0G4C0N5|A0A0G4C0N5_NEIME,0,0,0,0
tr|A0A0G4C0P1|A0A0G4C0P1_NEIME,1,0,0,0
tr|A0A0G4C0P2|A0A0G4C0P2_NEIME,0,0,0,0
tr|A0A0G4C0P5|A0A0G4C0P5_NEIME,0,1,1,1
tr|A0A0G4C0P7|A0A0G4C0P7_NEIME,0,0,0,0
tr|A0A0G4C0Q2|A0A0G4C0Q2_NEIME,1,1,1,1
tr|A0A0G4C0Q3|A0A0G4C0Q3_NEIME,1,1,0,1
tr|A0A0G4C0Q7|A0A0G4C0Q7_NEIME,1,1,1,1
tr|A0A0G4C0Q9|A0A0G4C0Q9_NEIME,0,0,1,0
tr|A0A0G4C0R1|A0A0G4C0R1_NEIME,0,0,0,0
tr|A0A0G4C0R2|A0A0G4C0R2_NEIME,0,1,0,0
tr|A0A0G4C0R4|A0A0G4C0R4_NEIME,1,1,1,1
tr|A0A0G4C0R7|A0A0G4C0R7_NEIME,1,0,0,0
tr|A0A0G4C0S4|A0A0G4C0S4_NEIME,0,0,0,0
tr|A0A0G4C0S6|A0A0G4C0S6_NEIME,0,1,0,0
tr|A0A0G4C0S7|A0A0G4C0S7_NEIME,1,1,1,1
tr|A0A0G4C0T4|A0A0G4C0T4_NEIME,0,0,0,0
tr|A0A0G4C0U6|A0A0G4C0U6_NEIME,0,0,0,0
tr|A0A0G4C0V0|A0A0G4C0V0_NEIME,0,0,0,0
tr|A0A0G4C0W0|A0A0G4C0W0_NEIME,1,0,0,0
tr|A0A0G4C0W2|A0A0G4C0W2_NEIME,0,0,1,0
tr|A0A0G4C0W3|A0A0G4C0W3_NEIME,0,0,0,0
tr|A0A0G4C0W5|A0A0G4C0W5_NEIME,0,0,0,0
tr|A0A0G4C0X0|A0A0G4C0X0_NEIME,0,0,0,0
tr|A0A0G4C0Y1|A0A0G4C0Y1_NEIME,0,0,0,0
tr|A0A0G4C0Y7|A0A0G4C0Y7_NEIME,1,0,0,0
tr|A0A0G4C0Y9|A0A0G4C0Y9_NEIME,1,1,1,1
tr|A0A0G4C0Z1|A0A0G4C0Z1_NEIME,0,0,1,0
tr|A0A0G4C0Z5|A0A0G4C0Z5_NEIME,0,0,1,0
tr|A0A0G4C0Z8|A0A0G4C0Z8_NEIME,1,0,0,0
tr|A0A0G4C103|A0A0G4C103_NEIME,0,0,0,0
tr|A0A0G4C104|A0A0G4C104_NEIME,0,0,0,0
tr|A0A0G4C111|A0A0G4C111_NEIME,1,0,1,1
tr|A0A0G4C113|A0A0G4C113_NEIME,0,0,0,0
tr|A0A0G4C117|A0A0G4C117_NEIME,0,0,0,0
tr|A0A0G4C125|A0A0G4C125_NEIME,0,0,0,0
tr|A0A0G4C136|A0A0G4C136_NEIME,0,0,1,0
tr|A0A0G4C139|A0A0G4C139_NEIME,0,0,0,0
tr|A0A0G4C178|A0A0G4C178_NEIME,0,0,0,0
tr|A0A0G4C184|A0A0G4C184_NEIME,0,0,0,0
tr|A0A0G4C1A4|A0A0G4C1A4_NEIME,0,0,0,0
tr|A0A0G4C1A6|A0A0G4C1A6_NEIME,0,0,1,0
tr|A0A0G4C1C2|A0A0G4C1C2_NEIME,0,0,0,0
tr|A0A0G4C1D2|A0A0G4C1D2_NEIME,0,0,0,0
tr|A0A0G4C1E7|A0A0G4C1E7_NEIME,0,0,0,0
tr|A0A0G4C1G8|A0A0G4C1G8_NEIME,0,0,0,0
tr|A0A0G4C1G9|A0A0G4C1G9_NEIME,0,0,0,0
tr|A0A0G4C1I2|A0A0G4C1I2_NEIME,0,0,1,0
tr|A0A0G4C1J6|A0A0G4C1J6_NEIME,0,0,0,0
tr|A0A0G4C1K1|A0A0G4C1K1_NEIME,0,0,0,0
tr|A0A0G4C1K6|A0A0G4C1K6_NEIME,0,0,0,0
tr|A0A0G4C1M1|A0A0G4C1M1_NEIME,0,0,0,0
tr|A0A0G4C1M6|A0A0G4C1M6_NEIME,1,1,1,1
tr|A0A0G4C1N2|A0A0G4C1N2_NEIME,0,1,0,0
tr|A0A0G4C1P6|A0A0G4C1P6_NEIME,1,0,0,0
tr|A0A0G4C1Q0|A0A0G4C1Q0_NEIME,1,0,0,0
tr|A0A0G4C1Q7|A0A0G4C1Q7_NEIME,0,0,0,0
tr|A0A0G4C1S1|A0A0G4C1S1_NEIME,1,0,0,0
tr|A0A0G4C1S5|A0A0G4C1S5_NEIME,1,0,0,0
tr|A0A0G4C1T7|A0A0G4C1T7_NEIME,0,0,0,0
tr|A0A0G4C1Y9|A0A0G4C1Y9_NEIME,0,0,0,0
tr|A0A0G4C273|A0A0G4C273_NEIME,0,0,0,0
tr|A0A0G4C279|A0A0G4C279_NEIME,0,0,0,0
tr|A0A0G4C2D1|A0A0G4C2D1_NEIME,0,1,0,0
tr|A0A0G4C2E1|A0A0G4C2E1_NEIME,0,0,0,0
tr|A0A0G4C2G7|A0A0G4C2G7_NEIME,1,0,0,0
tr|A0A0G4C2H0|A0A0G4C2H0_NEIME,1,0,0,0
tr|A0A0G4C2H7|A0A0G4C2H7_NEIME,0,0,1,0
tr|A0A0G4C2I4|A0A0G4C2I4_NEIME,0,0,0,0
tr|A0A0G4C2J3|A0A0G4C2J3_NEIME,0,0,0,0
tr|A0A0G4C2K9|A0A0G4C2K9_NEIME,0,0,0,0
tr|A0A0G4BUX2|A0A0G4BUX2_NEIME,0,0,0,0
tr|A0A0G4BUY0|A0A0G4BUY0_NEIME,0,0,0,0
tr|A0A0G4BUY2|A0A0G4BUY2_NEIME,0,0,0,0
tr|A0A0G4BUZ3|A0A0G4BUZ3_NEIME,1,1,1,1
tr|A0A0G4BV01|A0A0G4BV01_NEIME,0,0,0,0
tr|A0A0G4BV07|A0A0G4BV07_NEIME,0,1,0,0
tr|A0A0G4BV13|A0A0G4BV13_NEIME,0,0,0,0
tr|A0A0G4BV15|A0A0G4BV15_NEIME,0,0,0,0
tr|A0A0G4BV23|A0A0G4BV23_NEIME,1,1,1,1
tr|A0A0G4BV24|A0A0G4BV24_NEIME,1,0,0,0
tr|A0A0G4BV26|A0A0G4BV26_NEIME,0,0,0,0
tr|A0A0G4BV30|A0A0G4BV30_NEIME,1,0,0,0
tr|A0A0G4BV31|A0A0G4BV31_NEIME,0,1,1,1
tr|A0A0G4BV33|A0A0G4BV33_NEIME,0,0,0,0
tr|A0A0G4BV38|A0A0G4BV38_NEIME,0,0,0,0
tr|A0A0G4BV43|A0A0G4BV43_NEIME,0,0,0,0
tr|A0A0G4BV45|A0A0G4BV45_NEIME,0,0,0,0
tr|A0A0G4BV47|A0A0G4BV47_NEIME,1,1,1,1
tr|A0A0G4BV58|A0A0G4BV58_NEIME,0,0,0,0
tr|A0A0G4BV62|A0A0G4BV62_NEIME,0,0,1,0
tr|A0A0G4BV73|A0A0G4BV73_NEIME,1,1,1,1
tr|A0A0G4BV74|A0A0G4BV74_NEIME,0,0,0,0
tr|A0A0G4BV75|A0A0G4BV75_NEIME,0,0,0,0
tr|A0A0G4BV78|A0A0G4BV78_NEIME,0,0,0,0
tr|A0A0G4BV82|A0A0G4BV82_NEIME,0,0,0,0
tr|A0A0G4BV83|A0A0G4BV83_NEIME,0,0,0,0
tr|A0A0G4BV87|A0A0G4BV87_NEIME,1,0,0,0
tr|A0A0G4BV91|A0A0G4BV91_NEIME,0,1,0,0
tr|A0A0G4BVB5|A0A0G4BVB5_NEIME,1,0,1,1
tr|A0A0G4BVB6|A0A0G4BVB6_NEIME,0,0,0,0
tr|A0A0G4BVB9|A0A0G4BVB9_NEIME,1,1,0,1
tr|A0A0G4BVC1|A0A0G4BVC1_NEIME,0,0,0,0
tr|A0A0G4BVC4|A0A0G4BVC4_NEIME,1,1,1,1
tr|A0A0G4BVF1|A0A0G4BVF1_NEIME,0,1,0,0
tr|A0A0G4BVF9|A0A0G4BVF9_NEIME,1,1,1,1
tr|A0A0G4BVG2|A0A0G4BVG2_NEIME,1,1,0,1
tr|A0A0G4BVG6|A0A0G4BVG6_NEIME,0,0,0,0
tr|A0A0G4BVH1|A0A0G4BVH1_NEIME,1,1,1,1
tr|A0A0G4BVH5|A0A0G4BVH5_NEIME,1,0,1,1
tr|A0A0G4BVH6|A0A0G4BVH6_NEIME,0,0,0,0
tr|A0A0G4BVH7|A0A0G4BVH7_NEIME,0,0,1,0
tr|A0A0G4BVI0|A0A0G4BVI0_NEIME,0,1,1,1
tr|A0A0G4BVI1|A0A0G4BVI1_NEIME,0,0,0,0
tr|A0A0G4BVI5|A0A0G4BVI5_NEIME,0,0,0,0
tr|A0A0G4BVJ0|A0A0G4BVJ0_NEIME,0,0,0,0
tr|A0A0G4BVJ4|A0A0G4BVJ4_NEIME,0,0,0,0
tr|A0A0G4BVJ7|A0A0G4BVJ7_NEIME,0,1,1,1
tr|A0A0G4BVJ8|A0A0G4BVJ8_NEIME,0,1,1,1
tr|A0A0G4BVK2|A0A0G4BVK2_NEIME,1,1,1,1
tr|A0A0G4BVK4|A0A0G4BVK4_NEIME,0,0,1,0
tr|A0A0G4BVK6|A0A0G4BVK6_NEIME,1,0,0,0
tr|A0A0G4BVK7|A0A0G4BVK7_NEIME,1,0,0,0
tr|A0A0G4BVL1|A0A0G4BVL1_NEIME,0,0,0,0
tr|A0A0G4BVL6|A0A0G4BVL6_NEIME,0,0,0,0
tr|A0A0G4BVL8|A0A0G4BVL8_NEIME,1,1,1,1
tr|A0A0G4BVM2|A0A0G4BVM2_NEIME,0,0,0,0
tr|A0A0G4BVM3|A0A0G4BVM3_NEIME,0,0,0,0
tr|A0A0G4BVM4|A0A0G4BVM4_NEIME,0,0,0,0
tr|A0A0G4BVM6|A0A0G4BVM6_NEIME,0,0,0,0
tr|A0A0G4BVM9|A0A0G4BVM9_NEIME,1,1,1,1
tr|A0A0G4BVN0|A0A0G4BVN0_NEIME,0,0,0,0
tr|A0A0G4BVN5|A0A0G4BVN5_NEIME,0,0,0,0
tr|A0A0G4BVN6|A0A0G4BVN6_NEIME,0,0,0,0
tr|A0A0G4BVN9|A0A0G4BVN9_NEIME,0,0,0,0
tr|A0A0G4BVP0|A0A0G4BVP0_NEIME,1,0,1,1
tr|A0A0G4BVP4|A0A0G4BVP4_NEIME,0,0,0,0
tr|A0A0G4BVP7|A0A0G4BVP7_NEIME,0,0,0,0
tr|A0A0G4BVQ0|A0A0G4BVQ0_NEIME,0,1,0,0
tr|A0A0G4BVQ2|A0A0G4BVQ2_NEIME,1,0,1,1
tr|A0A0G4BVQ3|A0A0G4BVQ3_NEIME,1,0,1,1
tr|A0A0G4BVQ8|A0A0G4BVQ8_NEIME,0,0,0,0
tr|A0A0G4BVQ9|A0A0G4BVQ9_NEIME,0,0,0,0
tr|A0A0G4BVR1|A0A0G4BVR1_NEIME,0,1,0,0
tr|A0A0G4BVR2|A0A0G4BVR2_NEIME,0,0,0,0
tr|A0A0G4BVR3|A0A0G4BVR3_NEIME,0,0,0,0
tr|A0A0G4BVR6|A0A0G4BVR6_NEIME,0,0,0,0
tr|A0A0G4BVR7|A0A0G4BVR7_NEIME,0,0,0,0
tr|A0A0G4BVR8|A0A0G4BVR8_NEIME,1,0,0,0
tr|A0A0G4BVS0|A0A0G4BVS0_NEIME,0,0,0,0
tr|A0A0G4BVS2|A0A0G4BVS2_NEIME,0,0,0,0
tr|A0A0G4BVS3|A0A0G4BVS3_NEIME,1,1,0,1
tr|A0A0G4BVS4|A0A0G4BVS4_NEIME,1,0,0,0
tr|A0A0G4BVS5|A0A0G4BVS5_NEIME,0,0,0,0
tr|A0A0G4BVS8|A0A0G4BVS8_NEIME,0,0,0,0
tr|A0A0G4BVT0|A0A0G4BVT0_NEIME,0,0,0,0
tr|A0A0G4BVT1|A0A0G4BVT1_NEIME,0,0,0,0
tr|A0A0G4BVT3|A0A0G4BVT3_NEIME,0,0,0,0
tr|A0A0G4BVT8|A0A0G4BVT8_NEIME,0,0,0,0
tr|A0A0G4BVU0|A0A0G4BVU0_NEIME,0,0,0,0
tr|A0A0G4BVU2|A0A0G4BVU2_NEIME,0,0,0,0
tr|A0A0G4BVU3|A0A0G4BVU3_NEIME,0,0,0,0
tr|A0A0G4BVU5|A0A0G4BVU5_NEIME,0,0,0,0
tr|A0A0G4BVU7|A0A0G4BVU7_NEIME,0,0,0,0
tr|A0A0G4BVU8|A0A0G4BVU8_NEIME,0,0,0,0
tr|A0A0G4BVV0|A0A0G4BVV0_NEIME,0,0,0,0
tr|A0A0G4BVV9|A0A0G4BVV9_NEIME,0,0,0,0
tr|A0A0G4BVW1|A0A0G4BVW1_NEIME,1,0,0,0
tr|A0A0G4BVW2|A0A0G4BVW2_NEIME,0,0,0,0
tr|A0A0G4BVW5|A0A0G4BVW5_NEIME,0,0,0,0
tr|A0A0G4BVW6|A0A0G4BVW6_NEIME,0,0,0,0
tr|A0A0G4BVW9|A0A0G4BVW9_NEIME,1,0,1,1
tr|A0A0G4BVX1|A0A0G4BVX1_NEIME,0,0,0,0
tr|A0A0G4BVX4|A0A0G4BVX4_NEIME,0,0,1,0
tr|A0A0G4BVX9|A0A0G4BVX9_NEIME,1,0,0,0
tr|A0A0G4BVY1|A0A0G4BVY1_NEIME,0,0,0,0
tr|A0A0G4BVY4|A0A0G4BVY4_NEIME,1,0,0,0
tr|A0A0G4BVY7|A0A0G4BVY7_NEIME,0,0,1,0
tr|A0A0G4BVY8|A0A0G4BVY8_NEIME,1,1,1,1
tr|A0A0G4BVY9|A0A0G4BVY9_NEIME,0,0,0,0
tr|A0A0G4BVZ5|A0A0G4BVZ5_NEIME,0,1,0,0
tr|A0A0G4BVZ7|A0A0G4BVZ7_NEIME,0,0,0,0
tr|A0A0G4BW00|A0A0G4BW00_NEIME,1,1,1,1
tr|A0A0G4BW03|A0A0G4BW03_NEIME,0,1,0,0
tr|A0A0G4BW08|A0A0G4BW08_NEIME,0,0,0,0
tr|A0A0G4BW09|A0A0G4BW09_NEIME,0,0,0,0
tr|A0A0G4BW12|A0A0G4BW12_NEIME,0,0,0,0
tr|A0A0G4BW13|A0A0G4BW13_NEIME,1,0,0,0
tr|A0A0G4BW15|A0A0G4BW15_NEIME,1,0,1,1
tr|A0A0G4BW17|A0A0G4BW17_NEIME,1,0,1,1
tr|A0A0G4BW19|A0A0G4BW19_NEIME,1,0,1,1
tr|A0A0G4BW23|A0A0G4BW23_NEIME,0,0,0,0
tr|A0A0G4BW24|A0A0G4BW24_NEIME,1,0,1,1
tr|A0A0G4BW25|A0A0G4BW25_NEIME,0,1,1,1
tr|A0A0G4BW26|A0A0G4BW26_NEIME,0,0,0,0
tr|A0A0G4BW29|A0A0G4BW29_NEIME,0,0,0,0
tr|A0A0G4BW30|A0A0G4BW30_NEIME,0,0,0,0
tr|A0A0G4BW33|A0A0G4BW33_NEIME,0,0,0,0
tr|A0A0G4BW34|A0A0G4BW34_NEIME,0,0,0,0
tr|A0A0G4BW35|A0A0G4BW35_NEIME,1,0,0,0
tr|A0A0G4BW36|A0A0G4BW36_NEIME,1,0,0,0
tr|A0A0G4BW39|A0A0G4BW39_NEIME,1,1,1,1
tr|A0A0G4BW41|A0A0G4BW41_NEIME,0,0,0,0
tr|A0A0G4BW42|A0A0G4BW42_NEIME,0,0,0,0
tr|A0A0G4BW44|A0A0G4BW44_NEIME,1,0,1,1
tr|A0A0G4BW46|A0A0G4BW46_NEIME,1,0,1,1
tr|A0A0G4BW47|A0A0G4BW47_NEIME,0,0,1,0
tr|A0A0G4BW51|A0A0G4BW51_NEIME,1,1,1,1
tr|A0A0G4BW52|A0A0G4BW52_NEIME,0,1,0,0
tr|A0A0G4BW56|A0A0G4BW56_NEIME,0,0,0,0
tr|A0A0G4BW59|A0A0G4BW59_NEIME,1,1,0,1
tr|A0A0G4BW61|A0A0G4BW61_NEIME,0,0,0,0
tr|A0A0G4BW62|A0A0G4BW62_NEIME,1,1,1,1
tr|A0A0G4BW64|A0A0G4BW64_NEIME,1,1,1,1
tr|A0A0G4BW65|A0A0G4BW65_NEIME,0,0,0,0
tr|A0A0G4BW66|A0A0G4BW66_NEIME,0,0,0,0
tr|A0A0G4BW67|A0A0G4BW67_NEIME,1,1,1,1
tr|A0A0G4BW68|A0A0G4BW68_NEIME,0,0,0,0
tr|A0A0G4BW69|A0A0G4BW69_NEIME,0,0,0,0
tr|A0A0G4BW70|A0A0G4BW70_NEIME,0,1,1,1
tr|A0A0G4BW73|A0A0G4BW73_NEIME,0,1,1,1
tr|A0A0G4BW76|A0A0G4BW76_NEIME,1,1,1,1
tr|A0A0G4BW77|A0A0G4BW77_NEIME,0,0,0,0
tr|A0A0G4BW78|A0A0G4BW78_NEIME,0,0,0,0
tr|A0A0G4BW80|A0A0G4BW80_NEIME,0,0,0,0
tr|A0A0G4BW81|A0A0G4BW81_NEIME,1,0,0,0
tr|A0A0G4BW83|A0A0G4BW83_NEIME,0,0,0,0
tr|A0A0G4BW86|A0A0G4BW86_NEIME,0,1,0,0
tr|A0A0G4BW89|A0A0G4BW89_NEIME,0,0,0,0
tr|A0A0G4BW91|A0A0G4BW91_NEIME,0,0,0,0
tr|A0A0G4BW93|A0A0G4BW93_NEIME,0,0,0,0
tr|A0A0G4BW95|A0A0G4BW95_NEIME,0,0,0,0
tr|A0A0G4BW97|A0A0G4BW97_NEIME,1,0,0,0
tr|A0A0G4BW99|A0A0G4BW99_NEIME,0,0,1,0
tr|A0A0G4BWA0|A0A0G4BWA0_NEIME,0,0,0,0
tr|A0A0G4BWA2|A0A0G4BWA2_NEIME,1,0,0,0
tr|A0A0G4BWA4|A0A0G4BWA4_NEIME,1,1,1,1
tr|A0A0G4BWA6|A0A0G4BWA6_NEIME,1,1,1,1
tr|A0A0G4BWB0|A0A0G4BWB0_NEIME,0,0,0,0
tr|A0A0G4BWB1|A0A0G4BWB1_NEIME,0,0,0,0
tr|A0A0G4BWB2|A0A0G4BWB2_NEIME,0,0,0,0
tr|A0A0G4BWB3|A0A0G4BWB3_NEIME,1,0,0,0
tr|A0A0G4BWB5|A0A0G4BWB5_NEIME,0,0,0,0
tr|A0A0G4BWB6|A0A0G4BWB6_NEIME,0,1,1,1
tr|A0A0G4BWB8|A0A0G4BWB8_NEIME,0,0,0,0
tr|A0A0G4BWB9|A0A0G4BWB9_NEIME,0,1,1,1
tr|A0A0G4BWC1|A0A0G4BWC1_NEIME,0,0,0,0
tr|A0A0G4BWC2|A0A0G4BWC2_NEIME,0,0,0,0
tr|A0A0G4BWC4|A0A0G4BWC4_NEIME,1,1,1,1
tr|A0A0G4BWC6|A0A0G4BWC6_NEIME,1,0,0,0
tr|A0A0G4BWC9|A0A0G4BWC9_NEIME,0,1,1,1
tr|A0A0G4BWD1|A0A0G4BWD1_NEIME,0,0,0,0
tr|A0A0G4BWD3|A0A0G4BWD3_NEIME,0,0,0,0
tr|A0A0G4BWD4|A0A0G4BWD4_NEIME,1,1,1,1
tr|A0A0G4BWD7|A0A0G4BWD7_NEIME,0,0,0,0
tr|A0A0G4BWD8|A0A0G4BWD8_NEIME,1,0,0,0
tr|A0A0G4BWD9|A0A0G4BWD9_NEIME,1,1,1,1
tr|A0A0G4BWE2|A0A0G4BWE2_NEIME,0,1,1,1
tr|A0A0G4BWE8|A0A0G4BWE8_NEIME,0,0,0,0
tr|A0A0G4BWE9|A0A0G4BWE9_NEIME,0,0,1,0
tr|A0A0G4BWF6|A0A0G4BWF6_NEIME,0,1,1,1
tr|A0A0G4BWF7|A0A0G4BWF7_NEIME,1,1,1,1
tr|A0A0G4BWF8|A0A0G4BWF8_NEIME,0,0,0,0
tr|A0A0G4BWF9|A0A0G4BWF9_NEIME,0,1,0,0
tr|A0A0G4BWG2|A0A0G4BWG2_NEIME,0,1,0,0
tr|A0A0G4BWG5|A0A0G4BWG5_NEIME,0,0,0,0
tr|A0A0G4BWG6|A0A0G4BWG6_NEIME,0,1,1,1
tr|A0A0G4BWG7|A0A0G4BWG7_NEIME,1,1,1,1
tr|A0A0G4BWH3|A0A0G4BWH3_NEIME,0,0,0,0
tr|A0A0G4BWH5|A0A0G4BWH5_NEIME,1,1,1,1
tr|A0A0G4BWH7|A0A0G4BWH7_NEIME,0,0,0,0
tr|A0A0G4BWH9|A0A0G4BWH9_NEIME,0,0,0,0
tr|A0A0G4BWI0|A0A0G4BWI0_NEIME,1,1,1,1
tr|A0A0G4BWI2|A0A0G4BWI2_NEIME,0,1,0,0
tr|A0A0G4BWI4|A0A0G4BWI4_NEIME,0,0,0,0
tr|A0A0G4BWI5|A0A0G4BWI5_NEIME,1,1,1,1
tr|A0A0G4BWI7|A0A0G4BWI7_NEIME,0,0,0,0
tr|A0A0G4BWI8|A0A0G4BWI8_NEIME,1,1,0,1
tr|A0A0G4BWI9|A0A0G4BWI9_NEIME,0,0,0,0
tr|A0A0G4BWJ2|A0A0G4BWJ2_NEIME,0,1,0,0
tr|A0A0G4BWJ3|A0A0G4BWJ3_NEIME,0,1,0,0
tr|A0A0G4BWJ6|A0A0G4BWJ6_NEIME,0,0,0,0
tr|A0A0G4BWJ8|A0A0G4BWJ8_NEIME,1,0,0,0
tr|A0A0G4BWK4|A0A0G4BWK4_NEIME,0,0,0,0
tr|A0A0G4BWK6|A0A0G4BWK6_NEIME,0,1,0,0
tr|A0A0G4BWL0|A0A0G4BWL0_NEIME,1,1,1,1
tr|A0A0G4BWL5|A0A0G4BWL5_NEIME,0,1,1,1
tr|A0A0G4BWL7|A0A0G4BWL7_NEIME,0,0,0,0
tr|A0A0G4BWM1|A0A0G4BWM1_NEIME,0,0,0,0
tr|A0A0G4BWM4|A0A0G4BWM4_NEIME,1,0,1,1
tr|A0A0G4BWM6|A0A0G4BWM6_NEIME,0,0,0,0
tr|A0A0G4BWM8|A0A0G4BWM8_NEIME,0,0,0,0
tr|A0A0G4BWM9|A0A0G4BWM9_NEIME,1,1,1,1
tr|A0A0G4BWN1|A0A0G4BWN1_NEIME,1,0,0,0
tr|A0A0G4BWN2|A0A0G4BWN2_NEIME,0,0,0,0
tr|A0A0G4BWN4|A0A0G4BWN4_NEIME,0,0,0,0
tr|A0A0G4BWP3|A0A0G4BWP3_NEIME,0,1,1,1
tr|A0A0G4BWP5|A0A0G4BWP5_NEIME,0,1,1,1
tr|A0A0G4BWP6|A0A0G4BWP6_NEIME,1,0,0,0
tr|A0A0G4BWP7|A0A0G4BWP7_NEIME,1,0,0,0
tr|A0A0G4BWP8|A0A0G4BWP8_NEIME,0,1,0,0
tr|A0A0G4BWP9|A0A0G4BWP9_NEIME,0,1,0,0
tr|A0A0G4BWQ0|A0A0G4BWQ0_NEIME,0,0,0,0
tr|A0A0G4BWQ2|A0A0G4BWQ2_NEIME,0,0,0,0
tr|A0A0G4BWQ4|A0A0G4BWQ4_NEIME,0,0,0,0
tr|A0A0G4BWQ5|A0A0G4BWQ5_NEIME,0,1,0,0
tr|A0A0G4BWQ7|A0A0G4BWQ7_NEIME,0,0,0,0
tr|A0A0G4BWR0|A0A0G4BWR0_NEIME,0,0,0,0
tr|A0A0G4BWR2|A0A0G4BWR2_NEIME,0,1,0,0
tr|A0A0G4BWR5|A0A0G4BWR5_NEIME,0,0,1,0
tr|A0A0G4BWS3|A0A0G4BWS3_NEIME,0,0,0,0
tr|A0A0G4BWS6|A0A0G4BWS6_NEIME,1,1,0,1
tr|A0A0G4BWS7|A0A0G4BWS7_NEIME,0,0,0,0
tr|A0A0G4BWS9|A0A0G4BWS9_NEIME,1,0,0,0
tr|A0A0G4BWT0|A0A0G4BWT0_NEIME,1,1,0,1
tr|A0A0G4BWT2|A0A0G4BWT2_NEIME,1,1,1,1
tr|A0A0G4BWT4|A0A0G4BWT4_NEIME,0,1,1,1
tr|A0A0G4BWT6|A0A0G4BWT6_NEIME,0,0,0,0
tr|A0A0G4BWT7|A0A0G4BWT7_NEIME,0,0,0,0
tr|A0A0G4BWT8|A0A0G4BWT8_NEIME,1,0,0,0
tr|A0A0G4BWU0|A0A0G4BWU0_NEIME,0,1,1,1
tr|A0A0G4BWU1|A0A0G4BWU1_NEIME,1,0,1,1
tr|A0A0G4BWU2|A0A0G4BWU2_NEIME,0,0,0,0
tr|A0A0G4BWU6|A0A0G4BWU6_NEIME,0,1,1,1
tr|A0A0G4BWU8|A0A0G4BWU8_NEIME,1,1,1,1
tr|A0A0G4BWV1|A0A0G4BWV1_NEIME,1,0,1,1
tr|A0A0G4BWV2|A0A0G4BWV2_NEIME,0,0,0,0
tr|A0A0G4BWV3|A0A0G4BWV3_NEIME,0,0,0,0
tr|A0A0G4BWV4|A0A0G4BWV4_NEIME,0,0,0,0
tr|A0A0G4BWV5|A0A0G4BWV5_NEIME,0,0,0,0
tr|A0A0G4BWV7|A0A0G4BWV7_NEIME,1,0,1,1
tr|A0A0G4BWV8|A0A0G4BWV8_NEIME,1,1,1,1
tr|A0A0G4BWW0|A0A0G4BWW0_NEIME,0,0,0,0
tr|A0A0G4BWW1|A0A0G4BWW1_NEIME,0,0,0,0
tr|A0A0G4BWW5|A0A0G4BWW5_NEIME,0,0,1,0
tr|A0A0G4BWW6|A0A0G4BWW6_NEIME,0,0,0,0
tr|A0A0G4BWX2|A0A0G4BWX2_NEIME,0,0,0,0
tr|A0A0G4BWX6|A0A0G4BWX6_NEIME,0,0,0,0
tr|A0A0G4BWX8|A0A0G4BWX8_NEIME,0,0,0,0
tr|A0A0G4BWX9|A0A0G4BWX9_NEIME,0,0,0,0
tr|A0A0G4BWY4|A0A0G4BWY4_NEIME,0,1,0,0
tr|A0A0G4BWY5|A0A0G4BWY5_NEIME,1,0,0,0
tr|A0A0G4BWY8|A0A0G4BWY8_NEIME,0,0,0,0
tr|A0A0G4BWY9|A0A0G4BWY9_NEIME,1,0,0,0
tr|A0A0G4BWZ3|A0A0G4BWZ3_NEIME,0,0,0,0
tr|A0A0G4BWZ4|A0A0G4BWZ4_NEIME,0,0,0,0
tr|A0A0G4BX01|A0A0G4BX01_NEIME,0,0,0,0
tr|A0A0G4BX05|A0A0G4BX05_NEIME,0,0,0,0
tr|A0A0G4BX08|A0A0G4BX08_NEIME,0,0,0,0
tr|A0A0G4BX10|A0A0G4BX10_NEIME,0,0,0,0
tr|A0A0G4BX12|A0A0G4BX12_NEIME,0,0,0,0
tr|A0A0G4BX13|A0A0G4BX13_NEIME,0,0,0,0
tr|A0A0G4BX16|A0A0G4BX16_NEIME,0,0,0,0
tr|A0A0G4BX18|A0A0G4BX18_NEIME,0,1,0,0
tr|A0A0G4BX19|A0A0G4BX19_NEIME,0,0,0,0
tr|A0A0G4BX23|A0A0G4BX23_NEIME,1,0,0,0
tr|A0A0G4BX24|A0A0G4BX24_NEIME,1,0,0,0
tr|A0A0G4BX26|A0A0G4BX26_NEIME,0,0,0,0
tr|A0A0G4BX27|A0A0G4BX27_NEIME,0,0,0,0
tr|A0A0G4BX28|A0A0G4BX28_NEIME,0,0,0,0
tr|A0A0G4BX31|A0A0G4BX31_NEIME,0,0,0,0
tr|A0A0G4BX34|A0A0G4BX34_NEIME,0,1,1,1
tr|A0A0G4BX37|A0A0G4BX37_NEIME,1,1,1,1
tr|A0A0G4BX39|A0A0G4BX39_NEIME,0,0,0,0
tr|A0A0G4BX41|A0A0G4BX41_NEIME,0,1,1,1
tr|A0A0G4BX44|A0A0G4BX44_NEIME,1,1,1,1
tr|A0A0G4BX46|A0A0G4BX46_NEIME,0,0,0,0
tr|A0A0G4BX50|A0A0G4BX50_NEIME,1,0,1,1
tr|A0A0G4BX51|A0A0G4BX51_NEIME,0,1,0,0
tr|A0A0G4BX57|A0A0G4BX57_NEIME,0,0,0,0
tr|A0A0G4BX59|A0A0G4BX59_NEIME,0,0,0,0
tr|A0A0G4BX60|A0A0G4BX60_NEIME,1,0,0,0
tr|A0A0G4BX61|A0A0G4BX61_NEIME,0,1,0,0
tr|A0A0G4BX65|A0A0G4BX65_NEIME,0,0,0,0
tr|A0A0G4BX66|A0A0G4BX66_NEIME,1,1,0,1
tr|A0A0G4BX70|A0A0G4BX70_NEIME,0,0,0,0
tr|A0A0G4BX71|A0A0G4BX71_NEIME,0,0,0,0
tr|A0A0G4BX72|A0A0G4BX72_NEIME,0,1,1,1
tr|A0A0G4BX73|A0A0G4BX73_NEIME,1,1,1,1
tr|A0A0G4BX74|A0A0G4BX74_NEIME,0,0,0,0
tr|A0A0G4BX75|A0A0G4BX75_NEIME,0,0,0,0
tr|A0A0G4BX76|A0A0G4BX76_NEIME,0,0,0,0
tr|A0A0G4BX77|A0A0G4BX77_NEIME,0,0,0,0
tr|A0A0G4BX78|A0A0G4BX78_NEIME,0,1,1,1
tr|A0A0G4BX79|A0A0G4BX79_NEIME,0,0,0,0
tr|A0A0G4BX80|A0A0G4BX80_NEIME,0,0,0,0
tr|A0A0G4BX85|A0A0G4BX85_NEIME,0,0,0,0
tr|A0A0G4BX86|A0A0G4BX86_NEIME,0,0,0,0
tr|A0A0G4BX87|A0A0G4BX87_NEIME,1,0,1,1
tr|A0A0G4BX88|A0A0G4BX88_NEIME,0,0,0,0
tr|A0A0G4BX89|A0A0G4BX89_NEIME,0,0,1,0
tr|A0A0G4BX94|A0A0G4BX94_NEIME,0,1,0,0
tr|A0A0G4BX95|A0A0G4BX95_NEIME,0,0,0,0
tr|A0A0G4BX97|A0A0G4BX97_NEIME,1,1,1,1
tr|A0A0G4BX98|A0A0G4BX98_NEIME,0,0,0,0
tr|A0A0G4BX99|A0A0G4BX99_NEIME,0,0,1,0
tr|A0A0G4BXA0|A0A0G4BXA0_NEIME,0,0,0,0
tr|A0A0G4BXA1|A0A0G4BXA1_NEIME,1,1,1,1
tr|A0A0G4BXA2|A0A0G4BXA2_NEIME,0,0,1,0
tr|A0A0G4BXA3|A0A0G4BXA3_NEIME,0,0,0,0
tr|A0A0G4BXA4|A0A0G4BXA4_NEIME,0,0,0,0
tr|A0A0G4BXA5|A0A0G4BXA5_NEIME,0,0,0,0
tr|A0A0G4BXA6|A0A0G4BXA6_NEIME,0,0,0,0
tr|A0A0G4BXA7|A0A0G4BXA7_NEIME,0,0,1,0
tr|A0A0G4BXA8|A0A0G4BXA8_NEIME,0,1,1,1
tr|A0A0G4BXA9|A0A0G4BXA9_NEIME,0,0,0,0
tr|A0A0G4BXB0|A0A0G4BXB0_NEIME,0,0,0,0
tr|A0A0G4BXB2|A0A0G4BXB2_NEIME,0,0,0,0
tr|A0A0G4BXB3|A0A0G4BXB3_NEIME,0,0,0,0
tr|A0A0G4BXB4|A0A0G4BXB4_NEIME,0,0,1,0
tr|A0A0G4BXB6|A0A0G4BXB6_NEIME,0,1,0,0
tr|A0A0G4BXB7|A0A0G4BXB7_NEIME,0,0,0,0
tr|A0A0G4BXB8|A0A0G4BXB8_NEIME,0,0,0,0
tr|A0A0G4BXB9|A0A0G4BXB9_NEIME,0,0,0,0
tr|A0A0G4BXC0|A0A0G4BXC0_NEIME,0,0,0,0
tr|A0A0G4BXC2|A0A0G4BXC2_NEIME,0,0,0,0
tr|A0A0G4BXC4|A0A0G4BXC4_NEIME,0,1,0,0
tr|A0A0G4BXC5|A0A0G4BXC5_NEIME,0,1,0,0
tr|A0A0G4BXC6|A0A0G4BXC6_NEIME,1,1,0,1
tr|A0A0G4BXC7|A0A0G4BXC7_NEIME,1,1,1,1
tr|A0A0G4BXD0|A0A0G4BXD0_NEIME,0,0,1,0
tr|A0A0G4BXD3|A0A0G4BXD3_NEIME,0,0,0,0
tr|A0A0G4BXD8|A0A0G4BXD8_NEIME,1,0,0,0
tr|A0A0G4BXD9|A0A0G4BXD9_NEIME,0,0,0,0
tr|A0A0G4BXE0|A0A0G4BXE0_NEIME,0,0,0,0
tr|A0A0G4BXE2|A0A0G4BXE2_NEIME,0,0,0,0
tr|A0A0G4BXE3|A0A0G4BXE3_NEIME,1,0,0,0
tr|A0A0G4BXE5|A0A0G4BXE5_NEIME,0,1,1,1
tr|A0A0G4BXE6|A0A0G4BXE6_NEIME,1,1,1,1
tr|A0A0G4BXE7|A0A0G4BXE7_NEIME,0,0,1,0
tr|A0A0G4BXE8|A0A0G4BXE8_NEIME,1,0,0,0
tr|A0A0G4BXF1|A0A0G4BXF1_NEIME,0,0,1,0
tr|A0A0G4BXF2|A0A0G4BXF2_NEIME,0,0,0,0
tr|A0A0G4BXF4|A0A0G4BXF4_NEIME,1,0,1,1
tr|A0A0G4BXF5|A0A0G4BXF5_NEIME,0,1,1,1
tr|A0A0G4BXF6|A0A0G4BXF6_NEIME,0,1,0,0
tr|A0A0G4BXF7|A0A0G4BXF7_NEIME,0,0,0,0
tr|A0A0G4BXF8|A0A0G4BXF8_NEIME,0,0,0,0
tr|A0A0G4BXG5|A0A0G4BXG5_NEIME,1,1,1,1
tr|A0A0G4BXG6|A0A0G4BXG6_NEIME,1,1,1,1
tr|A0A0G4BXG8|A0A0G4BXG8_NEIME,0,0,0,0
tr|A0A0G4BXG9|A0A0G4BXG9_NEIME,1,0,0,0
tr|A0A0G4BXH6|A0A0G4BXH6_NEIME,0,0,0,0
tr|A0A0G4BXH7|A0A0G4BXH7_NEIME,0,0,0,0
tr|A0A0G4BXH9|A0A0G4BXH9_NEIME,0,0,0,0
tr|A0A0G4BXI0|A0A0G4BXI0_NEIME,1,1,1,1
tr|A0A0G4BXI1|A0A0G4BXI1_NEIME,0,0,0,0
tr|A0A0G4BXI5|A0A0G4BXI5_NEIME,0,0,1,0
tr|A0A0G4BXI6|A0A0G4BXI6_NEIME,0,1,0,0
tr|A0A0G4BXI7|A0A0G4BXI7_NEIME,0,1,0,0
tr|A0A0G4BXI9|A0A0G4BXI9_NEIME,1,1,1,1
tr|A0A0G4BXJ1|A0A0G4BXJ1_NEIME,1,0,0,0
tr|A0A0G4BXJ2|A0A0G4BXJ2_NEIME,0,1,0,0
tr|A0A0G4BXJ3|A0A0G4BXJ3_NEIME,0,0,0,0
tr|A0A0G4BXJ4|A0A0G4BXJ4_NEIME,0,0,0,0
tr|A0A0G4BXJ6|A0A0G4BXJ6_NEIME,0,0,0,0
tr|A0A0G4BXJ7|A0A0G4BXJ7_NEIME,1,0,0,0
tr|A0A0G4BXJ8|A0A0G4BXJ8_NEIME,1,0,0,0
tr|A0A0G4BXK0|A0A0G4BXK0_NEIME,1,1,1,1
tr|A0A0G4BXK1|A0A0G4BXK1_NEIME,0,0,0,0
tr|A0A0G4BXK2|A0A0G4BXK2_NEIME,0,0,0,0
tr|A0A0G4BXK3|A0A0G4BXK3_NEIME,0,0,0,0
tr|A0A0G4BXK4|A0A0G4BXK4_NEIME,1,0,1,1
tr|A0A0G4BXK5|A0A0G4BXK5_NEIME,0,0,0,0
tr|A0A0G4BXK6|A0A0G4BXK6_NEIME,0,0,0,0
tr|A0A0G4BXK7|A0A0G4BXK7_NEIME,0,0,0,0
tr|A0A0G4BXK9|A0A0G4BXK9_NEIME,0,0,0,0
tr|A0A0G4BXL0|A0A0G4BXL0_NEIME,0,0,0,0
tr|A0A0G4BXL2|A0A0G4BXL2_NEIME,1,1,1,1
tr|A0A0G4BXL3|A0A0G4BXL3_NEIME,1,1,1,1
tr|A0A0G4BXL4|A0A0G4BXL4_NEIME,0,0,0,0
tr|A0A0G4BXL6|A0A0G4BXL6_NEIME,1,1,1,1
tr|A0A0G4BXL7|A0A0G4BXL7_NEIME,0,0,0,0
tr|A0A0G4BXM0|A0A0G4BXM0_NEIME,0,0,0,0
tr|A0A0G4BXM1|A0A0G4BXM1_NEIME,0,1,0,0
tr|A0A0G4BXM2|A0A0G4BXM2_NEIME,1,0,0,0
tr|A0A0G4BXM3|A0A0G4BXM3_NEIME,0,1,0,0
tr|A0A0G4BXM8|A0A0G4BXM8_NEIME,0,0,0,0
tr|A0A0G4BXM9|A0A0G4BXM9_NEIME,0,0,0,0
tr|A0A0G4BXN1|A0A0G4BXN1_NEIME,0,1,1,1
tr|A0A0G4BXN2|A0A0G4BXN2_NEIME,1,1,1,1
tr|A0A0G4BXN4|A0A0G4BXN4_NEIME,1,1,1,1
tr|A0A0G4BXN5|A0A0G4BXN5_NEIME,1,0,0,0
tr|A0A0G4BXN6|A0A0G4BXN6_NEIME,0,0,0,0
tr|A0A0G4BXN7|A0A0G4BXN7_NEIME,0,1,1,1
tr|A0A0G4BXN8|A0A0G4BXN8_NEIME,1,0,1,1
tr|A0A0G4BXN9|A0A0G4BXN9_NEIME,1,0,0,0
tr|A0A0G4BXP0|A0A0G4BXP0_NEIME,0,0,0,0
tr|A0A0G4BXP2|A0A0G4BXP2_NEIME,0,0,0,0
tr|A0A0G4BXP3|A0A0G4BXP3_NEIME,0,0,0,0
tr|A0A0G4BXP4|A0A0G4BXP4_NEIME,0,1,0,0
tr|A0A0G4BXP5|A0A0G4BXP5_NEIME,0,0,0,0
tr|A0A0G4BXP6|A0A0G4BXP6_NEIME,1,1,1,1
tr|A0A0G4BXP7|A0A0G4BXP7_NEIME,1,0,0,0
tr|A0A0G4BXP8|A0A0G4BXP8_NEIME,0,0,0,0
tr|A0A0G4BXQ2|A0A0G4BXQ2_NEIME,0,0,1,0
tr|A0A0G4BXQ5|A0A0G4BXQ5_NEIME,0,0,0,0
tr|A0A0G4BXQ6|A0A0G4BXQ6_NEIME,1,0,0,0
tr|A0A0G4BXQ7|A0A0G4BXQ7_NEIME,0,0,0,0
tr|A0A0G4BXQ8|A0A0G4BXQ8_NEIME,0,0,0,0
tr|A0A0G4BXQ9|A0A0G4BXQ9_NEIME,1,1,1,1
tr|A0A0G4BXR2|A0A0G4BXR2_NEIME,1,1,1,1
tr|A0A0G4BXR3|A0A0G4BXR3_NEIME,0,0,0,0
tr|A0A0G4BXR4|A0A0G4BXR4_NEIME,0,0,0,0
tr|A0A0G4BXR5|A0A0G4BXR5_NEIME,1,0,1,1
tr|A0A0G4BXR6|A0A0G4BXR6_NEIME,1,1,1,1
tr|A0A0G4BXR7|A0A0G4BXR7_NEIME,0,0,0,0
tr|A0A0G4BXR8|A0A0G4BXR8_NEIME,1,1,1,1
tr|A0A0G4BXR9|A0A0G4BXR9_NEIME,0,0,0,0
tr|A0A0G4BXS1|A0A0G4BXS1_NEIME,0,0,0,0
tr|A0A0G4BXS4|A0A0G4BXS4_NEIME,0,0,0,0
tr|A0A0G4BXS5|A0A0G4BXS5_NEIME,1,0,1,1
tr|A0A0G4BXS6|A0A0G4BXS6_NEIME,1,0,1,1
tr|A0A0G4BXS8|A0A0G4BXS8_NEIME,0,0,0,0
tr|A0A0G4BXS9|A0A0G4BXS9_NEIME,0,0,0,0
tr|A0A0G4BXT0|A0A0G4BXT0_NEIME,1,0,1,1
tr|A0A0G4BXT1|A0A0G4BXT1_NEIME,0,0,0,0
tr|A0A0G4BXT2|A0A0G4BXT2_NEIME,1,1,1,1
tr|A0A0G4BXT3|A0A0G4BXT3_NEIME,1,1,1,1
tr|A0A0G4BXT4|A0A0G4BXT4_NEIME,0,0,0,0
tr|A0A0G4BXT6|A0A0G4BXT6_NEIME,1,0,0,0
tr|A0A0G4BXT9|A0A0G4BXT9_NEIME,0,0,0,0
tr|A0A0G4BXU1|A0A0G4BXU1_NEIME,0,0,0,0
tr|A0A0G4BXU2|A0A0G4BXU2_NEIME,0,0,0,0
tr|A0A0G4BXU4|A0A0G4BXU4_NEIME,0,0,0,0
tr|A0A0G4BXU5|A0A0G4BXU5_NEIME,0,0,0,0
tr|A0A0G4BXU6|A0A0G4BXU6_NEIME,0,0,0,0
tr|A0A0G4BXU8|A0A0G4BXU8_NEIME,0,0,0,0
tr|A0A0G4BXV1|A0A0G4BXV1_NEIME,1,1,1,1
tr|A0A0G4BXV2|A0A0G4BXV2_NEIME,1,0,1,1
tr|A0A0G4BXV5|A0A0G4BXV5_NEIME,0,0,0,0
tr|A0A0G4BXV6|A0A0G4BXV6_NEIME,1,0,0,0
tr|A0A0G4BXV8|A0A0G4BXV8_NEIME,0,1,0,0
tr|A0A0G4BXV9|A0A0G4BXV9_NEIME,0,0,0,0
tr|A0A0G4BXW0|A0A0G4BXW0_NEIME,1,1,0,1
tr|A0A0G4BXW1|A0A0G4BXW1_NEIME,0,0,0,0
tr|A0A0G4BXW2|A0A0G4BXW2_NEIME,0,0,0,0
tr|A0A0G4BXW4|A0A0G4BXW4_NEIME,0,0,0,0
tr|A0A0G4BXW6|A0A0G4BXW6_NEIME,0,0,0,0
tr|A0A0G4BXW7|A0A0G4BXW7_NEIME,0,0,0,0
tr|A0A0G4BXW8|A0A0G4BXW8_NEIME,0,0,1,0
tr|A0A0G4BXX1|A0A0G4BXX1_NEIME,0,0,1,0
tr|A0A0G4BXX2|A0A0G4BXX2_NEIME,0,0,0,0
tr|A0A0G4BXX3|A0A0G4BXX3_NEIME,1,1,1,1
tr|A0A0G4BXX4|A0A0G4BXX4_NEIME,0,1,0,0
tr|A0A0G4BXX5|A0A0G4BXX5_NEIME,1,1,1,1
tr|A0A0G4BXX6|A0A0G4BXX6_NEIME,0,0,0,0
tr|A0A0G4BXX7|A0A0G4BXX7_NEIME,0,1,1,1
tr|A0A0G4BXX8|A0A0G4BXX8_NEIME,0,0,0,0
tr|A0A0G4BXY0|A0A0G4BXY0_NEIME,1,1,1,1
tr|A0A0G4BXY2|A0A0G4BXY2_NEIME,0,0,0,0
tr|A0A0G4BXY6|A0A0G4BXY6_NEIME,0,0,0,0
tr|A0A0G4BXY7|A0A0G4BXY7_NEIME,1,0,0,0
tr|A0A0G4BXY8|A0A0G4BXY8_NEIME,1,0,0,0
tr|A0A0G4BXY9|A0A0G4BXY9_NEIME,0,0,0,0
tr|A0A0G4BXZ1|A0A0G4BXZ1_NEIME,0,0,1,0
tr|A0A0G4BXZ2|A0A0G4BXZ2_NEIME,0,1,0,0
tr|A0A0G4BXZ3|A0A0G4BXZ3_NEIME,0,1,1,1
tr|A0A0G4BXZ5|A0A0G4BXZ5_NEIME,0,0,0,0
tr|A0A0G4BXZ6|A0A0G4BXZ6_NEIME,0,0,0,0
tr|A0A0G4BXZ9|A0A0G4BXZ9_NEIME,0,0,0,0
tr|A0A0G4BY00|A0A0G4BY00_NEIME,0,0,0,0
tr|A0A0G4BY01|A0A0G4BY01_NEIME,0,0,0,0
tr|A0A0G4BY02|A0A0G4BY02_NEIME,0,0,1,0
tr|A0A0G4BY08|A0A0G4BY08_NEIME,1,0,0,0
tr|A0A0G4BY10|A0A0G4BY10_NEIME,0,0,0,0
tr|A0A0G4BY11|A0A0G4BY11_NEIME,0,0,0,0
tr|A0A0G4BY12|A0A0G4BY12_NEIME,1,0,0,0
tr|A0A0G4BY14|A0A0G4BY14_NEIME,0,1,0,0
tr|A0A0G4BY15|A0A0G4BY15_NEIME,1,0,1,1
tr|A0A0G4BY16|A0A0G4BY16_NEIME,0,0,0,0
tr|A0A0G4BY17|A0A0G4BY17_NEIME,0,0,0,0
tr|A0A0G4BY18|A0A0G4BY18_NEIME,0,0,0,0
tr|A0A0G4BY21|A0A0G4BY21_NEIME,0,0,0,0
tr|A0A0G4BY22|A0A0G4BY22_NEIME,0,0,0,0
tr|A0A0G4BY25|A0A0G4BY25_NEIME,0,0,0,0
tr|A0A0G4BY26|A0A0G4BY26_NEIME,0,0,0,0
tr|A0A0G4BY27|A0A0G4BY27_NEIME,1,0,1,1
tr|A0A0G4BY28|A0A0G4BY28_NEIME,0,0,0,0
tr|A0A0G4BY30|A0A0G4BY30_NEIME,1,0,0,0
tr|A0A0G4BY32|A0A0G4BY32_NEIME,1,1,1,1
tr|A0A0G4BY34|A0A0G4BY34_NEIME,0,0,0,0
tr|A0A0G4BY36|A0A0G4BY36_NEIME,1,1,1,1
tr|A0A0G4BY37|A0A0G4BY37_NEIME,0,0,0,0
tr|A0A0G4BY38|A0A0G4BY38_NEIME,0,0,0,0
tr|A0A0G4BY40|A0A0G4BY40_NEIME,0,0,1,0
tr|A0A0G4BY41|A0A0G4BY41_NEIME,0,0,0,0
tr|A0A0G4BY43|A0A0G4BY43_NEIME,0,0,0,0
tr|A0A0G4BY46|A0A0G4BY46_NEIME,1,1,1,1
tr|A0A0G4BY48|A0A0G4BY48_NEIME,1,0,0,0
tr|A0A0G4BY50|A0A0G4BY50_NEIME,1,0,0,0
tr|A0A0G4BY53|A0A0G4BY53_NEIME,0,0,0,0
tr|A0A0G4BY56|A0A0G4BY56_NEIME,1,1,0,1
tr|A0A0G4BY61|A0A0G4BY61_NEIME,1,1,1,1
tr|A0A0G4BY66|A0A0G4BY66_NEIME,0,0,0,0
tr|A0A0G4BY67|A0A0G4BY67_NEIME,1,1,1,1
tr|A0A0G4BY68|A0A0G4BY68_NEIME,0,0,0,0
tr|A0A0G4BY69|A0A0G4BY69_NEIME,1,0,1,1
tr|A0A0G4BY71|A0A0G4BY71_NEIME,0,0,0,0
tr|A0A0G4BY75|A0A0G4BY75_NEIME,0,0,0,0
tr|A0A0G4BY77|A0A0G4BY77_NEIME,0,0,0,0
tr|A0A0G4BY78|A0A0G4BY78_NEIME,0,0,0,0
tr|A0A0G4BY79|A0A0G4BY79_NEIME,0,0,0,0
tr|A0A0G4BY81|A0A0G4BY81_NEIME,0,0,0,0
tr|A0A0G4BY82|A0A0G4BY82_NEIME,0,1,1,1
tr|A0A0G4BY84|A0A0G4BY84_NEIME,0,1,1,1
tr|A0A0G4BY87|A0A0G4BY87_NEIME,0,0,0,0
tr|A0A0G4BY89|A0A0G4BY89_NEIME,0,1,1,1
tr|A0A0G4BY90|A0A0G4BY90_NEIME,0,0,0,0
tr|A0A0G4BY91|A0A0G4BY91_NEIME,0,0,0,0
tr|A0A0G4BY92|A0A0G4BY92_NEIME,0,0,0,0
tr|A0A0G4BY93|A0A0G4BY93_NEIME,0,0,0,0
tr|A0A0G4BY94|A0A0G4BY94_NEIME,0,0,0,0
tr|A0A0G4BY97|A0A0G4BY97_NEIME,0,0,1,0
tr|A0A0G4BYA0|A0A0G4BYA0_NEIME,1,1,1,1
tr|A0A0G4BYA2|A0A0G4BYA2_NEIME,0,0,0,0
tr|A0A0G4BYA3|A0A0G4BYA3_NEIME,0,0,0,0
tr|A0A0G4BYA4|A0A0G4BYA4_NEIME,0,0,0,0
tr|A0A0G4BYA5|A0A0G4BYA5_NEIME,1,0,0,0
tr|A0A0G4BYA7|A0A0G4BYA7_NEIME,1,0,0,0
tr|A0A0G4BYA8|A0A0G4BYA8_NEIME,1,0,0,0
tr|A0A0G4BYB0|A0A0G4BYB0_NEIME,0,0,1,0
tr|A0A0G4BYB8|A0A0G4BYB8_NEIME,1,1,1,1
tr|A0A0G4BYB9|A0A0G4BYB9_NEIME,0,0,0,0
tr|A0A0G4BYC0|A0A0G4BYC0_NEIME,1,0,0,0
tr|A0A0G4BYC2|A0A0G4BYC2_NEIME,0,1,1,1
tr|A0A0G4BYC5|A0A0G4BYC5_NEIME,0,0,0,0
tr|A0A0G4BYC6|A0A0G4BYC6_NEIME,0,0,0,0
tr|A0A0G4BYC7|A0A0G4BYC7_NEIME,0,1,1,1
tr|A0A0G4BYD1|A0A0G4BYD1_NEIME,0,0,0,0
tr|A0A0G4BYD2|A0A0G4BYD2_NEIME,0,1,0,0
tr|A0A0G4BYD4|A0A0G4BYD4_NEIME,0,0,1,0
tr|A0A0G4BYD5|A0A0G4BYD5_NEIME,1,0,1,1
tr|A0A0G4BYD6|A0A0G4BYD6_NEIME,0,0,1,0
tr|A0A0G4BYD7|A0A0G4BYD7_NEIME,1,0,0,0
tr|A0A0G4BYE0|A0A0G4BYE0_NEIME,1,0,0,0
tr|A0A0G4BYE1|A0A0G4BYE1_NEIME,0,0,0,0
tr|A0A0G4BYE2|A0A0G4BYE2_NEIME,0,0,0,0
tr|A0A0G4BYE4|A0A0G4BYE4_NEIME,0,0,0,0
tr|A0A0G4BYE5|A0A0G4BYE5_NEIME,1,0,1,1
tr|A0A0G4BYE6|A0A0G4BYE6_NEIME,0,0,0,0
tr|A0A0G4BYE7|A0A0G4BYE7_NEIME,0,0,0,0
tr|A0A0G4BYE8|A0A0G4BYE8_NEIME,1,1,1,1
tr|A0A0G4BYE9|A0A0G4BYE9_NEIME,1,1,1,1
tr|A0A0G4BYF1|A0A0G4BYF1_NEIME,1,0,0,0
tr|A0A0G4BYF2|A0A0G4BYF2_NEIME,1,1,0,1
tr|A0A0G4BYF6|A0A0G4BYF6_NEIME,0,0,0,0
tr|A0A0G4BYF8|A0A0G4BYF8_NEIME,0,0,0,0
tr|A0A0G4BYF9|A0A0G4BYF9_NEIME,1,1,1,1
tr|A0A0G4BYG0|A0A0G4BYG0_NEIME,0,0,0,0
tr|A0A0G4BYG2|A0A0G4BYG2_NEIME,1,1,1,1
tr|A0A0G4BYG5|A0A0G4BYG5_NEIME,0,1,0,0
tr|A0A0G4BYG8|A0A0G4BYG8_NEIME,0,0,0,0
tr|A0A0G4BYH3|A0A0G4BYH3_NEIME,0,0,0,0
tr|A0A0G4BYH4|A0A0G4BYH4_NEIME,1,0,0,0
tr|A0A0G4BYH5|A0A0G4BYH5_NEIME,0,0,1,0
tr|A0A0G4BYH6|A0A0G4BYH6_NEIME,0,0,0,0
tr|A0A0G4BYH7|A0A0G4BYH7_NEIME,0,0,1,0
tr|A0A0G4BYI1|A0A0G4BYI1_NEIME,0,0,0,0
tr|A0A0G4BYI2|A0A0G4BYI2_NEIME,0,0,0,0
tr|A0A0G4BYI5|A0A0G4BYI5_NEIME,0,1,0,0
tr|A0A0G4BYI8|A0A0G4BYI8_NEIME,1,0,1,1
tr|A0A0G4BYJ2|A0A0G4BYJ2_NEIME,0,0,0,0
tr|A0A0G4BYJ3|A0A0G4BYJ3_NEIME,0,0,0,0
tr|A0A0G4BYJ6|A0A0G4BYJ6_NEIME,1,0,0,0
tr|A0A0G4BYJ7|A0A0G4BYJ7_NEIME,0,0,0,0
tr|A0A0G4BYJ8|A0A0G4BYJ8_NEIME,0,1,0,0
tr|A0A0G4BYJ9|A0A0G4BYJ9_NEIME,1,1,1,1
tr|A0A0G4BYK0|A0A0G4BYK0_NEIME,0,0,1,0
tr|A0A0G4BYK3|A0A0G4BYK3_NEIME,1,0,0,0
tr|A0A0G4BYK4|A0A0G4BYK4_NEIME,1,0,1,1
tr|A0A0G4BYK8|A0A0G4BYK8_NEIME,1,1,1,1
tr|A0A0G4BYK9|A0A0G4BYK9_NEIME,0,0,0,0
tr|A0A0G4BYL0|A0A0G4BYL0_NEIME,1,1,1,1
tr|A0A0G4BYL1|A0A0G4BYL1_NEIME,0,0,0,0
tr|A0A0G4BYL4|A0A0G4BYL4_NEIME,1,1,1,1
tr|A0A0G4BYL5|A0A0G4BYL5_NEIME,0,0,0,0
tr|A0A0G4BYL7|A0A0G4BYL7_NEIME,1,1,1,1
tr|A0A0G4BYL8|A0A0G4BYL8_NEIME,0,0,1,0
tr|A0A0G4BYL9|A0A0G4BYL9_NEIME,0,0,0,0
tr|A0A0G4BYM0|A0A0G4BYM0_NEIME,0,1,1,1
tr|A0A0G4BYM1|A0A0G4BYM1_NEIME,0,0,0,0
tr|A0A0G4BYM2|A0A0G4BYM2_NEIME,1,1,1,1
tr|A0A0G4BYM3|A0A0G4BYM3_NEIME,0,0,0,0
tr|A0A0G4BYM4|A0A0G4BYM4_NEIME,0,1,1,1
tr|A0A0G4BYM6|A0A0G4BYM6_NEIME,1,0,1,1
tr|A0A0G4BYM7|A0A0G4BYM7_NEIME,0,0,0,0
tr|A0A0G4BYM8|A0A0G4BYM8_NEIME,1,0,0,0
tr|A0A0G4BYN1|A0A0G4BYN1_NEIME,1,0,0,0
tr|A0A0G4BYN3|A0A0G4BYN3_NEIME,0,0,0,0
tr|A0A0G4BYN4|A0A0G4BYN4_NEIME,0,0,1,0
tr|A0A0G4BYN5|A0A0G4BYN5_NEIME,0,0,0,0
tr|A0A0G4BYN6|A0A0G4BYN6_NEIME,0,0,0,0
tr|A0A0G4BYN9|A0A0G4BYN9_NEIME,0,1,0,0
tr|A0A0G4BYP1|A0A0G4BYP1_NEIME,0,0,0,0
tr|A0A0G4BYP3|A0A0G4BYP3_NEIME,0,0,0,0
tr|A0A0G4BYP4|A0A0G4BYP4_NEIME,0,0,0,0
tr|A0A0G4BYP5|A0A0G4BYP5_NEIME,1,0,0,0
tr|A0A0G4BYP7|A0A0G4BYP7_NEIME,1,1,0,1
tr|A0A0G4BYP9|A0A0G4BYP9_NEIME,1,0,0,0
tr|A0A0G4BYQ0|A0A0G4BYQ0_NEIME,1,0,0,0
tr|A0A0G4BYQ3|A0A0G4BYQ3_NEIME,0,0,0,0
tr|A0A0G4BYQ4|A0A0G4BYQ4_NEIME,1,1,0,1
tr|A0A0G4BYQ8|A0A0G4BYQ8_NEIME,0,0,0,0
tr|A0A0G4BYQ9|A0A0G4BYQ9_NEIME,0,0,0,0
tr|A0A0G4BYR0|A0A0G4BYR0_NEIME,1,0,1,1
tr|A0A0G4BYR2|A0A0G4BYR2_NEIME,0,0,0,0
tr|A0A0G4BYR4|A0A0G4BYR4_NEIME,1,0,1,1
tr|A0A0G4BYR5|A0A0G4BYR5_NEIME,0,0,0,0
tr|A0A0G4BYR6|A0A0G4BYR6_NEIME,1,0,0,0
tr|A0A0G4BYS0|A0A0G4BYS0_NEIME,1,0,0,0
tr|A0A0G4BYS2|A0A0G4BYS2_NEIME,0,0,0,0
tr|A0A0G4BYS6|A0A0G4BYS6_NEIME,0,0,1,0
tr|A0A0G4BYS8|A0A0G4BYS8_NEIME,1,0,1,1
tr|A0A0G4BYT1|A0A0G4BYT1_NEIME,0,0,0,0
tr|A0A0G4BYT3|A0A0G4BYT3_NEIME,0,0,0,0
tr|A0A0G4BYT6|A0A0G4BYT6_NEIME,0,0,0,0
tr|A0A0G4BYT7|A0A0G4BYT7_NEIME,1,0,0,0
tr|A0A0G4BYU2|A0A0G4BYU2_NEIME,0,0,0,0
tr|A0A0G4BYU3|A0A0G4BYU3_NEIME,0,0,1,0
tr|A0A0G4BYU5|A0A0G4BYU5_NEIME,0,0,0,0
tr|A0A0G4BYU6|A0A0G4BYU6_NEIME,0,0,0,0
tr|A0A0G4BYU7|A0A0G4BYU7_NEIME,0,0,0,0
tr|A0A0G4BYU9|A0A0G4BYU9_NEIME,0,0,0,0
tr|A0A0G4BYV1|A0A0G4BYV1_NEIME,0,0,0,0
tr|A0A0G4BYV2|A0A0G4BYV2_NEIME,1,1,1,1
tr|A0A0G4BYV3|A0A0G4BYV3_NEIME,1,1,0,1
tr|A0A0G4BYV5|A0A0G4BYV5_NEIME,0,1,0,0
tr|A0A0G4BYV8|A0A0G4BYV8_NEIME,1,0,1,1
tr|A0A0G4BYW0|A0A0G4BYW0_NEIME,0,0,0,0
tr|A0A0G4BYW1|A0A0G4BYW1_NEIME,0,0,0,0
tr|A0A0G4BYW2|A0A0G4BYW2_NEIME,1,0,0,0
tr|A0A0G4BYW4|A0A0G4BYW4_NEIME,1,0,0,0
tr|A0A0G4BYW8|A0A0G4BYW8_NEIME,0,0,0,0
tr|A0A0G4BYX0|A0A0G4BYX0_NEIME,0,0,0,0
tr|A0A0G4BYX3|A0A0G4BYX3_NEIME,0,0,0,0
tr|A0A0G4BYX5|A0A0G4BYX5_NEIME,0,0,0,0
tr|A0A0G4BYX6|A0A0G4BYX6_NEIME,0,0,0,0
tr|A0A0G4BYX8|A0A0G4BYX8_NEIME,0,0,0,0
tr|A0A0G4BYY0|A0A0G4BYY0_NEIME,0,0,0,0
tr|A0A0G4BYY1|A0A0G4BYY1_NEIME,0,0,0,0
tr|A0A0G4BYY3|A0A0G4BYY3_NEIME,0,0,0,0
tr|A0A0G4BYY4|A0A0G4BYY4_NEIME,0,0,0,0
tr|A0A0G4BYY5|A0A0G4BYY5_NEIME,0,0,0,0
tr|A0A0G4BYY8|A0A0G4BYY8_NEIME,0,0,0,0
tr|A0A0G4BYZ2|A0A0G4BYZ2_NEIME,0,0,0,0
tr|A0A0G4BYZ3|A0A0G4BYZ3_NEIME,0,1,1,1
tr|A0A0G4BYZ5|A0A0G4BYZ5_NEIME,1,1,1,1
tr|A0A0G4BYZ9|A0A0G4BYZ9_NEIME,0,1,0,0
tr|A0A0G4BZ02|A0A0G4BZ02_NEIME,0,0,0,0
tr|A0A0G4BZ03|A0A0G4BZ03_NEIME,0,0,0,0
tr|A0A0G4BZ04|A0A0G4BZ04_NEIME,0,0,0,0
tr|A0A0G4BZ06|A0A0G4BZ06_NEIME,0,0,1,0
tr|A0A0G4BZ07|A0A0G4BZ07_NEIME,0,0,0,0
tr|A0A0G4BZ11|A0A0G4BZ11_NEIME,1,1,0,1
tr|A0A0G4BZ12|A0A0G4BZ12_NEIME,1,1,1,1
tr|A0A0G4BZ14|A0A0G4BZ14_NEIME,1,0,0,0
tr|A0A0G4BZ15|A0A0G4BZ15_NEIME,0,0,0,0
tr|A0A0G4BZ17|A0A0G4BZ17_NEIME,0,0,0,0
tr|A0A0G4BZ19|A0A0G4BZ19_NEIME,0,0,0,0
tr|A0A0G4BZ20|A0A0G4BZ20_NEIME,1,1,1,1
tr|A0A0G4BZ21|A0A0G4BZ21_NEIME,1,0,0,0
tr|A0A0G4BZ22|A0A0G4BZ22_NEIME,1,0,0,0
tr|A0A0G4BZ24|A0A0G4BZ24_NEIME,0,0,0,0
tr|A0A0G4BZ25|A0A0G4BZ25_NEIME,1,1,1,1
tr|A0A0G4BZ27|A0A0G4BZ27_NEIME,1,1,1,1
tr|A0A0G4BZ28|A0A0G4BZ28_NEIME,1,0,1,1
tr|A0A0G4BZ30|A0A0G4BZ30_NEIME,1,1,0,1
tr|A0A0G4BZ31|A0A0G4BZ31_NEIME,1,1,0,1
tr|A0A0G4BZ32|A0A0G4BZ32_NEIME,1,0,0,0
tr|A0A0G4BZ33|A0A0G4BZ33_NEIME,0,0,0,0
tr|A0A0G4BZ35|A0A0G4BZ35_NEIME,0,0,0,0
tr|A0A0G4BZ36|A0A0G4BZ36_NEIME,1,0,1,1
tr|A0A0G4BZ37|A0A0G4BZ37_NEIME,0,1,0,0
tr|A0A0G4BZ38|A0A0G4BZ38_NEIME,0,1,0,0
tr|A0A0G4BZ40|A0A0G4BZ40_NEIME,0,0,0,0
tr|A0A0G4BZ41|A0A0G4BZ41_NEIME,1,0,0,0
tr|A0A0G4BZ42|A0A0G4BZ42_NEIME,1,1,1,1
tr|A0A0G4BZ43|A0A0G4BZ43_NEIME,0,0,0,0
tr|A0A0G4BZ45|A0A0G4BZ45_NEIME,0,0,0,0
tr|A0A0G4BZ47|A0A0G4BZ47_NEIME,1,0,1,1
tr|A0A0G4BZ48|A0A0G4BZ48_NEIME,1,0,0,0
tr|A0A0G4BZ49|A0A0G4BZ49_NEIME,0,0,0,0
tr|A0A0G4BZ51|A0A0G4BZ51_NEIME,0,0,0,0
tr|A0A0G4BZ55|A0A0G4BZ55_NEIME,1,0,1,1
tr|A0A0G4BZ56|A0A0G4BZ56_NEIME,0,0,0,0
tr|A0A0G4BZ59|A0A0G4BZ59_NEIME,1,0,0,0
tr|A0A0G4BZ60|A0A0G4BZ60_NEIME,0,0,0,0
tr|A0A0G4BZ64|A0A0G4BZ64_NEIME,1,1,0,1
tr|A0A0G4BZ65|A0A0G4BZ65_NEIME,0,1,1,1
tr|A0A0G4BZ67|A0A0G4BZ67_NEIME,0,0,0,0
tr|A0A0G4BZ68|A0A0G4BZ68_NEIME,1,1,1,1
tr|A0A0G4BZ69|A0A0G4BZ69_NEIME,1,1,1,1
tr|A0A0G4BZ70|A0A0G4BZ70_NEIME,0,0,0,0
tr|A0A0G4BZ71|A0A0G4BZ71_NEIME,0,0,0,0
tr|A0A0G4BZ72|A0A0G4BZ72_NEIME,1,0,1,1
tr|A0A0G4BZ73|A0A0G4BZ73_NEIME,1,1,1,1
tr|A0A0G4BZ74|A0A0G4BZ74_NEIME,1,1,1,1
tr|A0A0G4BZ76|A0A0G4BZ76_NEIME,1,0,0,0
tr|A0A0G4BZ81|A0A0G4BZ81_NEIME,0,0,0,0
tr|A0A0G4BZ85|A0A0G4BZ85_NEIME,0,0,0,0
tr|A0A0G4BZ86|A0A0G4BZ86_NEIME,1,1,0,1
tr|A0A0G4BZ88|A0A0G4BZ88_NEIME,1,0,0,0
tr|A0A0G4BZ90|A0A0G4BZ90_NEIME,1,1,1,1
tr|A0A0G4BZ91|A0A0G4BZ91_NEIME,0,0,1,0
tr|A0A0G4BZ93|A0A0G4BZ93_NEIME,1,0,1,1
tr|A0A0G4BZ94|A0A0G4BZ94_NEIME,0,0,0,0
tr|A0A0G4BZ96|A0A0G4BZ96_NEIME,1,1,1,1
tr|A0A0G4BZA1|A0A0G4BZA1_NEIME,0,0,0,0
tr|A0A0G4BZA2|A0A0G4BZA2_NEIME,0,0,0,0
tr|A0A0G4BZA3|A0A0G4BZA3_NEIME,1,0,0,0
tr|A0A0G4BZA4|A0A0G4BZA4_NEIME,1,0,1,1
tr|A0A0G4BZA6|A0A0G4BZA6_NEIME,1,0,0,0
tr|A0A0G4BZA7|A0A0G4BZA7_NEIME,0,0,0,0
tr|A0A0G4BZA8|A0A0G4BZA8_NEIME,0,0,0,0
tr|A0A0G4BZA9|A0A0G4BZA9_NEIME,0,0,0,0
tr|A0A0G4BZB1|A0A0G4BZB1_NEIME,0,0,0,0
tr|A0A0G4BZB2|A0A0G4BZB2_NEIME,0,0,0,0
tr|A0A0G4BZB5|A0A0G4BZB5_NEIME,0,0,0,0
tr|A0A0G4BZB9|A0A0G4BZB9_NEIME,0,0,0,0
tr|A0A0G4BZC0|A0A0G4BZC0_NEIME,0,0,0,0
tr|A0A0G4BZC2|A0A0G4BZC2_NEIME,0,1,1,1
tr|A0A0G4BZC4|A0A0G4BZC4_NEIME,0,0,0,0
tr|A0A0G4BZC7|A0A0G4BZC7_NEIME,0,0,0,0
tr|A0A0G4BZD4|A0A0G4BZD4_NEIME,0,1,1,1
tr|A0A0G4BZD7|A0A0G4BZD7_NEIME,0,0,0,0
tr|A0A0G4BZD8|A0A0G4BZD8_NEIME,1,1,1,1
tr|A0A0G4BZE0|A0A0G4BZE0_NEIME,1,0,0,0
tr|A0A0G4BZE2|A0A0G4BZE2_NEIME,0,0,0,0
tr|A0A0G4BZE3|A0A0G4BZE3_NEIME,0,0,0,0
tr|A0A0G4BZE5|A0A0G4BZE5_NEIME,0,0,0,0
tr|A0A0G4BZE6|A0A0G4BZE6_NEIME,1,0,0,0
tr|A0A0G4BZE7|A0A0G4BZE7_NEIME,0,0,0,0
tr|A0A0G4BZE9|A0A0G4BZE9_NEIME,1,0,0,0
tr|A0A0G4BZF0|A0A0G4BZF0_NEIME,0,1,0,0
tr|A0A0G4BZF1|A0A0G4BZF1_NEIME,1,1,0,1
tr|A0A0G4BZF2|A0A0G4BZF2_NEIME,0,0,0,0
tr|A0A0G4BZF3|A0A0G4BZF3_NEIME,0,0,0,0
tr|A0A0G4BZF4|A0A0G4BZF4_NEIME,0,0,0,0
tr|A0A0G4BZF6|A0A0G4BZF6_NEIME,0,0,1,0
tr|A0A0G4BZF7|A0A0G4BZF7_NEIME,0,0,0,0
tr|A0A0G4BZG0|A0A0G4BZG0_NEIME,0,0,0,0
tr|A0A0G4BZG1|A0A0G4BZG1_NEIME,1,1,1,1
tr|A0A0G4BZG3|A0A0G4BZG3_NEIME,1,1,1,1
tr|A0A0G4BZG5|A0A0G4BZG5_NEIME,0,0,0,0
tr|A0A0G4BZG8|A0A0G4BZG8_NEIME,0,0,1,0
tr|A0A0G4BZH0|A0A0G4BZH0_NEIME,0,1,0,0
tr|A0A0G4BZH2|A0A0G4BZH2_NEIME,0,0,1,0
tr|A0A0G4BZH3|A0A0G4BZH3_NEIME,0,1,0,0
tr|A0A0G4BZH4|A0A0G4BZH4_NEIME,1,1,0,1
tr|A0A0G4BZH5|A0A0G4BZH5_NEIME,0,0,0,0
tr|A0A0G4BZH7|A0A0G4BZH7_NEIME,1,1,1,1
tr|A0A0G4BZH8|A0A0G4BZH8_NEIME,0,1,1,1
tr|A0A0G4BZH9|A0A0G4BZH9_NEIME,1,0,0,0
tr|A0A0G4BZI1|A0A0G4BZI1_NEIME,0,0,0,0
tr|A0A0G4BZI3|A0A0G4BZI3_NEIME,1,0,0,0
tr|A0A0G4BZI7|A0A0G4BZI7_NEIME,1,1,1,1
tr|A0A0G4BZJ0|A0A0G4BZJ0_NEIME,0,0,0,0
tr|A0A0G4BZJ1|A0A0G4BZJ1_NEIME,0,0,0,0
tr|A0A0G4BZJ2|A0A0G4BZJ2_NEIME,0,0,0,0
tr|A0A0G4BZJ4|A0A0G4BZJ4_NEIME,1,0,0,0
tr|A0A0G4BZJ6|A0A0G4BZJ6_NEIME,0,0,0,0
tr|A0A0G4BZJ7|A0A0G4BZJ7_NEIME,1,0,0,0
tr|A0A0G4BZJ8|A0A0G4BZJ8_NEIME,1,0,0,0
tr|A0A0G4BZJ9|A0A0G4BZJ9_NEIME,1,0,1,1
tr|A0A0G4BZK0|A0A0G4BZK0_NEIME,1,1,1,1
tr|A0A0G4BZK1|A0A0G4BZK1_NEIME,0,0,0,0
tr|A0A0G4BZK3|A0A0G4BZK3_NEIME,0,0,0,0
tr|A0A0G4BZK4|A0A0G4BZK4_NEIME,0,0,0,0
tr|A0A0G4BZK6|A0A0G4BZK6_NEIME,0,1,0,0
tr|A0A0G4BZK7|A0A0G4BZK7_NEIME,1,0,1,1
tr|A0A0G4BZL0|A0A0G4BZL0_NEIME,0,0,0,0
tr|A0A0G4BZL4|A0A0G4BZL4_NEIME,0,0,0,0
tr|A0A0G4BZL6|A0A0G4BZL6_NEIME,0,1,0,0
tr|A0A0G4BZL7|A0A0G4BZL7_NEIME,0,0,0,0
tr|A0A0G4BZL9|A0A0G4BZL9_NEIME,0,0,0,0
tr|A0A0G4BZM0|A0A0G4BZM0_NEIME,1,0,0,0
tr|A0A0G4BZM1|A0A0G4BZM1_NEIME,0,0,0,0
tr|A0A0G4BZM2|A0A0G4BZM2_NEIME,1,0,0,0
tr|A0A0G4BZM3|A0A0G4BZM3_NEIME,0,1,1,1
tr|A0A0G4BZM6|A0A0G4BZM6_NEIME,0,0,1,0
tr|A0A0G4BZM8|A0A0G4BZM8_NEIME,1,1,1,1
tr|A0A0G4BZM9|A0A0G4BZM9_NEIME,0,0,0,0
tr|A0A0G4BZN0|A0A0G4BZN0_NEIME,1,1,1,1
tr|A0A0G4BZN1|A0A0G4BZN1_NEIME,0,0,0,0
tr|A0A0G4BZN2|A0A0G4BZN2_NEIME,0,0,0,0
tr|A0A0G4BZN4|A0A0G4BZN4_NEIME,0,0,0,0
tr|A0A0G4BZN5|A0A0G4BZN5_NEIME,0,0,0,0
tr|A0A0G4BZN6|A0A0G4BZN6_NEIME,0,0,0,0
tr|A0A0G4BZN8|A0A0G4BZN8_NEIME,0,1,0,0
tr|A0A0G4BZP0|A0A0G4BZP0_NEIME,1,0,1,1
tr|A0A0G4BZP1|A0A0G4BZP1_NEIME,0,0,0,0
tr|A0A0G4BZP3|A0A0G4BZP3_NEIME,0,0,0,0
tr|A0A0G4BZP8|A0A0G4BZP8_NEIME,0,0,0,0
tr|A0A0G4BZQ0|A0A0G4BZQ0_NEIME,0,0,0,0
tr|A0A0G4BZQ1|A0A0G4BZQ1_NEIME,0,0,0,0
tr|A0A0G4BZQ2|A0A0G4BZQ2_NEIME,1,1,1,1
tr|A0A0G4BZQ3|A0A0G4BZQ3_NEIME,1,1,1,1
tr|A0A0G4BZQ4|A0A0G4BZQ4_NEIME,0,0,1,0
tr|A0A0G4BZQ5|A0A0G4BZQ5_NEIME,1,0,0,0
tr|A0A0G4BZQ7|A0A0G4BZQ7_NEIME,0,0,0,0
tr|A0A0G4BZQ8|A0A0G4BZQ8_NEIME,1,1,1,1
tr|A0A0G4BZQ9|A0A0G4BZQ9_NEIME,0,0,1,0
tr|A0A0G4BZR4|A0A0G4BZR4_NEIME,0,0,0,0
tr|A0A0G4BZR5|A0A0G4BZR5_NEIME,0,0,0,0
tr|A0A0G4BZR6|A0A0G4BZR6_NEIME,0,0,0,0
tr|A0A0G4BZR9|A0A0G4BZR9_NEIME,1,1,1,1
tr|A0A0G4BZS0|A0A0G4BZS0_NEIME,0,0,0,0
tr|A0A0G4BZS1|A0A0G4BZS1_NEIME,0,0,0,0
tr|A0A0G4BZS2|A0A0G4BZS2_NEIME,0,0,0,0
tr|A0A0G4BZS3|A0A0G4BZS3_NEIME,0,0,0,0
tr|A0A0G4BZS5|A0A0G4BZS5_NEIME,1,0,0,0
tr|A0A0G4BZS9|A0A0G4BZS9_NEIME,0,0,0,0
tr|A0A0G4BZT0|A0A0G4BZT0_NEIME,0,0,0,0
tr|A0A0G4BZT1|A0A0G4BZT1_NEIME,0,0,0,0
tr|A0A0G4BZT2|A0A0G4BZT2_NEIME,1,1,1,1
tr|A0A0G4BZT3|A0A0G4BZT3_NEIME,1,0,1,1
tr|A0A0G4BZT4|A0A0G4BZT4_NEIME,0,0,0,0
tr|A0A0G4BZT5|A0A0G4BZT5_NEIME,0,0,0,0
tr|A0A0G4BZT6|A0A0G4BZT6_NEIME,0,0,0,0
tr|A0A0G4BZT7|A0A0G4BZT7_NEIME,0,0,0,0
tr|A0A0G4BZT8|A0A0G4BZT8_NEIME,0,0,0,0
tr|A0A0G4BZT9|A0A0G4BZT9_NEIME,0,0,0,0
tr|A0A0G4BZU0|A0A0G4BZU0_NEIME,1,0,0,0
tr|A0A0G4BZU1|A0A0G4BZU1_NEIME,0,0,0,0
tr|A0A0G4BZU3|A0A0G4BZU3_NEIME,1,0,1,1
tr|A0A0G4BZU4|A0A0G4BZU4_NEIME,0,0,0,0
tr|A0A0G4BZU5|A0A0G4BZU5_NEIME,1,0,1,1
tr|A0A0G4BZU7|A0A0G4BZU7_NEIME,0,0,0,0
tr|A0A0G4BZU8|A0A0G4BZU8_NEIME,0,0,0,0
tr|A0A0G4BZU9|A0A0G4BZU9_NEIME,1,0,0,0
tr|A0A0G4BZV1|A0A0G4BZV1_NEIME,0,0,0,0
tr|A0A0G4BZV2|A0A0G4BZV2_NEIME,0,1,1,1
tr|A0A0G4BZV4|A0A0G4BZV4_NEIME,0,1,1,1
tr|A0A0G4BZV5|A0A0G4BZV5_NEIME,0,0,0,0
tr|A0A0G4BZV6|A0A0G4BZV6_NEIME,1,1,0,1
tr|A0A0G4BZV8|A0A0G4BZV8_NEIME,0,0,0,0
tr|A0A0G4BZV9|A0A0G4BZV9_NEIME,0,0,0,0
tr|A0A0G4BZW1|A0A0G4BZW1_NEIME,0,1,0,0
tr|A0A0G4BZW2|A0A0G4BZW2_NEIME,0,0,0,0
tr|A0A0G4BZW6|A0A0G4BZW6_NEIME,1,1,1,1
tr|A0A0G4BZW7|A0A0G4BZW7_NEIME,0,0,0,0
tr|A0A0G4BZX2|A0A0G4BZX2_NEIME,1,0,0,0
tr|A0A0G4BZX5|A0A0G4BZX5_NEIME,0,0,0,0
tr|A0A0G4BZX6|A0A0G4BZX6_NEIME,0,0,0,0
tr|A0A0G4BZX8|A0A0G4BZX8_NEIME,1,0,0,0
tr|A0A0G4BZX9|A0A0G4BZX9_NEIME,1,1,1,1
tr|A0A0G4BZY2|A0A0G4BZY2_NEIME,1,0,0,0
tr|A0A0G4BZY3|A0A0G4BZY3_NEIME,0,1,0,0
tr|A0A0G4BZY4|A0A0G4BZY4_NEIME,1,1,1,1
tr|A0A0G4BZY5|A0A0G4BZY5_NEIME,0,0,0,0
tr|A0A0G4BZY6|A0A0G4BZY6_NEIME,0,0,0,0
tr|A0A0G4BZY7|A0A0G4BZY7_NEIME,1,1,1,1
tr|A0A0G4BZZ0|A0A0G4BZZ0_NEIME,0,0,1,0
tr|A0A0G4BZZ2|A0A0G4BZZ2_NEIME,0,1,1,1
tr|A0A0G4BZZ5|A0A0G4BZZ5_NEIME,1,0,0,0
tr|A0A0G4BZZ9|A0A0G4BZZ9_NEIME,1,1,1,1
tr|A0A0G4C002|A0A0G4C002_NEIME,1,1,0,1
tr|A0A0G4C003|A0A0G4C003_NEIME,0,0,0,0
tr|A0A0G4C005|A0A0G4C005_NEIME,0,0,0,0
tr|A0A0G4C007|A0A0G4C007_NEIME,1,1,1,1
tr|A0A0G4C008|A0A0G4C008_NEIME,1,1,0,1
tr|A0A0G4C010|A0A0G4C010_NEIME,0,0,0,0
tr|A0A0G4C013|A0A0G4C013_NEIME,0,0,0,0
tr|A0A0G4C014|A0A0G4C014_NEIME,0,0,0,0
tr|A0A0G4C015|A0A0G4C015_NEIME,0,0,0,0
tr|A0A0G4C016|A0A0G4C016_NEIME,0,0,0,0
tr|A0A0G4C017|A0A0G4C017_NEIME,1,1,1,1
tr|A0A0G4C018|A0A0G4C018_NEIME,0,0,0,0
tr|A0A0G4C019|A0A0G4C019_NEIME,0,0,0,0
tr|A0A0G4C020|A0A0G4C020_NEIME,1,0,1,1
tr|A0A0G4C021|A0A0G4C021_NEIME,0,0,0,0
tr|A0A0G4C022|A0A0G4C022_NEIME,0,0,1,0
tr|A0A0G4C023|A0A0G4C023_NEIME,0,0,1,0
tr|A0A0G4C025|A0A0G4C025_NEIME,0,0,1,0
tr|A0A0G4C026|A0A0G4C026_NEIME,1,0,0,0
tr|A0A0G4C027|A0A0G4C027_NEIME,1,0,0,0
tr|A0A0G4C028|A0A0G4C028_NEIME,0,0,0,0
tr|A0A0G4C029|A0A0G4C029_NEIME,0,0,0,0
tr|A0A0G4C030|A0A0G4C030_NEIME,1,0,0,0
tr|A0A0G4C031|A0A0G4C031_NEIME,1,0,1,1
tr|A0A0G4C032|A0A0G4C032_NEIME,0,0,1,0
tr|A0A0G4C033|A0A0G4C033_NEIME,1,0,0,0
tr|A0A0G4C034|A0A0G4C034_NEIME,0,0,1,0
tr|A0A0G4C036|A0A0G4C036_NEIME,0,0,0,0
tr|A0A0G4C038|A0A0G4C038_NEIME,1,0,0,0
tr|A0A0G4C039|A0A0G4C039_NEIME,0,0,1,0
tr|A0A0G4C041|A0A0G4C041_NEIME,1,1,1,1
tr|A0A0G4C042|A0A0G4C042_NEIME,1,1,1,1
tr|A0A0G4C044|A0A0G4C044_NEIME,1,1,1,1
tr|A0A0G4C047|A0A0G4C047_NEIME,0,0,0,0
tr|A0A0G4C052|A0A0G4C052_NEIME,0,0,0,0
tr|A0A0G4C057|A0A0G4C057_NEIME,1,0,0,0
tr|A0A0G4C059|A0A0G4C059_NEIME,1,0,0,0
tr|A0A0G4C060|A0A0G4C060_NEIME,0,0,0,0
tr|A0A0G4C061|A0A0G4C061_NEIME,0,0,0,0
tr|A0A0G4C063|A0A0G4C063_NEIME,0,1,1,1
tr|A0A0G4C064|A0A0G4C064_NEIME,1,0,0,0
tr|A0A0G4C067|A0A0G4C067_NEIME,0,0,0,0
tr|A0A0G4C068|A0A0G4C068_NEIME,0,0,1,0
tr|A0A0G4C069|A0A0G4C069_NEIME,0,0,0,0
tr|A0A0G4C071|A0A0G4C071_NEIME,1,0,1,1
tr|A0A0G4C072|A0A0G4C072_NEIME,1,0,1,1
tr|A0A0G4C073|A0A0G4C073_NEIME,0,0,1,0
tr|A0A0G4C077|A0A0G4C077_NEIME,0,0,0,0
tr|A0A0G4C078|A0A0G4C078_NEIME,1,0,0,0
tr|A0A0G4C080|A0A0G4C080_NEIME,0,0,0,0
tr|A0A0G4C083|A0A0G4C083_NEIME,0,0,0,0
tr|A0A0G4C084|A0A0G4C084_NEIME,1,1,1,1
tr|A0A0G4C086|A0A0G4C086_NEIME,1,0,0,0
tr|A0A0G4C087|A0A0G4C087_NEIME,1,1,1,1
tr|A0A0G4C088|A0A0G4C088_NEIME,1,0,1,1
tr|A0A0G4C089|A0A0G4C089_NEIME,0,0,0,0
tr|A0A0G4C090|A0A0G4C090_NEIME,0,0,0,0
tr|A0A0G4C091|A0A0G4C091_NEIME,0,1,0,0
tr|A0A0G4C093|A0A0G4C093_NEIME,1,1,1,1
tr|A0A0G4C094|A0A0G4C094_NEIME,1,0,1,1
tr|A0A0G4C095|A0A0G4C095_NEIME,1,1,0,1
tr|A0A0G4C096|A0A0G4C096_NEIME,0,0,1,0
tr|A0A0G4C0A0|A0A0G4C0A0_NEIME,0,0,0,0
tr|A0A0G4C0A1|A0A0G4C0A1_NEIME,1,0,1,1
tr|A0A0G4C0A2|A0A0G4C0A2_NEIME,0,1,0,0
tr|A0A0G4C0A3|A0A0G4C0A3_NEIME,1,0,0,0
tr|A0A0G4C0A4|A0A0G4C0A4_NEIME,0,0,1,0
tr|A0A0G4C0A5|A0A0G4C0A5_NEIME,0,1,0,0
tr|A0A0G4C0A6|A0A0G4C0A6_NEIME,0,0,0,0
tr|A0A0G4C0A7|A0A0G4C0A7_NEIME,0,0,0,0
tr|A0A0G4C0A8|A0A0G4C0A8_NEIME,1,0,1,1
tr|A0A0G4C0A9|A0A0G4C0A9_NEIME,0,0,0,0
tr|A0A0G4C0B0|A0A0G4C0B0_NEIME,0,0,0,0
tr|A0A0G4C0B1|A0A0G4C0B1_NEIME,1,1,1,1
tr|A0A0G4C0B4|A0A0G4C0B4_NEIME,1,1,0,1
tr|A0A0G4C0B7|A0A0G4C0B7_NEIME,1,1,1,1
tr|A0A0G4C0B9|A0A0G4C0B9_NEIME,1,0,0,0
tr|A0A0G4C0C0|A0A0G4C0C0_NEIME,1,0,1,1
tr|A0A0G4C0C2|A0A0G4C0C2_NEIME,1,0,0,0
tr|A0A0G4C0C7|A0A0G4C0C7_NEIME,0,0,0,0
tr|A0A0G4C0C8|A0A0G4C0C8_NEIME,0,0,0,0
tr|A0A0G4C0C9|A0A0G4C0C9_NEIME,1,0,0,0
tr|A0A0G4C0D0|A0A0G4C0D0_NEIME,0,0,0,0
tr|A0A0G4C0D1|A0A0G4C0D1_NEIME,0,0,0,0
tr|A0A0G4C0D2|A0A0G4C0D2_NEIME,0,0,0,0
tr|A0A0G4C0D3|A0A0G4C0D3_NEIME,0,0,0,0
tr|A0A0G4C0D4|A0A0G4C0D4_NEIME,0,0,0,0
tr|A0A0G4C0D5|A0A0G4C0D5_NEIME,0,1,0,0
tr|A0A0G4C0D6|A0A0G4C0D6_NEIME,1,1,1,1
tr|A0A0G4C0D8|A0A0G4C0D8_NEIME,1,0,0,0
tr|A0A0G4C0D9|A0A0G4C0D9_NEIME,0,0,0,0
tr|A0A0G4C0E2|A0A0G4C0E2_NEIME,0,0,0,0
tr|A0A0G4C0E4|A0A0G4C0E4_NEIME,0,0,0,0
tr|A0A0G4C0E5|A0A0G4C0E5_NEIME,0,0,0,0
tr|A0A0G4C0E6|A0A0G4C0E6_NEIME,0,0,1,0
tr|A0A0G4C0E7|A0A0G4C0E7_NEIME,1,0,0,0
tr|A0A0G4C0E8|A0A0G4C0E8_NEIME,1,1,1,1
tr|A0A0G4C0F0|A0A0G4C0F0_NEIME,0,0,0,0
tr|A0A0G4C0F1|A0A0G4C0F1_NEIME,1,1,1,1
tr|A0A0G4C0F2|A0A0G4C0F2_NEIME,0,0,0,0
tr|A0A0G4C0F5|A0A0G4C0F5_NEIME,1,1,1,1
tr|A0A0G4C0F6|A0A0G4C0F6_NEIME,0,0,0,0
tr|A0A0G4C0F7|A0A0G4C0F7_NEIME,1,1,1,1
tr|A0A0G4C0F8|A0A0G4C0F8_NEIME,0,0,0,0
tr|A0A0G4C0F9|A0A0G4C0F9_NEIME,0,0,0,0
tr|A0A0G4C0G0|A0A0G4C0G0_NEIME,1,0,1,1
tr|A0A0G4C0G1|A0A0G4C0G1_NEIME,1,0,0,0
tr|A0A0G4C0G2|A0A0G4C0G2_NEIME,0,0,0,0
tr|A0A0G4C0G3|A0A0G4C0G3_NEIME,0,0,0,0
tr|A0A0G4C0G5|A0A0G4C0G5_NEIME,0,0,0,0
tr|A0A0G4C0G6|A0A0G4C0G6_NEIME,0,0,0,0
tr|A0A0G4C0G7|A0A0G4C0G7_NEIME,0,0,0,0
tr|A0A0G4C0G8|A0A0G4C0G8_NEIME,0,0,0,0
tr|A0A0G4C0H0|A0A0G4C0H0_NEIME,0,0,0,0
tr|A0A0G4C0H2|A0A0G4C0H2_NEIME,0,0,0,0
tr|A0A0G4C0H3|A0A0G4C0H3_NEIME,0,0,0,0
tr|A0A0G4C0H4|A0A0G4C0H4_NEIME,0,0,0,0
tr|A0A0G4C0H7|A0A0G4C0H7_NEIME,0,0,0,0
tr|A0A0G4C0H8|A0A0G4C0H8_NEIME,0,0,0,0
tr|A0A0G4C0H9|A0A0G4C0H9_NEIME,0,0,0,0
tr|A0A0G4C0I1|A0A0G4C0I1_NEIME,1,0,0,0
tr|A0A0G4C0I2|A0A0G4C0I2_NEIME,0,0,0,0
tr|A0A0G4C0I3|A0A0G4C0I3_NEIME,0,1,0,0
tr|A0A0G4C0I5|A0A0G4C0I5_NEIME,1,1,1,1
tr|A0A0G4C0I6|A0A0G4C0I6_NEIME,1,1,1,1
tr|A0A0G4C0I7|A0A0G4C0I7_NEIME,1,1,1,1
tr|A0A0G4C0I9|A0A0G4C0I9_NEIME,0,0,0,0
tr|A0A0G4C0J0|A0A0G4C0J0_NEIME,0,0,0,0
tr|A0A0G4C0J1|A0A0G4C0J1_NEIME,1,1,1,1
tr|A0A0G4C0J4|A0A0G4C0J4_NEIME,1,0,0,0
tr|A0A0G4C0J5|A0A0G4C0J5_NEIME,0,0,0,0
tr|A0A0G4C0J7|A0A0G4C0J7_NEIME,0,0,0,0
tr|A0A0G4C0J8|A0A0G4C0J8_NEIME,1,1,1,1
tr|A0A0G4C0J9|A0A0G4C0J9_NEIME,0,0,0,0
tr|A0A0G4C0K0|A0A0G4C0K0_NEIME,0,0,0,0
tr|A0A0G4C0K1|A0A0G4C0K1_NEIME,0,0,0,0
tr|A0A0G4C0K4|A0A0G4C0K4_NEIME,0,0,1,0
tr|A0A0G4C0K5|A0A0G4C0K5_NEIME,0,0,0,0
tr|A0A0G4C0K6|A0A0G4C0K6_NEIME,0,0,0,0
tr|A0A0G4C0K8|A0A0G4C0K8_NEIME,1,0,0,0
tr|A0A0G4C0K9|A0A0G4C0K9_NEIME,1,1,0,1
tr|A0A0G4C0L1|A0A0G4C0L1_NEIME,0,0,0,0
tr|A0A0G4C0L3|A0A0G4C0L3_NEIME,1,0,1,1
tr|A0A0G4C0L4|A0A0G4C0L4_NEIME,1,0,0,0
tr|A0A0G4C0L5|A0A0G4C0L5_NEIME,0,0,0,0
tr|A0A0G4C0L8|A0A0G4C0L8_NEIME,0,1,0,0
tr|A0A0G4C0M1|A0A0G4C0M1_NEIME,0,0,0,0
tr|A0A0G4C0M2|A0A0G4C0M2_NEIME,0,0,0,0
tr|A0A0G4C0M4|A0A0G4C0M4_NEIME,0,0,0,0
tr|A0A0G4C0M7|A0A0G4C0M7_NEIME,0,0,0,0
tr|A0A0G4C0N2|A0A0G4C0N2_NEIME,1,0,0,0
tr|A0A0G4C0N4|A0A0G4C0N4_NEIME,1,0,0,0
tr|A0A0G4C0N6|A0A0G4C0N6_NEIME,0,0,0,0
tr|A0A0G4C0N7|A0A0G4C0N7_NEIME,0,0,0,0
tr|A0A0G4C0N8|A0A0G4C0N8_NEIME,1,0,0,0
tr|A0A0G4C0N9|A0A0G4C0N9_NEIME,0,1,1,1
tr|A0A0G4C0P0|A0A0G4C0P0_NEIME,0,1,0,0
tr|A0A0G4C0P3|A0A0G4C0P3_NEIME,1,0,0,0
tr|A0A0G4C0P6|A0A0G4C0P6_NEIME,0,0,0,0
tr|A0A0G4C0P8|A0A0G4C0P8_NEIME,0,0,1,0
tr|A0A0G4C0P9|A0A0G4C0P9_NEIME,1,1,1,1
tr|A0A0G4C0Q0|A0A0G4C0Q0_NEIME,0,0,1,0
tr|A0A0G4C0Q5|A0A0G4C0Q5_NEIME,0,0,0,0
tr|A0A0G4C0Q6|A0A0G4C0Q6_NEIME,0,0,0,0
tr|A0A0G4C0Q8|A0A0G4C0Q8_NEIME,0,0,0,0
tr|A0A0G4C0R0|A0A0G4C0R0_NEIME,0,0,0,0
tr|A0A0G4C0R5|A0A0G4C0R5_NEIME,1,0,0,0
tr|A0A0G4C0R6|A0A0G4C0R6_NEIME,0,0,0,0
tr|A0A0G4C0R8|A0A0G4C0R8_NEIME,0,1,0,0
tr|A0A0G4C0R9|A0A0G4C0R9_NEIME,0,0,0,0
tr|A0A0G4C0S1|A0A0G4C0S1_NEIME,0,1,1,1
tr|A0A0G4C0S2|A0A0G4C0S2_NEIME,0,0,0,0
tr|A0A0G4C0S3|A0A0G4C0S3_NEIME,0,0,1,0
tr|A0A0G4C0S5|A0A0G4C0S5_NEIME,1,0,0,0
tr|A0A0G4C0S8|A0A0G4C0S8_NEIME,1,1,0,1
tr|A0A0G4C0S9|A0A0G4C0S9_NEIME,0,0,0,0
tr|A0A0G4C0T0|A0A0G4C0T0_NEIME,1,1,1,1
tr|A0A0G4C0T1|A0A0G4C0T1_NEIME,0,0,0,0
tr|A0A0G4C0T2|A0A0G4C0T2_NEIME,1,1,1,1
tr|A0A0G4C0T3|A0A0G4C0T3_NEIME,0,0,1,0
tr|A0A0G4C0T6|A0A0G4C0T6_NEIME,0,0,0,0
tr|A0A0G4C0T7|A0A0G4C0T7_NEIME,1,0,1,1
tr|A0A0G4C0T8|A0A0G4C0T8_NEIME,0,0,1,0
tr|A0A0G4C0T9|A0A0G4C0T9_NEIME,1,0,1,1
tr|A0A0G4C0U0|A0A0G4C0U0_NEIME,0,1,1,1
tr|A0A0G4C0U1|A0A0G4C0U1_NEIME,0,1,1,1
tr|A0A0G4C0U3|A0A0G4C0U3_NEIME,0,0,0,0
tr|A0A0G4C0U4|A0A0G4C0U4_NEIME,1,0,0,0
tr|A0A0G4C0U5|A0A0G4C0U5_NEIME,1,0,1,1
tr|A0A0G4C0U7|A0A0G4C0U7_NEIME,0,0,0,0
tr|A0A0G4C0V1|A0A0G4C0V1_NEIME,1,0,0,0
tr|A0A0G4C0V3|A0A0G4C0V3_NEIME,1,0,0,0
tr|A0A0G4C0V5|A0A0G4C0V5_NEIME,0,0,0,0
tr|A0A0G4C0V6|A0A0G4C0V6_NEIME,0,0,0,0
tr|A0A0G4C0V8|A0A0G4C0V8_NEIME,0,1,0,0
tr|A0A0G4C0W7|A0A0G4C0W7_NEIME,0,0,0,0
tr|A0A0G4C0W8|A0A0G4C0W8_NEIME,1,0,1,1
tr|A0A0G4C0X1|A0A0G4C0X1_NEIME,1,0,0,0
tr|A0A0G4C0X2|A0A0G4C0X2_NEIME,0,0,0,0
tr|A0A0G4C0X6|A0A0G4C0X6_NEIME,0,0,0,0
tr|A0A0G4C0X9|A0A0G4C0X9_NEIME,0,0,0,0
tr|A0A0G4C0Y0|A0A0G4C0Y0_NEIME,0,0,0,0
tr|A0A0G4C0Y4|A0A0G4C0Y4_NEIME,0,0,0,0
tr|A0A0G4C0Y5|A0A0G4C0Y5_NEIME,0,0,0,0
tr|A0A0G4C0Z4|A0A0G4C0Z4_NEIME,0,1,0,0
tr|A0A0G4C0Z6|A0A0G4C0Z6_NEIME,1,0,0,0
tr|A0A0G4C100|A0A0G4C100_NEIME,1,0,0,0
tr|A0A0G4C102|A0A0G4C102_NEIME,1,0,0,0
tr|A0A0G4C107|A0A0G4C107_NEIME,1,0,1,1
tr|A0A0G4C109|A0A0G4C109_NEIME,0,0,1,0
tr|A0A0G4C112|A0A0G4C112_NEIME,0,1,1,1
tr|A0A0G4C114|A0A0G4C114_NEIME,0,0,0,0
tr|A0A0G4C115|A0A0G4C115_NEIME,1,0,1,1
tr|A0A0G4C118|A0A0G4C118_NEIME,0,0,0,0
tr|A0A0G4C119|A0A0G4C119_NEIME,1,0,0,0
tr|A0A0G4C122|A0A0G4C122_NEIME,0,0,0,0
tr|A0A0G4C123|A0A0G4C123_NEIME,1,0,0,0
tr|A0A0G4C124|A0A0G4C124_NEIME,1,0,0,0
tr|A0A0G4C126|A0A0G4C126_NEIME,1,0,1,1
tr|A0A0G4C127|A0A0G4C127_NEIME,1,0,0,0
tr|A0A0G4C128|A0A0G4C128_NEIME,1,0,0,0
tr|A0A0G4C130|A0A0G4C130_NEIME,0,1,0,0
tr|A0A0G4C134|A0A0G4C134_NEIME,0,1,0,0
tr|A0A0G4C137|A0A0G4C137_NEIME,0,0,0,0
tr|A0A0G4C140|A0A0G4C140_NEIME,0,0,1,0
tr|A0A0G4C142|A0A0G4C142_NEIME,0,0,0,0
tr|A0A0G4C143|A0A0G4C143_NEIME,0,0,0,0
tr|A0A0G4C145|A0A0G4C145_NEIME,0,0,0,0
tr|A0A0G4C148|A0A0G4C148_NEIME,1,0,1,1
tr|A0A0G4C150|A0A0G4C150_NEIME,0,0,0,0
tr|A0A0G4C154|A0A0G4C154_NEIME,1,0,1,1
tr|A0A0G4C155|A0A0G4C155_NEIME,1,0,1,1
tr|A0A0G4C159|A0A0G4C159_NEIME,0,0,0,0
tr|A0A0G4C161|A0A0G4C161_NEIME,0,0,0,0
tr|A0A0G4C164|A0A0G4C164_NEIME,1,0,1,1
tr|A0A0G4C166|A0A0G4C166_NEIME,0,1,1,1
tr|A0A0G4C167|A0A0G4C167_NEIME,0,0,0,0
tr|A0A0G4C170|A0A0G4C170_NEIME,1,0,1,1
tr|A0A0G4C172|A0A0G4C172_NEIME,1,0,0,0
tr|A0A0G4C175|A0A0G4C175_NEIME,0,0,0,0
tr|A0A0G4C180|A0A0G4C180_NEIME,0,0,0,0
tr|A0A0G4C182|A0A0G4C182_NEIME,0,0,0,0
tr|A0A0G4C188|A0A0G4C188_NEIME,0,1,1,1
tr|A0A0G4C189|A0A0G4C189_NEIME,1,0,0,0
tr|A0A0G4C194|A0A0G4C194_NEIME,1,1,1,1
tr|A0A0G4C1A9|A0A0G4C1A9_NEIME,0,1,0,0
tr|A0A0G4C1B1|A0A0G4C1B1_NEIME,0,0,0,0
tr|A0A0G4C1B3|A0A0G4C1B3_NEIME,0,1,0,0
tr|A0A0G4C1B6|A0A0G4C1B6_NEIME,0,0,0,0
tr|A0A0G4C1B9|A0A0G4C1B9_NEIME,1,0,0,0
tr|A0A0G4C1C5|A0A0G4C1C5_NEIME,0,0,0,0
tr|A0A0G4C1E0|A0A0G4C1E0_NEIME,0,0,0,0
tr|A0A0G4C1F1|A0A0G4C1F1_NEIME,1,0,0,0
tr|A0A0G4C1F5|A0A0G4C1F5_NEIME,1,0,0,0
tr|A0A0G4C1F9|A0A0G4C1F9_NEIME,1,0,0,0
tr|A0A0G4C1G4|A0A0G4C1G4_NEIME,0,0,0,0
tr|A0A0G4C1H3|A0A0G4C1H3_NEIME,0,0,0,0
tr|A0A0G4C1I1|A0A0G4C1I1_NEIME,0,0,0,0
tr|A0A0G4C1I7|A0A0G4C1I7_NEIME,0,0,0,0
tr|A0A0G4C1J1|A0A0G4C1J1_NEIME,0,0,1,0
tr|A0A0G4C1J2|A0A0G4C1J2_NEIME,0,0,0,0
tr|A0A0G4C1J7|A0A0G4C1J7_NEIME,1,0,0,0
tr|A0A0G4C1K2|A0A0G4C1K2_NEIME,0,0,0,0
tr|A0A0G4C1L0|A0A0G4C1L0_NEIME,0,0,0,0
tr|A0A0G4C1L1|A0A0G4C1L1_NEIME,1,0,0,0
tr|A0A0G4C1L7|A0A0G4C1L7_NEIME,0,0,0,0
tr|A0A0G4C1M2|A0A0G4C1M2_NEIME,0,1,1,1
tr|A0A0G4C1M7|A0A0G4C1M7_NEIME,1,0,1,1
tr|A0A0G4C1N0|A0A0G4C1N0_NEIME,0,0,0,0
tr|A0A0G4C1N3|A0A0G4C1N3_NEIME,1,0,0,0
tr|A0A0G4C1N7|A0A0G4C1N7_NEIME,0,1,1,1
tr|A0A0G4C1N8|A0A0G4C1N8_NEIME,0,0,0,0
tr|A0A0G4C1P1|A0A0G4C1P1_NEIME,0,1,1,1
tr|A0A0G4C1P4|A0A0G4C1P4_NEIME,0,1,0,0
tr|A0A0G4C1Q1|A0A0G4C1Q1_NEIME,1,1,1,1
tr|A0A0G4C1Q5|A0A0G4C1Q5_NEIME,0,0,0,0
tr|A0A0G4C1R1|A0A0G4C1R1_NEIME,0,0,0,0
tr|A0A0G4C1R6|A0A0G4C1R6_NEIME,1,1,1,1
tr|A0A0G4C1T0|A0A0G4C1T0_NEIME,1,0,1,1
tr|A0A0G4C1T4|A0A0G4C1T4_NEIME,1,0,1,1
tr|A0A0G4C1V0|A0A0G4C1V0_NEIME,0,0,0,0
tr|A0A0G4C1V4|A0A0G4C1V4_NEIME,0,0,0,0
tr|A0A0G4C1V8|A0A0G4C1V8_NEIME,1,0,1,1
tr|A0A0G4C1W2|A0A0G4C1W2_NEIME,1,0,1,1
tr|A0A0G4C1W8|A0A0G4C1W8_NEIME,0,0,0,0
tr|A0A0G4C1X3|A0A0G4C1X3_NEIME,1,0,0,0
tr|A0A0G4C1X8|A0A0G4C1X8_NEIME,1,0,0,0
tr|A0A0G4C1Y2|A0A0G4C1Y2_NEIME,1,0,0,0
tr|A0A0G4C1Y5|A0A0G4C1Y5_NEIME,1,0,0,0
tr|A0A0G4C1Z3|A0A0G4C1Z3_NEIME,0,0,0,0
tr|A0A0G4C200|A0A0G4C200_NEIME,1,0,0,0
tr|A0A0G4C205|A0A0G4C205_NEIME,0,0,0,0
tr|A0A0G4C209|A0A0G4C209_NEIME,1,1,0,1
tr|A0A0G4C213|A0A0G4C213_NEIME,0,0,1,0
tr|A0A0G4C217|A0A0G4C217_NEIME,1,1,1,1
tr|A0A0G4C220|A0A0G4C220_NEIME,0,0,1,0
tr|A0A0G4C224|A0A0G4C224_NEIME,0,0,1,0
tr|A0A0G4C228|A0A0G4C228_NEIME,0,0,1,0
tr|A0A0G4C233|A0A0G4C233_NEIME,0,0,0,0
tr|A0A0G4C238|A0A0G4C238_NEIME,1,0,0,0
tr|A0A0G4C243|A0A0G4C243_NEIME,0,1,1,1
tr|A0A0G4C248|A0A0G4C248_NEIME,1,0,0,0
tr|A0A0G4C252|A0A0G4C252_NEIME,0,0,0,0
tr|A0A0G4C258|A0A0G4C258_NEIME,0,0,0,0
tr|A0A0G4C283|A0A0G4C283_NEIME,0,0,0,0
tr|A0A0G4C288|A0A0G4C288_NEIME,1,0,1,1
tr|A0A0G4C2A3|A0A0G4C2A3_NEIME,0,0,0,0
tr|A0A0G4C2C4|A0A0G4C2C4_NEIME,0,0,0,0
tr|A0A0G4C2D6|A0A0G4C2D6_NEIME,1,0,0,0
tr|A0A0G4C2E5|A0A0G4C2E5_NEIME,1,0,0,0
tr|A0A0G4C2F5|A0A0G4C2F5_NEIME,0,0,0,0
tr|A0A0G4C2F8|A0A0G4C2F8_NEIME,1,0,1,1
tr|A0A0G4C2G1|A0A0G4C2G1_NEIME,0,0,0,0
tr|A0A0G4C2H4|A0A0G4C2H4_NEIME,0,1,0,0
tr|A0A0G4C2I7|A0A0G4C2I7_NEIME,0,0,1,0
tr|A0A0G4C2K0|A0A0G4C2K0_NEIME,0,0,0,0
tr|A0A0G4C2K4|A0A0G4C2K4_NEIME,1,1,1,1
tr|A0A0G4C2L4|A0A0G4C2L4_NEIME,1,1,0,1
tr|A0A0G4C2L9|A0A0G4C2L9_NEIME,0,0,0,0
