protein,xgboost,random_subspace,random forest,fuse 2/3
tr|A0A125WC24|A0A125WC24_NEIME,1,0,1,1
tr|A0A125WAL5|A0A125WAL5_NEIME,0,0,0,0
tr|A0A125WAN4|A0A125WAN4_NEIME,0,0,0,0
tr|A0A125WAW2|A0A125WAW2_NEIME,1,0,0,0
tr|A0A125WC78|A0A125WC78_NEIME,0,0,0,0
tr|A0A125WCG0|A0A125WCG0_NEIME,0,0,0,0
tr|A0A125WD54|A0A125WD54_NEIME,0,0,0,0
tr|A0A125WDW2|A0A125WDW2_NEIME,0,0,0,0
tr|A0A125WE01|A0A125WE01_NEIME,0,0,0,0
tr|A0A125WF60|A0A125WF60_NEIME,0,0,0,0
tr|A0A125WFB7|A0A125WFB7_NEIME,0,0,0,0
tr|A0A125WG49|A0A125WG49_NEIME,0,0,0,0
tr|A0A125WA29|A0A125WA29_NEIME,0,0,0,0
tr|A0A125WAD6|A0A125WAD6_NEIME,0,0,0,0
tr|A0A125WAG6|A0A125WAG6_NEIME,0,0,0,0
tr|A0A125WAH6|A0A125WAH6_NEIME,1,1,0,1
tr|A0A125WAL9|A0A125WAL9_NEIME,0,1,0,0
tr|A0A125WAP4|A0A125WAP4_NEIME,1,0,1,1
tr|A0A125WAQ9|A0A125WAQ9_NEIME,0,0,0,0
tr|A0A125WAR7|A0A125WAR7_NEIME,1,0,1,1
tr|A0A125WAS1|A0A125WAS1_NEIME,0,0,1,0
tr|A0A125WAS3|A0A125WAS3_NEIME,0,0,0,0
tr|A0A125WAT3|A0A125WAT3_NEIME,1,1,0,1
tr|A0A125WAU7|A0A125WAU7_NEIME,0,0,0,0
tr|A0A125WAX3|A0A125WAX3_NEIME,0,0,0,0
tr|A0A125WAX4|A0A125WAX4_NEIME,0,0,0,0
tr|A0A125WAY3|A0A125WAY3_NEIME,0,0,0,0
tr|A0A125WAZ2|A0A125WAZ2_NEIME,0,0,0,0
tr|A0A125WB13|A0A125WB13_NEIME,1,0,1,1
tr|A0A125WB18|A0A125WB18_NEIME,0,1,0,0
tr|A0A125WB21|A0A125WB21_NEIME,0,0,0,0
tr|A0A125WB30|A0A125WB30_NEIME,0,0,0,0
tr|A0A125WB39|A0A125WB39_NEIME,0,1,0,0
tr|A0A125WB41|A0A125WB41_NEIME,0,0,0,0
tr|A0A125WB45|A0A125WB45_NEIME,1,0,1,1
tr|A0A125WB92|A0A125WB92_NEIME,0,1,0,0
tr|A0A125WB98|A0A125WB98_NEIME,0,0,0,0
tr|A0A125WBB1|A0A125WBB1_NEIME,0,0,0,0
tr|A0A125WBC7|A0A125WBC7_NEIME,0,0,0,0
tr|A0A125WBD1|A0A125WBD1_NEIME,0,1,0,0
tr|A0A125WBE7|A0A125WBE7_NEIME,0,0,0,0
tr|A0A125WBE8|A0A125WBE8_NEIME,0,1,0,0
tr|A0A125WBE9|A0A125WBE9_NEIME,0,0,0,0
tr|A0A125WBG3|A0A125WBG3_NEIME,0,0,1,0
tr|A0A125WBH2|A0A125WBH2_NEIME,0,0,0,0
tr|A0A125WBH7|A0A125WBH7_NEIME,0,0,0,0
tr|A0A125WBJ3|A0A125WBJ3_NEIME,0,0,0,0
tr|A0A125WBJ7|A0A125WBJ7_NEIME,0,1,1,1
tr|A0A125WBK8|A0A125WBK8_NEIME,0,1,1,1
tr|A0A125WBL5|A0A125WBL5_NEIME,0,0,0,0
tr|A0A125WBM2|A0A125WBM2_NEIME,0,0,0,0
tr|A0A125WBN5|A0A125WBN5_NEIME,0,0,0,0
tr|A0A125WBP2|A0A125WBP2_NEIME,1,0,0,0
tr|A0A125WBQ6|A0A125WBQ6_NEIME,0,0,0,0
tr|A0A125WBR3|A0A125WBR3_NEIME,1,1,0,1
tr|A0A125WBR7|A0A125WBR7_NEIME,0,0,0,0
tr|A0A125WBS1|A0A125WBS1_NEIME,0,0,0,0
tr|A0A125WBS2|A0A125WBS2_NEIME,0,0,0,0
tr|A0A125WBU9|A0A125WBU9_NEIME,0,0,0,0
tr|A0A125WBV3|A0A125WBV3_NEIME,0,0,0,0
tr|A0A125WBW3|A0A125WBW3_NEIME,0,0,0,0
tr|A0A125WBW4|A0A125WBW4_NEIME,0,0,0,0
tr|A0A125WBX5|A0A125WBX5_NEIME,0,0,0,0
tr|A0A125WBY1|A0A125WBY1_NEIME,0,0,0,0
tr|A0A125WBY6|A0A125WBY6_NEIME,1,0,1,1
tr|A0A125WBZ4|A0A125WBZ4_NEIME,1,1,0,1
tr|A0A125WC05|A0A125WC05_NEIME,0,1,1,1
tr|A0A125WC08|A0A125WC08_NEIME,1,0,0,0
tr|A0A125WC10|A0A125WC10_NEIME,0,0,0,0
tr|A0A125WC25|A0A125WC25_NEIME,1,0,0,0
tr|A0A125WC29|A0A125WC29_NEIME,0,0,0,0
tr|A0A125WC34|A0A125WC34_NEIME,0,0,0,0
tr|A0A125WC38|A0A125WC38_NEIME,1,0,1,1
tr|A0A125WC55|A0A125WC55_NEIME,0,0,0,0
tr|A0A125WC58|A0A125WC58_NEIME,0,0,0,0
tr|A0A125WC59|A0A125WC59_NEIME,0,0,0,0
tr|A0A125WC70|A0A125WC70_NEIME,0,0,0,0
tr|A0A125WC73|A0A125WC73_NEIME,0,0,0,0
tr|A0A125WC92|A0A125WC92_NEIME,0,0,0,0
tr|A0A125WC97|A0A125WC97_NEIME,0,0,0,0
tr|A0A125WCA6|A0A125WCA6_NEIME,0,0,0,0
tr|A0A125WCB0|A0A125WCB0_NEIME,0,0,0,0
tr|A0A125WCB3|A0A125WCB3_NEIME,1,0,0,0
tr|A0A125WCC1|A0A125WCC1_NEIME,0,0,0,0
tr|A0A125WCC5|A0A125WCC5_NEIME,1,0,1,1
tr|A0A125WCC7|A0A125WCC7_NEIME,0,0,0,0
tr|A0A125WCD0|A0A125WCD0_NEIME,0,0,0,0
tr|A0A125WCE3|A0A125WCE3_NEIME,0,0,0,0
tr|A0A125WCE4|A0A125WCE4_NEIME,1,0,0,0
tr|A0A125WCE7|A0A125WCE7_NEIME,1,0,0,0
tr|A0A125WCF0|A0A125WCF0_NEIME,0,0,0,0
tr|A0A125WCF8|A0A125WCF8_NEIME,0,0,0,0
tr|A0A125WCH9|A0A125WCH9_NEIME,0,0,0,0
tr|A0A125WCI7|A0A125WCI7_NEIME,0,0,0,0
tr|A0A125WCK9|A0A125WCK9_NEIME,1,0,0,0
tr|A0A125WCP1|A0A125WCP1_NEIME,0,0,0,0
tr|A0A125WCP5|A0A125WCP5_NEIME,0,0,0,0
tr|A0A125WCQ7|A0A125WCQ7_NEIME,0,1,0,0
tr|A0A125WCR2|A0A125WCR2_NEIME,0,0,0,0
tr|A0A125WCS5|A0A125WCS5_NEIME,1,1,1,1
tr|A0A125WCT8|A0A125WCT8_NEIME,0,0,0,0
tr|A0A125WCV4|A0A125WCV4_NEIME,0,0,0,0
tr|A0A125WCV5|A0A125WCV5_NEIME,0,0,0,0
tr|A0A125WCW0|A0A125WCW0_NEIME,0,1,1,1
tr|A0A125WCW3|A0A125WCW3_NEIME,0,0,0,0
tr|A0A125WCW6|A0A125WCW6_NEIME,0,0,0,0
tr|A0A125WCW8|A0A125WCW8_NEIME,0,0,0,0
tr|A0A125WCX2|A0A125WCX2_NEIME,0,0,0,0
tr|A0A125WCX5|A0A125WCX5_NEIME,0,0,0,0
tr|A0A125WCX7|A0A125WCX7_NEIME,0,0,0,0
tr|A0A125WCY6|A0A125WCY6_NEIME,0,0,0,0
tr|A0A125WCZ0|A0A125WCZ0_NEIME,0,0,0,0
tr|A0A125WCZ1|A0A125WCZ1_NEIME,1,0,1,1
tr|A0A125WCZ4|A0A125WCZ4_NEIME,0,0,0,0
tr|A0A125WD05|A0A125WD05_NEIME,0,1,0,0
tr|A0A125WD06|A0A125WD06_NEIME,0,1,0,0
tr|A0A125WD17|A0A125WD17_NEIME,0,0,0,0
tr|A0A125WD32|A0A125WD32_NEIME,0,0,0,0
tr|A0A125WD34|A0A125WD34_NEIME,0,0,0,0
tr|A0A125WD36|A0A125WD36_NEIME,0,0,0,0
tr|A0A125WD42|A0A125WD42_NEIME,0,0,0,0
tr|A0A125WD47|A0A125WD47_NEIME,0,0,0,0
tr|A0A125WD50|A0A125WD50_NEIME,0,1,0,0
tr|A0A125WD52|A0A125WD52_NEIME,0,0,0,0
tr|A0A125WD57|A0A125WD57_NEIME,0,0,0,0
tr|A0A125WD79|A0A125WD79_NEIME,0,0,0,0
tr|A0A125WD93|A0A125WD93_NEIME,0,0,0,0
tr|A0A125WDA8|A0A125WDA8_NEIME,0,0,1,0
tr|A0A125WDC5|A0A125WDC5_NEIME,0,0,0,0
tr|A0A125WDC9|A0A125WDC9_NEIME,0,0,0,0
tr|A0A125WDD1|A0A125WDD1_NEIME,0,0,0,0
tr|A0A125WDD5|A0A125WDD5_NEIME,0,0,0,0
tr|A0A125WDD9|A0A125WDD9_NEIME,0,0,0,0
tr|A0A125WDE4|A0A125WDE4_NEIME,0,1,0,0
tr|A0A125WDE8|A0A125WDE8_NEIME,0,0,0,0
tr|A0A125WDF6|A0A125WDF6_NEIME,0,0,0,0
tr|A0A125WDG4|A0A125WDG4_NEIME,0,1,0,0
tr|A0A125WDH2|A0A125WDH2_NEIME,1,0,0,0
tr|A0A125WDH6|A0A125WDH6_NEIME,0,0,0,0
tr|A0A125WDI9|A0A125WDI9_NEIME,0,0,0,0
tr|A0A125WDJ0|A0A125WDJ0_NEIME,1,1,1,1
tr|A0A125WDK7|A0A125WDK7_NEIME,1,0,0,0
tr|A0A125WDL6|A0A125WDL6_NEIME,0,0,0,0
tr|A0A125WDN7|A0A125WDN7_NEIME,0,0,0,0
tr|A0A125WDP8|A0A125WDP8_NEIME,0,0,0,0
tr|A0A125WDS4|A0A125WDS4_NEIME,0,0,0,0
tr|A0A125WDS7|A0A125WDS7_NEIME,0,0,0,0
tr|A0A125WDT4|A0A125WDT4_NEIME,0,0,0,0
tr|A0A125WDT6|A0A125WDT6_NEIME,0,0,0,0
tr|A0A125WDV4|A0A125WDV4_NEIME,0,0,0,0
tr|A0A125WDV7|A0A125WDV7_NEIME,0,0,0,0
tr|A0A125WDX1|A0A125WDX1_NEIME,0,0,0,0
tr|A0A125WDX7|A0A125WDX7_NEIME,0,0,0,0
tr|A0A125WDY3|A0A125WDY3_NEIME,0,0,0,0
tr|A0A125WDY4|A0A125WDY4_NEIME,0,0,0,0
tr|A0A125WDZ5|A0A125WDZ5_NEIME,0,0,0,0
tr|A0A125WDZ7|A0A125WDZ7_NEIME,0,0,0,0
tr|A0A125WE00|A0A125WE00_NEIME,0,0,0,0
tr|A0A125WE13|A0A125WE13_NEIME,0,0,0,0
tr|A0A125WE16|A0A125WE16_NEIME,0,0,0,0
tr|A0A125WE26|A0A125WE26_NEIME,0,0,0,0
tr|A0A125WE28|A0A125WE28_NEIME,0,0,0,0
tr|A0A125WE29|A0A125WE29_NEIME,1,0,0,0
tr|A0A125WE35|A0A125WE35_NEIME,0,0,0,0
tr|A0A125WE46|A0A125WE46_NEIME,1,1,1,1
tr|A0A125WE50|A0A125WE50_NEIME,0,0,0,0
tr|A0A125WE52|A0A125WE52_NEIME,0,0,0,0
tr|A0A125WE62|A0A125WE62_NEIME,0,0,0,0
tr|A0A125WE77|A0A125WE77_NEIME,0,0,0,0
tr|A0A125WE82|A0A125WE82_NEIME,1,1,0,1
tr|A0A125WE97|A0A125WE97_NEIME,0,0,0,0
tr|A0A125WEA5|A0A125WEA5_NEIME,0,0,0,0
tr|A0A125WEB5|A0A125WEB5_NEIME,0,0,0,0
tr|A0A125WEC8|A0A125WEC8_NEIME,0,0,0,0
tr|A0A125WED3|A0A125WED3_NEIME,1,1,0,1
tr|A0A125WEE0|A0A125WEE0_NEIME,1,0,0,0
tr|A0A125WEE1|A0A125WEE1_NEIME,0,0,0,0
tr|A0A125WEF4|A0A125WEF4_NEIME,0,1,0,0
tr|A0A125WEF5|A0A125WEF5_NEIME,0,0,0,0
tr|A0A125WEG0|A0A125WEG0_NEIME,0,0,0,0
tr|A0A125WEI2|A0A125WEI2_NEIME,0,0,0,0
tr|A0A125WEI7|A0A125WEI7_NEIME,0,1,0,0
tr|A0A125WEI9|A0A125WEI9_NEIME,0,0,0,0
tr|A0A125WEJ0|A0A125WEJ0_NEIME,0,0,0,0
tr|A0A125WEJ1|A0A125WEJ1_NEIME,0,0,0,0
tr|A0A125WEJ8|A0A125WEJ8_NEIME,0,0,0,0
tr|A0A125WEL4|A0A125WEL4_NEIME,0,0,0,0
tr|A0A125WEL6|A0A125WEL6_NEIME,0,0,0,0
tr|A0A125WEL9|A0A125WEL9_NEIME,1,1,1,1
tr|A0A125WEM5|A0A125WEM5_NEIME,0,0,0,0
tr|A0A125WEN2|A0A125WEN2_NEIME,0,1,1,1
tr|A0A125WEP0|A0A125WEP0_NEIME,0,0,0,0
tr|A0A125WEP1|A0A125WEP1_NEIME,0,0,0,0
tr|A0A125WEQ9|A0A125WEQ9_NEIME,0,0,0,0
tr|A0A125WER2|A0A125WER2_NEIME,0,0,0,0
tr|A0A125WET0|A0A125WET0_NEIME,1,1,1,1
tr|A0A125WET7|A0A125WET7_NEIME,0,0,0,0
tr|A0A125WEU9|A0A125WEU9_NEIME,0,0,0,0
tr|A0A125WEV3|A0A125WEV3_NEIME,1,0,1,1
tr|A0A125WEV5|A0A125WEV5_NEIME,0,1,0,0
tr|A0A125WF11|A0A125WF11_NEIME,0,0,0,0
tr|A0A125WF17|A0A125WF17_NEIME,0,0,0,0
tr|A0A125WF43|A0A125WF43_NEIME,0,0,0,0
tr|A0A125WF45|A0A125WF45_NEIME,0,0,0,0
tr|A0A125WF50|A0A125WF50_NEIME,0,0,0,0
tr|A0A125WF51|A0A125WF51_NEIME,0,0,0,0
tr|A0A125WF53|A0A125WF53_NEIME,0,0,0,0
tr|A0A125WF63|A0A125WF63_NEIME,0,0,0,0
tr|A0A125WF73|A0A125WF73_NEIME,0,0,1,0
tr|A0A125WF84|A0A125WF84_NEIME,1,1,1,1
tr|A0A125WF87|A0A125WF87_NEIME,0,0,0,0
tr|A0A125WF92|A0A125WF92_NEIME,0,0,0,0
tr|A0A125WFA2|A0A125WFA2_NEIME,0,0,0,0
tr|A0A125WFA8|A0A125WFA8_NEIME,1,0,0,0
tr|A0A125WFA9|A0A125WFA9_NEIME,1,0,0,0
tr|A0A125WFB1|A0A125WFB1_NEIME,0,0,0,0
tr|A0A125WFC1|A0A125WFC1_NEIME,0,0,0,0
tr|A0A125WFC4|A0A125WFC4_NEIME,0,0,0,0
tr|A0A125WFC7|A0A125WFC7_NEIME,0,1,0,0
tr|A0A125WFD2|A0A125WFD2_NEIME,1,0,0,0
tr|A0A125WFD8|A0A125WFD8_NEIME,0,0,0,0
tr|A0A125WFD9|A0A125WFD9_NEIME,0,0,0,0
tr|A0A125WFE8|A0A125WFE8_NEIME,1,1,1,1
tr|A0A125WFG0|A0A125WFG0_NEIME,0,0,0,0
tr|A0A125WFH0|A0A125WFH0_NEIME,0,0,0,0
tr|A0A125WFH6|A0A125WFH6_NEIME,0,0,0,0
tr|A0A125WFH8|A0A125WFH8_NEIME,0,0,0,0
tr|A0A125WFI1|A0A125WFI1_NEIME,0,1,1,1
tr|A0A125WFJ4|A0A125WFJ4_NEIME,0,0,0,0
tr|A0A125WFJ9|A0A125WFJ9_NEIME,0,1,0,0
tr|A0A125WFK4|A0A125WFK4_NEIME,1,1,1,1
tr|A0A125WFL4|A0A125WFL4_NEIME,0,0,0,0
tr|A0A125WFM0|A0A125WFM0_NEIME,0,0,0,0
tr|A0A125WFM1|A0A125WFM1_NEIME,0,0,1,0
tr|A0A125WFM2|A0A125WFM2_NEIME,0,0,0,0
tr|A0A125WFM3|A0A125WFM3_NEIME,0,0,0,0
tr|A0A125WFN4|A0A125WFN4_NEIME,1,1,0,1
tr|A0A125WFP0|A0A125WFP0_NEIME,0,0,0,0
tr|A0A125WFP9|A0A125WFP9_NEIME,0,0,0,0
tr|A0A125WFQ2|A0A125WFQ2_NEIME,0,0,0,0
tr|A0A125WFS5|A0A125WFS5_NEIME,0,0,0,0
tr|A0A125WFT8|A0A125WFT8_NEIME,1,1,0,1
tr|A0A125WFU2|A0A125WFU2_NEIME,0,0,0,0
tr|A0A125WFU6|A0A125WFU6_NEIME,0,0,0,0
tr|A0A125WFW7|A0A125WFW7_NEIME,1,0,0,0
tr|A0A125WFW9|A0A125WFW9_NEIME,1,0,1,1
tr|A0A125WG05|A0A125WG05_NEIME,0,1,0,0
tr|A0A125WG15|A0A125WG15_NEIME,0,0,0,0
tr|A0A125WG22|A0A125WG22_NEIME,0,0,0,0
tr|A0A125WG54|A0A125WG54_NEIME,0,0,0,0
tr|A0A125WG61|A0A125WG61_NEIME,1,1,1,1
tr|A0A125WG93|A0A125WG93_NEIME,0,0,0,0
tr|A0A125WG99|A0A125WG99_NEIME,0,0,0,0
tr|A0A125WGC3|A0A125WGC3_NEIME,0,0,0,0
tr|A0A125WGE6|A0A125WGE6_NEIME,0,0,0,0
tr|A0A125W9Z2|A0A125W9Z2_NEIME,1,0,0,0
tr|A0A125WA02|A0A125WA02_NEIME,1,0,1,1
tr|A0A125WA21|A0A125WA21_NEIME,0,0,0,0
tr|A0A125WA40|A0A125WA40_NEIME,1,1,0,1
tr|A0A125WA73|A0A125WA73_NEIME,0,1,1,1
tr|A0A125WAA2|A0A125WAA2_NEIME,0,0,0,0
tr|A0A125WAF7|A0A125WAF7_NEIME,0,0,0,0
tr|A0A125WAH4|A0A125WAH4_NEIME,0,0,0,0
tr|A0A125WAI3|A0A125WAI3_NEIME,0,0,0,0
tr|A0A125WAI8|A0A125WAI8_NEIME,0,0,0,0
tr|A0A125WAJ3|A0A125WAJ3_NEIME,0,0,0,0
tr|A0A125WAJ5|A0A125WAJ5_NEIME,1,0,0,0
tr|A0A125WAM5|A0A125WAM5_NEIME,0,0,1,0
tr|A0A125WAM7|A0A125WAM7_NEIME,0,0,0,0
tr|A0A125WAM9|A0A125WAM9_NEIME,0,0,0,0
tr|A0A125WAN5|A0A125WAN5_NEIME,0,0,0,0
tr|A0A125WAN6|A0A125WAN6_NEIME,0,0,0,0
tr|A0A125WAP2|A0A125WAP2_NEIME,0,0,0,0
tr|A0A125WAP5|A0A125WAP5_NEIME,0,0,0,0
tr|A0A125WAQ5|A0A125WAQ5_NEIME,1,0,0,0
tr|A0A125WAQ6|A0A125WAQ6_NEIME,1,0,0,0
tr|A0A125WAS7|A0A125WAS7_NEIME,0,0,0,0
tr|A0A125WAS9|A0A125WAS9_NEIME,0,0,0,0
tr|A0A125WAT0|A0A125WAT0_NEIME,0,0,0,0
tr|A0A125WAT4|A0A125WAT4_NEIME,1,0,0,0
tr|A0A125WAT5|A0A125WAT5_NEIME,0,0,0,0
tr|A0A125WAT6|A0A125WAT6_NEIME,1,1,1,1
tr|A0A125WAT7|A0A125WAT7_NEIME,0,0,0,0
tr|A0A125WAU1|A0A125WAU1_NEIME,1,1,1,1
tr|A0A125WAV6|A0A125WAV6_NEIME,1,1,1,1
tr|A0A125WAV7|A0A125WAV7_NEIME,0,0,0,0
tr|A0A125WAW0|A0A125WAW0_NEIME,0,0,0,0
tr|A0A125WAY0|A0A125WAY0_NEIME,0,0,0,0
tr|A0A125WAY4|A0A125WAY4_NEIME,1,1,1,1
tr|A0A125WAY9|A0A125WAY9_NEIME,0,1,0,0
tr|A0A125WAZ1|A0A125WAZ1_NEIME,0,0,0,0
tr|A0A125WAZ4|A0A125WAZ4_NEIME,1,1,1,1
tr|A0A125WAZ6|A0A125WAZ6_NEIME,0,1,1,1
tr|A0A125WB06|A0A125WB06_NEIME,0,0,0,0
tr|A0A125WB09|A0A125WB09_NEIME,0,0,0,0
tr|A0A125WB22|A0A125WB22_NEIME,0,0,0,0
tr|A0A125WB27|A0A125WB27_NEIME,1,1,1,1
tr|A0A125WB31|A0A125WB31_NEIME,0,0,0,0
tr|A0A125WB33|A0A125WB33_NEIME,0,0,0,0
tr|A0A125WB40|A0A125WB40_NEIME,1,0,0,0
tr|A0A125WB42|A0A125WB42_NEIME,0,0,0,0
tr|A0A125WB47|A0A125WB47_NEIME,0,0,0,0
tr|A0A125WB51|A0A125WB51_NEIME,0,0,0,0
tr|A0A125WB52|A0A125WB52_NEIME,1,0,1,1
tr|A0A125WB54|A0A125WB54_NEIME,1,1,1,1
tr|A0A125WB57|A0A125WB57_NEIME,0,0,0,0
tr|A0A125WB59|A0A125WB59_NEIME,0,0,0,0
tr|A0A125WB61|A0A125WB61_NEIME,0,0,0,0
tr|A0A125WB68|A0A125WB68_NEIME,0,1,0,0
tr|A0A125WB78|A0A125WB78_NEIME,0,0,0,0
tr|A0A125WB89|A0A125WB89_NEIME,0,0,0,0
tr|A0A125WB99|A0A125WB99_NEIME,0,0,0,0
tr|A0A125WBA0|A0A125WBA0_NEIME,0,0,0,0
tr|A0A125WBA3|A0A125WBA3_NEIME,0,0,1,0
tr|A0A125WBA5|A0A125WBA5_NEIME,1,1,0,1
tr|A0A125WBB3|A0A125WBB3_NEIME,1,0,0,0
tr|A0A125WBB5|A0A125WBB5_NEIME,0,0,0,0
tr|A0A125WBB6|A0A125WBB6_NEIME,0,0,0,0
tr|A0A125WBC0|A0A125WBC0_NEIME,0,0,1,0
tr|A0A125WBC1|A0A125WBC1_NEIME,1,0,0,0
tr|A0A125WBC4|A0A125WBC4_NEIME,0,0,0,0
tr|A0A125WBC6|A0A125WBC6_NEIME,0,1,0,0
tr|A0A125WBC9|A0A125WBC9_NEIME,0,1,1,1
tr|A0A125WBD0|A0A125WBD0_NEIME,1,1,1,1
tr|A0A125WBD2|A0A125WBD2_NEIME,0,0,0,0
tr|A0A125WBD5|A0A125WBD5_NEIME,1,0,0,0
tr|A0A125WBE4|A0A125WBE4_NEIME,0,0,0,0
tr|A0A125WBE6|A0A125WBE6_NEIME,0,0,0,0
tr|A0A125WBF2|A0A125WBF2_NEIME,0,0,0,0
tr|A0A125WBF3|A0A125WBF3_NEIME,1,1,1,1
tr|A0A125WBF6|A0A125WBF6_NEIME,0,0,0,0
tr|A0A125WBF8|A0A125WBF8_NEIME,0,1,0,0
tr|A0A125WBG1|A0A125WBG1_NEIME,0,0,0,0
tr|A0A125WBG8|A0A125WBG8_NEIME,0,0,0,0
tr|A0A125WBH5|A0A125WBH5_NEIME,0,0,0,0
tr|A0A125WBI3|A0A125WBI3_NEIME,0,0,0,0
tr|A0A125WBI4|A0A125WBI4_NEIME,0,0,0,0
tr|A0A125WBI6|A0A125WBI6_NEIME,0,0,0,0
tr|A0A125WBJ6|A0A125WBJ6_NEIME,0,0,0,0
tr|A0A125WBK5|A0A125WBK5_NEIME,0,0,0,0
tr|A0A125WBK7|A0A125WBK7_NEIME,0,0,0,0
tr|A0A125WBL0|A0A125WBL0_NEIME,0,0,0,0
tr|A0A125WBL4|A0A125WBL4_NEIME,0,1,0,0
tr|A0A125WBL6|A0A125WBL6_NEIME,0,0,0,0
tr|A0A125WBM7|A0A125WBM7_NEIME,0,0,0,0
tr|A0A125WBM9|A0A125WBM9_NEIME,0,0,0,0
tr|A0A125WBN4|A0A125WBN4_NEIME,1,0,0,0
tr|A0A125WBN8|A0A125WBN8_NEIME,0,0,0,0
tr|A0A125WBP1|A0A125WBP1_NEIME,0,0,0,0
tr|A0A125WBP5|A0A125WBP5_NEIME,0,0,0,0
tr|A0A125WBQ8|A0A125WBQ8_NEIME,1,1,1,1
tr|A0A125WBQ9|A0A125WBQ9_NEIME,0,1,0,0
tr|A0A125WBR4|A0A125WBR4_NEIME,1,1,1,1
tr|A0A125WBR9|A0A125WBR9_NEIME,0,0,0,0
tr|A0A125WBS8|A0A125WBS8_NEIME,0,0,1,0
tr|A0A125WBT0|A0A125WBT0_NEIME,0,1,1,1
tr|A0A125WBT5|A0A125WBT5_NEIME,1,1,1,1
tr|A0A125WBU3|A0A125WBU3_NEIME,0,0,1,0
tr|A0A125WBV0|A0A125WBV0_NEIME,0,0,0,0
tr|A0A125WBV6|A0A125WBV6_NEIME,0,0,0,0
tr|A0A125WBW0|A0A125WBW0_NEIME,0,0,0,0
tr|A0A125WBW2|A0A125WBW2_NEIME,0,0,0,0
tr|A0A125WBW9|A0A125WBW9_NEIME,0,0,0,0
tr|A0A125WBX6|A0A125WBX6_NEIME,0,0,0,0
tr|A0A125WBX7|A0A125WBX7_NEIME,0,0,0,0
tr|A0A125WBY4|A0A125WBY4_NEIME,0,0,0,0
tr|A0A125WBY5|A0A125WBY5_NEIME,1,1,1,1
tr|A0A125WBZ3|A0A125WBZ3_NEIME,0,0,0,0
tr|A0A125WBZ8|A0A125WBZ8_NEIME,0,0,0,0
tr|A0A125WBZ9|A0A125WBZ9_NEIME,0,0,0,0
tr|A0A125WC04|A0A125WC04_NEIME,0,0,0,0
tr|A0A125WC07|A0A125WC07_NEIME,0,0,0,0
tr|A0A125WC14|A0A125WC14_NEIME,1,0,1,1
tr|A0A125WC17|A0A125WC17_NEIME,1,1,1,1
tr|A0A125WC20|A0A125WC20_NEIME,0,0,0,0
tr|A0A125WC21|A0A125WC21_NEIME,1,1,1,1
tr|A0A125WC31|A0A125WC31_NEIME,0,1,0,0
tr|A0A125WC39|A0A125WC39_NEIME,1,1,0,1
tr|A0A125WC41|A0A125WC41_NEIME,0,0,0,0
tr|A0A125WC43|A0A125WC43_NEIME,1,0,0,0
tr|A0A125WC51|A0A125WC51_NEIME,0,0,0,0
tr|A0A125WC53|A0A125WC53_NEIME,0,0,0,0
tr|A0A125WC60|A0A125WC60_NEIME,1,0,0,0
tr|A0A125WC64|A0A125WC64_NEIME,0,0,0,0
tr|A0A125WC71|A0A125WC71_NEIME,0,0,0,0
tr|A0A125WC72|A0A125WC72_NEIME,0,0,0,0
tr|A0A125WC74|A0A125WC74_NEIME,1,0,0,0
tr|A0A125WC77|A0A125WC77_NEIME,1,0,0,0
tr|A0A125WC86|A0A125WC86_NEIME,1,0,1,1
tr|A0A125WC88|A0A125WC88_NEIME,1,1,1,1
tr|A0A125WC98|A0A125WC98_NEIME,0,0,0,0
tr|A0A125WC99|A0A125WC99_NEIME,0,0,0,0
tr|A0A125WCA7|A0A125WCA7_NEIME,0,0,0,0
tr|A0A125WCB2|A0A125WCB2_NEIME,1,1,1,1
tr|A0A125WCB8|A0A125WCB8_NEIME,1,1,1,1
tr|A0A125WCC8|A0A125WCC8_NEIME,0,0,0,0
tr|A0A125WCD9|A0A125WCD9_NEIME,0,0,0,0
tr|A0A125WCE6|A0A125WCE6_NEIME,1,0,1,1
tr|A0A125WCE9|A0A125WCE9_NEIME,0,0,0,0
tr|A0A125WCF4|A0A125WCF4_NEIME,0,0,0,0
tr|A0A125WCF5|A0A125WCF5_NEIME,0,0,0,0
tr|A0A125WCF7|A0A125WCF7_NEIME,0,0,0,0
tr|A0A125WCH3|A0A125WCH3_NEIME,0,0,0,0
tr|A0A125WCH4|A0A125WCH4_NEIME,1,0,0,0
tr|A0A125WCH5|A0A125WCH5_NEIME,0,0,0,0
tr|A0A125WCI8|A0A125WCI8_NEIME,0,0,0,0
tr|A0A125WCJ7|A0A125WCJ7_NEIME,0,0,0,0
tr|A0A125WCK0|A0A125WCK0_NEIME,1,0,1,1
tr|A0A125WCL5|A0A125WCL5_NEIME,1,0,1,1
tr|A0A125WCL7|A0A125WCL7_NEIME,0,0,0,0
tr|A0A125WCL8|A0A125WCL8_NEIME,0,0,0,0
tr|A0A125WCM5|A0A125WCM5_NEIME,0,0,0,0
tr|A0A125WCM6|A0A125WCM6_NEIME,0,0,0,0
tr|A0A125WCN2|A0A125WCN2_NEIME,1,0,1,1
tr|A0A125WCN3|A0A125WCN3_NEIME,1,1,1,1
tr|A0A125WCP3|A0A125WCP3_NEIME,0,0,0,0
tr|A0A125WCP4|A0A125WCP4_NEIME,0,0,0,0
tr|A0A125WCP8|A0A125WCP8_NEIME,1,0,0,0
tr|A0A125WCQ1|A0A125WCQ1_NEIME,0,0,0,0
tr|A0A125WCQ2|A0A125WCQ2_NEIME,0,0,1,0
tr|A0A125WCQ3|A0A125WCQ3_NEIME,0,0,0,0
tr|A0A125WCQ4|A0A125WCQ4_NEIME,0,0,0,0
tr|A0A125WCR4|A0A125WCR4_NEIME,0,1,0,0
tr|A0A125WCR8|A0A125WCR8_NEIME,0,0,0,0
tr|A0A125WCS1|A0A125WCS1_NEIME,1,0,0,0
tr|A0A125WCS3|A0A125WCS3_NEIME,0,0,0,0
tr|A0A125WCS9|A0A125WCS9_NEIME,0,1,0,0
tr|A0A125WCT4|A0A125WCT4_NEIME,0,0,0,0
tr|A0A125WCU2|A0A125WCU2_NEIME,1,0,0,0
tr|A0A125WCU9|A0A125WCU9_NEIME,0,0,0,0
tr|A0A125WCV1|A0A125WCV1_NEIME,0,0,0,0
tr|A0A125WCV8|A0A125WCV8_NEIME,0,0,0,0
tr|A0A125WCX4|A0A125WCX4_NEIME,0,1,0,0
tr|A0A125WCY2|A0A125WCY2_NEIME,1,0,0,0
tr|A0A125WCZ8|A0A125WCZ8_NEIME,0,0,0,0
tr|A0A125WD07|A0A125WD07_NEIME,1,0,1,1
tr|A0A125WD12|A0A125WD12_NEIME,0,0,1,0
tr|A0A125WD14|A0A125WD14_NEIME,1,0,0,0
tr|A0A125WD18|A0A125WD18_NEIME,1,0,0,0
tr|A0A125WD23|A0A125WD23_NEIME,0,0,0,0
tr|A0A125WD26|A0A125WD26_NEIME,0,1,0,0
tr|A0A125WD27|A0A125WD27_NEIME,0,0,0,0
tr|A0A125WD31|A0A125WD31_NEIME,0,0,0,0
tr|A0A125WD33|A0A125WD33_NEIME,0,0,0,0
tr|A0A125WD40|A0A125WD40_NEIME,0,0,0,0
tr|A0A125WD43|A0A125WD43_NEIME,0,0,0,0
tr|A0A125WD44|A0A125WD44_NEIME,0,0,0,0
tr|A0A125WD48|A0A125WD48_NEIME,1,1,1,1
tr|A0A125WD49|A0A125WD49_NEIME,0,0,0,0
tr|A0A125WD58|A0A125WD58_NEIME,0,1,1,1
tr|A0A125WD61|A0A125WD61_NEIME,0,0,0,0
tr|A0A125WD63|A0A125WD63_NEIME,0,0,0,0
tr|A0A125WD64|A0A125WD64_NEIME,0,1,0,0
tr|A0A125WD65|A0A125WD65_NEIME,0,0,0,0
tr|A0A125WD69|A0A125WD69_NEIME,0,0,0,0
tr|A0A125WD76|A0A125WD76_NEIME,0,0,0,0
tr|A0A125WD78|A0A125WD78_NEIME,0,0,0,0
tr|A0A125WD82|A0A125WD82_NEIME,0,0,0,0
tr|A0A125WD83|A0A125WD83_NEIME,0,0,0,0
tr|A0A125WD87|A0A125WD87_NEIME,1,0,0,0
tr|A0A125WD90|A0A125WD90_NEIME,1,0,0,0
tr|A0A125WD91|A0A125WD91_NEIME,1,0,0,0
tr|A0A125WD94|A0A125WD94_NEIME,0,0,0,0
tr|A0A125WDA0|A0A125WDA0_NEIME,0,0,0,0
tr|A0A125WDA1|A0A125WDA1_NEIME,0,0,0,0
tr|A0A125WDA2|A0A125WDA2_NEIME,1,0,0,0
tr|A0A125WDA6|A0A125WDA6_NEIME,1,0,1,1
tr|A0A125WDA9|A0A125WDA9_NEIME,0,0,0,0
tr|A0A125WDB2|A0A125WDB2_NEIME,0,0,0,0
tr|A0A125WDB5|A0A125WDB5_NEIME,0,0,0,0
tr|A0A125WDC0|A0A125WDC0_NEIME,0,0,0,0
tr|A0A125WDC8|A0A125WDC8_NEIME,1,0,0,0
tr|A0A125WDD2|A0A125WDD2_NEIME,1,0,0,0
tr|A0A125WDD4|A0A125WDD4_NEIME,1,0,0,0
tr|A0A125WDD6|A0A125WDD6_NEIME,0,0,0,0
tr|A0A125WDD7|A0A125WDD7_NEIME,0,0,0,0
tr|A0A125WDE0|A0A125WDE0_NEIME,0,0,0,0
tr|A0A125WDE1|A0A125WDE1_NEIME,0,0,0,0
tr|A0A125WDE2|A0A125WDE2_NEIME,1,0,1,1
tr|A0A125WDE3|A0A125WDE3_NEIME,0,0,0,0
tr|A0A125WDF2|A0A125WDF2_NEIME,0,0,0,0
tr|A0A125WDF3|A0A125WDF3_NEIME,0,0,0,0
tr|A0A125WDF4|A0A125WDF4_NEIME,0,0,0,0
tr|A0A125WDF8|A0A125WDF8_NEIME,0,0,0,0
tr|A0A125WDF9|A0A125WDF9_NEIME,0,0,0,0
tr|A0A125WDG8|A0A125WDG8_NEIME,0,1,1,1
tr|A0A125WDH1|A0A125WDH1_NEIME,0,0,0,0
tr|A0A125WDH5|A0A125WDH5_NEIME,0,0,1,0
tr|A0A125WDH7|A0A125WDH7_NEIME,0,0,1,0
tr|A0A125WDH9|A0A125WDH9_NEIME,0,0,0,0
tr|A0A125WDI0|A0A125WDI0_NEIME,0,0,0,0
tr|A0A125WDI2|A0A125WDI2_NEIME,1,0,1,1
tr|A0A125WDI3|A0A125WDI3_NEIME,0,0,1,0
tr|A0A125WDI4|A0A125WDI4_NEIME,0,0,0,0
tr|A0A125WDI5|A0A125WDI5_NEIME,0,1,0,0
tr|A0A125WDI6|A0A125WDI6_NEIME,0,0,0,0
tr|A0A125WDI7|A0A125WDI7_NEIME,0,0,0,0
tr|A0A125WDJ2|A0A125WDJ2_NEIME,0,0,1,0
tr|A0A125WDJ6|A0A125WDJ6_NEIME,1,1,0,1
tr|A0A125WDK5|A0A125WDK5_NEIME,0,0,0,0
tr|A0A125WDK8|A0A125WDK8_NEIME,0,0,0,0
tr|A0A125WDK9|A0A125WDK9_NEIME,1,1,1,1
tr|A0A125WDL0|A0A125WDL0_NEIME,0,0,0,0
tr|A0A125WDL2|A0A125WDL2_NEIME,1,1,1,1
tr|A0A125WDL5|A0A125WDL5_NEIME,0,0,0,0
tr|A0A125WDL9|A0A125WDL9_NEIME,0,0,0,0
tr|A0A125WDM1|A0A125WDM1_NEIME,0,1,1,1
tr|A0A125WDM3|A0A125WDM3_NEIME,1,0,1,1
tr|A0A125WDM5|A0A125WDM5_NEIME,0,1,0,0
tr|A0A125WDM7|A0A125WDM7_NEIME,1,0,1,1
tr|A0A125WDN0|A0A125WDN0_NEIME,0,0,0,0
tr|A0A125WDN4|A0A125WDN4_NEIME,0,1,0,0
tr|A0A125WDN8|A0A125WDN8_NEIME,0,0,0,0
tr|A0A125WDP0|A0A125WDP0_NEIME,1,1,0,1
tr|A0A125WDP1|A0A125WDP1_NEIME,0,0,0,0
tr|A0A125WDP3|A0A125WDP3_NEIME,1,0,0,0
tr|A0A125WDP5|A0A125WDP5_NEIME,0,0,0,0
tr|A0A125WDQ1|A0A125WDQ1_NEIME,0,0,0,0
tr|A0A125WDQ3|A0A125WDQ3_NEIME,0,1,1,1
tr|A0A125WDQ7|A0A125WDQ7_NEIME,0,0,0,0
tr|A0A125WDQ8|A0A125WDQ8_NEIME,0,0,0,0
tr|A0A125WDR2|A0A125WDR2_NEIME,1,1,0,1
tr|A0A125WDR5|A0A125WDR5_NEIME,0,0,0,0
tr|A0A125WDS0|A0A125WDS0_NEIME,0,0,0,0
tr|A0A125WDS5|A0A125WDS5_NEIME,0,0,0,0
tr|A0A125WDS9|A0A125WDS9_NEIME,1,0,0,0
tr|A0A125WDT0|A0A125WDT0_NEIME,0,0,0,0
tr|A0A125WDT1|A0A125WDT1_NEIME,0,1,0,0
tr|A0A125WDT2|A0A125WDT2_NEIME,1,0,0,0
tr|A0A125WDT3|A0A125WDT3_NEIME,0,0,0,0
tr|A0A125WDT7|A0A125WDT7_NEIME,1,1,1,1
tr|A0A125WDU0|A0A125WDU0_NEIME,0,0,0,0
tr|A0A125WDU2|A0A125WDU2_NEIME,0,0,0,0
tr|A0A125WDU6|A0A125WDU6_NEIME,0,1,1,1
tr|A0A125WDU8|A0A125WDU8_NEIME,0,0,0,0
tr|A0A125WDU9|A0A125WDU9_NEIME,0,0,0,0
tr|A0A125WDV1|A0A125WDV1_NEIME,0,0,0,0
tr|A0A125WDV8|A0A125WDV8_NEIME,1,0,0,0
tr|A0A125WDV9|A0A125WDV9_NEIME,0,0,0,0
tr|A0A125WDW3|A0A125WDW3_NEIME,1,1,1,1
tr|A0A125WDW6|A0A125WDW6_NEIME,0,0,0,0
tr|A0A125WDW7|A0A125WDW7_NEIME,0,0,0,0
tr|A0A125WDX6|A0A125WDX6_NEIME,0,0,0,0
tr|A0A125WDX9|A0A125WDX9_NEIME,0,0,0,0
tr|A0A125WDY5|A0A125WDY5_NEIME,0,1,0,0
tr|A0A125WDZ2|A0A125WDZ2_NEIME,0,0,0,0
tr|A0A125WDZ6|A0A125WDZ6_NEIME,0,0,0,0
tr|A0A125WDZ8|A0A125WDZ8_NEIME,0,0,0,0
tr|A0A125WE02|A0A125WE02_NEIME,0,0,0,0
tr|A0A125WE03|A0A125WE03_NEIME,0,0,0,0
tr|A0A125WE08|A0A125WE08_NEIME,0,1,0,0
tr|A0A125WE24|A0A125WE24_NEIME,0,0,0,0
tr|A0A125WE25|A0A125WE25_NEIME,0,0,0,0
tr|A0A125WE31|A0A125WE31_NEIME,1,1,1,1
tr|A0A125WE33|A0A125WE33_NEIME,0,0,0,0
tr|A0A125WE37|A0A125WE37_NEIME,0,0,0,0
tr|A0A125WE38|A0A125WE38_NEIME,0,0,0,0
tr|A0A125WE39|A0A125WE39_NEIME,0,0,0,0
tr|A0A125WE54|A0A125WE54_NEIME,0,0,0,0
tr|A0A125WE56|A0A125WE56_NEIME,1,0,0,0
tr|A0A125WE58|A0A125WE58_NEIME,0,0,1,0
tr|A0A125WE63|A0A125WE63_NEIME,0,1,0,0
tr|A0A125WE65|A0A125WE65_NEIME,0,0,0,0
tr|A0A125WE67|A0A125WE67_NEIME,0,0,0,0
tr|A0A125WE70|A0A125WE70_NEIME,0,0,0,0
tr|A0A125WE76|A0A125WE76_NEIME,0,1,0,0
tr|A0A125WE85|A0A125WE85_NEIME,0,0,0,0
tr|A0A125WE93|A0A125WE93_NEIME,1,1,1,1
tr|A0A125WE96|A0A125WE96_NEIME,1,0,0,0
tr|A0A125WEA7|A0A125WEA7_NEIME,1,0,0,0
tr|A0A125WEB9|A0A125WEB9_NEIME,0,0,0,0
tr|A0A125WEC5|A0A125WEC5_NEIME,0,0,0,0
tr|A0A125WEC9|A0A125WEC9_NEIME,0,0,0,0
tr|A0A125WED5|A0A125WED5_NEIME,0,0,0,0
tr|A0A125WED6|A0A125WED6_NEIME,0,0,0,0
tr|A0A125WED9|A0A125WED9_NEIME,0,0,0,0
tr|A0A125WEE9|A0A125WEE9_NEIME,0,0,1,0
tr|A0A125WEF0|A0A125WEF0_NEIME,0,0,0,0
tr|A0A125WEF6|A0A125WEF6_NEIME,0,0,0,0
tr|A0A125WEF9|A0A125WEF9_NEIME,0,0,0,0
tr|A0A125WEG6|A0A125WEG6_NEIME,0,0,0,0
tr|A0A125WEH1|A0A125WEH1_NEIME,1,0,1,1
tr|A0A125WEH3|A0A125WEH3_NEIME,0,1,0,0
tr|A0A125WEH6|A0A125WEH6_NEIME,0,1,0,0
tr|A0A125WEH7|A0A125WEH7_NEIME,0,0,0,0
tr|A0A125WEI0|A0A125WEI0_NEIME,0,0,0,0
tr|A0A125WEI1|A0A125WEI1_NEIME,1,1,1,1
tr|A0A125WEJ3|A0A125WEJ3_NEIME,1,0,1,1
tr|A0A125WEK0|A0A125WEK0_NEIME,0,0,1,0
tr|A0A125WEK3|A0A125WEK3_NEIME,0,0,0,0
tr|A0A125WEM1|A0A125WEM1_NEIME,0,0,0,0
tr|A0A125WEM7|A0A125WEM7_NEIME,1,1,1,1
tr|A0A125WEM8|A0A125WEM8_NEIME,1,1,1,1
tr|A0A125WEM9|A0A125WEM9_NEIME,0,1,0,0
tr|A0A125WEN1|A0A125WEN1_NEIME,1,0,0,0
tr|A0A125WEN9|A0A125WEN9_NEIME,0,0,0,0
tr|A0A125WEP4|A0A125WEP4_NEIME,0,1,0,0
tr|A0A125WEP5|A0A125WEP5_NEIME,0,0,0,0
tr|A0A125WEP9|A0A125WEP9_NEIME,0,0,0,0
tr|A0A125WEQ2|A0A125WEQ2_NEIME,0,0,0,0
tr|A0A125WEQ3|A0A125WEQ3_NEIME,0,0,0,0
tr|A0A125WER5|A0A125WER5_NEIME,0,0,0,0
tr|A0A125WER6|A0A125WER6_NEIME,0,0,0,0
tr|A0A125WER7|A0A125WER7_NEIME,0,0,1,0
tr|A0A125WER8|A0A125WER8_NEIME,0,0,0,0
tr|A0A125WES5|A0A125WES5_NEIME,0,0,0,0
tr|A0A125WES9|A0A125WES9_NEIME,0,0,0,0
tr|A0A125WET6|A0A125WET6_NEIME,0,0,0,0
tr|A0A125WET8|A0A125WET8_NEIME,1,0,1,1
tr|A0A125WEU0|A0A125WEU0_NEIME,1,1,1,1
tr|A0A125WEU5|A0A125WEU5_NEIME,0,1,0,0
tr|A0A125WEV2|A0A125WEV2_NEIME,0,0,0,0
tr|A0A125WEV6|A0A125WEV6_NEIME,0,0,0,0
tr|A0A125WEV7|A0A125WEV7_NEIME,1,0,0,0
tr|A0A125WEV9|A0A125WEV9_NEIME,1,0,1,1
tr|A0A125WEW0|A0A125WEW0_NEIME,0,0,0,0
tr|A0A125WEW4|A0A125WEW4_NEIME,1,0,0,0
tr|A0A125WEW5|A0A125WEW5_NEIME,0,0,0,0
tr|A0A125WEW9|A0A125WEW9_NEIME,1,0,1,1
tr|A0A125WEX0|A0A125WEX0_NEIME,0,0,0,0
tr|A0A125WEX1|A0A125WEX1_NEIME,0,0,0,0
tr|A0A125WEX2|A0A125WEX2_NEIME,0,1,1,1
tr|A0A125WEX7|A0A125WEX7_NEIME,0,0,0,0
tr|A0A125WEX9|A0A125WEX9_NEIME,1,0,1,1
tr|A0A125WEY0|A0A125WEY0_NEIME,1,0,1,1
tr|A0A125WEY5|A0A125WEY5_NEIME,0,0,0,0
tr|A0A125WEY6|A0A125WEY6_NEIME,1,1,1,1
tr|A0A125WEY8|A0A125WEY8_NEIME,0,1,1,1
tr|A0A125WEY9|A0A125WEY9_NEIME,0,0,0,0
tr|A0A125WEZ1|A0A125WEZ1_NEIME,0,0,0,0
tr|A0A125WEZ4|A0A125WEZ4_NEIME,1,1,1,1
tr|A0A125WEZ5|A0A125WEZ5_NEIME,0,1,0,0
tr|A0A125WEZ6|A0A125WEZ6_NEIME,0,0,0,0
tr|A0A125WEZ7|A0A125WEZ7_NEIME,0,0,0,0
tr|A0A125WF03|A0A125WF03_NEIME,0,0,0,0
tr|A0A125WF05|A0A125WF05_NEIME,0,0,0,0
tr|A0A125WF06|A0A125WF06_NEIME,0,0,0,0
tr|A0A125WF07|A0A125WF07_NEIME,1,0,0,0
tr|A0A125WF12|A0A125WF12_NEIME,0,0,0,0
tr|A0A125WF13|A0A125WF13_NEIME,1,0,0,0
tr|A0A125WF14|A0A125WF14_NEIME,0,0,0,0
tr|A0A125WF16|A0A125WF16_NEIME,1,1,1,1
tr|A0A125WF22|A0A125WF22_NEIME,1,0,0,0
tr|A0A125WF23|A0A125WF23_NEIME,1,0,0,0
tr|A0A125WF24|A0A125WF24_NEIME,1,1,1,1
tr|A0A125WF25|A0A125WF25_NEIME,1,0,0,0
tr|A0A125WF26|A0A125WF26_NEIME,1,1,1,1
tr|A0A125WF29|A0A125WF29_NEIME,0,1,1,1
tr|A0A125WF33|A0A125WF33_NEIME,1,0,0,0
tr|A0A125WF34|A0A125WF34_NEIME,0,0,0,0
tr|A0A125WF38|A0A125WF38_NEIME,0,0,0,0
tr|A0A125WF46|A0A125WF46_NEIME,0,1,0,0
tr|A0A125WF54|A0A125WF54_NEIME,0,0,0,0
tr|A0A125WF56|A0A125WF56_NEIME,1,0,0,0
tr|A0A125WF61|A0A125WF61_NEIME,0,0,0,0
tr|A0A125WF64|A0A125WF64_NEIME,0,0,0,0
tr|A0A125WF66|A0A125WF66_NEIME,0,0,0,0
tr|A0A125WF67|A0A125WF67_NEIME,0,0,0,0
tr|A0A125WF85|A0A125WF85_NEIME,0,0,0,0
tr|A0A125WF86|A0A125WF86_NEIME,1,0,0,0
tr|A0A125WF88|A0A125WF88_NEIME,1,1,1,1
tr|A0A125WF89|A0A125WF89_NEIME,0,0,0,0
tr|A0A125WF94|A0A125WF94_NEIME,0,0,0,0
tr|A0A125WF95|A0A125WF95_NEIME,0,0,0,0
tr|A0A125WF97|A0A125WF97_NEIME,0,0,0,0
tr|A0A125WF99|A0A125WF99_NEIME,0,0,0,0
tr|A0A125WFA0|A0A125WFA0_NEIME,0,0,0,0
tr|A0A125WFA4|A0A125WFA4_NEIME,0,0,0,0
tr|A0A125WFA7|A0A125WFA7_NEIME,1,0,1,1
tr|A0A125WFB3|A0A125WFB3_NEIME,1,0,1,1
tr|A0A125WFC0|A0A125WFC0_NEIME,0,0,0,0
tr|A0A125WFC2|A0A125WFC2_NEIME,0,0,0,0
tr|A0A125WFC9|A0A125WFC9_NEIME,0,0,0,0
tr|A0A125WFD0|A0A125WFD0_NEIME,0,0,0,0
tr|A0A125WFD1|A0A125WFD1_NEIME,0,0,0,0
tr|A0A125WFD7|A0A125WFD7_NEIME,0,1,0,0
tr|A0A125WFE1|A0A125WFE1_NEIME,0,0,0,0
tr|A0A125WFE2|A0A125WFE2_NEIME,0,0,0,0
tr|A0A125WFE5|A0A125WFE5_NEIME,1,1,0,1
tr|A0A125WFE6|A0A125WFE6_NEIME,0,1,0,0
tr|A0A125WFF1|A0A125WFF1_NEIME,0,0,0,0
tr|A0A125WFF2|A0A125WFF2_NEIME,0,1,0,0
tr|A0A125WFF3|A0A125WFF3_NEIME,0,0,0,0
tr|A0A125WFF6|A0A125WFF6_NEIME,0,0,0,0
tr|A0A125WFF8|A0A125WFF8_NEIME,0,0,0,0
tr|A0A125WFF9|A0A125WFF9_NEIME,0,0,0,0
tr|A0A125WFG2|A0A125WFG2_NEIME,0,0,0,0
tr|A0A125WFG5|A0A125WFG5_NEIME,0,0,0,0
tr|A0A125WFG6|A0A125WFG6_NEIME,0,0,0,0
tr|A0A125WFG7|A0A125WFG7_NEIME,0,1,0,0
tr|A0A125WFH7|A0A125WFH7_NEIME,1,1,0,1
tr|A0A125WFI4|A0A125WFI4_NEIME,1,1,1,1
tr|A0A125WFI6|A0A125WFI6_NEIME,0,0,0,0
tr|A0A125WFI7|A0A125WFI7_NEIME,1,0,0,0
tr|A0A125WFI8|A0A125WFI8_NEIME,0,1,1,1
tr|A0A125WFJ0|A0A125WFJ0_NEIME,0,0,0,0
tr|A0A125WFJ1|A0A125WFJ1_NEIME,0,0,0,0
tr|A0A125WFJ2|A0A125WFJ2_NEIME,1,0,1,1
tr|A0A125WFJ3|A0A125WFJ3_NEIME,0,0,0,0
tr|A0A125WFJ5|A0A125WFJ5_NEIME,0,1,0,0
tr|A0A125WFJ7|A0A125WFJ7_NEIME,1,1,1,1
tr|A0A125WFK6|A0A125WFK6_NEIME,0,1,0,0
tr|A0A125WFK9|A0A125WFK9_NEIME,0,0,0,0
tr|A0A125WFL5|A0A125WFL5_NEIME,0,0,0,0
tr|A0A125WFL8|A0A125WFL8_NEIME,0,0,1,0
tr|A0A125WFL9|A0A125WFL9_NEIME,1,1,0,1
tr|A0A125WFM4|A0A125WFM4_NEIME,1,0,1,1
tr|A0A125WFM5|A0A125WFM5_NEIME,0,0,0,0
tr|A0A125WFM7|A0A125WFM7_NEIME,0,0,0,0
tr|A0A125WFM8|A0A125WFM8_NEIME,0,0,0,0
tr|A0A125WFM9|A0A125WFM9_NEIME,0,1,0,0
tr|A0A125WFN0|A0A125WFN0_NEIME,0,0,0,0
tr|A0A125WFN1|A0A125WFN1_NEIME,0,1,0,0
tr|A0A125WFN3|A0A125WFN3_NEIME,1,1,0,1
tr|A0A125WFN5|A0A125WFN5_NEIME,0,1,1,1
tr|A0A125WFN6|A0A125WFN6_NEIME,0,0,0,0
tr|A0A125WFN7|A0A125WFN7_NEIME,0,0,0,0
tr|A0A125WFN8|A0A125WFN8_NEIME,0,1,0,0
tr|A0A125WFP1|A0A125WFP1_NEIME,0,0,0,0
tr|A0A125WFP2|A0A125WFP2_NEIME,0,1,0,0
tr|A0A125WFP4|A0A125WFP4_NEIME,0,0,0,0
tr|A0A125WFP5|A0A125WFP5_NEIME,0,0,0,0
tr|A0A125WFP6|A0A125WFP6_NEIME,0,0,0,0
tr|A0A125WFQ0|A0A125WFQ0_NEIME,0,0,0,0
tr|A0A125WFQ1|A0A125WFQ1_NEIME,0,0,0,0
tr|A0A125WFQ3|A0A125WFQ3_NEIME,0,0,0,0
tr|A0A125WFQ5|A0A125WFQ5_NEIME,1,0,1,1
tr|A0A125WFQ6|A0A125WFQ6_NEIME,0,0,0,0
tr|A0A125WFQ7|A0A125WFQ7_NEIME,1,0,0,0
tr|A0A125WFR0|A0A125WFR0_NEIME,0,1,0,0
tr|A0A125WFR1|A0A125WFR1_NEIME,0,0,0,0
tr|A0A125WFR2|A0A125WFR2_NEIME,0,0,0,0
tr|A0A125WFR7|A0A125WFR7_NEIME,1,0,0,0
tr|A0A125WFR9|A0A125WFR9_NEIME,0,1,1,1
tr|A0A125WFS2|A0A125WFS2_NEIME,0,0,0,0
tr|A0A125WFS3|A0A125WFS3_NEIME,0,0,0,0
tr|A0A125WFS4|A0A125WFS4_NEIME,1,1,1,1
tr|A0A125WFS6|A0A125WFS6_NEIME,0,0,0,0
tr|A0A125WFS9|A0A125WFS9_NEIME,0,0,1,0
tr|A0A125WFT0|A0A125WFT0_NEIME,0,0,0,0
tr|A0A125WFT2|A0A125WFT2_NEIME,0,0,0,0
tr|A0A125WFT4|A0A125WFT4_NEIME,1,0,0,0
tr|A0A125WFT6|A0A125WFT6_NEIME,0,0,0,0
tr|A0A125WFT7|A0A125WFT7_NEIME,0,0,0,0
tr|A0A125WFU0|A0A125WFU0_NEIME,0,0,0,0
tr|A0A125WFU1|A0A125WFU1_NEIME,0,0,0,0
tr|A0A125WFV0|A0A125WFV0_NEIME,0,0,0,0
tr|A0A125WFV6|A0A125WFV6_NEIME,1,1,1,1
tr|A0A125WFV7|A0A125WFV7_NEIME,0,0,0,0
tr|A0A125WFV9|A0A125WFV9_NEIME,0,0,0,0
tr|A0A125WFW2|A0A125WFW2_NEIME,0,0,0,0
tr|A0A125WFW4|A0A125WFW4_NEIME,0,0,0,0
tr|A0A125WFX0|A0A125WFX0_NEIME,0,0,0,0
tr|A0A125WFX2|A0A125WFX2_NEIME,1,0,1,1
tr|A0A125WFX3|A0A125WFX3_NEIME,0,0,0,0
tr|A0A125WFY0|A0A125WFY0_NEIME,0,0,0,0
tr|A0A125WFY6|A0A125WFY6_NEIME,1,1,1,1
tr|A0A125WFY9|A0A125WFY9_NEIME,0,0,0,0
tr|A0A125WFZ3|A0A125WFZ3_NEIME,1,0,0,0
tr|A0A125WFZ4|A0A125WFZ4_NEIME,0,0,0,0
tr|A0A125WFZ6|A0A125WFZ6_NEIME,1,1,1,1
tr|A0A125WFZ9|A0A125WFZ9_NEIME,0,0,0,0
tr|A0A125WG03|A0A125WG03_NEIME,0,1,0,0
tr|A0A125WG04|A0A125WG04_NEIME,0,0,0,0
tr|A0A125WG06|A0A125WG06_NEIME,0,0,0,0
tr|A0A125WG10|A0A125WG10_NEIME,0,0,0,0
tr|A0A125WG16|A0A125WG16_NEIME,0,0,0,0
tr|A0A125WG18|A0A125WG18_NEIME,0,0,0,0
tr|A0A125WG23|A0A125WG23_NEIME,0,0,1,0
tr|A0A125WG24|A0A125WG24_NEIME,0,0,0,0
tr|A0A125WG28|A0A125WG28_NEIME,0,0,0,0
tr|A0A125WG31|A0A125WG31_NEIME,0,0,0,0
tr|A0A125WG32|A0A125WG32_NEIME,1,0,0,0
tr|A0A125WG37|A0A125WG37_NEIME,0,0,1,0
tr|A0A125WG38|A0A125WG38_NEIME,0,0,0,0
tr|A0A125WG40|A0A125WG40_NEIME,0,0,0,0
tr|A0A125WG41|A0A125WG41_NEIME,1,1,1,1
tr|A0A125WG44|A0A125WG44_NEIME,0,0,0,0
tr|A0A125WG47|A0A125WG47_NEIME,0,0,0,0
tr|A0A125WG53|A0A125WG53_NEIME,0,0,0,0
tr|A0A125WG58|A0A125WG58_NEIME,0,0,0,0
tr|A0A125WG67|A0A125WG67_NEIME,0,0,0,0
tr|A0A125WG73|A0A125WG73_NEIME,1,0,0,0
tr|A0A125WG90|A0A125WG90_NEIME,0,0,0,0
tr|A0A125WGI0|A0A125WGI0_NEIME,0,0,0,0
tr|A0A125W9U9|A0A125W9U9_NEIME,0,0,0,0
tr|A0A125W9X0|A0A125W9X0_NEIME,1,1,1,1
tr|A0A125W9Y1|A0A125W9Y1_NEIME,0,0,0,0
tr|A0A125WA13|A0A125WA13_NEIME,1,0,0,0
tr|A0A125WA52|A0A125WA52_NEIME,1,0,1,1
tr|A0A125WA62|A0A125WA62_NEIME,0,0,0,0
tr|A0A125WA84|A0A125WA84_NEIME,0,0,0,0
tr|A0A125WA94|A0A125WA94_NEIME,1,1,1,1
tr|A0A125WAB4|A0A125WAB4_NEIME,0,0,0,0
tr|A0A125WAC4|A0A125WAC4_NEIME,0,0,0,0
tr|A0A125WAE3|A0A125WAE3_NEIME,0,0,1,0
tr|A0A125WAE7|A0A125WAE7_NEIME,0,0,0,0
tr|A0A125WAF3|A0A125WAF3_NEIME,1,1,1,1
tr|A0A125WAG1|A0A125WAG1_NEIME,0,0,0,0
tr|A0A125WAI2|A0A125WAI2_NEIME,1,1,1,1
tr|A0A125WAI5|A0A125WAI5_NEIME,0,0,0,0
tr|A0A125WAI9|A0A125WAI9_NEIME,1,1,1,1
tr|A0A125WAJ4|A0A125WAJ4_NEIME,0,0,0,0
tr|A0A125WAK4|A0A125WAK4_NEIME,1,0,0,0
tr|A0A125WAK7|A0A125WAK7_NEIME,1,0,1,1
tr|A0A125WAK8|A0A125WAK8_NEIME,0,0,0,0
tr|A0A125WAL4|A0A125WAL4_NEIME,1,1,1,1
tr|A0A125WAL6|A0A125WAL6_NEIME,0,0,0,0
tr|A0A125WAL7|A0A125WAL7_NEIME,0,0,0,0
tr|A0A125WAM4|A0A125WAM4_NEIME,1,1,1,1
tr|A0A125WAM8|A0A125WAM8_NEIME,0,1,1,1
tr|A0A125WAN8|A0A125WAN8_NEIME,1,1,1,1
tr|A0A125WAN9|A0A125WAN9_NEIME,1,0,1,1
tr|A0A125WAP1|A0A125WAP1_NEIME,1,1,0,1
tr|A0A125WAP6|A0A125WAP6_NEIME,0,0,0,0
tr|A0A125WAP7|A0A125WAP7_NEIME,0,0,0,0
tr|A0A125WAP9|A0A125WAP9_NEIME,0,0,0,0
tr|A0A125WAQ0|A0A125WAQ0_NEIME,0,1,1,1
tr|A0A125WAQ3|A0A125WAQ3_NEIME,0,0,0,0
tr|A0A125WAQ4|A0A125WAQ4_NEIME,0,0,0,0
tr|A0A125WAQ7|A0A125WAQ7_NEIME,0,0,0,0
tr|A0A125WAQ8|A0A125WAQ8_NEIME,1,1,1,1
tr|A0A125WAR1|A0A125WAR1_NEIME,0,0,0,0
tr|A0A125WAR3|A0A125WAR3_NEIME,0,0,0,0
tr|A0A125WAR4|A0A125WAR4_NEIME,0,0,1,0
tr|A0A125WAR5|A0A125WAR5_NEIME,0,0,0,0
tr|A0A125WAR6|A0A125WAR6_NEIME,0,0,0,0
tr|A0A125WAR8|A0A125WAR8_NEIME,1,0,1,1
tr|A0A125WAR9|A0A125WAR9_NEIME,0,0,0,0
tr|A0A125WAS4|A0A125WAS4_NEIME,0,0,0,0
tr|A0A125WAS5|A0A125WAS5_NEIME,1,0,0,0
tr|A0A125WAS8|A0A125WAS8_NEIME,0,0,0,0
tr|A0A125WAT1|A0A125WAT1_NEIME,0,0,0,0
tr|A0A125WAT8|A0A125WAT8_NEIME,0,0,0,0
tr|A0A125WAT9|A0A125WAT9_NEIME,0,0,1,0
tr|A0A125WAU3|A0A125WAU3_NEIME,0,0,0,0
tr|A0A125WAU4|A0A125WAU4_NEIME,0,0,0,0
tr|A0A125WAU5|A0A125WAU5_NEIME,0,0,0,0
tr|A0A125WAU6|A0A125WAU6_NEIME,0,0,1,0
tr|A0A125WAU8|A0A125WAU8_NEIME,1,1,1,1
tr|A0A125WAU9|A0A125WAU9_NEIME,0,0,1,0
tr|A0A125WAV0|A0A125WAV0_NEIME,0,0,0,0
tr|A0A125WAV1|A0A125WAV1_NEIME,0,0,0,0
tr|A0A125WAV3|A0A125WAV3_NEIME,0,0,0,0
tr|A0A125WAV4|A0A125WAV4_NEIME,1,0,1,1
tr|A0A125WAV5|A0A125WAV5_NEIME,0,0,0,0
tr|A0A125WAV8|A0A125WAV8_NEIME,0,0,1,0
tr|A0A125WAV9|A0A125WAV9_NEIME,1,1,1,1
tr|A0A125WAW3|A0A125WAW3_NEIME,1,1,1,1
tr|A0A125WAW4|A0A125WAW4_NEIME,0,1,0,0
tr|A0A125WAW5|A0A125WAW5_NEIME,0,0,0,0
tr|A0A125WAW6|A0A125WAW6_NEIME,0,0,0,0
tr|A0A125WAW7|A0A125WAW7_NEIME,1,0,0,0
tr|A0A125WAW8|A0A125WAW8_NEIME,0,0,0,0
tr|A0A125WAW9|A0A125WAW9_NEIME,1,1,1,1
tr|A0A125WAX0|A0A125WAX0_NEIME,0,0,0,0
tr|A0A125WAX2|A0A125WAX2_NEIME,1,0,1,1
tr|A0A125WAX5|A0A125WAX5_NEIME,0,1,1,1
tr|A0A125WAX6|A0A125WAX6_NEIME,0,0,0,0
tr|A0A125WAX7|A0A125WAX7_NEIME,0,1,0,0
tr|A0A125WAX8|A0A125WAX8_NEIME,1,0,0,0
tr|A0A125WAX9|A0A125WAX9_NEIME,0,0,0,0
tr|A0A125WAY1|A0A125WAY1_NEIME,0,0,0,0
tr|A0A125WAY2|A0A125WAY2_NEIME,1,1,1,1
tr|A0A125WAY5|A0A125WAY5_NEIME,0,0,0,0
tr|A0A125WAY6|A0A125WAY6_NEIME,0,0,1,0
tr|A0A125WAY7|A0A125WAY7_NEIME,0,0,0,0
tr|A0A125WAY8|A0A125WAY8_NEIME,0,0,0,0
tr|A0A125WAZ0|A0A125WAZ0_NEIME,0,0,0,0
tr|A0A125WAZ3|A0A125WAZ3_NEIME,0,0,1,0
tr|A0A125WAZ5|A0A125WAZ5_NEIME,1,0,1,1
tr|A0A125WAZ7|A0A125WAZ7_NEIME,0,0,1,0
tr|A0A125WAZ8|A0A125WAZ8_NEIME,0,0,0,0
tr|A0A125WAZ9|A0A125WAZ9_NEIME,0,0,0,0
tr|A0A125WB00|A0A125WB00_NEIME,0,0,0,0
tr|A0A125WB01|A0A125WB01_NEIME,0,1,1,1
tr|A0A125WB02|A0A125WB02_NEIME,0,0,0,0
tr|A0A125WB03|A0A125WB03_NEIME,0,0,0,0
tr|A0A125WB04|A0A125WB04_NEIME,0,0,0,0
tr|A0A125WB05|A0A125WB05_NEIME,0,0,0,0
tr|A0A125WB07|A0A125WB07_NEIME,0,0,0,0
tr|A0A125WB08|A0A125WB08_NEIME,1,0,0,0
tr|A0A125WB10|A0A125WB10_NEIME,1,0,0,0
tr|A0A125WB11|A0A125WB11_NEIME,1,0,1,1
tr|A0A125WB12|A0A125WB12_NEIME,1,1,1,1
tr|A0A125WB15|A0A125WB15_NEIME,0,1,1,1
tr|A0A125WB16|A0A125WB16_NEIME,1,0,1,1
tr|A0A125WB17|A0A125WB17_NEIME,0,0,0,0
tr|A0A125WB19|A0A125WB19_NEIME,0,0,0,0
tr|A0A125WB20|A0A125WB20_NEIME,0,0,0,0
tr|A0A125WB23|A0A125WB23_NEIME,1,0,0,0
tr|A0A125WB24|A0A125WB24_NEIME,1,0,0,0
tr|A0A125WB25|A0A125WB25_NEIME,0,0,0,0
tr|A0A125WB26|A0A125WB26_NEIME,0,0,0,0
tr|A0A125WB28|A0A125WB28_NEIME,0,0,0,0
tr|A0A125WB29|A0A125WB29_NEIME,1,0,0,0
tr|A0A125WB32|A0A125WB32_NEIME,0,0,0,0
tr|A0A125WB34|A0A125WB34_NEIME,0,0,0,0
tr|A0A125WB35|A0A125WB35_NEIME,0,0,0,0
tr|A0A125WB36|A0A125WB36_NEIME,0,0,0,0
tr|A0A125WB37|A0A125WB37_NEIME,0,1,0,0
tr|A0A125WB38|A0A125WB38_NEIME,0,0,0,0
tr|A0A125WB43|A0A125WB43_NEIME,1,0,0,0
tr|A0A125WB44|A0A125WB44_NEIME,1,0,0,0
tr|A0A125WB46|A0A125WB46_NEIME,1,0,0,0
tr|A0A125WB49|A0A125WB49_NEIME,0,1,0,0
tr|A0A125WB50|A0A125WB50_NEIME,0,0,0,0
tr|A0A125WB53|A0A125WB53_NEIME,0,0,0,0
tr|A0A125WB55|A0A125WB55_NEIME,0,0,0,0
tr|A0A125WB56|A0A125WB56_NEIME,0,0,0,0
tr|A0A125WB58|A0A125WB58_NEIME,0,0,0,0
tr|A0A125WB60|A0A125WB60_NEIME,0,0,0,0
tr|A0A125WB62|A0A125WB62_NEIME,0,0,0,0
tr|A0A125WB63|A0A125WB63_NEIME,0,0,0,0
tr|A0A125WB64|A0A125WB64_NEIME,0,0,0,0
tr|A0A125WB65|A0A125WB65_NEIME,0,0,0,0
tr|A0A125WB66|A0A125WB66_NEIME,0,0,0,0
tr|A0A125WB67|A0A125WB67_NEIME,1,0,0,0
tr|A0A125WB69|A0A125WB69_NEIME,1,1,1,1
tr|A0A125WB70|A0A125WB70_NEIME,0,0,0,0
tr|A0A125WB71|A0A125WB71_NEIME,1,1,1,1
tr|A0A125WB72|A0A125WB72_NEIME,0,0,0,0
tr|A0A125WB73|A0A125WB73_NEIME,1,1,1,1
tr|A0A125WB74|A0A125WB74_NEIME,0,0,0,0
tr|A0A125WB75|A0A125WB75_NEIME,0,0,0,0
tr|A0A125WB76|A0A125WB76_NEIME,1,1,1,1
tr|A0A125WB77|A0A125WB77_NEIME,1,1,1,1
tr|A0A125WB79|A0A125WB79_NEIME,0,0,0,0
tr|A0A125WB80|A0A125WB80_NEIME,0,1,0,0
tr|A0A125WB81|A0A125WB81_NEIME,1,0,0,0
tr|A0A125WB82|A0A125WB82_NEIME,0,0,0,0
tr|A0A125WB83|A0A125WB83_NEIME,1,1,0,1
tr|A0A125WB84|A0A125WB84_NEIME,0,0,0,0
tr|A0A125WB85|A0A125WB85_NEIME,0,0,0,0
tr|A0A125WB86|A0A125WB86_NEIME,1,0,0,0
tr|A0A125WB87|A0A125WB87_NEIME,0,0,0,0
tr|A0A125WB88|A0A125WB88_NEIME,0,0,0,0
tr|A0A125WB90|A0A125WB90_NEIME,0,0,0,0
tr|A0A125WB93|A0A125WB93_NEIME,0,0,0,0
tr|A0A125WB94|A0A125WB94_NEIME,1,1,1,1
tr|A0A125WB95|A0A125WB95_NEIME,1,0,1,1
tr|A0A125WB96|A0A125WB96_NEIME,0,0,0,0
tr|A0A125WB97|A0A125WB97_NEIME,1,1,1,1
tr|A0A125WBA1|A0A125WBA1_NEIME,0,0,0,0
tr|A0A125WBA2|A0A125WBA2_NEIME,1,0,1,1
tr|A0A125WBA4|A0A125WBA4_NEIME,0,0,0,0
tr|A0A125WBA6|A0A125WBA6_NEIME,1,1,1,1
tr|A0A125WBA7|A0A125WBA7_NEIME,0,0,1,0
tr|A0A125WBA8|A0A125WBA8_NEIME,0,1,0,0
tr|A0A125WBA9|A0A125WBA9_NEIME,1,0,0,0
tr|A0A125WBB0|A0A125WBB0_NEIME,1,1,1,1
tr|A0A125WBB2|A0A125WBB2_NEIME,1,1,1,1
tr|A0A125WBB4|A0A125WBB4_NEIME,0,0,1,0
tr|A0A125WBB7|A0A125WBB7_NEIME,0,0,0,0
tr|A0A125WBB8|A0A125WBB8_NEIME,0,0,0,0
tr|A0A125WBC2|A0A125WBC2_NEIME,1,0,1,1
tr|A0A125WBC3|A0A125WBC3_NEIME,0,0,0,0
tr|A0A125WBC5|A0A125WBC5_NEIME,1,0,1,1
tr|A0A125WBC8|A0A125WBC8_NEIME,1,1,1,1
tr|A0A125WBD3|A0A125WBD3_NEIME,0,0,0,0
tr|A0A125WBD4|A0A125WBD4_NEIME,0,0,0,0
tr|A0A125WBD6|A0A125WBD6_NEIME,0,0,0,0
tr|A0A125WBD7|A0A125WBD7_NEIME,1,0,0,0
tr|A0A125WBD8|A0A125WBD8_NEIME,1,1,1,1
tr|A0A125WBD9|A0A125WBD9_NEIME,1,0,0,0
tr|A0A125WBE0|A0A125WBE0_NEIME,1,1,1,1
tr|A0A125WBE1|A0A125WBE1_NEIME,0,0,0,0
tr|A0A125WBE2|A0A125WBE2_NEIME,0,0,0,0
tr|A0A125WBE3|A0A125WBE3_NEIME,0,1,0,0
tr|A0A125WBE5|A0A125WBE5_NEIME,1,1,1,1
tr|A0A125WBF0|A0A125WBF0_NEIME,0,0,0,0
tr|A0A125WBF1|A0A125WBF1_NEIME,1,0,0,0
tr|A0A125WBF4|A0A125WBF4_NEIME,1,0,0,0
tr|A0A125WBF5|A0A125WBF5_NEIME,1,1,1,1
tr|A0A125WBF7|A0A125WBF7_NEIME,1,1,1,1
tr|A0A125WBF9|A0A125WBF9_NEIME,1,1,1,1
tr|A0A125WBG0|A0A125WBG0_NEIME,0,0,0,0
tr|A0A125WBG2|A0A125WBG2_NEIME,1,0,1,1
tr|A0A125WBG4|A0A125WBG4_NEIME,1,0,1,1
tr|A0A125WBG5|A0A125WBG5_NEIME,0,0,0,0
tr|A0A125WBG6|A0A125WBG6_NEIME,0,0,0,0
tr|A0A125WBG7|A0A125WBG7_NEIME,0,0,0,0
tr|A0A125WBG9|A0A125WBG9_NEIME,1,0,0,0
tr|A0A125WBH0|A0A125WBH0_NEIME,0,0,1,0
tr|A0A125WBH1|A0A125WBH1_NEIME,0,0,0,0
tr|A0A125WBH3|A0A125WBH3_NEIME,1,1,1,1
tr|A0A125WBH4|A0A125WBH4_NEIME,1,0,1,1
tr|A0A125WBH6|A0A125WBH6_NEIME,0,0,0,0
tr|A0A125WBH8|A0A125WBH8_NEIME,1,1,0,1
tr|A0A125WBH9|A0A125WBH9_NEIME,0,0,0,0
tr|A0A125WBI0|A0A125WBI0_NEIME,0,0,0,0
tr|A0A125WBI1|A0A125WBI1_NEIME,0,0,0,0
tr|A0A125WBI2|A0A125WBI2_NEIME,1,1,1,1
tr|A0A125WBI5|A0A125WBI5_NEIME,0,1,1,1
tr|A0A125WBI7|A0A125WBI7_NEIME,0,0,0,0
tr|A0A125WBI8|A0A125WBI8_NEIME,0,0,0,0
tr|A0A125WBI9|A0A125WBI9_NEIME,0,0,1,0
tr|A0A125WBJ0|A0A125WBJ0_NEIME,1,0,1,1
tr|A0A125WBJ1|A0A125WBJ1_NEIME,1,0,0,0
tr|A0A125WBJ2|A0A125WBJ2_NEIME,0,0,0,0
tr|A0A125WBJ4|A0A125WBJ4_NEIME,0,0,0,0
tr|A0A125WBJ5|A0A125WBJ5_NEIME,0,0,0,0
tr|A0A125WBJ8|A0A125WBJ8_NEIME,1,1,1,1
tr|A0A125WBJ9|A0A125WBJ9_NEIME,0,0,0,0
tr|A0A125WBK0|A0A125WBK0_NEIME,1,1,1,1
tr|A0A125WBK1|A0A125WBK1_NEIME,1,0,1,1
tr|A0A125WBK2|A0A125WBK2_NEIME,0,0,1,0
tr|A0A125WBK3|A0A125WBK3_NEIME,0,0,0,0
tr|A0A125WBK4|A0A125WBK4_NEIME,1,1,1,1
tr|A0A125WBK6|A0A125WBK6_NEIME,1,0,0,0
tr|A0A125WBK9|A0A125WBK9_NEIME,0,0,0,0
tr|A0A125WBL1|A0A125WBL1_NEIME,0,0,0,0
tr|A0A125WBL2|A0A125WBL2_NEIME,0,0,0,0
tr|A0A125WBL3|A0A125WBL3_NEIME,1,1,1,1
tr|A0A125WBL7|A0A125WBL7_NEIME,1,1,1,1
tr|A0A125WBL8|A0A125WBL8_NEIME,1,0,0,0
tr|A0A125WBL9|A0A125WBL9_NEIME,0,0,0,0
tr|A0A125WBM0|A0A125WBM0_NEIME,0,0,0,0
tr|A0A125WBM1|A0A125WBM1_NEIME,0,0,0,0
tr|A0A125WBM3|A0A125WBM3_NEIME,0,1,0,0
tr|A0A125WBM4|A0A125WBM4_NEIME,1,1,0,1
tr|A0A125WBM5|A0A125WBM5_NEIME,0,0,0,0
tr|A0A125WBM6|A0A125WBM6_NEIME,0,1,0,0
tr|A0A125WBM8|A0A125WBM8_NEIME,0,0,0,0
tr|A0A125WBN0|A0A125WBN0_NEIME,0,0,0,0
tr|A0A125WBN1|A0A125WBN1_NEIME,0,0,0,0
tr|A0A125WBN2|A0A125WBN2_NEIME,0,1,0,0
tr|A0A125WBN3|A0A125WBN3_NEIME,0,0,0,0
tr|A0A125WBN6|A0A125WBN6_NEIME,1,0,0,0
tr|A0A125WBN7|A0A125WBN7_NEIME,1,1,1,1
tr|A0A125WBN9|A0A125WBN9_NEIME,1,1,1,1
tr|A0A125WBP0|A0A125WBP0_NEIME,0,0,0,0
tr|A0A125WBP3|A0A125WBP3_NEIME,0,0,0,0
tr|A0A125WBP4|A0A125WBP4_NEIME,0,0,0,0
tr|A0A125WBP6|A0A125WBP6_NEIME,0,1,1,1
tr|A0A125WBP7|A0A125WBP7_NEIME,0,0,0,0
tr|A0A125WBP8|A0A125WBP8_NEIME,1,0,1,1
tr|A0A125WBP9|A0A125WBP9_NEIME,0,0,0,0
tr|A0A125WBQ0|A0A125WBQ0_NEIME,0,1,0,0
tr|A0A125WBQ1|A0A125WBQ1_NEIME,0,0,1,0
tr|A0A125WBQ2|A0A125WBQ2_NEIME,0,0,0,0
tr|A0A125WBQ3|A0A125WBQ3_NEIME,1,0,1,1
tr|A0A125WBQ4|A0A125WBQ4_NEIME,0,0,0,0
tr|A0A125WBQ5|A0A125WBQ5_NEIME,1,1,1,1
tr|A0A125WBQ7|A0A125WBQ7_NEIME,0,0,0,0
tr|A0A125WBR0|A0A125WBR0_NEIME,0,1,0,0
tr|A0A125WBR1|A0A125WBR1_NEIME,0,0,0,0
tr|A0A125WBR2|A0A125WBR2_NEIME,1,0,1,1
tr|A0A125WBR5|A0A125WBR5_NEIME,1,1,1,1
tr|A0A125WBR6|A0A125WBR6_NEIME,1,1,1,1
tr|A0A125WBR8|A0A125WBR8_NEIME,0,0,0,0
tr|A0A125WBS0|A0A125WBS0_NEIME,0,0,0,0
tr|A0A125WBS3|A0A125WBS3_NEIME,0,0,0,0
tr|A0A125WBS4|A0A125WBS4_NEIME,0,0,0,0
tr|A0A125WBS5|A0A125WBS5_NEIME,1,1,0,1
tr|A0A125WBS6|A0A125WBS6_NEIME,0,0,0,0
tr|A0A125WBS7|A0A125WBS7_NEIME,0,1,0,0
tr|A0A125WBS9|A0A125WBS9_NEIME,0,0,0,0
tr|A0A125WBT1|A0A125WBT1_NEIME,0,0,0,0
tr|A0A125WBT2|A0A125WBT2_NEIME,0,1,0,0
tr|A0A125WBT3|A0A125WBT3_NEIME,0,0,0,0
tr|A0A125WBT4|A0A125WBT4_NEIME,0,1,1,1
tr|A0A125WBT6|A0A125WBT6_NEIME,1,0,0,0
tr|A0A125WBT8|A0A125WBT8_NEIME,1,1,1,1
tr|A0A125WBT9|A0A125WBT9_NEIME,0,0,0,0
tr|A0A125WBU0|A0A125WBU0_NEIME,0,1,0,0
tr|A0A125WBU1|A0A125WBU1_NEIME,0,0,0,0
tr|A0A125WBU2|A0A125WBU2_NEIME,0,0,0,0
tr|A0A125WBU4|A0A125WBU4_NEIME,0,0,0,0
tr|A0A125WBU5|A0A125WBU5_NEIME,0,0,0,0
tr|A0A125WBU6|A0A125WBU6_NEIME,0,0,0,0
tr|A0A125WBU7|A0A125WBU7_NEIME,0,0,0,0
tr|A0A125WBU8|A0A125WBU8_NEIME,0,1,1,1
tr|A0A125WBV1|A0A125WBV1_NEIME,0,0,0,0
tr|A0A125WBV2|A0A125WBV2_NEIME,0,1,1,1
tr|A0A125WBV4|A0A125WBV4_NEIME,0,0,0,0
tr|A0A125WBV5|A0A125WBV5_NEIME,1,1,1,1
tr|A0A125WBV7|A0A125WBV7_NEIME,0,0,1,0
tr|A0A125WBV8|A0A125WBV8_NEIME,0,0,0,0
tr|A0A125WBV9|A0A125WBV9_NEIME,0,0,0,0
tr|A0A125WBW1|A0A125WBW1_NEIME,0,0,0,0
tr|A0A125WBW5|A0A125WBW5_NEIME,0,0,0,0
tr|A0A125WBW6|A0A125WBW6_NEIME,0,0,0,0
tr|A0A125WBW7|A0A125WBW7_NEIME,0,0,0,0
tr|A0A125WBW8|A0A125WBW8_NEIME,1,1,1,1
tr|A0A125WBX0|A0A125WBX0_NEIME,0,1,0,0
tr|A0A125WBX1|A0A125WBX1_NEIME,0,0,1,0
tr|A0A125WBX2|A0A125WBX2_NEIME,1,1,1,1
tr|A0A125WBX3|A0A125WBX3_NEIME,0,1,1,1
tr|A0A125WBX4|A0A125WBX4_NEIME,0,0,1,0
tr|A0A125WBX8|A0A125WBX8_NEIME,0,0,0,0
tr|A0A125WBX9|A0A125WBX9_NEIME,1,0,0,0
tr|A0A125WBY0|A0A125WBY0_NEIME,0,0,0,0
tr|A0A125WBY2|A0A125WBY2_NEIME,0,0,0,0
tr|A0A125WBY3|A0A125WBY3_NEIME,0,0,0,0
tr|A0A125WBY7|A0A125WBY7_NEIME,1,0,0,0
tr|A0A125WBY8|A0A125WBY8_NEIME,1,1,1,1
tr|A0A125WBY9|A0A125WBY9_NEIME,0,0,0,0
tr|A0A125WBZ0|A0A125WBZ0_NEIME,1,0,0,0
tr|A0A125WBZ1|A0A125WBZ1_NEIME,0,0,0,0
tr|A0A125WBZ2|A0A125WBZ2_NEIME,0,0,0,0
tr|A0A125WBZ5|A0A125WBZ5_NEIME,1,1,1,1
tr|A0A125WBZ6|A0A125WBZ6_NEIME,1,0,0,0
tr|A0A125WBZ7|A0A125WBZ7_NEIME,0,0,1,0
tr|A0A125WC00|A0A125WC00_NEIME,0,1,0,0
tr|A0A125WC01|A0A125WC01_NEIME,1,1,1,1
tr|A0A125WC02|A0A125WC02_NEIME,0,0,0,0
tr|A0A125WC06|A0A125WC06_NEIME,0,0,0,0
tr|A0A125WC09|A0A125WC09_NEIME,0,1,0,0
tr|A0A125WC11|A0A125WC11_NEIME,0,0,0,0
tr|A0A125WC12|A0A125WC12_NEIME,1,1,1,1
tr|A0A125WC13|A0A125WC13_NEIME,1,0,0,0
tr|A0A125WC15|A0A125WC15_NEIME,0,1,1,1
tr|A0A125WC16|A0A125WC16_NEIME,1,1,1,1
tr|A0A125WC18|A0A125WC18_NEIME,1,1,1,1
tr|A0A125WC19|A0A125WC19_NEIME,0,0,0,0
tr|A0A125WC22|A0A125WC22_NEIME,0,0,0,0
tr|A0A125WC23|A0A125WC23_NEIME,0,0,0,0
tr|A0A125WC26|A0A125WC26_NEIME,1,1,1,1
tr|A0A125WC27|A0A125WC27_NEIME,0,0,0,0
tr|A0A125WC28|A0A125WC28_NEIME,1,1,1,1
tr|A0A125WC30|A0A125WC30_NEIME,0,0,0,0
tr|A0A125WC32|A0A125WC32_NEIME,1,0,0,0
tr|A0A125WC33|A0A125WC33_NEIME,0,0,0,0
tr|A0A125WC35|A0A125WC35_NEIME,0,1,1,1
tr|A0A125WC36|A0A125WC36_NEIME,0,0,0,0
tr|A0A125WC37|A0A125WC37_NEIME,0,0,0,0
tr|A0A125WC40|A0A125WC40_NEIME,0,1,1,1
tr|A0A125WC42|A0A125WC42_NEIME,0,0,0,0
tr|A0A125WC44|A0A125WC44_NEIME,0,0,1,0
tr|A0A125WC45|A0A125WC45_NEIME,0,0,0,0
tr|A0A125WC46|A0A125WC46_NEIME,0,0,0,0
tr|A0A125WC47|A0A125WC47_NEIME,1,0,0,0
tr|A0A125WC48|A0A125WC48_NEIME,1,0,0,0
tr|A0A125WC49|A0A125WC49_NEIME,0,0,0,0
tr|A0A125WC50|A0A125WC50_NEIME,0,0,0,0
tr|A0A125WC52|A0A125WC52_NEIME,0,0,0,0
tr|A0A125WC54|A0A125WC54_NEIME,0,0,0,0
tr|A0A125WC56|A0A125WC56_NEIME,0,0,0,0
tr|A0A125WC57|A0A125WC57_NEIME,1,1,1,1
tr|A0A125WC61|A0A125WC61_NEIME,0,0,0,0
tr|A0A125WC62|A0A125WC62_NEIME,0,0,0,0
tr|A0A125WC63|A0A125WC63_NEIME,0,0,0,0
tr|A0A125WC65|A0A125WC65_NEIME,1,1,1,1
tr|A0A125WC66|A0A125WC66_NEIME,0,0,0,0
tr|A0A125WC67|A0A125WC67_NEIME,1,0,0,0
tr|A0A125WC68|A0A125WC68_NEIME,0,0,0,0
tr|A0A125WC69|A0A125WC69_NEIME,1,0,0,0
tr|A0A125WC75|A0A125WC75_NEIME,0,0,0,0
tr|A0A125WC76|A0A125WC76_NEIME,0,0,0,0
tr|A0A125WC79|A0A125WC79_NEIME,0,0,0,0
tr|A0A125WC80|A0A125WC80_NEIME,1,1,1,1
tr|A0A125WC81|A0A125WC81_NEIME,1,0,0,0
tr|A0A125WC82|A0A125WC82_NEIME,0,0,0,0
tr|A0A125WC83|A0A125WC83_NEIME,0,0,0,0
tr|A0A125WC84|A0A125WC84_NEIME,1,0,0,0
tr|A0A125WC85|A0A125WC85_NEIME,1,0,0,0
tr|A0A125WC87|A0A125WC87_NEIME,0,0,0,0
tr|A0A125WC89|A0A125WC89_NEIME,0,0,0,0
tr|A0A125WC90|A0A125WC90_NEIME,1,0,0,0
tr|A0A125WC91|A0A125WC91_NEIME,0,0,0,0
tr|A0A125WC93|A0A125WC93_NEIME,0,0,0,0
tr|A0A125WC94|A0A125WC94_NEIME,0,0,0,0
tr|A0A125WC95|A0A125WC95_NEIME,0,0,0,0
tr|A0A125WC96|A0A125WC96_NEIME,1,1,1,1
tr|A0A125WCA0|A0A125WCA0_NEIME,0,0,0,0
tr|A0A125WCA1|A0A125WCA1_NEIME,1,0,0,0
tr|A0A125WCA2|A0A125WCA2_NEIME,0,1,1,1
tr|A0A125WCA3|A0A125WCA3_NEIME,0,0,0,0
tr|A0A125WCA4|A0A125WCA4_NEIME,0,1,1,1
tr|A0A125WCA5|A0A125WCA5_NEIME,0,0,0,0
tr|A0A125WCA8|A0A125WCA8_NEIME,1,1,1,1
tr|A0A125WCA9|A0A125WCA9_NEIME,0,0,0,0
tr|A0A125WCB1|A0A125WCB1_NEIME,1,0,0,0
tr|A0A125WCB4|A0A125WCB4_NEIME,1,0,0,0
tr|A0A125WCB5|A0A125WCB5_NEIME,1,1,1,1
tr|A0A125WCB6|A0A125WCB6_NEIME,0,0,0,0
tr|A0A125WCB7|A0A125WCB7_NEIME,1,1,1,1
tr|A0A125WCB9|A0A125WCB9_NEIME,0,0,0,0
tr|A0A125WCC0|A0A125WCC0_NEIME,0,0,1,0
tr|A0A125WCC2|A0A125WCC2_NEIME,1,0,0,0
tr|A0A125WCC3|A0A125WCC3_NEIME,1,0,0,0
tr|A0A125WCC4|A0A125WCC4_NEIME,1,0,0,0
tr|A0A125WCC6|A0A125WCC6_NEIME,1,0,1,1
tr|A0A125WCC9|A0A125WCC9_NEIME,0,0,0,0
tr|A0A125WCD1|A0A125WCD1_NEIME,0,0,0,0
tr|A0A125WCD2|A0A125WCD2_NEIME,0,1,0,0
tr|A0A125WCD3|A0A125WCD3_NEIME,1,1,1,1
tr|A0A125WCD4|A0A125WCD4_NEIME,1,0,0,0
tr|A0A125WCD5|A0A125WCD5_NEIME,0,0,0,0
tr|A0A125WCD6|A0A125WCD6_NEIME,0,1,0,0
tr|A0A125WCD7|A0A125WCD7_NEIME,0,1,0,0
tr|A0A125WCD8|A0A125WCD8_NEIME,0,0,0,0
tr|A0A125WCE0|A0A125WCE0_NEIME,1,0,1,1
tr|A0A125WCE1|A0A125WCE1_NEIME,1,0,1,1
tr|A0A125WCE2|A0A125WCE2_NEIME,1,0,0,0
tr|A0A125WCE5|A0A125WCE5_NEIME,0,0,1,0
tr|A0A125WCE8|A0A125WCE8_NEIME,1,0,0,0
tr|A0A125WCF1|A0A125WCF1_NEIME,1,1,0,1
tr|A0A125WCF2|A0A125WCF2_NEIME,0,0,0,0
tr|A0A125WCF3|A0A125WCF3_NEIME,0,0,0,0
tr|A0A125WCF6|A0A125WCF6_NEIME,0,0,0,0
tr|A0A125WCF9|A0A125WCF9_NEIME,0,0,0,0
tr|A0A125WCG1|A0A125WCG1_NEIME,0,0,0,0
tr|A0A125WCG2|A0A125WCG2_NEIME,0,0,0,0
tr|A0A125WCG3|A0A125WCG3_NEIME,0,0,0,0
tr|A0A125WCG4|A0A125WCG4_NEIME,0,0,0,0
tr|A0A125WCG5|A0A125WCG5_NEIME,0,0,0,0
tr|A0A125WCG6|A0A125WCG6_NEIME,1,1,1,1
tr|A0A125WCG7|A0A125WCG7_NEIME,1,0,0,0
tr|A0A125WCG8|A0A125WCG8_NEIME,0,0,0,0
tr|A0A125WCG9|A0A125WCG9_NEIME,0,0,0,0
tr|A0A125WCH0|A0A125WCH0_NEIME,0,0,0,0
tr|A0A125WCH1|A0A125WCH1_NEIME,0,0,0,0
tr|A0A125WCH2|A0A125WCH2_NEIME,1,0,1,1
tr|A0A125WCH6|A0A125WCH6_NEIME,1,0,0,0
tr|A0A125WCH7|A0A125WCH7_NEIME,1,1,1,1
tr|A0A125WCH8|A0A125WCH8_NEIME,0,0,0,0
tr|A0A125WCI0|A0A125WCI0_NEIME,0,0,0,0
tr|A0A125WCI1|A0A125WCI1_NEIME,1,0,0,0
tr|A0A125WCI2|A0A125WCI2_NEIME,1,1,1,1
tr|A0A125WCI3|A0A125WCI3_NEIME,0,0,0,0
tr|A0A125WCI4|A0A125WCI4_NEIME,0,0,0,0
tr|A0A125WCI5|A0A125WCI5_NEIME,0,1,1,1
tr|A0A125WCI6|A0A125WCI6_NEIME,1,0,0,0
tr|A0A125WCJ0|A0A125WCJ0_NEIME,0,0,0,0
tr|A0A125WCJ1|A0A125WCJ1_NEIME,0,0,0,0
tr|A0A125WCJ2|A0A125WCJ2_NEIME,1,1,1,1
tr|A0A125WCJ3|A0A125WCJ3_NEIME,0,0,0,0
tr|A0A125WCJ4|A0A125WCJ4_NEIME,1,1,1,1
tr|A0A125WCJ5|A0A125WCJ5_NEIME,0,0,0,0
tr|A0A125WCJ6|A0A125WCJ6_NEIME,0,0,0,0
tr|A0A125WCJ8|A0A125WCJ8_NEIME,1,0,0,0
tr|A0A125WCJ9|A0A125WCJ9_NEIME,0,0,0,0
tr|A0A125WCK1|A0A125WCK1_NEIME,0,0,0,0
tr|A0A125WCK2|A0A125WCK2_NEIME,1,0,0,0
tr|A0A125WCK3|A0A125WCK3_NEIME,0,0,0,0
tr|A0A125WCK4|A0A125WCK4_NEIME,0,0,0,0
tr|A0A125WCK6|A0A125WCK6_NEIME,0,0,0,0
tr|A0A125WCK7|A0A125WCK7_NEIME,0,0,0,0
tr|A0A125WCK8|A0A125WCK8_NEIME,1,1,1,1
tr|A0A125WCL0|A0A125WCL0_NEIME,0,0,0,0
tr|A0A125WCL1|A0A125WCL1_NEIME,0,0,1,0
tr|A0A125WCL2|A0A125WCL2_NEIME,0,0,0,0
tr|A0A125WCL3|A0A125WCL3_NEIME,0,0,0,0
tr|A0A125WCL4|A0A125WCL4_NEIME,0,0,0,0
tr|A0A125WCL6|A0A125WCL6_NEIME,1,0,0,0
tr|A0A125WCL9|A0A125WCL9_NEIME,0,0,0,0
tr|A0A125WCM0|A0A125WCM0_NEIME,1,0,0,0
tr|A0A125WCM1|A0A125WCM1_NEIME,1,0,0,0
tr|A0A125WCM2|A0A125WCM2_NEIME,1,1,1,1
tr|A0A125WCM3|A0A125WCM3_NEIME,0,0,0,0
tr|A0A125WCM4|A0A125WCM4_NEIME,1,1,0,1
tr|A0A125WCM7|A0A125WCM7_NEIME,0,0,0,0
tr|A0A125WCM8|A0A125WCM8_NEIME,1,0,1,1
tr|A0A125WCM9|A0A125WCM9_NEIME,0,0,0,0
tr|A0A125WCN0|A0A125WCN0_NEIME,1,1,1,1
tr|A0A125WCN1|A0A125WCN1_NEIME,0,0,0,0
tr|A0A125WCN4|A0A125WCN4_NEIME,1,1,1,1
tr|A0A125WCN5|A0A125WCN5_NEIME,0,0,0,0
tr|A0A125WCN6|A0A125WCN6_NEIME,1,1,0,1
tr|A0A125WCN7|A0A125WCN7_NEIME,0,0,0,0
tr|A0A125WCN8|A0A125WCN8_NEIME,0,0,0,0
tr|A0A125WCN9|A0A125WCN9_NEIME,1,1,1,1
tr|A0A125WCP0|A0A125WCP0_NEIME,0,0,1,0
tr|A0A125WCP2|A0A125WCP2_NEIME,0,0,1,0
tr|A0A125WCP6|A0A125WCP6_NEIME,1,0,1,1
tr|A0A125WCP7|A0A125WCP7_NEIME,0,0,0,0
tr|A0A125WCP9|A0A125WCP9_NEIME,1,0,0,0
tr|A0A125WCQ0|A0A125WCQ0_NEIME,1,1,0,1
tr|A0A125WCQ5|A0A125WCQ5_NEIME,1,0,0,0
tr|A0A125WCQ6|A0A125WCQ6_NEIME,1,1,0,1
tr|A0A125WCQ8|A0A125WCQ8_NEIME,0,0,0,0
tr|A0A125WCQ9|A0A125WCQ9_NEIME,0,0,0,0
tr|A0A125WCR0|A0A125WCR0_NEIME,0,0,0,0
tr|A0A125WCR1|A0A125WCR1_NEIME,0,0,1,0
tr|A0A125WCR3|A0A125WCR3_NEIME,0,0,0,0
tr|A0A125WCR5|A0A125WCR5_NEIME,1,1,1,1
tr|A0A125WCR6|A0A125WCR6_NEIME,0,0,0,0
tr|A0A125WCR7|A0A125WCR7_NEIME,1,0,0,0
tr|A0A125WCR9|A0A125WCR9_NEIME,0,0,0,0
tr|A0A125WCS0|A0A125WCS0_NEIME,1,0,0,0
tr|A0A125WCS2|A0A125WCS2_NEIME,0,0,0,0
tr|A0A125WCS4|A0A125WCS4_NEIME,1,0,0,0
tr|A0A125WCS6|A0A125WCS6_NEIME,1,0,1,1
tr|A0A125WCS7|A0A125WCS7_NEIME,0,0,0,0
tr|A0A125WCS8|A0A125WCS8_NEIME,0,0,0,0
tr|A0A125WCT0|A0A125WCT0_NEIME,0,0,0,0
tr|A0A125WCT1|A0A125WCT1_NEIME,0,0,0,0
tr|A0A125WCT2|A0A125WCT2_NEIME,0,0,0,0
tr|A0A125WCT3|A0A125WCT3_NEIME,0,0,0,0
tr|A0A125WCT5|A0A125WCT5_NEIME,1,1,1,1
tr|A0A125WCT6|A0A125WCT6_NEIME,0,0,0,0
tr|A0A125WCT7|A0A125WCT7_NEIME,0,0,0,0
tr|A0A125WCT9|A0A125WCT9_NEIME,0,0,0,0
tr|A0A125WCU0|A0A125WCU0_NEIME,1,1,1,1
tr|A0A125WCU1|A0A125WCU1_NEIME,1,0,0,0
tr|A0A125WCU3|A0A125WCU3_NEIME,1,0,0,0
tr|A0A125WCU4|A0A125WCU4_NEIME,1,1,1,1
tr|A0A125WCU5|A0A125WCU5_NEIME,1,1,1,1
tr|A0A125WCU6|A0A125WCU6_NEIME,1,1,1,1
tr|A0A125WCU7|A0A125WCU7_NEIME,1,0,0,0
tr|A0A125WCU8|A0A125WCU8_NEIME,1,1,1,1
tr|A0A125WCV0|A0A125WCV0_NEIME,0,0,0,0
tr|A0A125WCV2|A0A125WCV2_NEIME,0,0,0,0
tr|A0A125WCV3|A0A125WCV3_NEIME,0,0,0,0
tr|A0A125WCV6|A0A125WCV6_NEIME,0,0,0,0
tr|A0A125WCV7|A0A125WCV7_NEIME,1,0,0,0
tr|A0A125WCV9|A0A125WCV9_NEIME,0,0,0,0
tr|A0A125WCW1|A0A125WCW1_NEIME,0,0,0,0
tr|A0A125WCW2|A0A125WCW2_NEIME,0,1,0,0
tr|A0A125WCW4|A0A125WCW4_NEIME,0,0,0,0
tr|A0A125WCW5|A0A125WCW5_NEIME,0,0,0,0
tr|A0A125WCW7|A0A125WCW7_NEIME,1,1,1,1
tr|A0A125WCW9|A0A125WCW9_NEIME,0,0,0,0
tr|A0A125WCX0|A0A125WCX0_NEIME,0,0,0,0
tr|A0A125WCX1|A0A125WCX1_NEIME,0,0,0,0
tr|A0A125WCX3|A0A125WCX3_NEIME,0,0,0,0
tr|A0A125WCX6|A0A125WCX6_NEIME,0,0,0,0
tr|A0A125WCX8|A0A125WCX8_NEIME,1,1,1,1
tr|A0A125WCX9|A0A125WCX9_NEIME,1,0,1,1
tr|A0A125WCY0|A0A125WCY0_NEIME,1,0,1,1
tr|A0A125WCY1|A0A125WCY1_NEIME,1,0,1,1
tr|A0A125WCY3|A0A125WCY3_NEIME,0,0,0,0
tr|A0A125WCY4|A0A125WCY4_NEIME,1,0,0,0
tr|A0A125WCY5|A0A125WCY5_NEIME,0,0,0,0
tr|A0A125WCY7|A0A125WCY7_NEIME,0,0,0,0
tr|A0A125WCY8|A0A125WCY8_NEIME,1,0,0,0
tr|A0A125WCY9|A0A125WCY9_NEIME,0,0,1,0
tr|A0A125WCZ2|A0A125WCZ2_NEIME,1,1,0,1
tr|A0A125WCZ3|A0A125WCZ3_NEIME,0,0,0,0
tr|A0A125WCZ5|A0A125WCZ5_NEIME,0,0,0,0
tr|A0A125WCZ6|A0A125WCZ6_NEIME,0,0,0,0
tr|A0A125WCZ7|A0A125WCZ7_NEIME,0,0,0,0
tr|A0A125WCZ9|A0A125WCZ9_NEIME,1,0,0,0
tr|A0A125WD00|A0A125WD00_NEIME,1,0,0,0
tr|A0A125WD01|A0A125WD01_NEIME,0,0,1,0
tr|A0A125WD02|A0A125WD02_NEIME,0,0,0,0
tr|A0A125WD03|A0A125WD03_NEIME,0,1,0,0
tr|A0A125WD04|A0A125WD04_NEIME,0,0,0,0
tr|A0A125WD08|A0A125WD08_NEIME,0,0,0,0
tr|A0A125WD09|A0A125WD09_NEIME,0,0,0,0
tr|A0A125WD10|A0A125WD10_NEIME,0,1,0,0
tr|A0A125WD11|A0A125WD11_NEIME,0,0,0,0
tr|A0A125WD13|A0A125WD13_NEIME,1,0,1,1
tr|A0A125WD15|A0A125WD15_NEIME,0,0,0,0
tr|A0A125WD16|A0A125WD16_NEIME,0,0,0,0
tr|A0A125WD19|A0A125WD19_NEIME,0,0,0,0
tr|A0A125WD20|A0A125WD20_NEIME,0,0,0,0
tr|A0A125WD21|A0A125WD21_NEIME,0,0,0,0
tr|A0A125WD22|A0A125WD22_NEIME,0,0,0,0
tr|A0A125WD24|A0A125WD24_NEIME,0,0,0,0
tr|A0A125WD25|A0A125WD25_NEIME,0,1,0,0
tr|A0A125WD28|A0A125WD28_NEIME,0,0,0,0
tr|A0A125WD29|A0A125WD29_NEIME,0,0,1,0
tr|A0A125WD30|A0A125WD30_NEIME,0,1,0,0
tr|A0A125WD35|A0A125WD35_NEIME,0,0,0,0
tr|A0A125WD37|A0A125WD37_NEIME,1,1,1,1
tr|A0A125WD38|A0A125WD38_NEIME,0,0,1,0
tr|A0A125WD39|A0A125WD39_NEIME,0,0,0,0
tr|A0A125WD41|A0A125WD41_NEIME,1,1,1,1
tr|A0A125WD45|A0A125WD45_NEIME,0,0,0,0
tr|A0A125WD46|A0A125WD46_NEIME,1,0,0,0
tr|A0A125WD51|A0A125WD51_NEIME,1,1,1,1
tr|A0A125WD53|A0A125WD53_NEIME,1,0,0,0
tr|A0A125WD55|A0A125WD55_NEIME,0,0,0,0
tr|A0A125WD56|A0A125WD56_NEIME,0,0,0,0
tr|A0A125WD59|A0A125WD59_NEIME,0,0,0,0
tr|A0A125WD60|A0A125WD60_NEIME,0,0,1,0
tr|A0A125WD62|A0A125WD62_NEIME,0,1,1,1
tr|A0A125WD66|A0A125WD66_NEIME,0,0,0,0
tr|A0A125WD67|A0A125WD67_NEIME,0,0,0,0
tr|A0A125WD68|A0A125WD68_NEIME,1,0,0,0
tr|A0A125WD70|A0A125WD70_NEIME,0,0,0,0
tr|A0A125WD71|A0A125WD71_NEIME,0,0,0,0
tr|A0A125WD72|A0A125WD72_NEIME,0,0,1,0
tr|A0A125WD73|A0A125WD73_NEIME,0,0,0,0
tr|A0A125WD74|A0A125WD74_NEIME,0,0,0,0
tr|A0A125WD77|A0A125WD77_NEIME,0,0,0,0
tr|A0A125WD80|A0A125WD80_NEIME,1,0,0,0
tr|A0A125WD81|A0A125WD81_NEIME,0,0,1,0
tr|A0A125WD84|A0A125WD84_NEIME,0,0,0,0
tr|A0A125WD85|A0A125WD85_NEIME,1,0,0,0
tr|A0A125WD86|A0A125WD86_NEIME,0,0,0,0
tr|A0A125WD88|A0A125WD88_NEIME,0,0,0,0
tr|A0A125WD89|A0A125WD89_NEIME,0,0,0,0
tr|A0A125WD95|A0A125WD95_NEIME,0,0,0,0
tr|A0A125WD96|A0A125WD96_NEIME,1,1,1,1
tr|A0A125WD97|A0A125WD97_NEIME,0,0,0,0
tr|A0A125WD98|A0A125WD98_NEIME,0,0,0,0
tr|A0A125WD99|A0A125WD99_NEIME,0,0,0,0
tr|A0A125WDA3|A0A125WDA3_NEIME,1,1,1,1
tr|A0A125WDA4|A0A125WDA4_NEIME,0,0,0,0
tr|A0A125WDA5|A0A125WDA5_NEIME,1,1,1,1
tr|A0A125WDA7|A0A125WDA7_NEIME,0,0,0,0
tr|A0A125WDB0|A0A125WDB0_NEIME,0,0,0,0
tr|A0A125WDB1|A0A125WDB1_NEIME,0,1,0,0
tr|A0A125WDB3|A0A125WDB3_NEIME,0,0,0,0
tr|A0A125WDB4|A0A125WDB4_NEIME,0,0,1,0
tr|A0A125WDB6|A0A125WDB6_NEIME,0,0,0,0
tr|A0A125WDB7|A0A125WDB7_NEIME,0,1,0,0
tr|A0A125WDB8|A0A125WDB8_NEIME,0,0,0,0
tr|A0A125WDB9|A0A125WDB9_NEIME,1,0,1,1
tr|A0A125WDC1|A0A125WDC1_NEIME,1,0,1,1
tr|A0A125WDC2|A0A125WDC2_NEIME,1,0,0,0
tr|A0A125WDC4|A0A125WDC4_NEIME,0,0,0,0
tr|A0A125WDC6|A0A125WDC6_NEIME,0,0,0,0
tr|A0A125WDC7|A0A125WDC7_NEIME,0,0,0,0
tr|A0A125WDD0|A0A125WDD0_NEIME,0,0,0,0
tr|A0A125WDD3|A0A125WDD3_NEIME,0,0,0,0
tr|A0A125WDD8|A0A125WDD8_NEIME,0,0,0,0
tr|A0A125WDE5|A0A125WDE5_NEIME,0,0,0,0
tr|A0A125WDE6|A0A125WDE6_NEIME,0,0,0,0
tr|A0A125WDE9|A0A125WDE9_NEIME,0,0,0,0
tr|A0A125WDF0|A0A125WDF0_NEIME,0,0,0,0
tr|A0A125WDF1|A0A125WDF1_NEIME,0,1,0,0
tr|A0A125WDF5|A0A125WDF5_NEIME,0,0,0,0
tr|A0A125WDF7|A0A125WDF7_NEIME,1,0,0,0
tr|A0A125WDG0|A0A125WDG0_NEIME,1,1,1,1
tr|A0A125WDG1|A0A125WDG1_NEIME,0,0,0,0
tr|A0A125WDG2|A0A125WDG2_NEIME,1,1,1,1
tr|A0A125WDG3|A0A125WDG3_NEIME,0,0,1,0
tr|A0A125WDG5|A0A125WDG5_NEIME,0,0,1,0
tr|A0A125WDG6|A0A125WDG6_NEIME,0,0,0,0
tr|A0A125WDG7|A0A125WDG7_NEIME,0,0,0,0
tr|A0A125WDG9|A0A125WDG9_NEIME,0,0,0,0
tr|A0A125WDH0|A0A125WDH0_NEIME,1,0,0,0
tr|A0A125WDH3|A0A125WDH3_NEIME,1,0,1,1
tr|A0A125WDH4|A0A125WDH4_NEIME,0,0,0,0
tr|A0A125WDH8|A0A125WDH8_NEIME,1,0,1,1
tr|A0A125WDI1|A0A125WDI1_NEIME,1,1,1,1
tr|A0A125WDI8|A0A125WDI8_NEIME,0,0,0,0
tr|A0A125WDJ1|A0A125WDJ1_NEIME,0,1,0,0
tr|A0A125WDJ3|A0A125WDJ3_NEIME,1,1,1,1
tr|A0A125WDJ4|A0A125WDJ4_NEIME,0,0,0,0
tr|A0A125WDJ5|A0A125WDJ5_NEIME,0,1,0,0
tr|A0A125WDJ8|A0A125WDJ8_NEIME,0,0,0,0
tr|A0A125WDJ9|A0A125WDJ9_NEIME,0,0,0,0
tr|A0A125WDK0|A0A125WDK0_NEIME,0,0,0,0
tr|A0A125WDK1|A0A125WDK1_NEIME,1,1,1,1
tr|A0A125WDK2|A0A125WDK2_NEIME,0,0,0,0
tr|A0A125WDK3|A0A125WDK3_NEIME,0,0,0,0
tr|A0A125WDK4|A0A125WDK4_NEIME,0,0,0,0
tr|A0A125WDK6|A0A125WDK6_NEIME,1,0,0,0
tr|A0A125WDL1|A0A125WDL1_NEIME,1,0,0,0
tr|A0A125WDL3|A0A125WDL3_NEIME,0,0,0,0
tr|A0A125WDL4|A0A125WDL4_NEIME,1,1,1,1
tr|A0A125WDL7|A0A125WDL7_NEIME,1,0,1,1
tr|A0A125WDL8|A0A125WDL8_NEIME,1,1,1,1
tr|A0A125WDM0|A0A125WDM0_NEIME,0,0,0,0
tr|A0A125WDM2|A0A125WDM2_NEIME,1,1,1,1
tr|A0A125WDM4|A0A125WDM4_NEIME,0,0,0,0
tr|A0A125WDM6|A0A125WDM6_NEIME,0,0,0,0
tr|A0A125WDM8|A0A125WDM8_NEIME,1,0,1,1
tr|A0A125WDM9|A0A125WDM9_NEIME,1,1,1,1
tr|A0A125WDN1|A0A125WDN1_NEIME,0,0,0,0
tr|A0A125WDN2|A0A125WDN2_NEIME,0,0,0,0
tr|A0A125WDN3|A0A125WDN3_NEIME,1,1,0,1
tr|A0A125WDN5|A0A125WDN5_NEIME,0,0,0,0
tr|A0A125WDN6|A0A125WDN6_NEIME,0,0,0,0
tr|A0A125WDN9|A0A125WDN9_NEIME,0,0,0,0
tr|A0A125WDP2|A0A125WDP2_NEIME,0,0,0,0
tr|A0A125WDP4|A0A125WDP4_NEIME,0,0,0,0
tr|A0A125WDP6|A0A125WDP6_NEIME,0,0,0,0
tr|A0A125WDP7|A0A125WDP7_NEIME,1,1,0,1
tr|A0A125WDP9|A0A125WDP9_NEIME,1,0,0,0
tr|A0A125WDQ0|A0A125WDQ0_NEIME,0,0,1,0
tr|A0A125WDQ2|A0A125WDQ2_NEIME,0,0,0,0
tr|A0A125WDQ4|A0A125WDQ4_NEIME,0,0,0,0
tr|A0A125WDQ5|A0A125WDQ5_NEIME,1,0,0,0
tr|A0A125WDQ6|A0A125WDQ6_NEIME,1,0,1,1
tr|A0A125WDQ9|A0A125WDQ9_NEIME,0,0,0,0
tr|A0A125WDR0|A0A125WDR0_NEIME,1,1,1,1
tr|A0A125WDR1|A0A125WDR1_NEIME,1,1,0,1
tr|A0A125WDR3|A0A125WDR3_NEIME,0,0,0,0
tr|A0A125WDR4|A0A125WDR4_NEIME,0,1,0,0
tr|A0A125WDR6|A0A125WDR6_NEIME,1,0,0,0
tr|A0A125WDR7|A0A125WDR7_NEIME,1,1,0,1
tr|A0A125WDR8|A0A125WDR8_NEIME,1,0,0,0
tr|A0A125WDR9|A0A125WDR9_NEIME,0,0,0,0
tr|A0A125WDS1|A0A125WDS1_NEIME,0,0,0,0
tr|A0A125WDS2|A0A125WDS2_NEIME,0,0,0,0
tr|A0A125WDS3|A0A125WDS3_NEIME,1,0,0,0
tr|A0A125WDS6|A0A125WDS6_NEIME,0,0,0,0
tr|A0A125WDS8|A0A125WDS8_NEIME,1,0,0,0
tr|A0A125WDT5|A0A125WDT5_NEIME,1,0,0,0
tr|A0A125WDT8|A0A125WDT8_NEIME,0,0,0,0
tr|A0A125WDT9|A0A125WDT9_NEIME,0,0,0,0
tr|A0A125WDU1|A0A125WDU1_NEIME,0,0,1,0
tr|A0A125WDU3|A0A125WDU3_NEIME,0,0,1,0
tr|A0A125WDU4|A0A125WDU4_NEIME,0,0,0,0
tr|A0A125WDU5|A0A125WDU5_NEIME,1,0,0,0
tr|A0A125WDU7|A0A125WDU7_NEIME,1,0,0,0
tr|A0A125WDV0|A0A125WDV0_NEIME,0,0,0,0
tr|A0A125WDV2|A0A125WDV2_NEIME,0,0,0,0
tr|A0A125WDV3|A0A125WDV3_NEIME,0,0,0,0
tr|A0A125WDV5|A0A125WDV5_NEIME,0,0,0,0
tr|A0A125WDV6|A0A125WDV6_NEIME,1,1,1,1
tr|A0A125WDW0|A0A125WDW0_NEIME,0,0,0,0
tr|A0A125WDW1|A0A125WDW1_NEIME,0,0,0,0
tr|A0A125WDW4|A0A125WDW4_NEIME,0,0,0,0
tr|A0A125WDW5|A0A125WDW5_NEIME,1,0,0,0
tr|A0A125WDW8|A0A125WDW8_NEIME,0,0,0,0
tr|A0A125WDW9|A0A125WDW9_NEIME,0,0,0,0
tr|A0A125WDX0|A0A125WDX0_NEIME,1,1,0,1
tr|A0A125WDX2|A0A125WDX2_NEIME,0,0,0,0
tr|A0A125WDX3|A0A125WDX3_NEIME,0,0,0,0
tr|A0A125WDX4|A0A125WDX4_NEIME,0,0,0,0
tr|A0A125WDX5|A0A125WDX5_NEIME,0,0,0,0
tr|A0A125WDX8|A0A125WDX8_NEIME,1,0,0,0
tr|A0A125WDY0|A0A125WDY0_NEIME,1,0,0,0
tr|A0A125WDY1|A0A125WDY1_NEIME,1,0,0,0
tr|A0A125WDY2|A0A125WDY2_NEIME,0,0,0,0
tr|A0A125WDY6|A0A125WDY6_NEIME,0,0,0,0
tr|A0A125WDY7|A0A125WDY7_NEIME,1,0,1,1
tr|A0A125WDY8|A0A125WDY8_NEIME,1,0,0,0
tr|A0A125WDY9|A0A125WDY9_NEIME,0,0,0,0
tr|A0A125WDZ0|A0A125WDZ0_NEIME,0,0,0,0
tr|A0A125WDZ1|A0A125WDZ1_NEIME,0,0,0,0
tr|A0A125WDZ3|A0A125WDZ3_NEIME,1,0,0,0
tr|A0A125WDZ4|A0A125WDZ4_NEIME,0,0,0,0
tr|A0A125WDZ9|A0A125WDZ9_NEIME,0,0,0,0
tr|A0A125WE04|A0A125WE04_NEIME,1,0,0,0
tr|A0A125WE05|A0A125WE05_NEIME,0,1,0,0
tr|A0A125WE06|A0A125WE06_NEIME,0,0,0,0
tr|A0A125WE07|A0A125WE07_NEIME,1,1,1,1
tr|A0A125WE09|A0A125WE09_NEIME,0,0,1,0
tr|A0A125WE10|A0A125WE10_NEIME,0,0,0,0
tr|A0A125WE11|A0A125WE11_NEIME,1,0,1,1
tr|A0A125WE12|A0A125WE12_NEIME,1,0,0,0
tr|A0A125WE15|A0A125WE15_NEIME,0,0,0,0
tr|A0A125WE17|A0A125WE17_NEIME,1,0,1,1
tr|A0A125WE18|A0A125WE18_NEIME,1,1,1,1
tr|A0A125WE19|A0A125WE19_NEIME,0,0,0,0
tr|A0A125WE20|A0A125WE20_NEIME,0,0,0,0
tr|A0A125WE21|A0A125WE21_NEIME,0,0,0,0
tr|A0A125WE22|A0A125WE22_NEIME,0,0,0,0
tr|A0A125WE23|A0A125WE23_NEIME,0,0,0,0
tr|A0A125WE27|A0A125WE27_NEIME,0,0,0,0
tr|A0A125WE30|A0A125WE30_NEIME,0,0,0,0
tr|A0A125WE32|A0A125WE32_NEIME,1,1,1,1
tr|A0A125WE34|A0A125WE34_NEIME,0,0,0,0
tr|A0A125WE36|A0A125WE36_NEIME,1,1,1,1
tr|A0A125WE40|A0A125WE40_NEIME,0,0,0,0
tr|A0A125WE41|A0A125WE41_NEIME,0,0,0,0
tr|A0A125WE42|A0A125WE42_NEIME,0,0,0,0
tr|A0A125WE43|A0A125WE43_NEIME,1,0,0,0
tr|A0A125WE45|A0A125WE45_NEIME,0,0,0,0
tr|A0A125WE47|A0A125WE47_NEIME,0,0,0,0
tr|A0A125WE48|A0A125WE48_NEIME,0,0,0,0
tr|A0A125WE49|A0A125WE49_NEIME,1,1,1,1
tr|A0A125WE51|A0A125WE51_NEIME,1,0,1,1
tr|A0A125WE53|A0A125WE53_NEIME,0,0,0,0
tr|A0A125WE55|A0A125WE55_NEIME,0,0,1,0
tr|A0A125WE57|A0A125WE57_NEIME,0,0,0,0
tr|A0A125WE59|A0A125WE59_NEIME,0,0,0,0
tr|A0A125WE60|A0A125WE60_NEIME,1,0,0,0
tr|A0A125WE61|A0A125WE61_NEIME,0,0,0,0
tr|A0A125WE64|A0A125WE64_NEIME,1,0,1,1
tr|A0A125WE66|A0A125WE66_NEIME,0,0,0,0
tr|A0A125WE68|A0A125WE68_NEIME,0,0,0,0
tr|A0A125WE69|A0A125WE69_NEIME,0,0,0,0
tr|A0A125WE71|A0A125WE71_NEIME,0,0,0,0
tr|A0A125WE72|A0A125WE72_NEIME,1,0,0,0
tr|A0A125WE73|A0A125WE73_NEIME,0,0,0,0
tr|A0A125WE74|A0A125WE74_NEIME,1,0,0,0
tr|A0A125WE75|A0A125WE75_NEIME,1,1,1,1
tr|A0A125WE78|A0A125WE78_NEIME,0,0,0,0
tr|A0A125WE79|A0A125WE79_NEIME,0,0,0,0
tr|A0A125WE80|A0A125WE80_NEIME,0,0,0,0
tr|A0A125WE81|A0A125WE81_NEIME,0,0,0,0
tr|A0A125WE83|A0A125WE83_NEIME,1,1,1,1
tr|A0A125WE84|A0A125WE84_NEIME,0,0,0,0
tr|A0A125WE86|A0A125WE86_NEIME,0,0,1,0
tr|A0A125WE87|A0A125WE87_NEIME,1,1,0,1
tr|A0A125WE88|A0A125WE88_NEIME,1,1,1,1
tr|A0A125WE89|A0A125WE89_NEIME,0,1,1,1
tr|A0A125WE90|A0A125WE90_NEIME,0,0,0,0
tr|A0A125WE91|A0A125WE91_NEIME,1,1,0,1
tr|A0A125WE92|A0A125WE92_NEIME,0,0,1,0
tr|A0A125WE94|A0A125WE94_NEIME,0,1,1,1
tr|A0A125WE95|A0A125WE95_NEIME,0,0,1,0
tr|A0A125WE98|A0A125WE98_NEIME,1,0,1,1
tr|A0A125WE99|A0A125WE99_NEIME,0,0,0,0
tr|A0A125WEA0|A0A125WEA0_NEIME,0,0,0,0
tr|A0A125WEA1|A0A125WEA1_NEIME,0,0,0,0
tr|A0A125WEA2|A0A125WEA2_NEIME,1,0,0,0
tr|A0A125WEA3|A0A125WEA3_NEIME,1,0,0,0
tr|A0A125WEA4|A0A125WEA4_NEIME,1,1,1,1
tr|A0A125WEA6|A0A125WEA6_NEIME,1,1,1,1
tr|A0A125WEA8|A0A125WEA8_NEIME,0,0,0,0
tr|A0A125WEA9|A0A125WEA9_NEIME,1,1,1,1
tr|A0A125WEB0|A0A125WEB0_NEIME,0,0,0,0
tr|A0A125WEB1|A0A125WEB1_NEIME,0,0,0,0
tr|A0A125WEB2|A0A125WEB2_NEIME,0,0,0,0
tr|A0A125WEB3|A0A125WEB3_NEIME,1,1,1,1
tr|A0A125WEB4|A0A125WEB4_NEIME,0,0,0,0
tr|A0A125WEB6|A0A125WEB6_NEIME,0,0,0,0
tr|A0A125WEB7|A0A125WEB7_NEIME,1,0,1,1
tr|A0A125WEB8|A0A125WEB8_NEIME,1,1,1,1
tr|A0A125WEC0|A0A125WEC0_NEIME,0,0,0,0
tr|A0A125WEC1|A0A125WEC1_NEIME,0,0,0,0
tr|A0A125WEC2|A0A125WEC2_NEIME,0,0,1,0
tr|A0A125WEC3|A0A125WEC3_NEIME,0,0,1,0
tr|A0A125WEC4|A0A125WEC4_NEIME,1,0,1,1
tr|A0A125WEC6|A0A125WEC6_NEIME,0,0,0,0
tr|A0A125WEC7|A0A125WEC7_NEIME,0,0,0,0
tr|A0A125WED0|A0A125WED0_NEIME,0,0,0,0
tr|A0A125WED1|A0A125WED1_NEIME,1,0,0,0
tr|A0A125WED2|A0A125WED2_NEIME,0,0,0,0
tr|A0A125WED4|A0A125WED4_NEIME,0,0,1,0
tr|A0A125WED7|A0A125WED7_NEIME,0,0,0,0
tr|A0A125WED8|A0A125WED8_NEIME,1,1,0,1
tr|A0A125WEE2|A0A125WEE2_NEIME,0,0,0,0
tr|A0A125WEE3|A0A125WEE3_NEIME,1,0,1,1
tr|A0A125WEE4|A0A125WEE4_NEIME,0,1,0,0
tr|A0A125WEE5|A0A125WEE5_NEIME,0,0,0,0
tr|A0A125WEE6|A0A125WEE6_NEIME,1,1,1,1
tr|A0A125WEE7|A0A125WEE7_NEIME,0,1,0,0
tr|A0A125WEE8|A0A125WEE8_NEIME,1,0,1,1
tr|A0A125WEF1|A0A125WEF1_NEIME,0,0,0,0
tr|A0A125WEF2|A0A125WEF2_NEIME,0,0,1,0
tr|A0A125WEF3|A0A125WEF3_NEIME,1,1,0,1
tr|A0A125WEF7|A0A125WEF7_NEIME,0,0,1,0
tr|A0A125WEF8|A0A125WEF8_NEIME,0,0,0,0
tr|A0A125WEG1|A0A125WEG1_NEIME,0,0,0,0
tr|A0A125WEG2|A0A125WEG2_NEIME,1,0,0,0
tr|A0A125WEG3|A0A125WEG3_NEIME,1,1,1,1
tr|A0A125WEG4|A0A125WEG4_NEIME,1,0,0,0
tr|A0A125WEG5|A0A125WEG5_NEIME,1,1,1,1
tr|A0A125WEG7|A0A125WEG7_NEIME,0,0,0,0
tr|A0A125WEG8|A0A125WEG8_NEIME,0,1,1,1
tr|A0A125WEG9|A0A125WEG9_NEIME,1,0,0,0
tr|A0A125WEH0|A0A125WEH0_NEIME,0,1,0,0
tr|A0A125WEH2|A0A125WEH2_NEIME,0,0,0,0
tr|A0A125WEH4|A0A125WEH4_NEIME,0,0,0,0
tr|A0A125WEH5|A0A125WEH5_NEIME,0,0,1,0
tr|A0A125WEH8|A0A125WEH8_NEIME,0,0,0,0
tr|A0A125WEH9|A0A125WEH9_NEIME,1,0,1,1
tr|A0A125WEI3|A0A125WEI3_NEIME,0,0,1,0
tr|A0A125WEI4|A0A125WEI4_NEIME,0,0,0,0
tr|A0A125WEI5|A0A125WEI5_NEIME,0,0,1,0
tr|A0A125WEI6|A0A125WEI6_NEIME,1,1,1,1
tr|A0A125WEI8|A0A125WEI8_NEIME,0,0,0,0
tr|A0A125WEJ2|A0A125WEJ2_NEIME,1,0,1,1
tr|A0A125WEJ4|A0A125WEJ4_NEIME,0,0,0,0
tr|A0A125WEJ5|A0A125WEJ5_NEIME,1,0,1,1
tr|A0A125WEJ6|A0A125WEJ6_NEIME,0,0,0,0
tr|A0A125WEJ7|A0A125WEJ7_NEIME,0,0,0,0
tr|A0A125WEJ9|A0A125WEJ9_NEIME,0,0,0,0
tr|A0A125WEK1|A0A125WEK1_NEIME,0,0,0,0
tr|A0A125WEK2|A0A125WEK2_NEIME,1,0,0,0
tr|A0A125WEK4|A0A125WEK4_NEIME,1,1,1,1
tr|A0A125WEK5|A0A125WEK5_NEIME,1,0,0,0
tr|A0A125WEK6|A0A125WEK6_NEIME,0,0,0,0
tr|A0A125WEK7|A0A125WEK7_NEIME,0,0,0,0
tr|A0A125WEK8|A0A125WEK8_NEIME,0,1,0,0
tr|A0A125WEK9|A0A125WEK9_NEIME,0,0,0,0
tr|A0A125WEL0|A0A125WEL0_NEIME,1,1,0,1
tr|A0A125WEL1|A0A125WEL1_NEIME,0,1,1,1
tr|A0A125WEL2|A0A125WEL2_NEIME,0,0,0,0
tr|A0A125WEL3|A0A125WEL3_NEIME,0,1,1,1
tr|A0A125WEL5|A0A125WEL5_NEIME,0,0,0,0
tr|A0A125WEL7|A0A125WEL7_NEIME,0,0,1,0
tr|A0A125WEL8|A0A125WEL8_NEIME,0,0,0,0
tr|A0A125WEM0|A0A125WEM0_NEIME,0,0,0,0
tr|A0A125WEM2|A0A125WEM2_NEIME,1,0,0,0
tr|A0A125WEM3|A0A125WEM3_NEIME,0,0,0,0
tr|A0A125WEM4|A0A125WEM4_NEIME,0,0,1,0
tr|A0A125WEM6|A0A125WEM6_NEIME,1,1,1,1
tr|A0A125WEN0|A0A125WEN0_NEIME,0,0,0,0
tr|A0A125WEN3|A0A125WEN3_NEIME,0,1,1,1
tr|A0A125WEN4|A0A125WEN4_NEIME,1,1,1,1
tr|A0A125WEN5|A0A125WEN5_NEIME,0,0,0,0
tr|A0A125WEN6|A0A125WEN6_NEIME,0,0,1,0
tr|A0A125WEN7|A0A125WEN7_NEIME,0,1,1,1
tr|A0A125WEN8|A0A125WEN8_NEIME,0,0,1,0
tr|A0A125WEP2|A0A125WEP2_NEIME,0,0,0,0
tr|A0A125WEP3|A0A125WEP3_NEIME,1,0,0,0
tr|A0A125WEP6|A0A125WEP6_NEIME,0,1,1,1
tr|A0A125WEP7|A0A125WEP7_NEIME,0,0,0,0
tr|A0A125WEP8|A0A125WEP8_NEIME,0,0,0,0
tr|A0A125WEQ0|A0A125WEQ0_NEIME,0,0,0,0
tr|A0A125WEQ1|A0A125WEQ1_NEIME,0,0,0,0
tr|A0A125WEQ4|A0A125WEQ4_NEIME,1,0,0,0
tr|A0A125WEQ5|A0A125WEQ5_NEIME,0,0,0,0
tr|A0A125WEQ6|A0A125WEQ6_NEIME,0,0,0,0
tr|A0A125WEQ7|A0A125WEQ7_NEIME,0,0,0,0
tr|A0A125WEQ8|A0A125WEQ8_NEIME,0,0,0,0
tr|A0A125WER0|A0A125WER0_NEIME,0,0,0,0
tr|A0A125WER1|A0A125WER1_NEIME,1,1,1,1
tr|A0A125WER3|A0A125WER3_NEIME,0,0,0,0
tr|A0A125WER4|A0A125WER4_NEIME,0,0,0,0
tr|A0A125WER9|A0A125WER9_NEIME,1,0,0,0
tr|A0A125WES0|A0A125WES0_NEIME,1,0,0,0
tr|A0A125WES1|A0A125WES1_NEIME,0,0,0,0
tr|A0A125WES2|A0A125WES2_NEIME,1,1,1,1
tr|A0A125WES3|A0A125WES3_NEIME,0,1,0,0
tr|A0A125WES4|A0A125WES4_NEIME,1,1,0,1
tr|A0A125WES6|A0A125WES6_NEIME,0,1,0,0
tr|A0A125WES7|A0A125WES7_NEIME,0,0,1,0
tr|A0A125WES8|A0A125WES8_NEIME,0,0,0,0
tr|A0A125WET1|A0A125WET1_NEIME,0,1,0,0
tr|A0A125WET2|A0A125WET2_NEIME,1,0,0,0
tr|A0A125WET3|A0A125WET3_NEIME,0,0,0,0
tr|A0A125WET4|A0A125WET4_NEIME,1,1,1,1
tr|A0A125WET5|A0A125WET5_NEIME,0,0,0,0
tr|A0A125WET9|A0A125WET9_NEIME,0,0,0,0
tr|A0A125WEU1|A0A125WEU1_NEIME,0,0,0,0
tr|A0A125WEU2|A0A125WEU2_NEIME,1,0,0,0
tr|A0A125WEU3|A0A125WEU3_NEIME,0,0,0,0
tr|A0A125WEU4|A0A125WEU4_NEIME,0,0,0,0
tr|A0A125WEU6|A0A125WEU6_NEIME,0,0,0,0
tr|A0A125WEU7|A0A125WEU7_NEIME,0,0,0,0
tr|A0A125WEV0|A0A125WEV0_NEIME,1,1,0,1
tr|A0A125WEV1|A0A125WEV1_NEIME,1,1,1,1
tr|A0A125WEV4|A0A125WEV4_NEIME,0,0,0,0
tr|A0A125WEV8|A0A125WEV8_NEIME,0,0,0,0
tr|A0A125WEW1|A0A125WEW1_NEIME,0,0,0,0
tr|A0A125WEW2|A0A125WEW2_NEIME,1,0,1,1
tr|A0A125WEW3|A0A125WEW3_NEIME,0,0,0,0
tr|A0A125WEW6|A0A125WEW6_NEIME,0,1,1,1
tr|A0A125WEW7|A0A125WEW7_NEIME,0,0,1,0
tr|A0A125WEW8|A0A125WEW8_NEIME,0,0,0,0
tr|A0A125WEX3|A0A125WEX3_NEIME,0,0,0,0
tr|A0A125WEX4|A0A125WEX4_NEIME,0,0,1,0
tr|A0A125WEX5|A0A125WEX5_NEIME,1,1,1,1
tr|A0A125WEX6|A0A125WEX6_NEIME,0,0,0,0
tr|A0A125WEX8|A0A125WEX8_NEIME,0,0,0,0
tr|A0A125WEY1|A0A125WEY1_NEIME,0,0,0,0
tr|A0A125WEY2|A0A125WEY2_NEIME,0,0,0,0
tr|A0A125WEY3|A0A125WEY3_NEIME,0,0,1,0
tr|A0A125WEY4|A0A125WEY4_NEIME,1,1,1,1
tr|A0A125WEY7|A0A125WEY7_NEIME,0,0,1,0
tr|A0A125WEZ0|A0A125WEZ0_NEIME,0,0,1,0
tr|A0A125WEZ2|A0A125WEZ2_NEIME,0,0,0,0
tr|A0A125WEZ3|A0A125WEZ3_NEIME,0,0,0,0
tr|A0A125WEZ8|A0A125WEZ8_NEIME,1,1,0,1
tr|A0A125WEZ9|A0A125WEZ9_NEIME,0,0,0,0
tr|A0A125WF00|A0A125WF00_NEIME,0,0,0,0
tr|A0A125WF01|A0A125WF01_NEIME,1,0,0,0
tr|A0A125WF02|A0A125WF02_NEIME,0,0,0,0
tr|A0A125WF04|A0A125WF04_NEIME,1,0,0,0
tr|A0A125WF08|A0A125WF08_NEIME,0,0,0,0
tr|A0A125WF09|A0A125WF09_NEIME,0,0,0,0
tr|A0A125WF10|A0A125WF10_NEIME,0,0,0,0
tr|A0A125WF18|A0A125WF18_NEIME,0,0,0,0
tr|A0A125WF19|A0A125WF19_NEIME,0,0,1,0
tr|A0A125WF20|A0A125WF20_NEIME,1,0,0,0
tr|A0A125WF21|A0A125WF21_NEIME,0,0,0,0
tr|A0A125WF27|A0A125WF27_NEIME,1,1,1,1
tr|A0A125WF28|A0A125WF28_NEIME,0,0,0,0
tr|A0A125WF30|A0A125WF30_NEIME,1,1,1,1
tr|A0A125WF31|A0A125WF31_NEIME,0,0,0,0
tr|A0A125WF32|A0A125WF32_NEIME,0,0,1,0
tr|A0A125WF35|A0A125WF35_NEIME,0,0,0,0
tr|A0A125WF36|A0A125WF36_NEIME,1,0,1,1
tr|A0A125WF37|A0A125WF37_NEIME,0,0,0,0
tr|A0A125WF39|A0A125WF39_NEIME,0,0,0,0
tr|A0A125WF40|A0A125WF40_NEIME,0,1,0,0
tr|A0A125WF41|A0A125WF41_NEIME,0,1,0,0
tr|A0A125WF42|A0A125WF42_NEIME,1,0,0,0
tr|A0A125WF44|A0A125WF44_NEIME,0,0,0,0
tr|A0A125WF47|A0A125WF47_NEIME,0,0,0,0
tr|A0A125WF48|A0A125WF48_NEIME,1,0,0,0
tr|A0A125WF49|A0A125WF49_NEIME,0,0,0,0
tr|A0A125WF52|A0A125WF52_NEIME,0,1,0,0
tr|A0A125WF55|A0A125WF55_NEIME,1,0,0,0
tr|A0A125WF57|A0A125WF57_NEIME,0,0,0,0
tr|A0A125WF58|A0A125WF58_NEIME,1,1,0,1
tr|A0A125WF59|A0A125WF59_NEIME,0,1,1,1
tr|A0A125WF62|A0A125WF62_NEIME,0,0,0,0
tr|A0A125WF65|A0A125WF65_NEIME,0,0,0,0
tr|A0A125WF68|A0A125WF68_NEIME,0,1,0,0
tr|A0A125WF69|A0A125WF69_NEIME,0,0,0,0
tr|A0A125WF70|A0A125WF70_NEIME,0,1,1,1
tr|A0A125WF71|A0A125WF71_NEIME,0,0,0,0
tr|A0A125WF72|A0A125WF72_NEIME,1,1,1,1
tr|A0A125WF74|A0A125WF74_NEIME,0,0,0,0
tr|A0A125WF75|A0A125WF75_NEIME,0,0,0,0
tr|A0A125WF76|A0A125WF76_NEIME,0,0,0,0
tr|A0A125WF77|A0A125WF77_NEIME,0,0,0,0
tr|A0A125WF78|A0A125WF78_NEIME,0,1,1,1
tr|A0A125WF79|A0A125WF79_NEIME,0,0,0,0
tr|A0A125WF80|A0A125WF80_NEIME,0,0,0,0
tr|A0A125WF81|A0A125WF81_NEIME,0,0,0,0
tr|A0A125WF82|A0A125WF82_NEIME,1,0,0,0
tr|A0A125WF83|A0A125WF83_NEIME,0,0,0,0
tr|A0A125WF90|A0A125WF90_NEIME,1,0,0,0
tr|A0A125WF91|A0A125WF91_NEIME,0,1,1,1
tr|A0A125WF93|A0A125WF93_NEIME,1,0,0,0
tr|A0A125WF96|A0A125WF96_NEIME,0,0,0,0
tr|A0A125WF98|A0A125WF98_NEIME,0,0,0,0
tr|A0A125WFA1|A0A125WFA1_NEIME,1,1,1,1
tr|A0A125WFA3|A0A125WFA3_NEIME,0,0,0,0
tr|A0A125WFA5|A0A125WFA5_NEIME,1,1,1,1
tr|A0A125WFA6|A0A125WFA6_NEIME,1,1,1,1
tr|A0A125WFB0|A0A125WFB0_NEIME,1,0,0,0
tr|A0A125WFB2|A0A125WFB2_NEIME,0,0,0,0
tr|A0A125WFB4|A0A125WFB4_NEIME,1,0,1,1
tr|A0A125WFB5|A0A125WFB5_NEIME,0,0,0,0
tr|A0A125WFB6|A0A125WFB6_NEIME,1,1,0,1
tr|A0A125WFB8|A0A125WFB8_NEIME,0,0,0,0
tr|A0A125WFB9|A0A125WFB9_NEIME,0,0,0,0
tr|A0A125WFC3|A0A125WFC3_NEIME,0,0,0,0
tr|A0A125WFC5|A0A125WFC5_NEIME,0,0,0,0
tr|A0A125WFC6|A0A125WFC6_NEIME,1,0,0,0
tr|A0A125WFC8|A0A125WFC8_NEIME,1,0,0,0
tr|A0A125WFD3|A0A125WFD3_NEIME,0,1,1,1
tr|A0A125WFD4|A0A125WFD4_NEIME,0,0,0,0
tr|A0A125WFD5|A0A125WFD5_NEIME,1,1,1,1
tr|A0A125WFD6|A0A125WFD6_NEIME,0,0,0,0
tr|A0A125WFE0|A0A125WFE0_NEIME,0,0,0,0
tr|A0A125WFE3|A0A125WFE3_NEIME,1,0,1,1
tr|A0A125WFE4|A0A125WFE4_NEIME,1,0,0,0
tr|A0A125WFE7|A0A125WFE7_NEIME,1,0,0,0
tr|A0A125WFE9|A0A125WFE9_NEIME,0,1,1,1
tr|A0A125WFF0|A0A125WFF0_NEIME,1,0,0,0
tr|A0A125WFF4|A0A125WFF4_NEIME,0,0,0,0
tr|A0A125WFF5|A0A125WFF5_NEIME,0,0,0,0
tr|A0A125WFF7|A0A125WFF7_NEIME,0,0,0,0
tr|A0A125WFG1|A0A125WFG1_NEIME,0,0,0,0
tr|A0A125WFG3|A0A125WFG3_NEIME,0,0,0,0
tr|A0A125WFG4|A0A125WFG4_NEIME,1,1,1,1
tr|A0A125WFG8|A0A125WFG8_NEIME,0,1,0,0
tr|A0A125WFG9|A0A125WFG9_NEIME,0,0,0,0
tr|A0A125WFH1|A0A125WFH1_NEIME,0,0,0,0
tr|A0A125WFH2|A0A125WFH2_NEIME,1,0,1,1
tr|A0A125WFH3|A0A125WFH3_NEIME,0,0,0,0
tr|A0A125WFH4|A0A125WFH4_NEIME,1,0,1,1
tr|A0A125WFH5|A0A125WFH5_NEIME,1,0,0,0
tr|A0A125WFH9|A0A125WFH9_NEIME,1,0,0,0
tr|A0A125WFI0|A0A125WFI0_NEIME,0,0,0,0
tr|A0A125WFI2|A0A125WFI2_NEIME,1,0,1,1
tr|A0A125WFI3|A0A125WFI3_NEIME,0,1,0,0
tr|A0A125WFI5|A0A125WFI5_NEIME,0,0,0,0
tr|A0A125WFI9|A0A125WFI9_NEIME,0,0,0,0
tr|A0A125WFJ6|A0A125WFJ6_NEIME,1,0,1,1
tr|A0A125WFJ8|A0A125WFJ8_NEIME,1,0,0,0
tr|A0A125WFK0|A0A125WFK0_NEIME,0,0,0,0
tr|A0A125WFK2|A0A125WFK2_NEIME,0,0,0,0
tr|A0A125WFK3|A0A125WFK3_NEIME,0,0,0,0
tr|A0A125WFK5|A0A125WFK5_NEIME,0,0,0,0
tr|A0A125WFK8|A0A125WFK8_NEIME,1,1,1,1
tr|A0A125WFL0|A0A125WFL0_NEIME,0,0,0,0
tr|A0A125WFL1|A0A125WFL1_NEIME,0,0,0,0
tr|A0A125WFL2|A0A125WFL2_NEIME,0,0,0,0
tr|A0A125WFL3|A0A125WFL3_NEIME,0,1,0,0
tr|A0A125WFL6|A0A125WFL6_NEIME,0,0,0,0
tr|A0A125WFL7|A0A125WFL7_NEIME,0,0,0,0
tr|A0A125WFM6|A0A125WFM6_NEIME,0,0,0,0
tr|A0A125WFN2|A0A125WFN2_NEIME,0,0,0,0
tr|A0A125WFN9|A0A125WFN9_NEIME,0,0,0,0
tr|A0A125WFP3|A0A125WFP3_NEIME,0,1,0,0
tr|A0A125WFP7|A0A125WFP7_NEIME,0,0,0,0
tr|A0A125WFP8|A0A125WFP8_NEIME,1,1,1,1
tr|A0A125WFQ4|A0A125WFQ4_NEIME,1,0,1,1
tr|A0A125WFQ8|A0A125WFQ8_NEIME,0,0,0,0
tr|A0A125WFQ9|A0A125WFQ9_NEIME,0,0,0,0
tr|A0A125WFR3|A0A125WFR3_NEIME,0,0,0,0
tr|A0A125WFR4|A0A125WFR4_NEIME,0,0,1,0
tr|A0A125WFR5|A0A125WFR5_NEIME,1,0,0,0
tr|A0A125WFR6|A0A125WFR6_NEIME,0,0,0,0
tr|A0A125WFR8|A0A125WFR8_NEIME,0,0,0,0
tr|A0A125WFS0|A0A125WFS0_NEIME,0,1,0,0
tr|A0A125WFS1|A0A125WFS1_NEIME,0,0,0,0
tr|A0A125WFS7|A0A125WFS7_NEIME,0,0,0,0
tr|A0A125WFS8|A0A125WFS8_NEIME,0,0,0,0
tr|A0A125WFT1|A0A125WFT1_NEIME,0,1,1,1
tr|A0A125WFT3|A0A125WFT3_NEIME,0,0,1,0
tr|A0A125WFT5|A0A125WFT5_NEIME,1,1,0,1
tr|A0A125WFT9|A0A125WFT9_NEIME,0,0,0,0
tr|A0A125WFU3|A0A125WFU3_NEIME,0,0,0,0
tr|A0A125WFU4|A0A125WFU4_NEIME,0,0,0,0
tr|A0A125WFU5|A0A125WFU5_NEIME,0,0,0,0
tr|A0A125WFU7|A0A125WFU7_NEIME,0,0,0,0
tr|A0A125WFU8|A0A125WFU8_NEIME,0,0,0,0
tr|A0A125WFU9|A0A125WFU9_NEIME,0,0,0,0
tr|A0A125WFV1|A0A125WFV1_NEIME,0,0,0,0
tr|A0A125WFV2|A0A125WFV2_NEIME,0,0,0,0
tr|A0A125WFV3|A0A125WFV3_NEIME,1,0,0,0
tr|A0A125WFV4|A0A125WFV4_NEIME,0,0,0,0
tr|A0A125WFV5|A0A125WFV5_NEIME,0,0,0,0
tr|A0A125WFV8|A0A125WFV8_NEIME,1,0,0,0
tr|A0A125WFW0|A0A125WFW0_NEIME,0,0,1,0
tr|A0A125WFW1|A0A125WFW1_NEIME,0,1,1,1
tr|A0A125WFW3|A0A125WFW3_NEIME,1,1,1,1
tr|A0A125WFW5|A0A125WFW5_NEIME,0,0,0,0
tr|A0A125WFW6|A0A125WFW6_NEIME,0,0,0,0
tr|A0A125WFW8|A0A125WFW8_NEIME,0,0,0,0
tr|A0A125WFX1|A0A125WFX1_NEIME,1,1,1,1
tr|A0A125WFX4|A0A125WFX4_NEIME,1,0,0,0
tr|A0A125WFX5|A0A125WFX5_NEIME,0,0,0,0
tr|A0A125WFX6|A0A125WFX6_NEIME,0,0,1,0
tr|A0A125WFX7|A0A125WFX7_NEIME,1,0,0,0
tr|A0A125WFX8|A0A125WFX8_NEIME,1,1,1,1
tr|A0A125WFX9|A0A125WFX9_NEIME,0,0,1,0
tr|A0A125WFY1|A0A125WFY1_NEIME,0,0,0,0
tr|A0A125WFY2|A0A125WFY2_NEIME,0,0,0,0
tr|A0A125WFY3|A0A125WFY3_NEIME,0,0,0,0
tr|A0A125WFY4|A0A125WFY4_NEIME,0,0,0,0
tr|A0A125WFY5|A0A125WFY5_NEIME,0,0,0,0
tr|A0A125WFY7|A0A125WFY7_NEIME,1,1,1,1
tr|A0A125WFY8|A0A125WFY8_NEIME,0,0,0,0
tr|A0A125WFZ0|A0A125WFZ0_NEIME,0,0,0,0
tr|A0A125WFZ1|A0A125WFZ1_NEIME,1,0,0,0
tr|A0A125WFZ2|A0A125WFZ2_NEIME,0,0,0,0
tr|A0A125WFZ5|A0A125WFZ5_NEIME,0,0,0,0
tr|A0A125WFZ7|A0A125WFZ7_NEIME,0,0,0,0
tr|A0A125WFZ8|A0A125WFZ8_NEIME,0,1,1,1
tr|A0A125WG00|A0A125WG00_NEIME,0,0,0,0
tr|A0A125WG01|A0A125WG01_NEIME,1,1,1,1
tr|A0A125WG02|A0A125WG02_NEIME,0,0,0,0
tr|A0A125WG07|A0A125WG07_NEIME,1,0,1,1
tr|A0A125WG08|A0A125WG08_NEIME,1,0,0,0
tr|A0A125WG11|A0A125WG11_NEIME,1,0,1,1
tr|A0A125WG12|A0A125WG12_NEIME,1,1,1,1
tr|A0A125WG13|A0A125WG13_NEIME,0,0,0,0
tr|A0A125WG14|A0A125WG14_NEIME,0,0,0,0
tr|A0A125WG17|A0A125WG17_NEIME,0,1,0,0
tr|A0A125WG20|A0A125WG20_NEIME,1,0,0,0
tr|A0A125WG21|A0A125WG21_NEIME,1,1,1,1
tr|A0A125WG25|A0A125WG25_NEIME,1,0,0,0
tr|A0A125WG26|A0A125WG26_NEIME,1,1,1,1
tr|A0A125WG27|A0A125WG27_NEIME,0,0,1,0
tr|A0A125WG29|A0A125WG29_NEIME,1,0,0,0
tr|A0A125WG30|A0A125WG30_NEIME,1,1,0,1
tr|A0A125WG33|A0A125WG33_NEIME,0,1,0,0
tr|A0A125WG34|A0A125WG34_NEIME,1,1,1,1
tr|A0A125WG35|A0A125WG35_NEIME,0,0,0,0
tr|A0A125WG36|A0A125WG36_NEIME,1,1,1,1
tr|A0A125WG39|A0A125WG39_NEIME,0,0,0,0
tr|A0A125WG42|A0A125WG42_NEIME,1,1,0,1
tr|A0A125WG46|A0A125WG46_NEIME,0,0,0,0
tr|A0A125WG48|A0A125WG48_NEIME,0,0,0,0
tr|A0A125WG50|A0A125WG50_NEIME,1,1,1,1
tr|A0A125WG51|A0A125WG51_NEIME,0,0,0,0
tr|A0A125WG52|A0A125WG52_NEIME,1,0,1,1
tr|A0A125WG55|A0A125WG55_NEIME,0,0,0,0
tr|A0A125WG56|A0A125WG56_NEIME,1,0,0,0
tr|A0A125WG57|A0A125WG57_NEIME,0,0,0,0
tr|A0A125WG59|A0A125WG59_NEIME,0,0,0,0
tr|A0A125WG60|A0A125WG60_NEIME,1,1,1,1
tr|A0A125WG63|A0A125WG63_NEIME,0,0,0,0
tr|A0A125WG64|A0A125WG64_NEIME,1,1,0,1
tr|A0A125WG65|A0A125WG65_NEIME,0,0,0,0
tr|A0A125WG66|A0A125WG66_NEIME,0,0,0,0
tr|A0A125WG75|A0A125WG75_NEIME,1,0,1,1
tr|A0A125WG76|A0A125WG76_NEIME,1,1,1,1
tr|A0A125WG77|A0A125WG77_NEIME,0,0,0,0
tr|A0A125WG83|A0A125WG83_NEIME,1,1,1,1
tr|A0A125WG87|A0A125WG87_NEIME,1,1,1,1
tr|A0A125WG89|A0A125WG89_NEIME,1,0,0,0
tr|A0A125WGA3|A0A125WGA3_NEIME,0,0,0,0
tr|A0A125WGA8|A0A125WGA8_NEIME,1,0,0,0
tr|A0A125WGB2|A0A125WGB2_NEIME,1,0,1,1
tr|A0A125WGB3|A0A125WGB3_NEIME,0,0,0,0
tr|A0A125WGB4|A0A125WGB4_NEIME,1,0,1,1
tr|A0A125WGC2|A0A125WGC2_NEIME,0,0,0,0
tr|A0A125WGC6|A0A125WGC6_NEIME,0,0,0,0
tr|A0A125WGD3|A0A125WGD3_NEIME,0,0,0,0
tr|A0A125WGD5|A0A125WGD5_NEIME,0,0,1,0
tr|A0A125WGE3|A0A125WGE3_NEIME,0,0,0,0
tr|A0A125WGF8|A0A125WGF8_NEIME,1,1,1,1
tr|A0A125WGG5|A0A125WGG5_NEIME,1,1,1,1
tr|A0A125WGI6|A0A125WGI6_NEIME,1,0,1,1
