protein,xgboost,random_subspace,random forest,fuse 2/3
sp|H2VFI5|SIAA_NEIMB,0,0,0,0
sp|P0A0R9|EXBD_NEIMB,1,0,1,1
sp|P0A0U2|IHFB_NEIMB,0,0,1,0
sp|P0A0V8|CTRA_NEIMB,1,1,1,1
sp|P30903|DHAS_NEIMB,0,0,0,0
sp|P66151|RL28_NEIMB,0,0,0,0
sp|P66438|RS16_NEIMB,0,0,0,0
sp|P66551|RS3_NEIMB,1,0,1,1
sp|P66642|RS9_NEIMB,0,0,1,0
sp|P67519|RLMH_NEIMB,1,0,0,0
sp|Q51161|DHPS_NEIMB,0,0,0,0
sp|Q59622|RPOB_NEIMB,0,0,0,0
tr|Q7DD38|Q7DD38_NEIMB,0,1,0,0
tr|Q7DD57|Q7DD57_NEIMB,1,0,1,1
tr|Q7DD62|Q7DD62_NEIMB,0,0,0,0
tr|Q7DDI4|Q7DDI4_NEIMB,0,0,0,0
tr|Q7DDP4|Q7DDP4_NEIMB,0,0,0,0
tr|Q7DDS6|Q7DDS6_NEIMB,0,0,0,0
tr|Q9JRU7|Q9JRU7_NEIMB,0,0,0,0
tr|Q9JRY8|Q9JRY8_NEIMB,0,0,0,0
tr|Q9JS22|Q9JS22_NEIMB,1,1,1,1
sp|Q9JX94|MUTS_NEIMB,0,0,0,0
tr|Q9JXA6|Q9JXA6_NEIMB,1,1,0,1
tr|Q9JXF4|Q9JXF4_NEIMB,0,1,0,0
tr|Q9JXF8|Q9JXF8_NEIMB,0,0,0,0
sp|Q9JXG9|GCH1L_NEIMB,0,0,0,0
tr|Q9JXN8|Q9JXN8_NEIMB,0,0,0,0
tr|Q9JXS1|Q9JXS1_NEIMB,0,0,0,0
tr|Q9JXS8|Q9JXS8_NEIMB,0,0,0,0
tr|Q9JXT0|Q9JXT0_NEIMB,1,1,1,1
sp|Q9JXT2|SYL_NEIMB,0,0,0,0
tr|Q9JXX6|Q9JXX6_NEIMB,1,0,0,0
tr|Q9JXZ1|Q9JXZ1_NEIMB,1,0,0,0
tr|Q9JXZ3|Q9JXZ3_NEIMB,0,0,0,0
tr|Q9JY44|Q9JY44_NEIMB,1,1,1,1
tr|Q9JY62|Q9JY62_NEIMB,0,0,0,0
tr|Q9JYA6|Q9JYA6_NEIMB,0,0,0,0
tr|Q9JYA8|Q9JYA8_NEIMB,1,1,1,1
tr|Q9JYF6|Q9JYF6_NEIMB,1,0,0,0
tr|Q9JYH2|Q9JYH2_NEIMB,0,0,0,0
tr|Q9JYI5|Q9JYI5_NEIMB,0,0,0,0
tr|Q9JYJ0|Q9JYJ0_NEIMB,0,0,0,0
tr|Q9JYL1|Q9JYL1_NEIMB,0,0,0,0
tr|Q9JYP2|Q9JYP2_NEIMB,1,1,1,1
tr|Q9JYX2|Q9JYX2_NEIMB,0,0,0,0
tr|Q9JYY7|Q9JYY7_NEIMB,1,1,1,1
tr|Q9JYZ4|Q9JYZ4_NEIMB,0,0,0,0
tr|Q9JZ12|Q9JZ12_NEIMB,0,0,0,0
tr|Q9JZ33|Q9JZ33_NEIMB,1,1,1,1
tr|Q9JZ63|Q9JZ63_NEIMB,0,0,0,0
tr|Q9JZ79|Q9JZ79_NEIMB,0,0,0,0
tr|Q9JZC3|Q9JZC3_NEIMB,0,0,0,0
tr|Q9JZD9|Q9JZD9_NEIMB,0,0,0,0
sp|Q9JZI6|LEUD_NEIMB,1,0,0,0
tr|Q9JZK1|Q9JZK1_NEIMB,1,1,1,1
sp|Q9JZL5|DUSC_NEIMB,0,0,0,0
tr|Q9JZL6|Q9JZL6_NEIMB,0,0,0,0
tr|Q9JZP8|Q9JZP8_NEIMB,0,0,0,0
tr|Q9JZQ0|Q9JZQ0_NEIMB,0,0,0,0
tr|Q9K017|Q9K017_NEIMB,0,0,0,0
tr|Q9K036|Q9K036_NEIMB,1,1,1,1
tr|Q9K046|Q9K046_NEIMB,1,0,0,0
tr|Q9K0A0|Q9K0A0_NEIMB,0,0,0,0
tr|Q9K0C4|Q9K0C4_NEIMB,0,1,0,0
sp|Q9K0D7|LPXK_NEIMB,0,0,0,0
tr|Q9K0H1|Q9K0H1_NEIMB,1,1,1,1
tr|Q9K0H8|Q9K0H8_NEIMB,1,0,1,1
tr|Q9K0I8|Q9K0I8_NEIMB,0,0,0,0
tr|Q9K0J9|Q9K0J9_NEIMB,1,0,0,0
tr|Q9K0M1|Q9K0M1_NEIMB,1,0,0,0
tr|Q9K0N3|Q9K0N3_NEIMB,1,0,1,1
tr|Q9K0N9|Q9K0N9_NEIMB,0,0,0,0
tr|Q9K0R9|Q9K0R9_NEIMB,0,1,1,1
tr|Q9K0S0|Q9K0S0_NEIMB,0,0,1,0
tr|Q9K0T4|Q9K0T4_NEIMB,1,1,1,1
tr|Q9K0T5|Q9K0T5_NEIMB,1,0,1,1
sp|Q9K0U9|TBPA_NEIMB,1,1,1,1
tr|Q9K0W1|Q9K0W1_NEIMB,0,0,0,0
tr|Q9K0W2|Q9K0W2_NEIMB,0,0,0,0
tr|Q9K0X3|Q9K0X3_NEIMB,0,1,0,0
sp|Q9K0Y0|DDL_NEIMB,0,1,0,0
tr|Q9K102|Q9K102_NEIMB,1,1,1,1
tr|Q9K109|Q9K109_NEIMB,0,0,0,0
tr|Q9K113|Q9K113_NEIMB,0,0,0,0
tr|Q9K145|Q9K145_NEIMB,0,0,0,0
sp|Q9K155|YACG_NEIMB,1,0,0,0
tr|Q9K160|Q9K160_NEIMB,0,1,1,1
sp|Q9K161|QUEF_NEIMB,1,0,1,1
tr|Q9K175|Q9K175_NEIMB,1,0,1,1
tr|Q9K180|Q9K180_NEIMB,0,1,1,1
tr|Q9K1A9|Q9K1A9_NEIMB,0,0,0,0
tr|Q9K1C8|Q9K1C8_NEIMB,1,0,0,0
tr|Q9K1J8|Q9K1J8_NEIMB,0,0,0,0
tr|Q9K1K2|Q9K1K2_NEIMB,0,0,0,0
sp|Q9K1M2|Y088_NEIMB,1,1,1,1
tr|Q9K1M4|Q9K1M4_NEIMB,0,0,0,0
tr|Q9K1M5|Q9K1M5_NEIMB,0,0,0,0
tr|Q9K1N5|Q9K1N5_NEIMB,1,0,0,0
tr|Q9K1R4|Q9K1R4_NEIMB,1,0,0,0
tr|Q9K1R5|Q9K1R5_NEIMB,0,0,0,0
sp|P40391|PGM_NEIMB,0,0,0,0
sp|P55044|FPG_NEIMB,0,0,0,0
sp|P63817|COAD_NEIMB,1,0,1,1
sp|P65265|LSPA_NEIMB,0,0,0,0
sp|P66386|RS13_NEIMB,0,1,0,0
sp|P66408|RS14_NEIMB,1,0,0,0
tr|Q4W571|Q4W571_NEIMB,1,0,0,0
tr|Q4W592|Q4W592_NEIMB,1,1,1,1
tr|Q7DD71|Q7DD71_NEIMB,0,0,0,0
tr|Q7DD90|Q7DD90_NEIMB,0,0,0,0
tr|Q7DDC2|Q7DDC2_NEIMB,0,0,1,0
tr|Q7DDC5|Q7DDC5_NEIMB,1,0,1,1
tr|Q7DDD5|Q7DDD5_NEIMB,1,1,1,1
sp|Q7DDI1|Y1088_NEIMB,0,0,1,0
tr|Q7DDK2|Q7DDK2_NEIMB,1,0,0,0
sp|Q9JRV8|ACCA_NEIMB,0,0,0,0
tr|Q9JXC8|Q9JXC8_NEIMB,0,0,0,0
tr|Q9JXC9|Q9JXC9_NEIMB,0,0,0,0
tr|Q9JXI1|Q9JXI1_NEIMB,0,0,1,0
tr|Q9JXJ0|Q9JXJ0_NEIMB,0,0,0,0
sp|Q9JXK5|PUR4_NEIMB,0,1,0,0
tr|Q9JXL0|Q9JXL0_NEIMB,0,0,0,0
tr|Q9JXR9|Q9JXR9_NEIMB,1,0,0,0
sp|Q9JXS2|NTPPB_NEIMB,0,0,0,0
sp|Q9JXW4|QUEA_NEIMB,0,0,0,0
tr|Q9JY36|Q9JY36_NEIMB,1,1,1,1
tr|Q9JY38|Q9JY38_NEIMB,0,0,0,0
tr|Q9JY61|Q9JY61_NEIMB,0,0,0,0
tr|Q9JY78|Q9JY78_NEIMB,0,0,0,0
tr|Q9JY84|Q9JY84_NEIMB,0,0,0,0
tr|Q9JY92|Q9JY92_NEIMB,0,0,0,0
tr|Q9JYB3|Q9JYB3_NEIMB,0,0,0,0
tr|Q9JYF1|Q9JYF1_NEIMB,0,0,0,0
tr|Q9JYF3|Q9JYF3_NEIMB,0,0,0,0
tr|Q9JYH4|Q9JYH4_NEIMB,0,0,0,0
tr|Q9JYI0|Q9JYI0_NEIMB,1,0,0,0
sp|Q9JYI8|FKBA_NEIMB,1,0,1,1
tr|Q9JYJ1|Q9JYJ1_NEIMB,0,0,0,0
tr|Q9JYL5|Q9JYL5_NEIMB,0,0,0,0
tr|Q9JYN0|Q9JYN0_NEIMB,0,0,0,0
sp|Q9JYN5|RNPH_NEIMB,0,0,0,0
tr|Q9JYP0|Q9JYP0_NEIMB,1,1,1,1
sp|Q9JYT0|AROD_NEIMB,0,0,0,0
sp|Q9JYT1|Y1444_NEIMB,1,1,1,1
tr|Q9JYW5|Q9JYW5_NEIMB,0,0,0,0
sp|Q9JYY1|TRUB_NEIMB,0,0,0,0
sp|Q9JYY2|RBFA_NEIMB,0,0,0,0
tr|Q9JYZ1|Q9JYZ1_NEIMB,1,1,0,1
sp|Q9JZ07|SUHB_NEIMB,0,0,0,0
tr|Q9JZ13|Q9JZ13_NEIMB,0,1,0,0
tr|Q9JZ18|Q9JZ18_NEIMB,0,0,0,0
tr|Q9JZ19|Q9JZ19_NEIMB,1,0,0,0
sp|Q9JZ26|UVRC_NEIMB,0,0,0,0
tr|Q9JZ99|Q9JZ99_NEIMB,1,1,1,1
tr|Q9JZB8|Q9JZB8_NEIMB,1,0,1,1
tr|Q9JZC7|Q9JZC7_NEIMB,0,0,0,0
tr|Q9JZD7|Q9JZD7_NEIMB,0,0,0,0
tr|Q9JZE2|Q9JZE2_NEIMB,0,0,0,0
tr|Q9JZF2|Q9JZF2_NEIMB,0,1,0,0
tr|Q9JZF5|Q9JZF5_NEIMB,0,0,0,0
sp|Q9JZG2|PROB_NEIMB,0,0,0,0
sp|Q9JZI5|LEUC_NEIMB,0,0,0,0
tr|Q9JZJ1|Q9JZJ1_NEIMB,0,0,0,0
tr|Q9JZL0|Q9JZL0_NEIMB,0,0,0,0
tr|Q9JZN1|Q9JZN1_NEIMB,0,0,0,0
tr|Q9JZN8|Q9JZN8_NEIMB,0,1,0,0
sp|Q9JZY2|RDGC_NEIMB,0,0,0,0
tr|Q9JZY9|Q9JZY9_NEIMB,0,0,0,0
tr|Q9JZZ0|Q9JZZ0_NEIMB,0,0,0,0
tr|Q9K026|Q9K026_NEIMB,0,0,0,0
tr|Q9K035|Q9K035_NEIMB,0,1,1,1
sp|Q9K041|DCUP_NEIMB,0,0,0,0
tr|Q9K050|Q9K050_NEIMB,0,0,0,0
tr|Q9K059|Q9K059_NEIMB,1,1,0,1
tr|Q9K071|Q9K071_NEIMB,0,0,0,0
tr|Q9K086|Q9K086_NEIMB,0,0,0,0
tr|Q9K099|Q9K099_NEIMB,1,0,1,1
tr|Q9K0A3|Q9K0A3_NEIMB,0,0,0,0
tr|Q9K0D3|Q9K0D3_NEIMB,0,0,0,0
tr|Q9K0G3|Q9K0G3_NEIMB,0,0,0,0
sp|Q9K0G6|IXTPA_NEIMB,1,0,1,1
sp|Q9K0H5|HIS3_NEIMB,0,0,0,0
sp|Q9K0N7|MACB_NEIMB,0,1,0,0
tr|Q9K0R6|Q9K0R6_NEIMB,1,1,1,1
tr|Q9K0S7|Q9K0S7_NEIMB,1,1,1,1
tr|Q9K0U4|Q9K0U4_NEIMB,0,0,0,0
tr|Q9K0V6|Q9K0V6_NEIMB,0,0,0,0
sp|Q9K0X1|ACKA2_NEIMB,1,1,1,1
tr|Q9K0Y5|Q9K0Y5_NEIMB,0,0,1,0
tr|Q9K122|Q9K122_NEIMB,1,1,1,1
sp|Q9K132|Y361_NEIMB,0,0,0,0
tr|Q9K147|Q9K147_NEIMB,1,1,1,1
tr|Q9K158|Q9K158_NEIMB,1,0,0,0
sp|Q9K168|DYR_NEIMB,1,0,0,0
tr|Q9K169|Q9K169_NEIMB,0,0,0,0
sp|Q9K187|LPTD_NEIMB,1,1,1,1
tr|Q9K1A1|Q9K1A1_NEIMB,0,0,0,0
sp|Q9K1A4|RSGA_NEIMB,1,0,0,0
tr|Q9K1B1|Q9K1B1_NEIMB,0,0,0,0
sp|Q9K1F1|DAPB_NEIMB,0,0,1,0
sp|O33395|UVRB_NEIMB,0,0,0,0
sp|P0A0U9|PBP2_NEIMB,1,1,1,1
sp|P0DH57|OTC_NEIMB,0,0,0,0
sp|P56990|GLYA_NEIMB,0,0,0,0
sp|P63442|ACP_NEIMB,0,0,1,0
sp|P66088|RL1_NEIMB,1,1,1,1
sp|P66130|RL27_NEIMB,1,1,1,1
sp|Q70M91|PILQ_NEIMB,1,1,1,1
tr|Q7DD50|Q7DD50_NEIMB,0,1,1,1
tr|Q7DDB9|Q7DDB9_NEIMB,0,0,0,0
tr|Q7DDC3|Q7DDC3_NEIMB,0,0,0,0
tr|Q7DDC6|Q7DDC6_NEIMB,0,0,0,0
tr|Q7DDD8|Q7DDD8_NEIMB,1,1,1,1
tr|Q7DDG2|Q7DDG2_NEIMB,0,0,0,0
tr|Q7DDG9|Q7DDG9_NEIMB,0,0,0,0
tr|Q7DDL1|Q7DDL1_NEIMB,0,1,1,1
tr|Q7DDM2|Q7DDM2_NEIMB,1,1,1,1
tr|Q7DDN3|Q7DDN3_NEIMB,0,0,0,0
tr|Q7DDP1|Q7DDP1_NEIMB,0,0,0,0
tr|Q7DDQ6|Q7DDQ6_NEIMB,0,0,0,0
tr|Q7DDR1|Q7DDR1_NEIMB,0,0,0,0
tr|Q7DDR7|Q7DDR7_NEIMB,1,1,1,1
sp|Q7DDR9|NMFIC_NEIMB,0,0,0,0
tr|Q7DDS8|Q7DDS8_NEIMB,0,0,0,0
sp|Q9JS45|CYSJ_NEIMB,1,0,0,0
tr|Q9JXB4|Q9JXB4_NEIMB,0,1,1,1
tr|Q9JXI6|Q9JXI6_NEIMB,0,0,0,0
sp|Q9JXM4|CH10_NEIMB,1,1,0,1
tr|Q9JXP6|Q9JXP6_NEIMB,1,0,1,1
sp|Q9JXS4|YIDC_NEIMB,0,1,0,0
sp|Q9JXS6|RNPA_NEIMB,0,0,1,0
sp|Q9JXS7|DNAA_NEIMB,1,0,0,0
sp|Q9JXY5|SYY_NEIMB,0,0,0,0
tr|Q9JY13|Q9JY13_NEIMB,0,0,0,0
tr|Q9JY54|Q9JY54_NEIMB,0,0,0,0
tr|Q9JY73|Q9JY73_NEIMB,0,0,0,0
tr|Q9JY81|Q9JY81_NEIMB,0,0,1,0
sp|Q9JYC3|Y1652_NEIMB,1,0,1,1
tr|Q9JYC8|Q9JYC8_NEIMB,0,0,0,0
tr|Q9JYE2|Q9JYE2_NEIMB,0,0,0,0
sp|Q9JYF4|RSMJ_NEIMB,1,0,0,0
tr|Q9JYP1|Q9JYP1_NEIMB,1,0,1,1
tr|Q9JYR7|Q9JYR7_NEIMB,0,0,0,0
tr|Q9JYU2|Q9JYU2_NEIMB,1,0,0,0
tr|Q9JYV4|Q9JYV4_NEIMB,0,0,0,0
tr|Q9JYW8|Q9JYW8_NEIMB,0,0,0,0
tr|Q9JYX8|Q9JYX8_NEIMB,1,1,1,1
sp|Q9JYZ7|GATB_NEIMB,0,0,0,0
tr|Q9JZ43|Q9JZ43_NEIMB,0,1,0,0
tr|Q9JZ45|Q9JZ45_NEIMB,0,1,0,0
tr|Q9JZ52|Q9JZ52_NEIMB,1,0,0,0
tr|Q9JZ60|Q9JZ60_NEIMB,0,0,0,0
tr|Q9JZ69|Q9JZ69_NEIMB,0,0,0,0
tr|Q9JZ93|Q9JZ93_NEIMB,1,0,0,0
tr|Q9JZB0|Q9JZB0_NEIMB,0,0,1,0
tr|Q9JZC0|Q9JZC0_NEIMB,1,0,0,0
tr|Q9JZF3|Q9JZF3_NEIMB,0,0,0,0
sp|Q9JZF9|LGT_NEIMB,0,0,0,0
tr|Q9JZG5|Q9JZG5_NEIMB,0,0,0,0
tr|Q9JZG8|Q9JZG8_NEIMB,0,0,0,0
sp|Q9JZG9|PLSY_NEIMB,1,0,0,0
tr|Q9JZH5|Q9JZH5_NEIMB,0,0,0,0
tr|Q9JZJ5|Q9JZJ5_NEIMB,0,0,0,0
tr|Q9JZJ8|Q9JZJ8_NEIMB,0,0,0,0
sp|Q9JZQ3|METF_NEIMB,1,0,0,0
tr|Q9JZX4|Q9JZX4_NEIMB,0,0,1,0
sp|Q9K005|PYRF_NEIMB,0,0,0,0
tr|Q9K011|Q9K011_NEIMB,1,1,1,1
tr|Q9K042|Q9K042_NEIMB,0,0,0,0
sp|Q9K048|UPP_NEIMB,0,0,0,0
tr|Q9K064|Q9K064_NEIMB,0,0,0,0
tr|Q9K079|Q9K079_NEIMB,0,0,0,0
sp|Q9K0B7|RSMA_NEIMB,0,0,0,0
tr|Q9K0C9|Q9K0C9_NEIMB,0,0,0,0
sp|Q9K0D0|NUSB_NEIMB,0,0,1,0
sp|Q9K0D1|PYRC_NEIMB,0,0,0,0
tr|Q9K0D8|Q9K0D8_NEIMB,0,0,0,0
sp|Q9K0H6|RF3_NEIMB,0,0,0,0
sp|Q9K0I1|PSRP_NEIMB,0,0,0,0
sp|Q9K0K5|RL19_NEIMB,1,0,0,0
tr|Q9K0S4|Q9K0S4_NEIMB,0,1,1,1
tr|Q9K0U1|Q9K0U1_NEIMB,1,1,1,1
sp|Q9K0V1|Y459_NEIMB,0,0,0,0
tr|Q9K0X2|Q9K0X2_NEIMB,0,0,0,0
tr|Q9K0X7|Q9K0X7_NEIMB,0,0,0,0
sp|Q9K0X8|FTSA_NEIMB,0,0,0,0
sp|Q9K0Y9|MURE_NEIMB,0,0,0,0
tr|Q9K124|Q9K124_NEIMB,0,0,0,0
tr|Q9K142|Q9K142_NEIMB,1,0,0,0
tr|Q9K189|Q9K189_NEIMB,0,0,0,0
tr|Q9K1A7|Q9K1A7_NEIMB,0,1,0,0
tr|Q9K1B7|Q9K1B7_NEIMB,1,0,0,0
tr|Q9K1E7|Q9K1E7_NEIMB,0,0,1,0
tr|Q9K1F7|Q9K1F7_NEIMB,0,1,1,1
tr|Q9K1K1|Q9K1K1_NEIMB,0,0,1,0
tr|Q9K1K3|Q9K1K3_NEIMB,0,0,0,0
tr|Q9K1L5|Q9K1L5_NEIMB,0,0,1,0
tr|Q9K1L9|Q9K1L9_NEIMB,1,1,1,1
tr|Q9K1P8|Q9K1P8_NEIMB,1,1,0,1
tr|Q9K1Q1|Q9K1Q1_NEIMB,0,0,0,0
sp|P0A0X7|RS18_NEIMB,0,0,1,0
sp|P0A0Y4|FBPA_NEIMB,0,0,0,0
sp|P32015|CTRC_NEIMB,0,0,0,0
sp|P57004|TONB_NEIMB,1,1,1,1
sp|P57031|LOLD_NEIMB,0,0,0,0
sp|P60733|RL24_NEIMB,0,1,0,0
sp|P63337|6PGL_NEIMB,1,0,1,1
sp|P64254|GLK_NEIMB,0,1,0,0
sp|P65533|NDK_NEIMB,0,0,0,0
sp|P95379|LPXA_NEIMB,0,1,0,0
sp|Q05013|LIPM_NEIMB,0,0,0,0
tr|Q4W559|Q4W559_NEIMB,0,0,0,0
tr|Q7DD39|Q7DD39_NEIMB,0,0,0,0
tr|Q7DD47|Q7DD47_NEIMB,1,0,0,0
tr|Q7DD56|Q7DD56_NEIMB,0,0,0,0
tr|Q7DD98|Q7DD98_NEIMB,1,0,0,0
tr|Q7DDB0|Q7DDB0_NEIMB,1,0,0,0
tr|Q7DDB5|Q7DDB5_NEIMB,1,1,1,1
sp|Q7DDH4|Y1126_NEIMB,0,1,0,0
sp|Q7DDM9|GRPE_NEIMB,0,0,0,0
tr|Q7DDP8|Q7DDP8_NEIMB,0,0,1,0
tr|Q9JS19|Q9JS19_NEIMB,0,0,0,0
tr|Q9JS68|Q9JS68_NEIMB,0,0,0,0
tr|Q9JXB5|Q9JXB5_NEIMB,0,0,0,0
sp|Q9JXF7|THIE_NEIMB,0,1,0,0
tr|Q9JXG2|Q9JXG2_NEIMB,0,0,0,0
tr|Q9JXH8|Q9JXH8_NEIMB,0,0,0,0
tr|Q9JXM1|Q9JXM1_NEIMB,0,1,1,1
sp|Q9JXM5|SLM2_NEIMB,1,0,1,1
tr|Q9JXM7|Q9JXM7_NEIMB,1,1,1,1
tr|Q9JXM8|Q9JXM8_NEIMB,0,0,0,0
tr|Q9JXN4|Q9JXN4_NEIMB,1,0,0,0
tr|Q9JXT3|Q9JXT3_NEIMB,0,0,0,0
tr|Q9JXT4|Q9JXT4_NEIMB,1,1,1,1
tr|Q9JXU4|Q9JXU4_NEIMB,0,0,1,0
tr|Q9JY02|Q9JY02_NEIMB,0,0,0,0
tr|Q9JY08|Q9JY08_NEIMB,1,1,1,1
tr|Q9JY10|Q9JY10_NEIMB,0,0,0,0
tr|Q9JY28|Q9JY28_NEIMB,0,1,1,1
tr|Q9JY47|Q9JY47_NEIMB,0,0,0,0
tr|Q9JY55|Q9JY55_NEIMB,0,0,0,0
sp|Q9JY86|UBID_NEIMB,0,0,0,0
tr|Q9JYA3|Q9JYA3_NEIMB,0,0,0,0
tr|Q9JYG1|Q9JYG1_NEIMB,1,1,1,1
tr|Q9JYG3|Q9JYG3_NEIMB,0,0,0,0
tr|Q9JYQ5|Q9JYQ5_NEIMB,0,0,0,0
tr|Q9JYR2|Q9JYR2_NEIMB,1,1,1,1
sp|Q9JYS8|DPO4_NEIMB,0,0,0,0
sp|Q9JYT7|Y1437_NEIMB,0,0,0,0
tr|Q9JZ03|Q9JZ03_NEIMB,0,0,0,0
tr|Q9JZ62|Q9JZ62_NEIMB,0,0,0,0
tr|Q9JZ74|Q9JZ74_NEIMB,0,0,0,0
tr|Q9JZ83|Q9JZ83_NEIMB,0,0,0,0
tr|Q9JZA6|Q9JZA6_NEIMB,1,0,0,0
tr|Q9JZC9|Q9JZC9_NEIMB,0,0,0,0
tr|Q9JZD3|Q9JZD3_NEIMB,0,0,0,0
tr|Q9JZF8|Q9JZF8_NEIMB,0,0,0,0
sp|Q9JZG1|LEU1_NEIMB,1,0,0,0
tr|Q9JZH3|Q9JZH3_NEIMB,1,0,0,0
tr|Q9JZI1|Q9JZI1_NEIMB,1,1,0,1
tr|Q9JZK9|Q9JZK9_NEIMB,0,1,0,0
tr|Q9JZQ9|Q9JZQ9_NEIMB,0,0,0,0
sp|Q9JZR0|MIAA_NEIMB,0,0,0,0
tr|Q9JZX7|Q9JZX7_NEIMB,0,1,0,0
tr|Q9JZZ8|Q9JZZ8_NEIMB,0,0,0,0
tr|Q9K004|Q9K004_NEIMB,0,0,0,0
tr|Q9K024|Q9K024_NEIMB,0,0,0,0
tr|Q9K037|Q9K037_NEIMB,0,0,0,0
tr|Q9K040|Q9K040_NEIMB,0,0,0,0
tr|Q9K044|Q9K044_NEIMB,1,0,1,1
tr|Q9K091|Q9K091_NEIMB,1,0,0,0
tr|Q9K0A1|Q9K0A1_NEIMB,1,0,0,0
sp|Q9K0B1|BAMD_NEIMB,0,0,0,0
tr|Q9K0C0|Q9K0C0_NEIMB,1,0,0,0
sp|Q9K0J6|TATB_NEIMB,1,1,0,1
sp|Q9K0M5|NQRC_NEIMB,1,1,1,1
sp|Q9K0M6|NQRD_NEIMB,0,0,0,0
tr|Q9K0N5|Q9K0N5_NEIMB,0,0,0,0
sp|Q9K0P2|LPXH_NEIMB,0,0,0,0
tr|Q9K0R5|Q9K0R5_NEIMB,1,1,1,1
tr|Q9K0T6|Q9K0T6_NEIMB,0,1,0,0
tr|Q9K0V8|Q9K0V8_NEIMB,0,0,0,0
tr|Q9K0W9|Q9K0W9_NEIMB,1,1,1,1
tr|Q9K0X6|Q9K0X6_NEIMB,1,0,0,0
sp|Q9K105|NADA_NEIMB,1,1,1,1
tr|Q9K114|Q9K114_NEIMB,0,1,0,0
tr|Q9K117|Q9K117_NEIMB,0,0,0,0
tr|Q9K120|Q9K120_NEIMB,0,0,1,0
tr|Q9K137|Q9K137_NEIMB,1,0,0,0
sp|Q9K141|GLUQ_NEIMB,1,0,1,1
tr|Q9K146|Q9K146_NEIMB,1,0,0,0
tr|Q9K1A6|Q9K1A6_NEIMB,0,1,1,1
tr|Q9K1F4|Q9K1F4_NEIMB,0,1,0,0
tr|Q9K1F8|Q9K1F8_NEIMB,1,1,1,1
sp|Q9K1G1|RNH2_NEIMB,0,0,0,0
sp|Q9K1I3|RL6_NEIMB,1,0,1,1
sp|Q9K1I8|EFG_NEIMB,0,0,0,0
tr|Q9K1J7|Q9K1J7_NEIMB,0,0,0,0
tr|Q9K1M1|Q9K1M1_NEIMB,1,0,0,0
tr|Q9K1Q6|Q9K1Q6_NEIMB,1,0,0,0
sp|P30690|OMPB1_NEIMB,1,1,1,1
sp|P32016|CTRD_NEIMB,0,0,0,0
sp|P57011|FTSY_NEIMB,0,1,0,0
sp|P57090|NADD_NEIMB,0,0,0,0
sp|P65113|IF1_NEIMB,0,0,0,0
sp|P67536|Y1218_NEIMB,0,0,0,0
tr|Q4W565|Q4W565_NEIMB,0,0,0,0
tr|Q4W567|Q4W567_NEIMB,1,1,1,1
tr|Q4W586|Q4W586_NEIMB,1,1,1,1
sp|Q51116|LGTB_NEIMB,0,0,0,0
sp|Q51152|YHGF_NEIMB,0,0,0,0
tr|Q7DD88|Q7DD88_NEIMB,1,0,0,0
tr|Q7DD97|Q7DD97_NEIMB,1,0,0,0
tr|Q7DDA2|Q7DDA2_NEIMB,0,0,0,0
tr|Q7DDD2|Q7DDD2_NEIMB,0,0,1,0
tr|Q7DDD7|Q7DDD7_NEIMB,0,0,0,0
tr|Q7DDL7|Q7DDL7_NEIMB,0,0,0,0
tr|Q7DDS2|Q7DDS2_NEIMB,0,0,0,0
sp|Q7DDT4|RL16_NEIMB,1,0,0,0
tr|Q7DDU2|Q7DDU2_NEIMB,1,1,1,1
tr|Q9JS69|Q9JS69_NEIMB,0,0,0,0
tr|Q9JXA2|Q9JXA2_NEIMB,1,0,0,0
sp|Q9JXA4|TSAC_NEIMB,0,0,0,0
tr|Q9JXB7|Q9JXB7_NEIMB,1,1,1,1
tr|Q9JXE1|Q9JXE1_NEIMB,0,1,0,0
sp|Q9JXE6|SYC_NEIMB,0,0,1,0
sp|Q9JXF5|THIG_NEIMB,0,0,0,0
tr|Q9JXI9|Q9JXI9_NEIMB,0,0,0,0
tr|Q9JXJ5|Q9JXJ5_NEIMB,0,0,0,0
tr|Q9JXJ9|Q9JXJ9_NEIMB,0,0,0,0
sp|Q9JXK4|GLO2_NEIMB,0,1,0,0
tr|Q9JXL6|Q9JXL6_NEIMB,1,1,1,1
sp|Q9JXM2|DCDA_NEIMB,0,0,0,0
sp|Q9JXT8|TPIS_NEIMB,0,0,0,0
tr|Q9JXU0|Q9JXU0_NEIMB,0,0,0,0
sp|Q9JXW2|PRMA_NEIMB,0,0,1,0
tr|Q9JXX7|Q9JXX7_NEIMB,0,0,0,0
tr|Q9JXY3|Q9JXY3_NEIMB,1,1,1,1
tr|Q9JY14|Q9JY14_NEIMB,0,0,0,0
tr|Q9JY26|Q9JY26_NEIMB,1,1,1,1
tr|Q9JY43|Q9JY43_NEIMB,0,0,0,0
tr|Q9JY57|Q9JY57_NEIMB,0,0,0,0
tr|Q9JYD9|Q9JYD9_NEIMB,1,1,1,1
tr|Q9JYE3|Q9JYE3_NEIMB,0,0,0,0
tr|Q9JYJ4|Q9JYJ4_NEIMB,0,0,0,0
tr|Q9JYN3|Q9JYN3_NEIMB,0,0,1,0
tr|Q9JYN8|Q9JYN8_NEIMB,1,0,1,1
sp|Q9JYU6|SYK_NEIMB,0,0,1,0
sp|Q9JYZ2|EX7L_NEIMB,0,0,0,0
tr|Q9JYZ3|Q9JYZ3_NEIMB,0,0,0,0
tr|Q9JZ08|Q9JZ08_NEIMB,0,1,0,0
sp|Q9JZ16|YQGF_NEIMB,1,0,1,1
tr|Q9JZ22|Q9JZ22_NEIMB,0,0,0,0
sp|Q9JZ36|FTSK1_NEIMB,0,0,0,0
tr|Q9JZ48|Q9JZ48_NEIMB,1,0,0,0
tr|Q9JZ59|Q9JZ59_NEIMB,0,0,0,0
tr|Q9JZ64|Q9JZ64_NEIMB,0,0,0,0
tr|Q9JZ68|Q9JZ68_NEIMB,1,0,0,0
tr|Q9JZ97|Q9JZ97_NEIMB,0,0,1,0
tr|Q9JZB1|Q9JZB1_NEIMB,1,1,1,1
tr|Q9JZC6|Q9JZC6_NEIMB,0,0,0,0
tr|Q9JZE9|Q9JZE9_NEIMB,1,1,1,1
tr|Q9JZF6|Q9JZF6_NEIMB,0,0,0,0
tr|Q9JZG0|Q9JZG0_NEIMB,0,0,0,0
tr|Q9JZK7|Q9JZK7_NEIMB,0,0,0,0
tr|Q9JZS2|Q9JZS2_NEIMB,0,0,0,0
tr|Q9JZW7|Q9JZW7_NEIMB,1,0,0,0
sp|Q9K029|PTH_NEIMB,1,0,0,0
tr|Q9K051|Q9K051_NEIMB,1,0,0,0
tr|Q9K084|Q9K084_NEIMB,0,0,0,0
tr|Q9K0B3|Q9K0B3_NEIMB,1,1,0,1
sp|Q9K0B5|TRPB_NEIMB,1,1,0,1
sp|Q9K0D4|TRPA_NEIMB,1,0,0,0
tr|Q9K0E4|Q9K0E4_NEIMB,0,0,0,0
tr|Q9K0F5|Q9K0F5_NEIMB,0,0,1,0
tr|Q9K0H0|Q9K0H0_NEIMB,0,0,0,0
tr|Q9K0J0|Q9K0J0_NEIMB,0,0,0,0
tr|Q9K0L5|Q9K0L5_NEIMB,0,1,1,1
sp|Q9K0N0|UBIB_NEIMB,0,0,0,0
tr|Q9K0N2|Q9K0N2_NEIMB,0,0,0,0
tr|Q9K0P1|Q9K0P1_NEIMB,0,1,0,0
tr|Q9K0Q7|Q9K0Q7_NEIMB,0,0,0,0
tr|Q9K0R1|Q9K0R1_NEIMB,1,1,1,1
tr|Q9K0S9|Q9K0S9_NEIMB,0,0,0,0
tr|Q9K0T1|Q9K0T1_NEIMB,0,0,0,0
sp|Q9K0U5|SYDND_NEIMB,0,0,0,0
tr|Q9K0W4|Q9K0W4_NEIMB,0,0,0,0
tr|Q9K129|Q9K129_NEIMB,0,0,0,0
tr|Q9K144|Q9K144_NEIMB,0,0,0,0
tr|Q9K164|Q9K164_NEIMB,0,0,0,0
tr|Q9K176|Q9K176_NEIMB,0,0,0,0
tr|Q9K182|Q9K182_NEIMB,0,0,0,0
sp|Q9K1A2|RUVA_NEIMB,1,1,0,1
tr|Q9K1C6|Q9K1C6_NEIMB,1,0,0,0
tr|Q9K1G2|Q9K1G2_NEIMB,0,0,0,0
sp|Q9K1H5|DADA_NEIMB,1,1,0,1
tr|Q9K1H8|Q9K1H8_NEIMB,0,0,0,0
tr|Q9K1J5|Q9K1J5_NEIMB,1,0,0,0
sp|Q9K1P3|GLMU_NEIMB,0,0,0,0
sp|Q9K1R6|SYE_NEIMB,0,0,0,0
sp|P0A0Q5|ACPS_NEIMB,0,0,0,0
sp|P56995|TRPE_NEIMB,0,0,0,0
sp|P57036|PANC_NEIMB,0,0,0,0
sp|P63904|DCD_NEIMB,1,1,0,1
sp|P63916|DEF_NEIMB,0,0,0,0
sp|P64371|HIS7_NEIMB,1,0,0,0
sp|P66047|RL10_NEIMB,0,1,0,0
sp|P66487|RS19_NEIMB,0,1,0,0
sp|P66704|RPOA_NEIMB,0,0,0,0
tr|Q4W556|Q4W556_NEIMB,1,1,1,1
sp|Q7DD49|RL13_NEIMB,0,0,0,0
tr|Q7DD58|Q7DD58_NEIMB,0,0,0,0
tr|Q7DD64|Q7DD64_NEIMB,0,0,0,0
tr|Q7DDA1|Q7DDA1_NEIMB,1,1,1,1
tr|Q7DDD9|Q7DDD9_NEIMB,0,0,0,0
tr|Q7DDI2|Q7DDI2_NEIMB,1,1,1,1
tr|Q7DDL6|Q7DDL6_NEIMB,0,1,0,0
tr|Q7DDN2|Q7DDN2_NEIMB,1,0,1,1
sp|Q7DDQ4|FTSL_NEIMB,0,0,0,0
sp|Q7DDS1|NUOI_NEIMB,0,0,0,0
sp|Q9JS44|MAFA_NEIMB,0,1,1,1
tr|Q9JXA7|Q9JXA7_NEIMB,0,0,0,0
tr|Q9JXA8|Q9JXA8_NEIMB,0,0,0,0
sp|Q9JXB3|RF2_NEIMB,0,0,0,0
tr|Q9JXD4|Q9JXD4_NEIMB,1,0,1,1
sp|Q9JXG3|SLYX_NEIMB,1,0,1,1
tr|Q9JXG4|Q9JXG4_NEIMB,0,1,0,0
tr|Q9JXK9|Q9JXK9_NEIMB,1,1,0,1
tr|Q9JXP1|Q9JXP1_NEIMB,0,0,1,0
tr|Q9JXR0|Q9JXR0_NEIMB,0,0,0,0
tr|Q9JXT5|Q9JXT5_NEIMB,0,0,0,0
tr|Q9JXV9|Q9JXV9_NEIMB,0,0,1,0
tr|Q9JY64|Q9JY64_NEIMB,1,0,0,0
tr|Q9JY97|Q9JY97_NEIMB,1,1,0,1
sp|Q9JYA0|TRMA_NEIMB,0,0,0,0
tr|Q9JYA1|Q9JYA1_NEIMB,0,1,0,0
sp|Q9JYB4|APT_NEIMB,0,0,0,0
sp|Q9JYC2|Y1653_NEIMB,0,0,0,0
tr|Q9JYE7|Q9JYE7_NEIMB,1,1,0,1
tr|Q9JYI6|Q9JYI6_NEIMB,0,0,0,0
tr|Q9JYJ2|Q9JYJ2_NEIMB,0,0,0,0
tr|Q9JYJ9|Q9JYJ9_NEIMB,0,1,0,0
sp|Q9JYM0|DSBD_NEIMB,0,0,0,0
sp|Q9JYM9|PNCB_NEIMB,0,0,0,0
tr|Q9JYN9|Q9JYN9_NEIMB,0,0,0,0
tr|Q9JYQ2|Q9JYQ2_NEIMB,0,0,0,0
sp|Q9JYQ9|SYW_NEIMB,0,0,0,0
tr|Q9JYT9|Q9JYT9_NEIMB,0,0,0,0
sp|Q9JYU3|GREA_NEIMB,0,0,0,0
tr|Q9JYU5|Q9JYU5_NEIMB,0,0,0,0
tr|Q9JYX9|Q9JYX9_NEIMB,0,0,0,0
sp|Q9JYY3|CLPX_NEIMB,1,0,0,0
tr|Q9JYZ8|Q9JYZ8_NEIMB,0,0,0,0
sp|Q9JZ17|Y1336_NEIMB,0,0,1,0
tr|Q9JZ50|Q9JZ50_NEIMB,1,0,1,1
sp|Q9JZ56|PAND_NEIMB,0,0,0,0
sp|Q9JZ77|RIBB_NEIMB,0,0,0,0
sp|Q9JZA1|UNG_NEIMB,0,1,1,1
tr|Q9JZC1|Q9JZC1_NEIMB,1,0,1,1
tr|Q9JZC5|Q9JZC5_NEIMB,1,1,1,1
tr|Q9JZF0|Q9JZF0_NEIMB,0,0,1,0
sp|Q9JZG6|CRCB_NEIMB,0,0,1,0
tr|Q9JZG7|Q9JZG7_NEIMB,1,0,1,1
tr|Q9JZI4|Q9JZI4_NEIMB,1,0,0,0
tr|Q9JZK3|Q9JZK3_NEIMB,0,0,0,0
tr|Q9JZK5|Q9JZK5_NEIMB,0,1,0,0
tr|Q9JZM4|Q9JZM4_NEIMB,1,1,1,1
tr|Q9JZN5|Q9JZN5_NEIMB,0,1,0,0
tr|Q9JZS5|Q9JZS5_NEIMB,0,0,0,0
tr|Q9JZT3|Q9JZT3_NEIMB,0,0,1,0
tr|Q9JZT9|Q9JZT9_NEIMB,0,1,1,1
tr|Q9JZW9|Q9JZW9_NEIMB,1,1,1,1
tr|Q9JZY4|Q9JZY4_NEIMB,0,0,0,0
tr|Q9K034|Q9K034_NEIMB,0,0,0,0
sp|Q9K080|Y738_NEIMB,0,0,0,0
sp|Q9K081|HPRK_NEIMB,0,0,0,0
tr|Q9K0A5|Q9K0A5_NEIMB,0,0,0,0
tr|Q9K0G1|Q9K0G1_NEIMB,0,0,1,0
tr|Q9K0J7|Q9K0J7_NEIMB,1,0,0,0
tr|Q9K0L0|Q9K0L0_NEIMB,0,0,0,0
tr|Q9K0L4|Q9K0L4_NEIMB,0,0,0,0
tr|Q9K0L6|Q9K0L6_NEIMB,0,1,0,0
sp|Q9K0U0|BIOF_NEIMB,1,0,0,0
sp|Q9K0V4|RLML_NEIMB,0,0,0,0
tr|Q9K0W7|Q9K0W7_NEIMB,0,0,0,0
tr|Q9K0W8|Q9K0W8_NEIMB,1,0,0,0
tr|Q9K0X4|Q9K0X4_NEIMB,1,0,0,0
sp|Q9K153|G6PI2_NEIMB,0,0,0,0
tr|Q9K170|Q9K170_NEIMB,1,0,0,0
tr|Q9K173|Q9K173_NEIMB,1,1,1,1
tr|Q9K181|Q9K181_NEIMB,0,0,0,0
tr|Q9K191|Q9K191_NEIMB,1,1,0,1
tr|Q9K193|Q9K193_NEIMB,0,0,0,0
sp|Q9K1A0|RLPA_NEIMB,0,0,0,0
sp|Q9K1A5|EX7S_NEIMB,0,0,1,0
tr|Q9K1A8|Q9K1A8_NEIMB,0,0,0,0
tr|Q9K1C7|Q9K1C7_NEIMB,0,0,0,0
tr|Q9K1E0|Q9K1E0_NEIMB,0,0,0,0
sp|Q9K1K6|FMT_NEIMB,0,0,0,0
tr|Q9K1M8|Q9K1M8_NEIMB,0,1,1,1
sp|P0A0T5|GPXA_NEIMB,1,0,0,0
sp|P57099|GLXK_NEIMB,1,0,0,0
sp|P58747|MOBA_NEIMB,0,0,1,0
sp|P60444|RL3_NEIMB,0,0,0,0
sp|P63600|AROK_NEIMB,0,0,0,0
sp|P65773|NADK_NEIMB,0,0,0,0
sp|P66333|RS10_NEIMB,0,0,0,0
sp|P66519|RS21_NEIMB,1,0,0,0
sp|P66892|TATA_NEIMB,1,0,0,0
sp|P72097|LST_NEIMB,0,0,0,0
tr|Q4W560|Q4W560_NEIMB,1,1,0,1
tr|Q4W564|Q4W564_NEIMB,0,0,0,0
tr|Q4W573|Q4W573_NEIMB,0,0,0,0
tr|Q7DD96|Q7DD96_NEIMB,0,0,0,0
tr|Q7DD99|Q7DD99_NEIMB,0,0,0,0
tr|Q7DDI7|Q7DDI7_NEIMB,0,1,0,0
tr|Q7DDK8|Q7DDK8_NEIMB,0,0,0,0
tr|Q7DDP5|Q7DDP5_NEIMB,0,0,0,0
tr|Q7DDQ2|Q7DDQ2_NEIMB,0,0,0,0
tr|Q7DDS5|Q7DDS5_NEIMB,0,0,0,0
tr|Q9JRU9|Q9JRU9_NEIMB,0,0,0,0
tr|Q9JRW6|Q9JRW6_NEIMB,0,0,0,0
sp|Q9JS33|CYSI_NEIMB,0,0,0,0
tr|Q9JX95|Q9JX95_NEIMB,0,1,0,0
tr|Q9JXA0|Q9JXA0_NEIMB,0,0,0,0
tr|Q9JXC7|Q9JXC7_NEIMB,0,1,0,0
tr|Q9JXD0|Q9JXD0_NEIMB,0,0,0,0
tr|Q9JXD6|Q9JXD6_NEIMB,1,1,0,1
tr|Q9JXE4|Q9JXE4_NEIMB,0,0,1,0
sp|Q9JXM0|Y1979_NEIMB,0,0,0,0
sp|Q9JXQ1|ATPG_NEIMB,1,0,0,0
sp|Q9JXQ2|ATPB_NEIMB,0,0,0,0
tr|Q9JXS3|Q9JXS3_NEIMB,0,0,0,0
tr|Q9JXW3|Q9JXW3_NEIMB,1,0,0,0
tr|Q9JXX5|Q9JXX5_NEIMB,1,0,1,1
sp|Q9JXY0|MURU_NEIMB,0,1,1,1
tr|Q9JY32|Q9JY32_NEIMB,1,1,1,1
tr|Q9JY40|Q9JY40_NEIMB,0,1,1,1
tr|Q9JY41|Q9JY41_NEIMB,1,1,0,1
tr|Q9JY60|Q9JY60_NEIMB,0,0,1,0
tr|Q9JY87|Q9JY87_NEIMB,1,1,1,1
sp|Q9JYB5|KGUA_NEIMB,0,0,0,0
sp|Q9JYD0|Y1645_NEIMB,0,0,0,0
tr|Q9JYE4|Q9JYE4_NEIMB,0,0,0,0
sp|Q9JYG6|SYA_NEIMB,0,0,0,0
tr|Q9JYI9|Q9JYI9_NEIMB,0,0,0,0
tr|Q9JYK4|Q9JYK4_NEIMB,1,1,1,1
tr|Q9JYL6|Q9JYL6_NEIMB,0,0,0,0
tr|Q9JYQ1|Q9JYQ1_NEIMB,1,0,0,0
sp|Q9JZ14|SYP_NEIMB,0,0,0,0
sp|Q9JZ55|KDSA_NEIMB,0,0,0,0
tr|Q9JZA2|Q9JZA2_NEIMB,1,0,0,0
sp|Q9JZB4|GLND_NEIMB,0,0,0,0
tr|Q9JZD2|Q9JZD2_NEIMB,1,0,1,1
tr|Q9JZI2|Q9JZI2_NEIMB,0,1,1,1
tr|Q9JZJ0|Q9JZJ0_NEIMB,0,0,1,0
tr|Q9JZK6|Q9JZK6_NEIMB,1,0,0,0
tr|Q9JZL4|Q9JZL4_NEIMB,0,0,0,0
tr|Q9JZM0|Q9JZM0_NEIMB,0,0,0,0
tr|Q9JZM3|Q9JZM3_NEIMB,0,1,0,0
tr|Q9JZN4|Q9JZN4_NEIMB,1,0,0,0
tr|Q9JZT6|Q9JZT6_NEIMB,0,0,1,0
tr|Q9JZU9|Q9JZU9_NEIMB,1,1,0,1
sp|Q9JZX9|SYH_NEIMB,0,0,0,0
tr|Q9K032|Q9K032_NEIMB,0,0,0,0
tr|Q9K054|Q9K054_NEIMB,1,1,0,1
sp|Q9K083|UBIA_NEIMB,0,0,0,0
tr|Q9K0C1|Q9K0C1_NEIMB,0,0,0,0
tr|Q9K0E7|Q9K0E7_NEIMB,0,0,0,0
tr|Q9K0G5|Q9K0G5_NEIMB,1,0,0,0
tr|Q9K0J2|Q9K0J2_NEIMB,0,0,0,0
sp|Q9K0J4|HIS2_NEIMB,0,0,0,0
sp|Q9K0J8|NTPPA_NEIMB,0,1,1,1
sp|Q9K0K3|RIMM_NEIMB,0,1,0,0
tr|Q9K0M2|Q9K0M2_NEIMB,0,0,0,0
tr|Q9K0P3|Q9K0P3_NEIMB,1,1,0,1
tr|Q9K0P4|Q9K0P4_NEIMB,0,0,0,0
sp|Q9K0Q4|NAGZ_NEIMB,0,0,0,0
tr|Q9K0R3|Q9K0R3_NEIMB,0,1,1,1
tr|Q9K0S5|Q9K0S5_NEIMB,1,1,1,1
tr|Q9K0T0|Q9K0T0_NEIMB,1,1,1,1
tr|Q9K0T7|Q9K0T7_NEIMB,0,0,0,0
tr|Q9K0X0|Q9K0X0_NEIMB,1,0,0,0
tr|Q9K112|Q9K112_NEIMB,1,0,0,0
tr|Q9K121|Q9K121_NEIMB,0,0,1,0
tr|Q9K128|Q9K128_NEIMB,0,1,0,0
tr|Q9K150|Q9K150_NEIMB,1,0,0,0
sp|Q9K151|FABI_NEIMB,0,0,0,0
tr|Q9K166|Q9K166_NEIMB,1,0,0,0
tr|Q9K190|Q9K190_NEIMB,0,0,0,0
tr|Q9K1B3|Q9K1B3_NEIMB,0,0,0,0
tr|Q9K1B9|Q9K1B9_NEIMB,0,0,0,0
tr|Q9K1D4|Q9K1D4_NEIMB,1,0,0,0
sp|Q9K1F5|LPXB_NEIMB,0,0,0,0
tr|Q9K1G4|Q9K1G4_NEIMB,0,0,0,0
tr|Q9K1I9|Q9K1I9_NEIMB,0,1,0,0
tr|Q9K1K0|Q9K1K0_NEIMB,0,0,0,0
tr|Q9K1K8|Q9K1K8_NEIMB,0,0,0,0
tr|Q9K1L7|Q9K1L7_NEIMB,0,0,0,0
tr|Q9K1P0|Q9K1P0_NEIMB,1,0,1,1
sp|P0C277|FOLD_NEIMB,0,0,0,0
sp|P56927|SYQ_NEIMB,0,0,0,0
sp|P56977|CYAY_NEIMB,1,0,1,1
sp|P57065|KCY_NEIMB,0,0,1,0
sp|P66540|RS2_NEIMB,0,0,0,0
sp|P67259|Y796_NEIMB,0,0,0,0
tr|Q7DD42|Q7DD42_NEIMB,0,0,1,0
tr|Q7DD54|Q7DD54_NEIMB,0,0,0,0
tr|Q7DD73|Q7DD73_NEIMB,0,0,0,0
tr|Q7DD75|Q7DD75_NEIMB,0,0,0,0
tr|Q7DDB7|Q7DDB7_NEIMB,0,0,0,0
tr|Q7DDC7|Q7DDC7_NEIMB,0,0,0,0
tr|Q7DDG5|Q7DDG5_NEIMB,0,0,0,0
tr|Q7DDK6|Q7DDK6_NEIMB,0,0,0,0
tr|Q7DDM5|Q7DDM5_NEIMB,0,0,0,0
tr|Q7DDP3|Q7DDP3_NEIMB,1,0,0,0
sp|Q7DDT5|RL22_NEIMB,0,0,0,0
sp|Q9JRZ9|NNRD_NEIMB,1,1,1,1
tr|Q9JS30|Q9JS30_NEIMB,1,1,0,1
tr|Q9JXC0|Q9JXC0_NEIMB,0,0,0,0
tr|Q9JXD3|Q9JXD3_NEIMB,1,0,0,0
sp|Q9JXI0|THIC_NEIMB,0,0,0,0
tr|Q9JXK6|Q9JXK6_NEIMB,0,0,0,0
tr|Q9JXN0|Q9JXN0_NEIMB,0,0,0,0
tr|Q9JXN7|Q9JXN7_NEIMB,0,0,0,0
sp|Q9JXP4|UBIX_NEIMB,0,0,0,0
sp|Q9JXR2|GUAA_NEIMB,0,0,0,0
tr|Q9JXR5|Q9JXR5_NEIMB,1,0,0,0
tr|Q9JXV5|Q9JXV5_NEIMB,0,0,0,0
tr|Q9JXX9|Q9JXX9_NEIMB,1,1,1,1
tr|Q9JY34|Q9JY34_NEIMB,1,0,0,0
tr|Q9JYA9|Q9JYA9_NEIMB,1,1,1,1
tr|Q9JYB0|Q9JYB0_NEIMB,0,0,1,0
tr|Q9JYC9|Q9JYC9_NEIMB,0,0,0,0
sp|Q9JYE5|RNH_NEIMB,1,0,0,0
tr|Q9JYE9|Q9JYE9_NEIMB,0,0,0,0
tr|Q9JYG9|Q9JYG9_NEIMB,1,0,0,0
tr|Q9JYH5|Q9JYH5_NEIMB,0,0,0,0
sp|Q9JYH8|HISX_NEIMB,0,0,0,0
tr|Q9JYI7|Q9JYI7_NEIMB,0,0,1,0
sp|Q9JYJ6|MNMA_NEIMB,0,1,0,0
tr|Q9JYK9|Q9JYK9_NEIMB,0,1,0,0
tr|Q9JYP5|Q9JYP5_NEIMB,0,0,0,0
tr|Q9JYP9|Q9JYP9_NEIMB,1,1,1,1
tr|Q9JYQ4|Q9JYQ4_NEIMB,1,0,1,1
sp|Q9JYU1|AROA_NEIMB,0,0,0,0
tr|Q9JYU7|Q9JYU7_NEIMB,1,0,0,0
tr|Q9JYU9|Q9JYU9_NEIMB,0,0,0,0
tr|Q9JYW3|Q9JYW3_NEIMB,1,1,1,1
tr|Q9JZ23|Q9JZ23_NEIMB,1,1,0,1
tr|Q9JZ32|Q9JZ32_NEIMB,0,0,1,0
tr|Q9JZ35|Q9JZ35_NEIMB,0,0,0,0
sp|Q9JZ42|RLMN_NEIMB,0,0,0,0
tr|Q9JZ49|Q9JZ49_NEIMB,0,1,0,0
tr|Q9JZ57|Q9JZ57_NEIMB,0,0,0,0
tr|Q9JZ58|Q9JZ58_NEIMB,0,0,0,0
tr|Q9JZA8|Q9JZA8_NEIMB,1,1,1,1
tr|Q9JZB5|Q9JZB5_NEIMB,0,0,0,0
tr|Q9JZC8|Q9JZC8_NEIMB,1,1,1,1
tr|Q9JZD1|Q9JZD1_NEIMB,0,0,0,0
tr|Q9JZJ3|Q9JZJ3_NEIMB,0,0,0,0
tr|Q9JZJ4|Q9JZJ4_NEIMB,0,0,0,0
tr|Q9JZM5|Q9JZM5_NEIMB,0,0,0,0
tr|Q9JZP6|Q9JZP6_NEIMB,1,1,1,1
sp|Q9JZQ2|METE_NEIMB,0,0,0,0
sp|Q9JZR4|DAPA_NEIMB,0,0,0,0
tr|Q9JZU4|Q9JZU4_NEIMB,0,0,0,0
sp|Q9JZW6|PANB_NEIMB,0,0,0,0
tr|Q9K003|Q9K003_NEIMB,1,1,0,1
sp|Q9K006|HTPX_NEIMB,0,0,0,0
tr|Q9K057|Q9K057_NEIMB,0,0,0,0
tr|Q9K061|Q9K061_NEIMB,0,0,0,0
tr|Q9K065|Q9K065_NEIMB,0,0,0,0
tr|Q9K067|Q9K067_NEIMB,0,0,0,0
tr|Q9K070|Q9K070_NEIMB,0,1,0,0
tr|Q9K074|Q9K074_NEIMB,0,0,0,0
tr|Q9K078|Q9K078_NEIMB,0,0,0,0
sp|Q9K085|BIOD_NEIMB,0,0,0,0
tr|Q9K098|Q9K098_NEIMB,0,1,0,0
tr|Q9K0A8|Q9K0A8_NEIMB,0,0,1,0
tr|Q9K0C3|Q9K0C3_NEIMB,1,0,0,0
sp|Q9K0C7|ERA_NEIMB,0,0,0,0
sp|Q9K0D9|KTHY_NEIMB,0,0,0,0
tr|Q9K0F6|Q9K0F6_NEIMB,0,0,0,0
tr|Q9K0I9|Q9K0I9_NEIMB,0,0,0,0
sp|Q9K0K4|TRMD_NEIMB,0,0,0,0
sp|Q9K0W0|RECO_NEIMB,1,0,0,0
tr|Q9K0Y8|Q9K0Y8_NEIMB,0,0,0,0
tr|Q9K130|Q9K130_NEIMB,0,0,0,0
tr|Q9K138|Q9K138_NEIMB,0,0,0,0
tr|Q9K199|Q9K199_NEIMB,0,0,1,0
sp|Q9K1C2|NUOB_NEIMB,0,1,0,0
tr|Q9K1C9|Q9K1C9_NEIMB,0,0,0,0
tr|Q9K1F3|Q9K1F3_NEIMB,0,0,0,0
tr|Q9K1H1|Q9K1H1_NEIMB,0,0,0,0
tr|Q9K1L2|Q9K1L2_NEIMB,0,0,0,0
tr|Q9K1M9|Q9K1M9_NEIMB,1,1,1,1
tr|Q9K1N0|Q9K1N0_NEIMB,0,0,0,0
tr|Q9K1Q4|Q9K1Q4_NEIMB,1,1,1,1
tr|Q9K1R2|Q9K1R2_NEIMB,0,0,0,0
sp|P0A0X1|RL7_NEIMB,1,1,1,1
sp|P57024|LOLB_NEIMB,1,1,1,1
sp|P57062|LOLC_NEIMB,0,0,0,0
sp|P63622|ARSC_NEIMB,0,0,1,0
sp|P64051|EFTS_NEIMB,0,0,0,0
sp|P65877|PTHP_NEIMB,0,0,0,0
sp|P65915|PYRE_NEIMB,0,0,0,0
tr|Q4W582|Q4W582_NEIMB,1,0,0,0
tr|Q4W591|Q4W591_NEIMB,1,1,1,1
tr|Q7DD89|Q7DD89_NEIMB,0,0,0,0
tr|Q7DDJ0|Q7DDJ0_NEIMB,1,0,0,0
tr|Q7DDJ8|Q7DDJ8_NEIMB,0,0,0,0
tr|Q7DDM1|Q7DDM1_NEIMB,1,0,0,0
sp|Q7DDM4|RS15_NEIMB,1,0,0,0
tr|Q7DDR0|Q7DDR0_NEIMB,0,0,0,0
tr|Q7DDS4|Q7DDS4_NEIMB,0,0,0,0
tr|Q9JXD1|Q9JXD1_NEIMB,0,0,0,0
tr|Q9JXE9|Q9JXE9_NEIMB,0,0,0,0
sp|Q9JXF1|BICOA_NEIMB,0,0,0,0
tr|Q9JXH4|Q9JXH4_NEIMB,1,1,0,1
tr|Q9JXJ7|Q9JXJ7_NEIMB,0,0,0,0
tr|Q9JXQ7|Q9JXQ7_NEIMB,1,0,0,0
tr|Q9JXU6|Q9JXU6_NEIMB,0,1,0,0
sp|Q9JXW0|GSA_NEIMB,0,0,0,0
tr|Q9JXX3|Q9JXX3_NEIMB,1,1,1,1
sp|Q9JXZ9|NRDR_NEIMB,0,0,0,0
tr|Q9JY04|Q9JY04_NEIMB,0,0,0,0
tr|Q9JY11|Q9JY11_NEIMB,1,1,0,1
tr|Q9JY30|Q9JY30_NEIMB,1,1,1,1
tr|Q9JY51|Q9JY51_NEIMB,0,0,0,0
tr|Q9JY82|Q9JY82_NEIMB,0,1,0,0
tr|Q9JY91|Q9JY91_NEIMB,0,1,0,0
sp|Q9JYC0|PRMB_NEIMB,0,0,0,0
tr|Q9JYC1|Q9JYC1_NEIMB,0,0,0,0
tr|Q9JYD3|Q9JYD3_NEIMB,0,0,0,0
tr|Q9JYD8|Q9JYD8_NEIMB,0,1,0,0
tr|Q9JYF5|Q9JYF5_NEIMB,0,0,0,0
tr|Q9JYG2|Q9JYG2_NEIMB,0,0,1,0
tr|Q9JYH9|Q9JYH9_NEIMB,1,1,1,1
tr|Q9JYK3|Q9JYK3_NEIMB,0,1,1,1
tr|Q9JYL7|Q9JYL7_NEIMB,1,1,1,1
tr|Q9JYN6|Q9JYN6_NEIMB,1,1,1,1
tr|Q9JYR0|Q9JYR0_NEIMB,0,1,1,1
tr|Q9JYR4|Q9JYR4_NEIMB,1,1,1,1
tr|Q9JYS9|Q9JYS9_NEIMB,0,0,0,0
tr|Q9JYV9|Q9JYV9_NEIMB,1,0,1,1
tr|Q9JYW0|Q9JYW0_NEIMB,0,1,0,0
tr|Q9JYW1|Q9JYW1_NEIMB,0,0,0,0
tr|Q9JYW2|Q9JYW2_NEIMB,0,0,0,0
tr|Q9JYW6|Q9JYW6_NEIMB,0,0,0,0
tr|Q9JYW7|Q9JYW7_NEIMB,0,0,0,0
tr|Q9JZ28|Q9JZ28_NEIMB,1,1,0,1
sp|Q9JZ30|PRIB_NEIMB,0,0,0,0
sp|Q9JZ40|ISPG_NEIMB,0,0,0,0
tr|Q9JZ61|Q9JZ61_NEIMB,0,0,0,0
sp|Q9JZ78|RIBA_NEIMB,0,0,0,0
tr|Q9JZA0|Q9JZA0_NEIMB,0,1,0,0
tr|Q9JZD8|Q9JZD8_NEIMB,1,1,0,1
tr|Q9JZH7|Q9JZH7_NEIMB,0,0,0,0
tr|Q9JZL7|Q9JZL7_NEIMB,1,0,0,0
tr|Q9JZM1|Q9JZM1_NEIMB,1,1,1,1
tr|Q9JZN7|Q9JZN7_NEIMB,0,0,0,0
tr|Q9JZR1|Q9JZR1_NEIMB,1,0,0,0
tr|Q9JZS9|Q9JZS9_NEIMB,1,0,1,1
tr|Q9JZW2|Q9JZW2_NEIMB,0,0,0,0
sp|Q9JZW4|ISPE_NEIMB,0,0,0,0
tr|Q9JZZ4|Q9JZZ4_NEIMB,1,0,0,0
tr|Q9JZZ9|Q9JZZ9_NEIMB,0,0,0,0
tr|Q9K010|Q9K010_NEIMB,1,1,1,1
tr|Q9K031|Q9K031_NEIMB,0,0,0,0
tr|Q9K038|Q9K038_NEIMB,0,0,0,0
tr|Q9K047|Q9K047_NEIMB,0,0,0,0
tr|Q9K082|Q9K082_NEIMB,1,0,0,0
sp|Q9K096|TGT_NEIMB,0,0,0,0
sp|Q9K0A2|LNT_NEIMB,0,0,0,0
sp|Q9K0C6|TRPF_NEIMB,0,1,0,0
sp|Q9K0H2|HIS5_NEIMB,1,0,0,0
sp|Q9K0H4|HIS6_NEIMB,0,0,0,0
tr|Q9K0H7|Q9K0H7_NEIMB,1,0,1,1
tr|Q9K0K1|Q9K0K1_NEIMB,0,0,0,0
tr|Q9K0Q3|Q9K0Q3_NEIMB,0,0,0,0
tr|Q9K0R8|Q9K0R8_NEIMB,0,0,1,0
tr|Q9K0U6|Q9K0U6_NEIMB,0,0,0,0
sp|Q9K0V9|PDXJ_NEIMB,0,0,0,0
tr|Q9K0Y3|Q9K0Y3_NEIMB,1,0,0,0
tr|Q9K0Z7|Q9K0Z7_NEIMB,1,0,1,1
tr|Q9K100|Q9K100_NEIMB,0,0,0,0
tr|Q9K106|Q9K106_NEIMB,0,0,1,0
tr|Q9K110|Q9K110_NEIMB,0,1,1,1
tr|Q9K157|Q9K157_NEIMB,0,0,0,0
tr|Q9K172|Q9K172_NEIMB,0,0,1,0
sp|Q9K1B0|NUOL_NEIMB,0,0,0,0
sp|Q9K1E1|MNTP_NEIMB,1,0,0,0
tr|Q9K1E6|Q9K1E6_NEIMB,0,0,0,0
tr|Q9K1J4|Q9K1J4_NEIMB,1,0,1,1
tr|Q9K1K7|Q9K1K7_NEIMB,0,1,0,0
tr|Q9K1M0|Q9K1M0_NEIMB,1,1,1,1
tr|Q9K1M3|Q9K1M3_NEIMB,1,0,1,1
tr|Q9K1R1|Q9K1R1_NEIMB,0,0,0,0
tr|Q9K1R7|Q9K1R7_NEIMB,0,0,1,0
sp|P0A0S6|FTSZ_NEIMB,1,0,0,0
sp|P0A0Z7|NEUA_NEIMB,1,0,0,0
sp|P63700|BFRB_NEIMB,0,0,0,0
sp|P65616|PYRB_NEIMB,0,0,0,0
sp|P66169|RL29_NEIMB,1,0,1,1
sp|P66274|RL35_NEIMB,0,1,0,0
sp|P66295|RL362_NEIMB,0,0,0,0
sp|P66375|RS12_NEIMB,1,1,0,1
sp|P67217|RIMP_NEIMB,0,0,0,0
tr|Q4W574|Q4W574_NEIMB,0,0,0,0
tr|Q4W579|Q4W579_NEIMB,1,0,0,0
tr|Q4W581|Q4W581_NEIMB,0,0,0,0
tr|Q7DD41|Q7DD41_NEIMB,0,0,0,0
tr|Q7DD51|Q7DD51_NEIMB,1,0,1,1
tr|Q7DD55|Q7DD55_NEIMB,0,0,0,0
tr|Q7DD68|Q7DD68_NEIMB,1,1,1,1
sp|Q7DDB6|Y1497_NEIMB,1,1,1,1
tr|Q7DDC9|Q7DDC9_NEIMB,0,0,0,0
tr|Q7DDL4|Q7DDL4_NEIMB,0,0,0,0
tr|Q7DDR2|Q7DDR2_NEIMB,0,0,0,0
sp|Q7DDT0|RL18_NEIMB,0,1,1,1
tr|Q7DDT7|Q7DDT7_NEIMB,1,0,0,0
tr|Q9JRT0|Q9JRT0_NEIMB,0,0,0,0
tr|Q9JRT4|Q9JRT4_NEIMB,1,0,0,0
tr|Q9JRZ8|Q9JRZ8_NEIMB,0,0,0,0
tr|Q9JS17|Q9JS17_NEIMB,1,0,0,0
tr|Q9JS32|Q9JS32_NEIMB,1,0,1,1
tr|Q9JS43|Q9JS43_NEIMB,0,0,0,0
tr|Q9JXA5|Q9JXA5_NEIMB,0,0,0,0
tr|Q9JXB2|Q9JXB2_NEIMB,0,0,0,0
sp|Q9JXD7|MQO_NEIMB,0,0,0,0
tr|Q9JXE7|Q9JXE7_NEIMB,0,0,0,0
tr|Q9JXK0|Q9JXK0_NEIMB,0,0,0,0
sp|Q9JXL8|LUXS_NEIMB,0,0,0,0
tr|Q9JXM9|Q9JXM9_NEIMB,1,1,1,1
tr|Q9JXN3|Q9JXN3_NEIMB,1,1,1,1
tr|Q9JXQ6|Q9JXQ6_NEIMB,0,0,0,0
sp|Q9JXS9|PPK1_NEIMB,0,0,0,0
tr|Q9JXV0|Q9JXV0_NEIMB,1,0,1,1
sp|Q9JXV8|MIAB_NEIMB,0,0,0,0
sp|Q9JXX4|CARA_NEIMB,0,1,0,0
tr|Q9JY20|Q9JY20_NEIMB,0,0,0,0
tr|Q9JY42|Q9JY42_NEIMB,1,1,0,1
tr|Q9JY50|Q9JY50_NEIMB,0,1,0,0
tr|Q9JY52|Q9JY52_NEIMB,0,0,0,0
sp|Q9JY96|RPPH_NEIMB,0,0,0,0
sp|Q9JYC7|Y1648_NEIMB,1,0,0,0
tr|Q9JYD4|Q9JYD4_NEIMB,1,1,0,1
tr|Q9JYG5|Q9JYG5_NEIMB,0,1,0,0
tr|Q9JYI1|Q9JYI1_NEIMB,0,0,0,0
tr|Q9JYI4|Q9JYI4_NEIMB,0,1,0,0
sp|Q9JYL2|DAPE_NEIMB,0,0,0,0
tr|Q9JYR6|Q9JYR6_NEIMB,0,0,0,0
tr|Q9JYS1|Q9JYS1_NEIMB,1,1,1,1
tr|Q9JYV8|Q9JYV8_NEIMB,0,0,0,0
sp|Q9JYY4|ARGD_NEIMB,0,0,0,0
tr|Q9JZ09|Q9JZ09_NEIMB,0,1,0,0
sp|Q9JZ29|RS6_NEIMB,0,0,0,0
sp|Q9JZ37|TIG_NEIMB,0,0,0,0
tr|Q9JZ71|Q9JZ71_NEIMB,0,0,0,0
sp|Q9JZ86|RUVB_NEIMB,0,0,0,0
tr|Q9JZ87|Q9JZ87_NEIMB,0,0,0,0
sp|Q9JZA4|LIPB_NEIMB,0,1,0,0
tr|Q9JZB2|Q9JZB2_NEIMB,0,0,0,0
tr|Q9JZF1|Q9JZF1_NEIMB,0,0,0,0
tr|Q9JZI7|Q9JZI7_NEIMB,0,0,0,0
tr|Q9JZL8|Q9JZL8_NEIMB,0,0,0,0
sp|Q9JZP0|PSD_NEIMB,0,1,0,0
tr|Q9JZP7|Q9JZP7_NEIMB,0,0,0,0
tr|Q9JZS1|Q9JZS1_NEIMB,0,0,0,0
tr|Q9JZU1|Q9JZU1_NEIMB,0,0,0,0
sp|Q9JZU5|Y895_NEIMB,0,0,0,0
tr|Q9JZX0|Q9JZX0_NEIMB,1,1,1,1
sp|Q9JZY1|DER_NEIMB,0,0,0,0
tr|Q9K008|Q9K008_NEIMB,1,0,1,1
sp|Q9K063|PUR7_NEIMB,0,0,0,0
tr|Q9K0A7|Q9K0A7_NEIMB,0,0,0,0
tr|Q9K0C2|Q9K0C2_NEIMB,1,1,1,1
tr|Q9K0D2|Q9K0D2_NEIMB,1,1,1,1
tr|Q9K0J1|Q9K0J1_NEIMB,1,0,0,0
tr|Q9K0M0|Q9K0M0_NEIMB,0,0,1,0
sp|Q9K0M3|NQRA_NEIMB,0,0,0,0
sp|Q9K0P7|YBEY_NEIMB,0,0,0,0
tr|Q9K0P8|Q9K0P8_NEIMB,0,0,0,0
tr|Q9K0Q8|Q9K0Q8_NEIMB,0,0,0,0
sp|Q9K0R0|Y524_NEIMB,0,0,0,0
tr|Q9K0Z9|Q9K0Z9_NEIMB,0,0,0,0
tr|Q9K111|Q9K111_NEIMB,0,0,0,0
tr|Q9K177|Q9K177_NEIMB,0,0,0,0
tr|Q9K194|Q9K194_NEIMB,0,0,0,0
tr|Q9K196|Q9K196_NEIMB,1,0,0,0
tr|Q9K1D3|Q9K1D3_NEIMB,0,0,0,0
tr|Q9K1E8|Q9K1E8_NEIMB,0,0,0,0
sp|Q9K1F9|PDXA_NEIMB,0,1,0,0
sp|Q9K1H0|BAMA_NEIMB,1,1,1,1
sp|Q9K1I0|MINC_NEIMB,0,0,0,0
tr|Q9K1L6|Q9K1L6_NEIMB,0,1,0,0
tr|Q9K1M7|Q9K1M7_NEIMB,0,0,0,0
tr|Q9K1P2|Q9K1P2_NEIMB,0,0,0,0
tr|Q9K1Q2|Q9K1Q2_NEIMB,0,0,0,0
sp|P0A0Z4|MTGA_NEIMB,1,0,0,0
sp|P0DH58|OMPA_NEIMB,1,1,1,1
sp|P55255|RMLA_NEIMB,0,0,0,0
sp|P56994|HEM1_NEIMB,0,0,0,0
sp|P60654|SPEB_NEIMB,0,1,1,1
sp|P63574|ARGJ_NEIMB,0,0,0,0
sp|P64100|EXBB_NEIMB,0,0,0,0
sp|P65138|IF3_NEIMB,0,0,0,0
sp|P66355|RS11_NEIMB,0,1,1,1
sp|P66508|RS20_NEIMB,0,1,0,0
sp|P66561|RS4_NEIMB,0,1,0,0
sp|P66724|RPOZ_NEIMB,1,0,0,0
sp|P67616|FETP_NEIMB,0,0,1,0
tr|Q4W566|Q4W566_NEIMB,0,0,0,0
tr|Q4W583|Q4W583_NEIMB,0,1,1,1
tr|Q4W584|Q4W584_NEIMB,0,0,0,0
tr|Q4W585|Q4W585_NEIMB,1,1,1,1
tr|Q7DD44|Q7DD44_NEIMB,1,0,0,0
tr|Q7DD45|Q7DD45_NEIMB,0,0,0,0
tr|Q7DD72|Q7DD72_NEIMB,0,0,0,0
sp|Q7DDJ2|NHHA_NEIMB,1,1,1,1
sp|Q7DDS0|NUOK_NEIMB,0,0,0,0
sp|Q7DDT2|RL14_NEIMB,0,0,0,0
tr|Q9JXD2|Q9JXD2_NEIMB,1,1,1,1
sp|Q9JXE5|OBG_NEIMB,1,1,1,1
tr|Q9JXF2|Q9JXF2_NEIMB,1,1,1,1
tr|Q9JXF3|Q9JXF3_NEIMB,1,1,1,1
tr|Q9JXG1|Q9JXG1_NEIMB,0,0,0,0
tr|Q9JXJ3|Q9JXJ3_NEIMB,0,0,0,0
tr|Q9JXQ9|Q9JXQ9_NEIMB,0,0,0,0
tr|Q9JXT6|Q9JXT6_NEIMB,0,0,1,0
sp|Q9JXU9|ARGA_NEIMB,0,0,0,0
tr|Q9JXV1|Q9JXV1_NEIMB,1,1,1,1
tr|Q9JXX8|Q9JXX8_NEIMB,0,1,0,0
tr|Q9JXY1|Q9JXY1_NEIMB,0,0,0,0
sp|Q9JXY2|FTHS_NEIMB,0,1,0,0
tr|Q9JXZ4|Q9JXZ4_NEIMB,1,0,1,1
sp|Q9JY03|ENGB_NEIMB,0,0,0,0
tr|Q9JY27|Q9JY27_NEIMB,1,1,1,1
tr|Q9JY59|Q9JY59_NEIMB,0,0,0,0
tr|Q9JY71|Q9JY71_NEIMB,0,0,0,0
tr|Q9JY77|Q9JY77_NEIMB,1,1,1,1
tr|Q9JY94|Q9JY94_NEIMB,0,0,0,0
tr|Q9JYB6|Q9JYB6_NEIMB,0,0,0,0
tr|Q9JYD6|Q9JYD6_NEIMB,0,0,0,0
tr|Q9JYK6|Q9JYK6_NEIMB,0,0,0,0
tr|Q9JYN4|Q9JYN4_NEIMB,0,0,0,0
tr|Q9JYS0|Q9JYS0_NEIMB,0,0,0,0
tr|Q9JYS4|Q9JYS4_NEIMB,0,0,0,0
tr|Q9JYT8|Q9JYT8_NEIMB,1,0,0,0
sp|Q9JYV1|RUVC_NEIMB,0,0,0,0
tr|Q9JYV3|Q9JYV3_NEIMB,0,0,0,0
tr|Q9JYZ6|Q9JYZ6_NEIMB,1,1,1,1
tr|Q9JZ05|Q9JZ05_NEIMB,1,0,1,1
tr|Q9JZ39|Q9JZ39_NEIMB,0,1,0,0
tr|Q9JZ67|Q9JZ67_NEIMB,0,0,0,0
tr|Q9JZ82|Q9JZ82_NEIMB,0,0,0,0
tr|Q9JZ90|Q9JZ90_NEIMB,1,0,0,0
tr|Q9JZ95|Q9JZ95_NEIMB,0,0,0,0
tr|Q9JZB3|Q9JZB3_NEIMB,1,0,1,1
tr|Q9JZB7|Q9JZB7_NEIMB,0,1,0,0
tr|Q9JZC2|Q9JZC2_NEIMB,0,0,0,0
tr|Q9JZC4|Q9JZC4_NEIMB,1,1,1,1
tr|Q9JZE5|Q9JZE5_NEIMB,0,0,1,0
tr|Q9JZH4|Q9JZH4_NEIMB,0,0,0,0
tr|Q9JZH8|Q9JZH8_NEIMB,0,0,0,0
tr|Q9JZH9|Q9JZH9_NEIMB,0,0,0,0
tr|Q9JZK8|Q9JZK8_NEIMB,0,0,0,0
tr|Q9JZP9|Q9JZP9_NEIMB,1,0,0,0
tr|Q9JZS0|Q9JZS0_NEIMB,0,1,1,1
tr|Q9JZS4|Q9JZS4_NEIMB,1,0,0,0
tr|Q9JZT2|Q9JZT2_NEIMB,1,0,0,0
tr|Q9K020|Q9K020_NEIMB,1,0,1,1
sp|Q9K023|GCH4_NEIMB,1,0,0,0
tr|Q9K025|Q9K025_NEIMB,0,0,0,0
tr|Q9K066|Q9K066_NEIMB,0,0,1,0
tr|Q9K069|Q9K069_NEIMB,1,0,1,1
sp|Q9K075|UBIE_NEIMB,0,0,0,0
sp|Q9K089|SYFB_NEIMB,0,0,0,0
tr|Q9K0F3|Q9K0F3_NEIMB,0,0,0,0
tr|Q9K0F8|Q9K0F8_NEIMB,0,0,0,0
tr|Q9K0G9|Q9K0G9_NEIMB,0,0,0,0
sp|Q9K0I2|PPSA_NEIMB,0,0,0,0
tr|Q9K0I3|Q9K0I3_NEIMB,0,0,0,0
tr|Q9K0K6|Q9K0K6_NEIMB,0,0,0,0
sp|Q9K0M8|NQRF_NEIMB,0,0,0,0
sp|Q9K0N4|DNAK_NEIMB,1,0,0,0
tr|Q9K0R4|Q9K0R4_NEIMB,0,0,0,0
tr|Q9K0T9|Q9K0T9_NEIMB,0,0,0,0
tr|Q9K0V7|Q9K0V7_NEIMB,0,1,1,1
tr|Q9K0Z2|Q9K0Z2_NEIMB,0,0,0,0
tr|Q9K104|Q9K104_NEIMB,0,0,0,0
tr|Q9K119|Q9K119_NEIMB,1,1,0,1
tr|Q9K149|Q9K149_NEIMB,0,0,0,0
tr|Q9K183|Q9K183_NEIMB,0,0,0,0
sp|Q9K192|TRPC_NEIMB,0,1,0,0
sp|Q9K1D7|PYRD_NEIMB,0,1,1,1
tr|Q9K1E2|Q9K1E2_NEIMB,0,0,0,0
sp|Q9K1F0|BAME_NEIMB,0,0,0,0
tr|Q9K1N7|Q9K1N7_NEIMB,0,1,0,0
sp|P05431|FMM1_NEIMB,1,0,1,1
sp|P0A0U7|KAD_NEIMB,0,0,0,0
sp|P0A0Y6|GMHA_NEIMB,1,0,0,0
sp|P57029|DNAG_NEIMB,0,0,0,0
sp|P65235|KPRS_NEIMB,0,0,0,0
sp|P66293|RL361_NEIMB,1,0,0,0
sp|P66821|SMG_NEIMB,0,0,0,0
sp|P66995|TRPD_NEIMB,0,0,0,0
sp|P67029|SYGA_NEIMB,0,0,0,0
sp|Q05014|LPB1_NEIMB,0,0,0,0
sp|Q4W568|TILS_NEIMB,0,0,0,0
tr|Q4W572|Q4W572_NEIMB,1,0,0,0
tr|Q4W577|Q4W577_NEIMB,1,1,1,1
tr|Q7DD37|Q7DD37_NEIMB,1,1,1,1
tr|Q7DD61|Q7DD61_NEIMB,0,0,0,0
tr|Q7DD91|Q7DD91_NEIMB,0,0,0,0
tr|Q7DD92|Q7DD92_NEIMB,1,0,1,1
tr|Q7DDC0|Q7DDC0_NEIMB,0,0,0,0
tr|Q7DDL0|Q7DDL0_NEIMB,0,0,0,0
tr|Q7DDM8|Q7DDM8_NEIMB,0,0,0,0
tr|Q7DDQ5|Q7DDQ5_NEIMB,0,0,0,0
tr|Q7DDQ7|Q7DDQ7_NEIMB,0,0,0,0
tr|Q9JX97|Q9JX97_NEIMB,1,0,0,0
tr|Q9JXA9|Q9JXA9_NEIMB,0,0,0,0
tr|Q9JXC5|Q9JXC5_NEIMB,1,1,1,1
sp|Q9JXE3|RSMI_NEIMB,0,0,0,0
tr|Q9JXF6|Q9JXF6_NEIMB,1,1,1,1
sp|Q9JXG5|CAPP_NEIMB,0,0,0,0
sp|Q9JXI7|UBIG_NEIMB,1,0,0,0
tr|Q9JXL9|Q9JXL9_NEIMB,1,0,0,0
sp|Q9JXQ5|SYGB_NEIMB,0,0,0,0
sp|Q9JXR3|MSBA_NEIMB,0,0,0,0
sp|Q9JXR6|FABH_NEIMB,1,1,0,1
tr|Q9JXT1|Q9JXT1_NEIMB,1,1,1,1
sp|Q9JXW1|ORN_NEIMB,0,0,0,0
tr|Q9JXW9|Q9JXW9_NEIMB,0,0,1,0
tr|Q9JXY6|Q9JXY6_NEIMB,0,1,0,0
sp|Q9JXY7|SYI_NEIMB,0,0,0,0
tr|Q9JY29|Q9JY29_NEIMB,1,0,0,0
tr|Q9JY53|Q9JY53_NEIMB,0,0,0,0
tr|Q9JY63|Q9JY63_NEIMB,0,0,0,0
tr|Q9JY74|Q9JY74_NEIMB,0,0,0,0
sp|Q9JY99|AROC_NEIMB,0,1,1,1
tr|Q9JYA2|Q9JYA2_NEIMB,1,1,1,1
tr|Q9JYB8|Q9JYB8_NEIMB,1,1,0,1
tr|Q9JYC5|Q9JYC5_NEIMB,0,0,0,0
tr|Q9JYJ7|Q9JYJ7_NEIMB,0,0,0,0
tr|Q9JYK7|Q9JYK7_NEIMB,1,0,0,0
tr|Q9JYN1|Q9JYN1_NEIMB,1,1,0,1
tr|Q9JYS5|Q9JYS5_NEIMB,0,0,0,0
tr|Q9JYT6|Q9JYT6_NEIMB,0,0,0,0
tr|Q9JYY5|Q9JYY5_NEIMB,0,0,0,0
sp|Q9JYZ5|PDXH_NEIMB,0,0,0,0
tr|Q9JZ21|Q9JZ21_NEIMB,1,1,1,1
sp|Q9JZ25|Y1327_NEIMB,1,0,0,0
tr|Q9JZA9|Q9JZA9_NEIMB,1,1,0,1
tr|Q9JZE6|Q9JZE6_NEIMB,1,1,1,1
tr|Q9JZJ7|Q9JZJ7_NEIMB,0,0,0,0
tr|Q9JZJ9|Q9JZJ9_NEIMB,0,0,0,0
tr|Q9JZK0|Q9JZK0_NEIMB,1,0,0,0
sp|Q9JZP4|SUCC_NEIMB,0,1,0,0
sp|Q9JZR3|RLMB_NEIMB,0,0,0,0
tr|Q9JZT7|Q9JZT7_NEIMB,1,0,1,1
tr|Q9JZU6|Q9JZU6_NEIMB,0,0,0,0
tr|Q9JZV2|Q9JZV2_NEIMB,0,1,0,0
tr|Q9JZV8|Q9JZV8_NEIMB,0,0,0,0
tr|Q9JZW1|Q9JZW1_NEIMB,0,1,0,0
tr|Q9JZX8|Q9JZX8_NEIMB,1,0,0,0
tr|Q9JZY8|Q9JZY8_NEIMB,1,0,0,0
tr|Q9JZZ3|Q9JZZ3_NEIMB,0,1,0,0
tr|Q9K000|Q9K000_NEIMB,0,0,0,0
tr|Q9K009|Q9K009_NEIMB,1,1,1,1
tr|Q9K022|Q9K022_NEIMB,0,0,0,0
sp|Q9K055|LEPA_NEIMB,0,0,0,0
tr|Q9K073|Q9K073_NEIMB,0,0,0,0
sp|Q9K0B0|RLUD_NEIMB,0,0,0,0
tr|Q9K0B4|Q9K0B4_NEIMB,1,1,1,1
tr|Q9K0E9|Q9K0E9_NEIMB,0,1,0,0
tr|Q9K0F2|Q9K0F2_NEIMB,1,1,1,1
tr|Q9K0K2|Q9K0K2_NEIMB,1,0,0,0
tr|Q9K0M9|Q9K0M9_NEIMB,0,0,1,0
tr|Q9K0Q1|Q9K0Q1_NEIMB,1,0,0,0
tr|Q9K0S1|Q9K0S1_NEIMB,0,0,0,0
tr|Q9K0S3|Q9K0S3_NEIMB,1,0,1,1
tr|Q9K0T3|Q9K0T3_NEIMB,1,1,1,1
sp|Q9K107|NADB_NEIMB,0,0,0,0
tr|Q9K116|Q9K116_NEIMB,0,0,0,0
tr|Q9K126|Q9K126_NEIMB,0,0,0,0
tr|Q9K135|Q9K135_NEIMB,0,1,0,0
sp|Q9K139|TAL_NEIMB,0,0,0,0
tr|Q9K162|Q9K162_NEIMB,0,0,0,0
tr|Q9K167|Q9K167_NEIMB,1,0,0,0
tr|Q9K171|Q9K171_NEIMB,1,0,0,0
tr|Q9K198|Q9K198_NEIMB,0,0,0,0
tr|Q9K1D2|Q9K1D2_NEIMB,1,0,0,0
tr|Q9K1E5|Q9K1E5_NEIMB,0,0,0,0
sp|Q9K1H6|ZUPT_NEIMB,0,0,0,0
sp|Q9K1J1|RPOC_NEIMB,0,0,0,0
tr|Q9K1L8|Q9K1L8_NEIMB,1,0,0,0
tr|Q9K1N3|Q9K1N3_NEIMB,0,0,0,0
sp|P0A0R0|MURI_NEIMB,0,0,0,0
sp|P0A0Y8|SSRP_NEIMB,0,0,0,0
sp|P55294|RMLB_NEIMB,0,0,0,0
sp|P66251|RL34_NEIMB,0,0,0,0
sp|P95377|LPXD_NEIMB,0,1,1,1
sp|Q4W557|KHSE_NEIMB,0,0,0,0
tr|Q4W590|Q4W590_NEIMB,1,1,1,1
sp|Q59623|SODC_NEIMB,1,1,1,1
tr|Q7DD46|Q7DD46_NEIMB,0,0,0,0
tr|Q7DD59|Q7DD59_NEIMB,0,0,0,0
tr|Q7DD78|Q7DD78_NEIMB,0,0,0,0
tr|Q7DDC1|Q7DDC1_NEIMB,0,0,0,0
tr|Q7DDD1|Q7DDD1_NEIMB,0,1,0,0
tr|Q7DDH8|Q7DDH8_NEIMB,1,1,1,1
tr|Q7DDK4|Q7DDK4_NEIMB,1,1,1,1
tr|Q7DDK5|Q7DDK5_NEIMB,0,0,0,0
tr|Q7DDM6|Q7DDM6_NEIMB,0,0,0,0
tr|Q7DDN5|Q7DDN5_NEIMB,0,0,0,0
sp|Q7DDR4|RL21_NEIMB,0,0,0,0
tr|Q7DDU1|Q7DDU1_NEIMB,0,0,0,0
tr|Q9JRU2|Q9JRU2_NEIMB,1,1,1,1
tr|Q9JRV5|Q9JRV5_NEIMB,0,1,0,0
tr|Q9JRX5|Q9JRX5_NEIMB,0,1,1,1
tr|Q9JS28|Q9JS28_NEIMB,0,0,0,0
tr|Q9JXB9|Q9JXB9_NEIMB,0,0,0,0
sp|Q9JXE2|Y2089_NEIMB,1,0,1,1
tr|Q9JXE8|Q9JXE8_NEIMB,0,0,0,0
tr|Q9JXI4|Q9JXI4_NEIMB,0,1,0,0
sp|Q9JXK1|HSLO_NEIMB,0,0,0,0
tr|Q9JXN9|Q9JXN9_NEIMB,1,0,1,1
tr|Q9JXP0|Q9JXP0_NEIMB,0,0,0,0
tr|Q9JXT9|Q9JXT9_NEIMB,0,0,0,0
tr|Q9JXZ5|Q9JXZ5_NEIMB,0,0,0,0
tr|Q9JY12|Q9JY12_NEIMB,0,0,0,0
sp|Q9JY15|GLRX_NEIMB,1,0,0,0
tr|Q9JY65|Q9JY65_NEIMB,0,0,0,0
tr|Q9JY67|Q9JY67_NEIMB,0,0,0,0
tr|Q9JY75|Q9JY75_NEIMB,0,0,0,0
tr|Q9JY88|Q9JY88_NEIMB,1,1,0,1
sp|Q9JY89|GLMM_NEIMB,0,0,0,0
sp|Q9JY95|SYS_NEIMB,0,0,1,0
tr|Q9JYA4|Q9JYA4_NEIMB,1,0,0,0
tr|Q9JYB9|Q9JYB9_NEIMB,0,0,0,0
sp|Q9JYC6|DSBB_NEIMB,0,0,0,0
sp|Q9JYD2|IF2_NEIMB,1,1,1,1
tr|Q9JYF9|Q9JYF9_NEIMB,0,0,0,0
tr|Q9JYH0|Q9JYH0_NEIMB,0,0,1,0
sp|Q9JYJ8|PYRG_NEIMB,0,0,0,0
sp|Q9JYM4|ISPD_NEIMB,0,0,0,0
tr|Q9JYP4|Q9JYP4_NEIMB,0,0,0,0
tr|Q9JYR9|Q9JYR9_NEIMB,1,1,0,1
sp|Q9JYT2|MUTL_NEIMB,0,0,0,0
tr|Q9JYV0|Q9JYV0_NEIMB,0,0,0,0
sp|Q9JYX6|HSCB_NEIMB,1,0,0,0
sp|Q9JYY0|ISCS_NEIMB,0,0,0,0
tr|Q9JYY6|Q9JYY6_NEIMB,0,1,0,0
sp|Q9JYZ9|GATA_NEIMB,1,0,1,1
sp|Q9JZ47|PLSC_NEIMB,0,0,0,0
tr|Q9JZ66|Q9JZ66_NEIMB,1,0,1,1
tr|Q9JZ73|Q9JZ73_NEIMB,0,0,0,0
sp|Q9JZ80|PUR5_NEIMB,0,1,0,0
sp|Q9JZG3|PROA_NEIMB,0,0,0,0
sp|Q9JZG4|FTSK2_NEIMB,1,0,0,0
tr|Q9JZH6|Q9JZH6_NEIMB,1,1,1,1
tr|Q9JZL9|Q9JZL9_NEIMB,0,0,0,0
tr|Q9JZN0|Q9JZN0_NEIMB,0,0,0,0
sp|Q9JZP1|UVRA_NEIMB,0,0,0,0
tr|Q9JZR2|Q9JZR2_NEIMB,0,0,0,0
sp|Q9JZR6|PIP_NEIMB,0,0,0,0
tr|Q9JZR8|Q9JZR8_NEIMB,0,0,0,0
tr|Q9JZT0|Q9JZT0_NEIMB,0,0,0,0
tr|Q9JZV5|Q9JZV5_NEIMB,0,0,0,0
tr|Q9JZY6|Q9JZY6_NEIMB,0,1,0,0
sp|Q9JZZ5|CLPS_NEIMB,0,0,0,0
tr|Q9K007|Q9K007_NEIMB,1,0,0,0
sp|Q9K012|PURA_NEIMB,0,0,0,0
tr|Q9K0B9|Q9K0B9_NEIMB,0,0,0,0
tr|Q9K0E2|Q9K0E2_NEIMB,0,0,0,0
tr|Q9K0G0|Q9K0G0_NEIMB,1,0,0,0
sp|Q9K0G4|IPYR_NEIMB,0,0,0,0
sp|Q9K0L7|GCSH_NEIMB,0,0,0,0
sp|Q9K0L8|GCST_NEIMB,1,0,0,0
tr|Q9K0L9|Q9K0L9_NEIMB,0,0,0,0
sp|Q9K0U3|SPEA_NEIMB,0,0,0,0
tr|Q9K0W6|Q9K0W6_NEIMB,0,0,0,0
sp|Q9K0Z0|RSMH_NEIMB,0,0,0,0
tr|Q9K0Z4|Q9K0Z4_NEIMB,0,0,0,0
tr|Q9K115|Q9K115_NEIMB,1,1,1,1
tr|Q9K154|Q9K154_NEIMB,1,0,0,0
sp|Q9K197|BIOH_NEIMB,0,0,0,0
tr|Q9K1B2|Q9K1B2_NEIMB,0,0,0,0
tr|Q9K1B5|Q9K1B5_NEIMB,0,0,0,0
tr|Q9K1B8|Q9K1B8_NEIMB,0,0,0,0
tr|Q9K1G5|Q9K1G5_NEIMB,0,0,0,0
sp|Q9K1H9|MINE_NEIMB,1,0,1,1
sp|Q9K1J3|RL11_NEIMB,1,1,1,1
tr|Q9K1K5|Q9K1K5_NEIMB,0,0,0,0
tr|Q9K1N6|Q9K1N6_NEIMB,1,0,1,1
sp|Q9K1N8|MSRAB_NEIMB,1,1,1,1
tr|Q9K1P4|Q9K1P4_NEIMB,0,0,1,0
sp|P0A0V3|OMP4_NEIMB,0,1,1,1
sp|P0A0Z6|PBPA_NEIMB,1,1,1,1
sp|P0DH59|RECA_NEIMB,1,0,1,1
sp|P32014|CTRB_NEIMB,0,0,0,0
sp|P57007|SERC_NEIMB,0,0,0,0
sp|P65592|NUSG_NEIMB,0,0,0,0
sp|P65932|PYRH_NEIMB,0,0,0,0
tr|Q4W558|Q4W558_NEIMB,1,0,1,1
sp|Q4W575|FBPC_NEIMB,0,1,0,0
tr|Q7DD60|Q7DD60_NEIMB,1,1,1,1
tr|Q7DD80|Q7DD80_NEIMB,0,0,0,0
tr|Q7DD81|Q7DD81_NEIMB,1,1,1,1
tr|Q7DD95|Q7DD95_NEIMB,0,0,0,0
tr|Q7DDB2|Q7DDB2_NEIMB,1,0,1,1
sp|Q7DDL5|CYSK_NEIMB,0,1,0,0
tr|Q7DDL9|Q7DDL9_NEIMB,0,0,0,0
tr|Q7DDN6|Q7DDN6_NEIMB,0,1,1,1
tr|Q7DDR6|Q7DDR6_NEIMB,0,0,0,0
tr|Q7DDR8|Q7DDR8_NEIMB,1,0,1,1
sp|Q7DDS7|MIND_NEIMB,0,0,0,0
tr|Q9JXD5|Q9JXD5_NEIMB,0,0,0,0
tr|Q9JXD8|Q9JXD8_NEIMB,1,1,1,1
tr|Q9JXH5|Q9JXH5_NEIMB,0,0,0,0
tr|Q9JXH7|Q9JXH7_NEIMB,0,0,0,0
tr|Q9JXJ2|Q9JXJ2_NEIMB,1,1,1,1
tr|Q9JXK3|Q9JXK3_NEIMB,1,1,1,1
tr|Q9JXL2|Q9JXL2_NEIMB,0,0,0,0
tr|Q9JXP2|Q9JXP2_NEIMB,0,0,0,0
tr|Q9JXR4|Q9JXR4_NEIMB,0,0,0,0
sp|Q9JXS0|RL32_NEIMB,0,1,1,1
tr|Q9JXU5|Q9JXU5_NEIMB,0,0,0,0
tr|Q9JXX1|Q9JXX1_NEIMB,0,0,0,0
sp|Q9JY16|SECB_NEIMB,0,0,1,0
tr|Q9JY23|Q9JY23_NEIMB,1,1,1,1
tr|Q9JY24|Q9JY24_NEIMB,0,0,0,0
tr|Q9JY33|Q9JY33_NEIMB,1,0,1,1
tr|Q9JY66|Q9JY66_NEIMB,1,1,1,1
tr|Q9JY68|Q9JY68_NEIMB,1,0,1,1
tr|Q9JYA7|Q9JYA7_NEIMB,1,0,1,1
sp|Q9JYE1|ANIA_NEIMB,0,1,1,1
tr|Q9JYE8|Q9JYE8_NEIMB,0,1,1,1
tr|Q9JYG4|Q9JYG4_NEIMB,1,0,0,0
tr|Q9JYG8|Q9JYG8_NEIMB,0,0,0,0
tr|Q9JYK2|Q9JYK2_NEIMB,0,0,1,0
tr|Q9JYL8|Q9JYL8_NEIMB,0,0,0,0
tr|Q9JYL9|Q9JYL9_NEIMB,0,0,1,0
tr|Q9JYM7|Q9JYM7_NEIMB,0,0,0,0
tr|Q9JYQ0|Q9JYQ0_NEIMB,0,1,1,1
sp|Q9JYQ3|RECX_NEIMB,1,0,1,1
tr|Q9JYR3|Q9JYR3_NEIMB,0,0,0,0
tr|Q9JYS2|Q9JYS2_NEIMB,0,0,0,0
tr|Q9JYS7|Q9JYS7_NEIMB,1,0,0,0
tr|Q9JYT3|Q9JYT3_NEIMB,0,0,0,0
tr|Q9JYT5|Q9JYT5_NEIMB,1,0,1,1
tr|Q9JYX7|Q9JYX7_NEIMB,1,1,0,1
tr|Q9JZ02|Q9JZ02_NEIMB,0,0,0,0
tr|Q9JZ51|Q9JZ51_NEIMB,0,0,0,0
sp|Q9JZ53|ENO_NEIMB,0,0,0,0
tr|Q9JZ65|Q9JZ65_NEIMB,0,0,0,0
tr|Q9JZ85|Q9JZ85_NEIMB,0,0,0,0
sp|Q9JZA5|LIPA_NEIMB,0,0,0,0
tr|Q9JZB6|Q9JZB6_NEIMB,0,0,0,0
tr|Q9JZE7|Q9JZE7_NEIMB,0,0,0,0
tr|Q9JZH0|Q9JZH0_NEIMB,0,0,0,0
sp|Q9JZI9|LEU3_NEIMB,0,0,0,0
tr|Q9JZK2|Q9JZK2_NEIMB,1,0,1,1
tr|Q9JZL2|Q9JZL2_NEIMB,0,0,1,0
tr|Q9JZN6|Q9JZN6_NEIMB,1,0,0,0
sp|Q9JZN9|Y964_NEIMB,1,1,1,1
tr|Q9JZQ1|Q9JZQ1_NEIMB,0,1,1,1
tr|Q9JZQ6|Q9JZQ6_NEIMB,0,0,0,0
sp|Q9JZQ8|EFP_NEIMB,1,0,0,0
tr|Q9JZX6|Q9JZX6_NEIMB,1,1,0,1
tr|Q9K019|Q9K019_NEIMB,1,0,1,1
tr|Q9K033|Q9K033_NEIMB,0,0,0,0
tr|Q9K045|Q9K045_NEIMB,0,0,0,0
tr|Q9K058|Q9K058_NEIMB,1,1,1,1
tr|Q9K087|Q9K087_NEIMB,0,0,0,0
sp|Q9K093|RL20_NEIMB,0,0,0,0
tr|Q9K0B8|Q9K0B8_NEIMB,0,0,0,0
tr|Q9K0J3|Q9K0J3_NEIMB,0,0,0,0
sp|Q9K0K9|FRPA_NEIMB,1,1,1,1
tr|Q9K0N6|Q9K0N6_NEIMB,0,0,0,0
sp|Q9K0Q9|QUEC_NEIMB,0,0,0,0
tr|Q9K0S8|Q9K0S8_NEIMB,1,1,1,1
tr|Q9K0V2|Q9K0V2_NEIMB,0,0,0,0
tr|Q9K0V5|Q9K0V5_NEIMB,1,1,1,1
tr|Q9K0W3|Q9K0W3_NEIMB,0,0,0,0
tr|Q9K0Z5|Q9K0Z5_NEIMB,1,1,1,1
sp|Q9K118|ANMK_NEIMB,0,1,0,0
tr|Q9K127|Q9K127_NEIMB,0,0,0,0
tr|Q9K174|Q9K174_NEIMB,0,0,0,0
tr|Q9K179|Q9K179_NEIMB,0,1,0,0
tr|Q9K1C5|Q9K1C5_NEIMB,0,0,0,0
tr|Q9K1D1|Q9K1D1_NEIMB,1,1,0,1
sp|Q9K1G8|DXR_NEIMB,0,0,0,0
tr|Q9K1J2|Q9K1J2_NEIMB,0,0,0,0
tr|Q9K1K4|Q9K1K4_NEIMB,1,1,1,1
sp|Q9K1K9|PYRI_NEIMB,0,0,0,0
tr|Q9K1N2|Q9K1N2_NEIMB,0,0,1,0
sp|P56992|AROE_NEIMB,0,1,0,0
sp|P63702|Y2020_NEIMB,0,0,0,0
sp|P64393|IHFA_NEIMB,0,0,0,0
sp|P66190|RL31_NEIMB,0,0,0,0
sp|P66614|RS7_NEIMB,1,0,0,0
sp|P67103|Y681_NEIMB,1,0,1,1
sp|P67303|YIDD_NEIMB,0,0,0,0
tr|Q4W561|Q4W561_NEIMB,0,0,1,0
tr|Q4W563|Q4W563_NEIMB,0,0,0,0
tr|Q4W587|Q4W587_NEIMB,1,1,1,1
tr|Q7DD48|Q7DD48_NEIMB,1,0,1,1
tr|Q7DD52|Q7DD52_NEIMB,1,0,0,0
tr|Q7DD53|Q7DD53_NEIMB,0,0,0,0
tr|Q7DD74|Q7DD74_NEIMB,1,0,0,0
tr|Q7DD79|Q7DD79_NEIMB,0,0,1,0
tr|Q7DDH5|Q7DDH5_NEIMB,0,0,1,0
tr|Q7DDI3|Q7DDI3_NEIMB,1,1,1,1
tr|Q7DDL8|Q7DDL8_NEIMB,0,0,0,0
tr|Q7DDN4|Q7DDN4_NEIMB,0,0,0,0
tr|Q7DDQ9|Q7DDQ9_NEIMB,1,1,1,1
tr|Q7DDR5|Q7DDR5_NEIMB,0,0,0,0
tr|Q9JRU5|Q9JRU5_NEIMB,0,0,1,0
sp|Q9JRZ6|Y1133_NEIMB,1,0,0,0
tr|Q9JXC3|Q9JXC3_NEIMB,1,0,1,1
tr|Q9JXG7|Q9JXG7_NEIMB,0,0,0,0
sp|Q9JXI5|GMHBB_NEIMB,1,0,0,0
tr|Q9JXJ1|Q9JXJ1_NEIMB,1,1,1,1
tr|Q9JXJ8|Q9JXJ8_NEIMB,0,0,0,0
tr|Q9JXK2|Q9JXK2_NEIMB,0,0,0,0
tr|Q9JXL5|Q9JXL5_NEIMB,0,0,0,0
tr|Q9JXL7|Q9JXL7_NEIMB,0,0,0,0
sp|Q9JXQ0|ATPA_NEIMB,0,0,0,0
sp|Q9JXQ3|ATPE_NEIMB,1,1,1,1
tr|Q9JXQ4|Q9JXQ4_NEIMB,0,0,0,0
tr|Q9JXZ0|Q9JXZ0_NEIMB,1,1,1,1
sp|Q9JY09|METK_NEIMB,0,0,0,0
sp|Q9JY18|ARGC_NEIMB,1,1,0,1
tr|Q9JY37|Q9JY37_NEIMB,1,0,0,0
tr|Q9JY48|Q9JY48_NEIMB,0,0,0,0
tr|Q9JY69|Q9JY69_NEIMB,0,0,0,0
tr|Q9JY98|Q9JY98_NEIMB,1,0,0,0
tr|Q9JYD5|Q9JYD5_NEIMB,0,0,1,0
tr|Q9JYE0|Q9JYE0_NEIMB,0,0,0,0
tr|Q9JYF8|Q9JYF8_NEIMB,0,0,0,0
sp|Q9JYH7|HIS8_NEIMB,0,0,0,0
tr|Q9JYK0|Q9JYK0_NEIMB,1,1,1,1
tr|Q9JYL4|Q9JYL4_NEIMB,1,0,0,0
tr|Q9JYN7|Q9JYN7_NEIMB,1,0,0,0
tr|Q9JYQ7|Q9JYQ7_NEIMB,0,0,0,0
tr|Q9JYR1|Q9JYR1_NEIMB,1,1,1,1
tr|Q9JYT4|Q9JYT4_NEIMB,1,1,1,1
tr|Q9JYX4|Q9JYX4_NEIMB,1,1,1,1
tr|Q9JZ11|Q9JZ11_NEIMB,1,1,1,1
tr|Q9JZ27|Q9JZ27_NEIMB,0,0,0,0
sp|Q9JZ38|CLPP_NEIMB,0,0,0,0
tr|Q9JZ81|Q9JZ81_NEIMB,1,0,0,0
sp|Q9JZ88|CCA_NEIMB,0,0,0,0
tr|Q9JZD6|Q9JZD6_NEIMB,1,1,1,1
tr|Q9JZE0|Q9JZE0_NEIMB,1,1,0,1
tr|Q9JZI8|Q9JZI8_NEIMB,1,0,0,0
tr|Q9JZM2|Q9JZM2_NEIMB,0,1,0,0
tr|Q9JZN2|Q9JZN2_NEIMB,0,0,0,0
sp|Q9JZU7|DUT_NEIMB,1,1,1,1
tr|Q9JZV1|Q9JZV1_NEIMB,1,1,1,1
tr|Q9JZV6|Q9JZV6_NEIMB,1,0,0,0
sp|Q9JZW3|RL25_NEIMB,0,0,0,0
tr|Q9JZY7|Q9JZY7_NEIMB,0,0,0,0
tr|Q9K021|Q9K021_NEIMB,0,0,0,0
tr|Q9K030|Q9K030_NEIMB,1,0,0,0
sp|Q9K068|XERD_NEIMB,0,0,0,0
tr|Q9K076|Q9K076_NEIMB,0,0,1,0
sp|Q9K092|SYFA_NEIMB,1,0,0,0
sp|Q9K095|SYT_NEIMB,0,0,0,0
tr|Q9K0B2|Q9K0B2_NEIMB,0,0,0,0
tr|Q9K0F4|Q9K0F4_NEIMB,1,1,1,1
tr|Q9K0K7|Q9K0K7_NEIMB,0,0,0,0
tr|Q9K0L3|Q9K0L3_NEIMB,0,0,0,0
sp|Q9K0M7|NQRE_NEIMB,0,0,0,0
tr|Q9K0N8|Q9K0N8_NEIMB,1,1,1,1
tr|Q9K0P0|Q9K0P0_NEIMB,0,1,0,0
tr|Q9K0S2|Q9K0S2_NEIMB,0,1,1,1
sp|Q9K0U7|PA1_NEIMB,1,1,1,1
tr|Q9K0W5|Q9K0W5_NEIMB,0,0,0,0
sp|Q9K0Z1|MRAZ_NEIMB,0,0,0,0
tr|Q9K133|Q9K133_NEIMB,0,0,0,0
sp|Q9K143|DTD_NEIMB,0,0,0,0
tr|Q9K156|Q9K156_NEIMB,1,0,0,0
tr|Q9K186|Q9K186_NEIMB,0,0,0,0
tr|Q9K195|Q9K195_NEIMB,1,0,0,0
sp|Q9K1C0|NUOD_NEIMB,0,0,0,0
tr|Q9K1C4|Q9K1C4_NEIMB,0,0,0,0
tr|Q9K1E3|Q9K1E3_NEIMB,1,0,0,0
tr|Q9K1F2|Q9K1F2_NEIMB,0,1,0,0
sp|Q9K1G0|MNMG_NEIMB,0,0,0,0
sp|Q9K1I2|RL15_NEIMB,1,1,1,1
tr|Q9K1L1|Q9K1L1_NEIMB,1,1,0,1
tr|Q9K1N1|Q9K1N1_NEIMB,0,0,0,0
tr|Q9K1N4|Q9K1N4_NEIMB,0,0,0,0
tr|Q9K1P5|Q9K1P5_NEIMB,0,1,1,1
tr|Q9K1Q5|Q9K1Q5_NEIMB,0,0,0,0
sp|P0A0Z2|PXPA_NEIMB,1,1,1,1
sp|P56985|GALE_NEIMB,1,0,0,0
sp|P64131|FISL_NEIMB,1,0,0,0
sp|P64345|HFQ_NEIMB,0,1,0,0
sp|P65196|YCIB_NEIMB,0,0,0,0
tr|Q4W589|Q4W589_NEIMB,1,1,1,1
tr|Q7DD35|Q7DD35_NEIMB,0,0,0,0
sp|Q7DD66|ATPF_NEIMB,1,0,1,1
tr|Q7DDD4|Q7DDD4_NEIMB,0,0,0,0
tr|Q7DDI9|Q7DDI9_NEIMB,1,0,0,0
tr|Q7DDK3|Q7DDK3_NEIMB,1,0,0,0
sp|Q7DDL2|RLME_NEIMB,0,0,0,0
tr|Q7DDM7|Q7DDM7_NEIMB,1,0,1,1
tr|Q7DDN0|Q7DDN0_NEIMB,0,1,0,0
tr|Q7DDN7|Q7DDN7_NEIMB,0,1,1,1
tr|Q7DDQ3|Q7DDQ3_NEIMB,0,0,0,0
tr|Q7DDQ8|Q7DDQ8_NEIMB,0,0,0,0
tr|Q7DDR3|Q7DDR3_NEIMB,0,0,0,0
tr|Q7DDU0|Q7DDU0_NEIMB,0,0,0,0
tr|Q9JXA1|Q9JXA1_NEIMB,1,0,0,0
tr|Q9JXB1|Q9JXB1_NEIMB,0,0,0,0
tr|Q9JXB6|Q9JXB6_NEIMB,1,1,1,1
tr|Q9JXC2|Q9JXC2_NEIMB,1,0,1,1
tr|Q9JXC4|Q9JXC4_NEIMB,0,1,0,0
sp|Q9JXG6|GPDA_NEIMB,0,0,0,0
tr|Q9JXG8|Q9JXG8_NEIMB,0,0,0,0
tr|Q9JXI3|Q9JXI3_NEIMB,0,0,0,0
tr|Q9JXL1|Q9JXL1_NEIMB,0,0,0,0
sp|Q9JXL4|MNME_NEIMB,0,1,0,0
tr|Q9JXM3|Q9JXM3_NEIMB,0,0,0,0
tr|Q9JXM6|Q9JXM6_NEIMB,1,0,0,0
tr|Q9JXR7|Q9JXR7_NEIMB,0,0,0,0
tr|Q9JXU1|Q9JXU1_NEIMB,0,0,0,0
tr|Q9JXU3|Q9JXU3_NEIMB,1,1,1,1
tr|Q9JXV4|Q9JXV4_NEIMB,0,1,1,1
tr|Q9JXZ7|Q9JXZ7_NEIMB,0,0,0,0
tr|Q9JY17|Q9JY17_NEIMB,0,0,0,0
tr|Q9JY35|Q9JY35_NEIMB,1,0,0,0
tr|Q9JY58|Q9JY58_NEIMB,0,0,0,0
tr|Q9JY70|Q9JY70_NEIMB,0,0,0,0
sp|Q9JY72|TYSY_NEIMB,0,0,0,0
tr|Q9JY79|Q9JY79_NEIMB,1,0,1,1
tr|Q9JYB2|Q9JYB2_NEIMB,0,0,0,0
sp|Q9JYI2|ILVC_NEIMB,1,0,0,0
tr|Q9JYM3|Q9JYM3_NEIMB,0,0,0,0
sp|Q9JYM6|RPIA_NEIMB,0,0,0,0
sp|Q9JYM8|SYR_NEIMB,0,0,0,0
sp|Q9JYV5|FRPC_NEIMB,1,1,1,1
tr|Q9JYV6|Q9JYV6_NEIMB,0,0,0,0
sp|Q9JYY8|RLMK_NEIMB,0,0,0,0
tr|Q9JZ04|Q9JZ04_NEIMB,0,0,0,0
tr|Q9JZ15|Q9JZ15_NEIMB,0,1,1,1
sp|Q9JZ24|TRMB_NEIMB,0,0,0,0
tr|Q9JZ46|Q9JZ46_NEIMB,0,0,0,0
tr|Q9JZ72|Q9JZ72_NEIMB,0,0,1,0
tr|Q9JZ75|Q9JZ75_NEIMB,0,0,0,0
tr|Q9JZ91|Q9JZ91_NEIMB,0,0,0,0
tr|Q9JZ94|Q9JZ94_NEIMB,0,1,0,0
tr|Q9JZ96|Q9JZ96_NEIMB,0,0,0,0
tr|Q9JZ98|Q9JZ98_NEIMB,0,0,0,0
tr|Q9JZA3|Q9JZA3_NEIMB,1,0,0,0
tr|Q9JZA7|Q9JZA7_NEIMB,1,1,1,1
tr|Q9JZB9|Q9JZB9_NEIMB,0,0,0,0
tr|Q9JZE4|Q9JZE4_NEIMB,0,0,0,0
tr|Q9JZE8|Q9JZE8_NEIMB,1,0,1,1
sp|Q9JZF7|ARGB_NEIMB,0,0,0,0
sp|Q9JZI3|Y1038_NEIMB,1,0,0,0
tr|Q9JZQ7|Q9JZQ7_NEIMB,1,0,1,1
tr|Q9JZT1|Q9JZT1_NEIMB,1,0,0,0
tr|Q9JZT4|Q9JZT4_NEIMB,1,0,1,1
tr|Q9JZU3|Q9JZU3_NEIMB,1,1,0,1
tr|Q9JZV3|Q9JZV3_NEIMB,1,0,1,1
sp|Q9JZW0|CYSA_NEIMB,0,0,0,0
tr|Q9JZW5|Q9JZW5_NEIMB,0,0,0,0
tr|Q9JZY0|Q9JZY0_NEIMB,0,0,0,0
sp|Q9JZZ2|Y840_NEIMB,0,0,0,0
tr|Q9K018|Q9K018_NEIMB,0,0,0,0
tr|Q9K039|Q9K039_NEIMB,1,0,0,0
tr|Q9K090|Q9K090_NEIMB,1,1,0,1
tr|Q9K0A6|Q9K0A6_NEIMB,0,0,0,0
tr|Q9K0B6|Q9K0B6_NEIMB,0,0,0,0
tr|Q9K0E5|Q9K0E5_NEIMB,1,0,1,1
tr|Q9K0F0|Q9K0F0_NEIMB,1,1,1,1
tr|Q9K0F7|Q9K0F7_NEIMB,0,0,1,0
sp|Q9K0H3|HIS4_NEIMB,1,0,1,1
tr|Q9K0H9|Q9K0H9_NEIMB,0,0,0,0
tr|Q9K0K8|Q9K0K8_NEIMB,0,0,0,0
tr|Q9K0T8|Q9K0T8_NEIMB,0,0,0,0
sp|Q9K0X9|FTSQ_NEIMB,0,0,0,0
sp|Q9K0Y1|MURC_NEIMB,0,0,0,0
tr|Q9K101|Q9K101_NEIMB,0,0,0,0
tr|Q9K140|Q9K140_NEIMB,1,0,0,0
tr|Q9K1A3|Q9K1A3_NEIMB,0,0,0,0
sp|Q9K1C1|NUOC_NEIMB,0,0,0,0
tr|Q9K1F6|Q9K1F6_NEIMB,0,0,0,0
sp|Q9K1I1|RL17_NEIMB,0,0,0,0
tr|Q9K1J9|Q9K1J9_NEIMB,1,0,1,1
tr|Q9K1Q7|Q9K1Q7_NEIMB,1,0,0,0
tr|Q9K1R3|Q9K1R3_NEIMB,0,0,0,0
tr|Q9K1R8|Q9K1R8_NEIMB,0,0,0,0
sp|P0A0T3|LGUL_NEIMB,0,0,0,0
sp|P42385|CH60_NEIMB,1,1,0,1
sp|P57026|H8_NEIMB,1,1,1,1
sp|P57068|LOLA_NEIMB,1,1,1,1
sp|P65192|ISPH_NEIMB,0,0,0,0
sp|P66226|RL33_NEIMB,0,0,0,0
sp|P66849|SSB_NEIMB,0,1,1,1
sp|P95370|CYSG_NEIMB,1,0,1,1
sp|P95378|FABZ_NEIMB,0,0,0,0
tr|Q4W570|Q4W570_NEIMB,0,0,0,0
tr|Q4W588|Q4W588_NEIMB,1,1,1,1
tr|Q7DD40|Q7DD40_NEIMB,0,0,0,0
tr|Q7DD43|Q7DD43_NEIMB,0,0,1,0
tr|Q7DD63|Q7DD63_NEIMB,1,1,0,1
tr|Q7DD67|Q7DD67_NEIMB,0,0,0,0
tr|Q7DD76|Q7DD76_NEIMB,1,0,1,1
tr|Q7DDA9|Q7DDA9_NEIMB,0,0,0,0
tr|Q7DDB1|Q7DDB1_NEIMB,0,0,1,0
tr|Q7DDC8|Q7DDC8_NEIMB,0,1,1,1
tr|Q7DDE0|Q7DDE0_NEIMB,1,1,1,1
tr|Q7DDI8|Q7DDI8_NEIMB,1,1,1,1
tr|Q7DDJ1|Q7DDJ1_NEIMB,1,0,1,1
tr|Q7DDJ9|Q7DDJ9_NEIMB,0,0,0,0
sp|Q7DDM0|Y674_NEIMB,1,0,1,1
sp|Q7DDN1|ERPA_NEIMB,1,0,1,1
tr|Q7DDP9|Q7DDP9_NEIMB,0,0,0,0
tr|Q7DDQ0|Q7DDQ0_NEIMB,0,0,0,0
tr|Q7DDT8|Q7DDT8_NEIMB,1,0,1,1
sp|Q9JRT1|CYSH_NEIMB,0,0,0,0
sp|Q9JS04|HSCA_NEIMB,0,0,0,0
tr|Q9JS34|Q9JS34_NEIMB,1,0,0,0
tr|Q9JS37|Q9JS37_NEIMB,0,0,0,0
sp|Q9JXB0|Y2142_NEIMB,0,0,0,0
tr|Q9JXD9|Q9JXD9_NEIMB,0,0,0,0
tr|Q9JXH1|Q9JXH1_NEIMB,0,0,0,0
tr|Q9JXH6|Q9JXH6_NEIMB,0,0,0,0
tr|Q9JXJ6|Q9JXJ6_NEIMB,0,0,0,0
tr|Q9JXK8|Q9JXK8_NEIMB,0,0,0,0
tr|Q9JXN2|Q9JXN2_NEIMB,0,0,1,0
tr|Q9JXN5|Q9JXN5_NEIMB,1,1,0,1
sp|Q9JXP5|PARB_NEIMB,0,0,0,0
tr|Q9JXP8|Q9JXP8_NEIMB,0,0,0,0
tr|Q9JXU8|Q9JXU8_NEIMB,0,1,0,0
tr|Q9JXV3|Q9JXV3_NEIMB,1,1,1,1
tr|Q9JXW5|Q9JXW5_NEIMB,0,0,0,0
tr|Q9JY19|Q9JY19_NEIMB,0,0,0,0
tr|Q9JY25|Q9JY25_NEIMB,0,0,0,0
tr|Q9JYA5|Q9JYA5_NEIMB,0,0,0,0
sp|Q9JYC4|ALR_NEIMB,0,0,0,0
tr|Q9JYH6|Q9JYH6_NEIMB,0,1,0,0
tr|Q9JYJ5|Q9JYJ5_NEIMB,0,0,0,0
sp|Q9JYK8|SECA_NEIMB,0,0,0,0
sp|Q9JYM1|ACKA1_NEIMB,1,0,0,0
sp|Q9JYM5|ISPF_NEIMB,1,1,0,1
tr|Q9JYP7|Q9JYP7_NEIMB,0,0,0,0
tr|Q9JYR5|Q9JYR5_NEIMB,0,0,0,0
tr|Q9JYR8|Q9JYR8_NEIMB,0,0,0,0
tr|Q9JYU0|Q9JYU0_NEIMB,0,1,0,0
tr|Q9JYX0|Q9JYX0_NEIMB,0,0,0,0
sp|Q9JYX3|G6PI1_NEIMB,1,0,0,0
tr|Q9JZ01|Q9JZ01_NEIMB,0,0,1,0
tr|Q9JZ41|Q9JZ41_NEIMB,0,0,1,0
sp|Q9JZ44|RS1_NEIMB,0,0,0,0
tr|Q9JZ54|Q9JZ54_NEIMB,0,0,0,0
tr|Q9JZD0|Q9JZD0_NEIMB,1,1,1,1
tr|Q9JZD4|Q9JZD4_NEIMB,0,0,1,0
tr|Q9JZL1|Q9JZL1_NEIMB,1,0,1,1
tr|Q9JZL3|Q9JZL3_NEIMB,1,0,0,0
tr|Q9JZM9|Q9JZM9_NEIMB,0,0,0,0
tr|Q9JZR7|Q9JZR7_NEIMB,1,1,1,1
tr|Q9JZS7|Q9JZS7_NEIMB,0,0,0,0
tr|Q9JZW8|Q9JZW8_NEIMB,0,0,0,0
tr|Q9JZX2|Q9JZX2_NEIMB,1,0,0,0
sp|Q9K013|HISZ_NEIMB,0,0,0,0
tr|Q9K014|Q9K014_NEIMB,0,0,0,0
sp|Q9K015|NORM_NEIMB,0,0,0,0
tr|Q9K027|Q9K027_NEIMB,0,0,0,0
tr|Q9K0A9|Q9K0A9_NEIMB,0,0,0,0
sp|Q9K0C8|RNC_NEIMB,1,0,1,1
tr|Q9K0I6|Q9K0I6_NEIMB,0,0,0,0
tr|Q9K0L1|Q9K0L1_NEIMB,0,1,0,0
tr|Q9K0N1|Q9K0N1_NEIMB,1,0,0,0
sp|Q9K0Q5|QUEE_NEIMB,0,0,0,0
tr|Q9K0R2|Q9K0R2_NEIMB,0,1,0,0
tr|Q9K0X5|Q9K0X5_NEIMB,1,0,0,0
sp|Q9K0Y4|MURD_NEIMB,0,0,0,0
tr|Q9K0Y7|Q9K0Y7_NEIMB,0,0,0,0
tr|Q9K0Z6|Q9K0Z6_NEIMB,0,1,0,0
tr|Q9K123|Q9K123_NEIMB,0,0,0,0
tr|Q9K134|Q9K134_NEIMB,1,0,0,0
tr|Q9K159|Q9K159_NEIMB,0,0,0,0
sp|Q9K165|SLAM1_NEIMB,1,0,1,1
tr|Q9K184|Q9K184_NEIMB,0,1,0,0
tr|Q9K1B6|Q9K1B6_NEIMB,0,0,0,0
sp|Q9K1E9|LFTR_NEIMB,0,0,0,0
sp|Q9K1H7|SYV_NEIMB,0,0,0,0
tr|Q9K1P1|Q9K1P1_NEIMB,0,0,0,0
sp|Q9K1P9|GLMS_NEIMB,0,0,0,0
sp|Q9K1Q0|SYM_NEIMB,0,0,0,0
sp|Q9K1Q9|MURA_NEIMB,0,0,0,0
sp|P0A0W2|FKBP_NEIMB,1,1,0,1
sp|P64027|EFTU_NEIMB,0,0,0,0
sp|P64347|HIS1_NEIMB,0,0,0,0
sp|P66628|RS8_NEIMB,0,0,0,0
sp|P66737|RRF_NEIMB,0,0,1,0
sp|Q06379|LBPA_NEIMB,1,1,1,1
sp|Q4W580|COAE_NEIMB,0,0,0,0
tr|Q7DD70|Q7DD70_NEIMB,0,0,1,0
tr|Q7DD82|Q7DD82_NEIMB,0,0,0,0
tr|Q7DDA0|Q7DDA0_NEIMB,0,0,0,0
tr|Q7DDB8|Q7DDB8_NEIMB,1,1,1,1
tr|Q7DDD0|Q7DDD0_NEIMB,0,1,1,1
tr|Q7DDK0|Q7DDK0_NEIMB,0,0,0,0
tr|Q7DDL3|Q7DDL3_NEIMB,1,0,1,1
tr|Q7DDN8|Q7DDN8_NEIMB,0,0,0,0
tr|Q9JRX0|Q9JRX0_NEIMB,1,0,1,1
tr|Q9JRY5|Q9JRY5_NEIMB,0,0,0,0
tr|Q9JRY6|Q9JRY6_NEIMB,0,0,0,0
sp|Q9JS61|ILVD_NEIMB,0,0,0,0
tr|Q9JX99|Q9JX99_NEIMB,0,0,0,0
sp|Q9JXA3|PUR2_NEIMB,0,1,0,0
sp|Q9JXC1|ASSY_NEIMB,0,1,0,0
tr|Q9JXG0|Q9JXG0_NEIMB,1,1,1,1
tr|Q9JXT7|Q9JXT7_NEIMB,0,0,0,0
tr|Q9JXU2|Q9JXU2_NEIMB,0,1,0,0
tr|Q9JXU7|Q9JXU7_NEIMB,0,0,0,0
tr|Q9JXV2|Q9JXV2_NEIMB,0,0,0,0
sp|Q9JXV6|XERC_NEIMB,0,0,0,0
tr|Q9JXX0|Q9JXX0_NEIMB,0,0,0,0
tr|Q9JXX2|Q9JXX2_NEIMB,1,1,1,1
tr|Q9JXZ6|Q9JXZ6_NEIMB,1,1,0,1
tr|Q9JY07|Q9JY07_NEIMB,1,0,0,0
tr|Q9JY22|Q9JY22_NEIMB,1,1,1,1
tr|Q9JY45|Q9JY45_NEIMB,0,0,1,0
tr|Q9JY85|Q9JY85_NEIMB,1,1,1,1
tr|Q9JYF0|Q9JYF0_NEIMB,0,1,0,0
tr|Q9JYN2|Q9JYN2_NEIMB,1,0,0,0
sp|Q9JYP8|SURE_NEIMB,0,0,0,0
tr|Q9JYQ6|Q9JYQ6_NEIMB,0,0,0,0
sp|Q9JYQ8|CLPB_NEIMB,0,0,0,0
tr|Q9JYS6|Q9JYS6_NEIMB,0,0,0,0
tr|Q9JYU8|Q9JYU8_NEIMB,0,0,0,0
tr|Q9JYV7|Q9JYV7_NEIMB,0,1,0,0
tr|Q9JYW4|Q9JYW4_NEIMB,0,0,0,0
tr|Q9JYZ0|Q9JYZ0_NEIMB,0,0,0,0
tr|Q9JZ06|Q9JZ06_NEIMB,0,0,0,0
sp|Q9JZ20|Y1333_NEIMB,1,1,1,1
sp|Q9JZ31|RL9_NEIMB,1,1,1,1
tr|Q9JZ34|Q9JZ34_NEIMB,0,0,0,0
tr|Q9JZ89|Q9JZ89_NEIMB,0,0,0,0
tr|Q9JZD5|Q9JZD5_NEIMB,1,1,0,1
tr|Q9JZH2|Q9JZH2_NEIMB,0,0,0,0
tr|Q9JZJ2|Q9JZJ2_NEIMB,1,0,0,0
sp|Q9JZJ6|TTCA_NEIMB,0,0,0,0
sp|Q9JZM7|PUR9_NEIMB,0,0,0,0
tr|Q9JZN3|Q9JZN3_NEIMB,0,1,0,0
tr|Q9JZP5|Q9JZP5_NEIMB,1,0,1,1
sp|Q9JZR5|Y928_NEIMB,0,1,0,0
tr|Q9JZR9|Q9JZR9_NEIMB,1,0,1,1
tr|Q9JZU8|Q9JZU8_NEIMB,0,0,0,0
tr|Q9JZV4|Q9JZV4_NEIMB,0,0,0,0
tr|Q9JZV9|Q9JZV9_NEIMB,0,0,0,0
tr|Q9JZX3|Q9JZX3_NEIMB,0,0,0,0
tr|Q9JZZ6|Q9JZZ6_NEIMB,0,0,0,0
tr|Q9K001|Q9K001_NEIMB,0,0,0,0
sp|Q9K016|MURB_NEIMB,0,0,0,0
sp|Q9K060|DAPF_NEIMB,1,0,0,0
tr|Q9K077|Q9K077_NEIMB,1,1,0,1
tr|Q9K088|Q9K088_NEIMB,0,0,0,0
sp|Q9K097|HEMH_NEIMB,0,0,0,0
tr|Q9K0A4|Q9K0A4_NEIMB,1,0,0,0
sp|Q9K0C5|GREB_NEIMB,0,0,1,0
tr|Q9K0F1|Q9K0F1_NEIMB,1,0,0,0
tr|Q9K0G2|Q9K0G2_NEIMB,1,1,1,1
sp|Q9K0G8|ARLY_NEIMB,0,0,0,0
tr|Q9K0I7|Q9K0I7_NEIMB,0,0,0,0
tr|Q9K0J5|Q9K0J5_NEIMB,0,0,0,0
sp|Q9K0M4|NQRB_NEIMB,0,0,0,0
tr|Q9K0P9|Q9K0P9_NEIMB,0,0,0,0
tr|Q9K0Q0|Q9K0Q0_NEIMB,0,0,0,0
tr|Q9K0Q6|Q9K0Q6_NEIMB,0,0,0,0
tr|Q9K0T2|Q9K0T2_NEIMB,0,0,0,0
tr|Q9K0U2|Q9K0U2_NEIMB,1,0,0,0
tr|Q9K0U8|Q9K0U8_NEIMB,1,0,0,0
sp|Q9K0V3|AMIC_NEIMB,0,1,0,0
sp|Q9K0Y6|MRAY_NEIMB,0,0,0,0
sp|Q9K0Z3|UPPP_NEIMB,0,0,0,0
tr|Q9K103|Q9K103_NEIMB,0,0,0,0
tr|Q9K136|Q9K136_NEIMB,1,1,1,1
sp|Q9K1D5|GLNE_NEIMB,0,0,0,0
tr|Q9K1D6|Q9K1D6_NEIMB,0,0,1,0
tr|Q9K1D9|Q9K1D9_NEIMB,0,0,0,0
tr|Q9K1E4|Q9K1E4_NEIMB,0,0,0,0
tr|Q9K1G7|Q9K1G7_NEIMB,0,0,0,0
tr|Q9K1H4|Q9K1H4_NEIMB,0,0,0,0
sp|Q9K1I4|RL5_NEIMB,0,0,0,0
tr|Q9K1J0|Q9K1J0_NEIMB,1,1,1,1
tr|Q9K1L3|Q9K1L3_NEIMB,0,0,0,0
tr|Q9K1M6|Q9K1M6_NEIMB,0,0,0,0
tr|Q9K1Q8|Q9K1Q8_NEIMB,0,0,0,0
sp|P0A0R1|BFRA_NEIMB,0,0,0,0
sp|P0A0S8|FUR_NEIMB,0,0,0,0
sp|P0A0Z0|Y1378_NEIMB,0,0,0,0
sp|P60594|SPEE_NEIMB,0,0,0,0
sp|P64389|DBHB_NEIMB,1,1,1,1
sp|P66037|RISB_NEIMB,1,0,1,1
sp|P66577|RS5_NEIMB,0,0,0,0
tr|Q4W578|Q4W578_NEIMB,0,0,0,0
sp|Q51117|LGTE_NEIMB,0,0,0,0
tr|Q7DD77|Q7DD77_NEIMB,1,0,1,1
tr|Q7DD94|Q7DD94_NEIMB,0,0,0,0
tr|Q7DDB3|Q7DDB3_NEIMB,1,1,1,1
tr|Q7DDB4|Q7DDB4_NEIMB,0,0,0,0
tr|Q7DDC4|Q7DDC4_NEIMB,0,0,0,0
sp|Q7DDE8|Y1124_NEIMB,1,1,1,1
tr|Q7DDH9|Q7DDH9_NEIMB,0,0,0,0
tr|Q7DDI0|Q7DDI0_NEIMB,0,0,0,0
tr|Q7DDK1|Q7DDK1_NEIMB,0,0,0,0
sp|Q7DDS9|RL30_NEIMB,0,0,1,0
sp|Q7DDT3|RS17_NEIMB,0,0,0,0
tr|Q7DDU3|Q7DDU3_NEIMB,1,1,1,1
tr|Q9JX98|Q9JX98_NEIMB,0,0,0,0
sp|Q9JXB8|SSTT_NEIMB,0,0,0,0
tr|Q9JXC6|Q9JXC6_NEIMB,0,0,0,0
tr|Q9JXH0|Q9JXH0_NEIMB,0,0,0,0
tr|Q9JXH3|Q9JXH3_NEIMB,1,0,0,0
tr|Q9JXH9|Q9JXH9_NEIMB,1,0,0,0
sp|Q9JXI2|TRUA_NEIMB,0,1,0,0
tr|Q9JXJ4|Q9JXJ4_NEIMB,0,1,0,0
tr|Q9JXN1|Q9JXN1_NEIMB,1,0,0,0
sp|Q9JXP9|ATPD_NEIMB,0,0,1,0
tr|Q9JXR1|Q9JXR1_NEIMB,1,0,1,1
sp|Q9JXR8|PLSX_NEIMB,0,1,1,1
sp|Q9JXV7|DXS_NEIMB,0,0,0,0
tr|Q9JXY9|Q9JXY9_NEIMB,0,0,0,0
sp|Q9JXZ2|DPO3A_NEIMB,0,0,0,0
sp|Q9JY06|TSAD_NEIMB,0,1,0,0
tr|Q9JY21|Q9JY21_NEIMB,1,1,1,1
tr|Q9JY46|Q9JY46_NEIMB,0,0,0,0
tr|Q9JY49|Q9JY49_NEIMB,1,1,1,1
tr|Q9JY56|Q9JY56_NEIMB,1,0,0,0
tr|Q9JY76|Q9JY76_NEIMB,0,0,0,0
tr|Q9JY80|Q9JY80_NEIMB,0,0,1,0
tr|Q9JY90|Q9JY90_NEIMB,0,0,0,0
tr|Q9JYD1|Q9JYD1_NEIMB,1,0,0,0
tr|Q9JYF2|Q9JYF2_NEIMB,1,0,1,1
sp|Q9JYF7|GPMA_NEIMB,0,0,0,0
tr|Q9JYG0|Q9JYG0_NEIMB,0,0,0,0
tr|Q9JYG7|Q9JYG7_NEIMB,1,0,0,0
tr|Q9JYH3|Q9JYH3_NEIMB,0,0,0,0
tr|Q9JYK1|Q9JYK1_NEIMB,0,0,1,0
tr|Q9JYL0|Q9JYL0_NEIMB,0,0,1,0
tr|Q9JYL3|Q9JYL3_NEIMB,0,0,0,0
tr|Q9JYU4|Q9JYU4_NEIMB,0,0,0,0
tr|Q9JYV2|Q9JYV2_NEIMB,0,0,0,0
tr|Q9JYW9|Q9JYW9_NEIMB,0,0,0,0
tr|Q9JYX5|Q9JYX5_NEIMB,0,0,0,0
tr|Q9JYY9|Q9JYY9_NEIMB,1,0,1,1
sp|Q9JZ00|GATC_NEIMB,0,0,1,0
tr|Q9JZ76|Q9JZ76_NEIMB,0,0,0,0
tr|Q9JZE3|Q9JZE3_NEIMB,0,0,0,0
tr|Q9JZK4|Q9JZK4_NEIMB,1,0,0,0
tr|Q9JZM8|Q9JZM8_NEIMB,0,0,0,0
tr|Q9JZP3|Q9JZP3_NEIMB,1,1,1,1
sp|Q9JZQ4|RL31B_NEIMB,0,1,1,1
tr|Q9JZS3|Q9JZS3_NEIMB,0,1,1,1
tr|Q9JZS6|Q9JZS6_NEIMB,0,0,0,0
tr|Q9JZS8|Q9JZS8_NEIMB,0,0,0,0
tr|Q9JZU2|Q9JZU2_NEIMB,1,0,0,0
tr|Q9JZV7|Q9JZV7_NEIMB,0,0,0,0
tr|Q9JZX1|Q9JZX1_NEIMB,1,0,0,0
tr|Q9JZY5|Q9JZY5_NEIMB,1,1,1,1
tr|Q9JZZ1|Q9JZZ1_NEIMB,0,0,0,0
sp|Q9K002|HLDD_NEIMB,0,0,0,0
tr|Q9K043|Q9K043_NEIMB,1,0,0,0
tr|Q9K049|Q9K049_NEIMB,0,1,0,0
tr|Q9K052|Q9K052_NEIMB,0,0,0,0
tr|Q9K053|Q9K053_NEIMB,0,0,0,0
tr|Q9K056|Q9K056_NEIMB,1,0,0,0
tr|Q9K072|Q9K072_NEIMB,0,0,0,0
tr|Q9K0G7|Q9K0G7_NEIMB,0,0,0,0
tr|Q9K0I5|Q9K0I5_NEIMB,0,1,0,0
tr|Q9K0K0|Q9K0K0_NEIMB,0,0,0,0
tr|Q9K0L2|Q9K0L2_NEIMB,1,0,1,1
tr|Q9K0P5|Q9K0P5_NEIMB,0,0,0,0
sp|Q9K0P6|HEM3_NEIMB,0,0,0,0
tr|Q9K0S6|Q9K0S6_NEIMB,1,1,1,1
tr|Q9K108|Q9K108_NEIMB,0,0,0,0
tr|Q9K131|Q9K131_NEIMB,1,0,0,0
tr|Q9K148|Q9K148_NEIMB,0,0,0,0
tr|Q9K163|Q9K163_NEIMB,0,1,1,1
tr|Q9K185|Q9K185_NEIMB,0,0,0,0
tr|Q9K1D0|Q9K1D0_NEIMB,0,0,0,0
sp|Q9K1G3|RSMG_NEIMB,0,0,0,0
sp|Q9K1G6|ISPT_NEIMB,0,0,0,0
sp|Q9K1I6|RL23_NEIMB,0,1,0,0
tr|Q9K1L4|Q9K1L4_NEIMB,0,1,1,1
sp|Q9K1P6|EFEMO_NEIMB,1,0,0,0
tr|Q9K1P7|Q9K1P7_NEIMB,0,0,0,0
sp|Q9K1R0|PGK_NEIMB,0,0,0,0
sp|P61057|RL4_NEIMB,0,0,0,0
sp|P63969|DNAJ_NEIMB,1,0,1,1
sp|P64161|FTSB_NEIMB,1,0,0,0
tr|Q7DD36|Q7DD36_NEIMB,1,1,1,1
tr|Q7DD65|Q7DD65_NEIMB,1,0,1,1
tr|Q7DD69|Q7DD69_NEIMB,0,1,1,1
tr|Q7DD87|Q7DD87_NEIMB,0,0,1,0
tr|Q7DD93|Q7DD93_NEIMB,1,1,0,1
tr|Q7DDD6|Q7DDD6_NEIMB,0,0,0,0
tr|Q7DDG6|Q7DDG6_NEIMB,0,0,1,0
tr|Q7DDI6|Q7DDI6_NEIMB,0,0,0,0
tr|Q7DDK9|Q7DDK9_NEIMB,1,1,1,1
tr|Q7DDP6|Q7DDP6_NEIMB,0,0,1,0
tr|Q7DDP7|Q7DDP7_NEIMB,0,0,0,0
tr|Q9JRT9|Q9JRT9_NEIMB,0,0,0,0
tr|Q9JRV6|Q9JRV6_NEIMB,1,0,0,0
sp|Q9JRW7|BIOB_NEIMB,0,0,0,0
tr|Q9JRY9|Q9JRY9_NEIMB,0,0,0,0
tr|Q9JS13|Q9JS13_NEIMB,1,1,0,1
tr|Q9JS54|Q9JS54_NEIMB,0,1,1,1
tr|Q9JX96|Q9JX96_NEIMB,1,1,1,1
tr|Q9JXE0|Q9JXE0_NEIMB,1,1,1,1
tr|Q9JXF0|Q9JXF0_NEIMB,0,0,0,0
tr|Q9JXF9|Q9JXF9_NEIMB,0,0,0,0
sp|Q9JXH2|RMUC_NEIMB,0,0,0,0
tr|Q9JXI8|Q9JXI8_NEIMB,1,0,0,0
tr|Q9JXK7|Q9JXK7_NEIMB,1,1,1,1
tr|Q9JXL3|Q9JXL3_NEIMB,1,1,1,1
tr|Q9JXN6|Q9JXN6_NEIMB,0,0,0,0
tr|Q9JXP3|Q9JXP3_NEIMB,0,0,0,0
tr|Q9JXP7|Q9JXP7_NEIMB,0,0,0,0
tr|Q9JXQ8|Q9JXQ8_NEIMB,0,0,0,0
tr|Q9JXW6|Q9JXW6_NEIMB,0,0,0,0
sp|Q9JXW8|CARB_NEIMB,0,0,0,0
tr|Q9JXZ8|Q9JXZ8_NEIMB,1,0,0,0
tr|Q9JY00|Q9JY00_NEIMB,0,0,0,0
sp|Q9JY01|AROB_NEIMB,0,0,0,0
tr|Q9JY05|Q9JY05_NEIMB,1,0,0,0
tr|Q9JY31|Q9JY31_NEIMB,0,0,0,0
tr|Q9JY39|Q9JY39_NEIMB,0,0,0,0
tr|Q9JY83|Q9JY83_NEIMB,0,0,0,0
sp|Q9JY93|RF1_NEIMB,0,1,0,0
tr|Q9JYB1|Q9JYB1_NEIMB,0,0,0,0
tr|Q9JYB7|Q9JYB7_NEIMB,1,1,0,1
tr|Q9JYD7|Q9JYD7_NEIMB,1,0,0,0
tr|Q9JYE6|Q9JYE6_NEIMB,0,0,0,0
tr|Q9JYH1|Q9JYH1_NEIMB,0,0,1,0
sp|Q9JYJ3|GSHB_NEIMB,0,0,0,0
tr|Q9JYM2|Q9JYM2_NEIMB,0,0,0,0
tr|Q9JYP3|Q9JYP3_NEIMB,0,1,0,0
tr|Q9JYP6|Q9JYP6_NEIMB,1,0,1,1
tr|Q9JYS3|Q9JYS3_NEIMB,0,0,0,0
tr|Q9JYX1|Q9JYX1_NEIMB,1,1,0,1
tr|Q9JZ10|Q9JZ10_NEIMB,1,0,1,1
tr|Q9JZ70|Q9JZ70_NEIMB,1,0,0,0
tr|Q9JZ84|Q9JZ84_NEIMB,1,0,0,0
sp|Q9JZ92|RECR_NEIMB,0,0,0,0
tr|Q9JZE1|Q9JZE1_NEIMB,0,0,0,0
sp|Q9JZH1|F16PA_NEIMB,0,0,0,0
tr|Q9JZI0|Q9JZI0_NEIMB,0,0,0,0
tr|Q9JZM6|Q9JZM6_NEIMB,1,0,1,1
tr|Q9JZP2|Q9JZP2_NEIMB,0,0,0,0
sp|Q9JZQ5|METXS_NEIMB,0,0,0,0
tr|Q9JZT5|Q9JZT5_NEIMB,1,0,1,1
tr|Q9JZT8|Q9JZT8_NEIMB,0,0,0,0
tr|Q9JZU0|Q9JZU0_NEIMB,0,0,1,0
tr|Q9JZV0|Q9JZV0_NEIMB,1,0,1,1
tr|Q9JZX5|Q9JZX5_NEIMB,0,1,0,0
tr|Q9JZY3|Q9JZY3_NEIMB,1,1,1,1
tr|Q9JZZ7|Q9JZZ7_NEIMB,0,0,0,0
tr|Q9K028|Q9K028_NEIMB,0,0,0,0
sp|Q9K062|PNP_NEIMB,0,0,0,0
tr|Q9K0D5|Q9K0D5_NEIMB,0,0,0,0
sp|Q9K0D6|KDSB_NEIMB,0,0,0,0
tr|Q9K0E0|Q9K0E0_NEIMB,1,0,0,0
tr|Q9K0E1|Q9K0E1_NEIMB,0,0,0,0
sp|Q9K0E3|DNLJ_NEIMB,0,0,0,0
tr|Q9K0E6|Q9K0E6_NEIMB,1,0,0,0
tr|Q9K0E8|Q9K0E8_NEIMB,0,1,0,0
tr|Q9K0F9|Q9K0F9_NEIMB,1,1,1,1
tr|Q9K0I0|Q9K0I0_NEIMB,1,1,0,1
tr|Q9K0I4|Q9K0I4_NEIMB,0,0,1,0
tr|Q9K0Q2|Q9K0Q2_NEIMB,0,0,0,0
tr|Q9K0R7|Q9K0R7_NEIMB,1,0,0,0
sp|Q9K0V0|TBPB_NEIMB,1,1,1,1
sp|Q9K0Y2|MURG_NEIMB,0,0,0,0
tr|Q9K0Z8|Q9K0Z8_NEIMB,0,1,0,0
tr|Q9K125|Q9K125_NEIMB,1,1,1,1
sp|Q9K152|DAPD_NEIMB,0,0,0,0
tr|Q9K178|Q9K178_NEIMB,0,0,0,0
sp|Q9K188|AMGK_NEIMB,0,0,0,0
sp|Q9K1B4|NUOH_NEIMB,0,0,0,0
tr|Q9K1C3|Q9K1C3_NEIMB,0,0,0,0
tr|Q9K1D8|Q9K1D8_NEIMB,1,1,1,1
sp|Q9K1G9|Y183_NEIMB,0,0,0,0
sp|Q9K1I5|RL2_NEIMB,1,1,1,1
tr|Q9K1J6|Q9K1J6_NEIMB,0,1,0,0
tr|Q9K1L0|Q9K1L0_NEIMB,0,0,0,0
tr|Q9K1N9|Q9K1N9_NEIMB,0,0,0,0
sp|Q9K1Q3|LPXC_NEIMB,1,0,0,0
tr|Q9JXW7|Q9JXW7_NEIMB,0,0,0,0
