protein,xgboost,random_subspace,random forest,fuse 2/3
tr|Q7B050|Q7B050_NEIME,0,0,0,0
tr|X5EGB6|X5EGB6_NEIME,0,0,0,0
tr|X5EI91|X5EI91_NEIME,0,0,0,0
tr|X5EKR5|X5EKR5_NEIME,0,0,0,0
tr|X5ENT9|X5ENT9_NEIME,0,0,0,0
tr|X5EP00|X5EP00_NEIME,0,0,0,0
tr|X5EPV8|X5EPV8_NEIME,0,0,0,0
tr|X5EQR7|X5EQR7_NEIME,1,0,1,1
tr|X5ESF2|X5ESF2_NEIME,0,0,0,0
tr|X5F5M2|X5F5M2_NEIME,0,0,1,0
tr|X5F631|X5F631_NEIME,0,0,0,0
tr|X5F8V1|X5F8V1_NEIME,0,1,0,0
tr|X5FBG0|X5FBG0_NEIME,0,0,0,0
tr|E0YJB0|E0YJB0_NEIME,0,0,0,0
tr|Q1KMW9|Q1KMW9_NEIME,0,0,0,0
tr|Q5W9D3|Q5W9D3_NEIME,0,0,0,0
tr|Q9RQV7|Q9RQV7_NEIME,0,0,0,0
tr|Q9S360|Q9S360_NEIME,0,0,0,0
tr|Q9XAY8|Q9XAY8_NEIME,0,0,0,0
tr|X5EFD5|X5EFD5_NEIME,0,0,0,0
tr|X5EFF5|X5EFF5_NEIME,0,0,0,0
tr|X5EFQ6|X5EFQ6_NEIME,0,0,0,0
tr|X5EG26|X5EG26_NEIME,0,0,0,0
tr|X5EG41|X5EG41_NEIME,1,1,1,1
tr|X5EGE0|X5EGE0_NEIME,0,1,0,0
tr|X5EGN9|X5EGN9_NEIME,0,0,0,0
tr|X5EGZ2|X5EGZ2_NEIME,0,0,0,0
tr|X5EH23|X5EH23_NEIME,0,0,0,0
tr|X5EH65|X5EH65_NEIME,1,0,0,0
tr|X5EHD0|X5EHD0_NEIME,0,0,0,0
tr|X5EHD5|X5EHD5_NEIME,0,1,0,0
tr|X5EHD8|X5EHD8_NEIME,1,1,1,1
tr|X5EHI8|X5EHI8_NEIME,0,0,0,0
tr|X5EHK0|X5EHK0_NEIME,0,0,0,0
tr|X5EHU7|X5EHU7_NEIME,0,0,0,0
tr|X5EI30|X5EI30_NEIME,0,0,0,0
tr|X5EI35|X5EI35_NEIME,0,0,0,0
tr|X5EI40|X5EI40_NEIME,0,1,0,0
tr|X5EI46|X5EI46_NEIME,0,0,0,0
tr|X5EIA4|X5EIA4_NEIME,1,0,0,0
tr|X5EIC3|X5EIC3_NEIME,0,0,0,0
tr|X5EIF1|X5EIF1_NEIME,1,1,0,1
tr|X5EIH9|X5EIH9_NEIME,0,1,0,0
tr|X5EIK6|X5EIK6_NEIME,0,0,0,0
tr|X5EIR4|X5EIR4_NEIME,0,0,0,0
tr|X5EIS6|X5EIS6_NEIME,1,1,1,1
tr|X5EIX2|X5EIX2_NEIME,1,0,0,0
tr|X5EJ54|X5EJ54_NEIME,0,0,0,0
tr|X5EJK0|X5EJK0_NEIME,0,0,0,0
tr|X5EJK4|X5EJK4_NEIME,0,0,0,0
tr|X5EJL3|X5EJL3_NEIME,0,0,0,0
tr|X5EJM7|X5EJM7_NEIME,0,0,0,0
tr|X5EJN7|X5EJN7_NEIME,0,0,0,0
tr|X5EJR3|X5EJR3_NEIME,0,0,0,0
tr|X5EK49|X5EK49_NEIME,0,0,0,0
tr|X5EK54|X5EK54_NEIME,0,0,0,0
tr|X5EKT1|X5EKT1_NEIME,0,0,0,0
tr|X5EKU2|X5EKU2_NEIME,0,0,0,0
tr|X5EKY7|X5EKY7_NEIME,0,0,0,0
tr|X5ELL5|X5ELL5_NEIME,0,1,0,0
tr|X5ELN5|X5ELN5_NEIME,0,0,0,0
tr|X5ELR6|X5ELR6_NEIME,0,0,0,0
tr|X5ELS2|X5ELS2_NEIME,0,0,0,0
tr|X5ELS6|X5ELS6_NEIME,0,0,0,0
tr|X5ELU2|X5ELU2_NEIME,0,0,1,0
tr|X5ELV2|X5ELV2_NEIME,0,1,0,0
tr|X5ELX2|X5ELX2_NEIME,1,0,0,0
tr|X5ELY3|X5ELY3_NEIME,0,0,0,0
tr|X5EM07|X5EM07_NEIME,1,0,0,0
tr|X5EM21|X5EM21_NEIME,0,0,0,0
tr|X5EM25|X5EM25_NEIME,0,0,0,0
tr|X5EM55|X5EM55_NEIME,0,0,0,0
tr|X5EMA8|X5EMA8_NEIME,0,0,1,0
tr|X5EMG2|X5EMG2_NEIME,0,0,1,0
tr|X5EMJ2|X5EMJ2_NEIME,0,0,0,0
tr|X5EMK8|X5EMK8_NEIME,1,0,0,0
tr|X5EMM2|X5EMM2_NEIME,1,0,0,0
tr|X5EMY5|X5EMY5_NEIME,0,1,0,0
tr|X5EN42|X5EN42_NEIME,0,1,0,0
tr|X5EN53|X5EN53_NEIME,0,0,0,0
tr|X5EN92|X5EN92_NEIME,0,0,0,0
tr|X5ENB4|X5ENB4_NEIME,0,0,0,0
tr|X5ENF4|X5ENF4_NEIME,0,1,0,0
tr|X5ENG8|X5ENG8_NEIME,0,0,0,0
tr|X5ENL6|X5ENL6_NEIME,1,1,0,1
tr|X5ENQ6|X5ENQ6_NEIME,0,0,0,0
tr|X5ENR8|X5ENR8_NEIME,1,0,0,0
tr|X5ENT8|X5ENT8_NEIME,0,0,0,0
tr|X5ENU8|X5ENU8_NEIME,0,0,0,0
tr|X5ENW6|X5ENW6_NEIME,0,0,0,0
tr|X5EP10|X5EP10_NEIME,0,0,0,0
tr|X5EP19|X5EP19_NEIME,0,0,0,0
tr|X5EP43|X5EP43_NEIME,0,0,0,0
tr|X5EP59|X5EP59_NEIME,0,1,1,1
tr|X5EP89|X5EP89_NEIME,1,0,1,1
tr|X5EPC5|X5EPC5_NEIME,0,0,0,0
tr|X5EPF8|X5EPF8_NEIME,1,1,0,1
tr|X5EPF9|X5EPF9_NEIME,1,0,0,0
tr|X5EPH0|X5EPH0_NEIME,0,0,0,0
tr|X5EPH5|X5EPH5_NEIME,0,0,0,0
tr|X5EPJ7|X5EPJ7_NEIME,1,0,1,1
tr|X5EPK9|X5EPK9_NEIME,0,0,0,0
tr|X5EPN9|X5EPN9_NEIME,0,0,0,0
tr|X5EPR5|X5EPR5_NEIME,0,0,0,0
tr|X5EPV0|X5EPV0_NEIME,0,0,0,0
tr|X5EPV3|X5EPV3_NEIME,0,0,0,0
tr|X5EPV9|X5EPV9_NEIME,0,0,0,0
tr|X5EPX5|X5EPX5_NEIME,0,0,0,0
tr|X5EQ04|X5EQ04_NEIME,0,0,0,0
tr|X5EQ31|X5EQ31_NEIME,0,1,0,0
tr|X5EQ52|X5EQ52_NEIME,0,0,0,0
tr|X5EQ89|X5EQ89_NEIME,0,1,1,1
tr|X5EQD6|X5EQD6_NEIME,1,0,1,1
tr|X5EQE4|X5EQE4_NEIME,0,0,0,0
tr|X5EQG4|X5EQG4_NEIME,0,0,0,0
tr|X5EQJ6|X5EQJ6_NEIME,0,0,0,0
tr|X5EQQ8|X5EQQ8_NEIME,0,0,0,0
tr|X5EQQ9|X5EQQ9_NEIME,0,0,0,0
tr|X5EQR3|X5EQR3_NEIME,0,0,0,0
tr|X5EQS3|X5EQS3_NEIME,0,0,0,0
tr|X5EQW4|X5EQW4_NEIME,0,0,0,0
tr|X5EQX6|X5EQX6_NEIME,0,0,0,0
tr|X5ER04|X5ER04_NEIME,0,0,0,0
tr|X5ER06|X5ER06_NEIME,0,0,0,0
tr|X5ER28|X5ER28_NEIME,0,0,0,0
tr|X5ER36|X5ER36_NEIME,0,0,0,0
tr|X5ER49|X5ER49_NEIME,0,0,0,0
tr|X5ER74|X5ER74_NEIME,1,1,1,1
tr|X5ERD6|X5ERD6_NEIME,0,0,1,0
tr|X5ERE8|X5ERE8_NEIME,0,0,0,0
tr|X5ERK5|X5ERK5_NEIME,0,0,0,0
tr|X5ERL2|X5ERL2_NEIME,0,0,0,0
tr|X5ERU1|X5ERU1_NEIME,1,0,0,0
tr|X5ERV2|X5ERV2_NEIME,0,0,0,0
tr|X5ERV6|X5ERV6_NEIME,0,0,0,0
tr|X5ERY7|X5ERY7_NEIME,0,1,0,0
tr|X5ES17|X5ES17_NEIME,0,1,0,0
tr|X5ES19|X5ES19_NEIME,0,0,0,0
tr|X5ES23|X5ES23_NEIME,0,0,0,0
tr|X5ES40|X5ES40_NEIME,0,0,0,0
tr|X5ES50|X5ES50_NEIME,0,0,0,0
tr|X5ES54|X5ES54_NEIME,0,1,0,0
tr|X5ES62|X5ES62_NEIME,0,0,0,0
tr|X5ESB5|X5ESB5_NEIME,0,0,0,0
tr|X5ESE0|X5ESE0_NEIME,0,0,0,0
tr|X5ESG4|X5ESG4_NEIME,1,0,1,1
tr|X5ESH6|X5ESH6_NEIME,0,0,0,0
tr|X5ESM0|X5ESM0_NEIME,0,0,0,0
tr|X5ESN1|X5ESN1_NEIME,0,0,0,0
tr|X5ESP3|X5ESP3_NEIME,0,0,0,0
tr|X5ESP9|X5ESP9_NEIME,1,1,0,1
tr|X5ESU5|X5ESU5_NEIME,0,0,0,0
tr|X5ESV8|X5ESV8_NEIME,1,0,0,0
tr|X5ESW5|X5ESW5_NEIME,0,0,0,0
tr|X5ET69|X5ET69_NEIME,0,0,0,0
tr|X5ET94|X5ET94_NEIME,0,0,0,0
tr|X5ETI0|X5ETI0_NEIME,0,0,0,0
tr|X5ETI2|X5ETI2_NEIME,0,0,0,0
tr|X5ETS3|X5ETS3_NEIME,1,1,0,1
tr|X5ETU0|X5ETU0_NEIME,0,0,0,0
tr|X5EU15|X5EU15_NEIME,0,0,0,0
tr|X5EU53|X5EU53_NEIME,0,0,0,0
tr|X5EU59|X5EU59_NEIME,0,0,0,0
tr|X5EU67|X5EU67_NEIME,1,1,1,1
tr|X5EUB2|X5EUB2_NEIME,0,0,0,0
tr|X5EUE7|X5EUE7_NEIME,0,1,0,0
tr|X5EUH9|X5EUH9_NEIME,0,1,0,0
tr|X5EUQ2|X5EUQ2_NEIME,0,0,0,0
tr|X5F375|X5F375_NEIME,0,0,0,0
tr|X5F378|X5F378_NEIME,0,0,0,0
tr|X5F3D9|X5F3D9_NEIME,1,1,0,1
tr|X5F3K4|X5F3K4_NEIME,0,0,0,0
tr|X5F486|X5F486_NEIME,0,0,0,0
tr|X5F494|X5F494_NEIME,0,0,0,0
tr|X5F4B6|X5F4B6_NEIME,1,0,0,0
tr|X5F4H8|X5F4H8_NEIME,0,1,0,0
tr|X5F4N2|X5F4N2_NEIME,1,1,0,1
tr|X5F4N5|X5F4N5_NEIME,0,0,0,0
tr|X5F4S2|X5F4S2_NEIME,0,0,0,0
tr|X5F4V9|X5F4V9_NEIME,0,0,0,0
tr|X5F522|X5F522_NEIME,1,1,0,1
tr|X5F549|X5F549_NEIME,0,0,0,0
tr|X5F5A0|X5F5A0_NEIME,0,0,0,0
tr|X5F5E5|X5F5E5_NEIME,0,1,1,1
tr|X5F5J2|X5F5J2_NEIME,0,0,0,0
tr|X5F5J6|X5F5J6_NEIME,0,0,0,0
tr|X5F5L1|X5F5L1_NEIME,0,0,0,0
tr|X5F5M6|X5F5M6_NEIME,0,0,0,0
tr|X5F5T5|X5F5T5_NEIME,1,0,1,1
tr|X5F5W3|X5F5W3_NEIME,0,0,0,0
tr|X5F5X6|X5F5X6_NEIME,0,0,0,0
tr|X5F5Z8|X5F5Z8_NEIME,0,0,0,0
tr|X5F601|X5F601_NEIME,0,0,0,0
tr|X5F604|X5F604_NEIME,0,0,0,0
tr|X5F612|X5F612_NEIME,0,0,0,0
tr|X5F665|X5F665_NEIME,0,0,0,0
tr|X5F678|X5F678_NEIME,1,0,1,1
tr|X5F6A4|X5F6A4_NEIME,1,1,0,1
tr|X5F6C3|X5F6C3_NEIME,0,0,0,0
tr|X5F6G0|X5F6G0_NEIME,0,1,0,0
tr|X5F6K1|X5F6K1_NEIME,0,0,0,0
tr|X5F6T5|X5F6T5_NEIME,1,0,1,1
tr|X5F6U0|X5F6U0_NEIME,0,0,0,0
tr|X5F6V7|X5F6V7_NEIME,0,0,0,0
tr|X5F705|X5F705_NEIME,0,0,0,0
tr|X5F738|X5F738_NEIME,0,1,0,0
tr|X5F740|X5F740_NEIME,0,0,0,0
tr|X5F743|X5F743_NEIME,1,0,0,0
tr|X5F745|X5F745_NEIME,0,0,0,0
tr|X5F769|X5F769_NEIME,0,0,0,0
tr|X5F777|X5F777_NEIME,0,0,0,0
tr|X5F779|X5F779_NEIME,0,0,0,0
tr|X5F789|X5F789_NEIME,1,1,1,1
tr|X5F798|X5F798_NEIME,1,0,1,1
tr|X5F7A8|X5F7A8_NEIME,0,1,1,1
tr|X5F7H1|X5F7H1_NEIME,0,0,0,0
tr|X5F7I3|X5F7I3_NEIME,0,1,0,0
tr|X5F7J8|X5F7J8_NEIME,0,0,0,0
tr|X5F7K1|X5F7K1_NEIME,0,0,0,0
tr|X5F7M3|X5F7M3_NEIME,0,0,1,0
tr|X5F7S2|X5F7S2_NEIME,0,1,0,0
tr|X5F7V1|X5F7V1_NEIME,0,0,0,0
tr|X5F801|X5F801_NEIME,1,1,0,1
tr|X5F842|X5F842_NEIME,0,0,0,0
tr|X5F8A6|X5F8A6_NEIME,0,0,0,0
tr|X5F8B6|X5F8B6_NEIME,0,1,0,0
tr|X5F8B7|X5F8B7_NEIME,0,0,0,0
tr|X5F8C2|X5F8C2_NEIME,0,0,0,0
tr|X5F8D0|X5F8D0_NEIME,0,0,0,0
tr|X5F8E6|X5F8E6_NEIME,0,0,0,0
tr|X5F8F0|X5F8F0_NEIME,0,0,0,0
tr|X5F8I8|X5F8I8_NEIME,0,0,0,0
tr|X5F8K2|X5F8K2_NEIME,0,0,0,0
tr|X5F8L9|X5F8L9_NEIME,1,0,0,0
tr|X5F8P2|X5F8P2_NEIME,0,0,0,0
tr|X5F8Q6|X5F8Q6_NEIME,0,0,0,0
tr|X5F8S4|X5F8S4_NEIME,1,1,1,1
tr|X5F8U0|X5F8U0_NEIME,0,0,0,0
tr|X5F8U5|X5F8U5_NEIME,0,0,0,0
tr|X5F8W8|X5F8W8_NEIME,0,0,0,0
tr|X5F8X2|X5F8X2_NEIME,0,1,1,1
tr|X5F8X9|X5F8X9_NEIME,0,0,0,0
tr|X5F8Y3|X5F8Y3_NEIME,0,0,0,0
tr|X5F950|X5F950_NEIME,0,0,0,0
tr|X5F972|X5F972_NEIME,1,1,1,1
tr|X5F985|X5F985_NEIME,0,0,0,0
tr|X5F990|X5F990_NEIME,0,0,0,0
tr|X5F9B0|X5F9B0_NEIME,0,0,0,0
tr|X5F9B9|X5F9B9_NEIME,0,1,1,1
tr|X5F9G8|X5F9G8_NEIME,1,1,1,1
tr|X5F9H2|X5F9H2_NEIME,1,0,0,0
tr|X5F9H4|X5F9H4_NEIME,0,0,0,0
tr|X5F9J4|X5F9J4_NEIME,0,0,0,0
tr|X5F9P1|X5F9P1_NEIME,0,0,0,0
tr|X5F9P7|X5F9P7_NEIME,0,0,0,0
tr|X5F9S3|X5F9S3_NEIME,0,0,0,0
tr|X5FAB3|X5FAB3_NEIME,1,0,0,0
tr|X5FAJ2|X5FAJ2_NEIME,1,0,0,0
tr|X5FAK2|X5FAK2_NEIME,0,0,0,0
tr|X5FAL9|X5FAL9_NEIME,1,0,0,0
tr|X5FAP4|X5FAP4_NEIME,0,1,0,0
tr|X5FAQ0|X5FAQ0_NEIME,1,0,0,0
tr|X5FAT3|X5FAT3_NEIME,0,0,0,0
tr|X5FAU3|X5FAU3_NEIME,0,0,0,0
tr|X5FB70|X5FB70_NEIME,0,0,0,0
tr|X5FB97|X5FB97_NEIME,0,0,0,0
tr|X5FBD9|X5FBD9_NEIME,1,0,0,0
tr|X5FBI4|X5FBI4_NEIME,1,0,0,0
tr|X5FBT4|X5FBT4_NEIME,1,0,1,1
tr|X5FBX3|X5FBX3_NEIME,0,0,0,0
tr|E0YJC5|E0YJC5_NEIME,0,1,0,0
tr|E0YJC6|E0YJC6_NEIME,1,0,1,1
tr|E0YJD2|E0YJD2_NEIME,0,0,0,0
tr|E0YJE0|E0YJE0_NEIME,0,0,0,0
tr|E1AA51|E1AA51_NEIME,1,0,1,1
tr|O34773|O34773_NEIME,0,0,0,0
tr|Q1KMW1|Q1KMW1_NEIME,1,0,1,1
tr|Q51135|Q51135_NEIME,0,0,0,0
tr|Q5G962|Q5G962_NEIME,0,0,0,0
tr|Q7AX09|Q7AX09_NEIME,0,0,0,0
tr|Q7AX14|Q7AX14_NEIME,0,0,0,0
tr|X5EFD9|X5EFD9_NEIME,0,0,1,0
tr|X5EFF2|X5EFF2_NEIME,1,1,1,1
tr|X5EFG6|X5EFG6_NEIME,1,1,1,1
tr|X5EFH4|X5EFH4_NEIME,0,0,0,0
tr|X5EFJ4|X5EFJ4_NEIME,0,0,1,0
tr|X5EFL0|X5EFL0_NEIME,1,0,0,0
tr|X5EFL5|X5EFL5_NEIME,1,1,1,1
tr|X5EFM0|X5EFM0_NEIME,0,1,1,1
tr|X5EFN4|X5EFN4_NEIME,1,0,1,1
tr|X5EFN7|X5EFN7_NEIME,0,0,0,0
tr|X5EFP1|X5EFP1_NEIME,0,0,0,0
tr|X5EFP6|X5EFP6_NEIME,0,0,0,0
tr|X5EFR9|X5EFR9_NEIME,0,0,0,0
tr|X5EFV9|X5EFV9_NEIME,0,0,0,0
tr|X5EG05|X5EG05_NEIME,0,0,0,0
tr|X5EG21|X5EG21_NEIME,1,1,0,1
tr|X5EG54|X5EG54_NEIME,0,0,0,0
tr|X5EG59|X5EG59_NEIME,0,0,0,0
tr|X5EG84|X5EG84_NEIME,0,0,0,0
tr|X5EGA5|X5EGA5_NEIME,0,0,0,0
tr|X5EGH0|X5EGH0_NEIME,0,1,1,1
tr|X5EGI3|X5EGI3_NEIME,1,0,0,0
tr|X5EGJ8|X5EGJ8_NEIME,1,0,0,0
tr|X5EGQ3|X5EGQ3_NEIME,1,1,1,1
tr|X5EGR7|X5EGR7_NEIME,0,0,0,0
tr|X5EGT4|X5EGT4_NEIME,0,0,0,0
tr|X5EGU7|X5EGU7_NEIME,0,0,0,0
tr|X5EGV1|X5EGV1_NEIME,0,0,0,0
tr|X5EGW7|X5EGW7_NEIME,0,1,0,0
tr|X5EGY5|X5EGY5_NEIME,0,0,0,0
tr|X5EH03|X5EH03_NEIME,0,0,0,0
tr|X5EH16|X5EH16_NEIME,0,0,0,0
tr|X5EH21|X5EH21_NEIME,0,0,0,0
tr|X5EH77|X5EH77_NEIME,0,0,0,0
tr|X5EH96|X5EH96_NEIME,0,0,0,0
tr|X5EHE3|X5EHE3_NEIME,0,0,0,0
tr|X5EHE7|X5EHE7_NEIME,0,0,1,0
tr|X5EHF0|X5EHF0_NEIME,0,0,0,0
tr|X5EHH0|X5EHH0_NEIME,1,0,1,1
tr|X5EHH5|X5EHH5_NEIME,0,1,0,0
tr|X5EHI2|X5EHI2_NEIME,0,1,0,0
tr|X5EHN7|X5EHN7_NEIME,1,1,0,1
tr|X5EHQ0|X5EHQ0_NEIME,1,1,1,1
tr|X5EHV9|X5EHV9_NEIME,0,0,0,0
tr|X5EHZ1|X5EHZ1_NEIME,0,0,0,0
tr|X5EHZ8|X5EHZ8_NEIME,0,0,0,0
tr|X5EI20|X5EI20_NEIME,1,0,0,0
tr|X5EI61|X5EI61_NEIME,0,0,0,0
tr|X5EI71|X5EI71_NEIME,0,0,0,0
tr|X5EI98|X5EI98_NEIME,0,0,0,0
tr|X5EIA0|X5EIA0_NEIME,0,0,0,0
tr|X5EIB9|X5EIB9_NEIME,1,0,0,0
tr|X5EID2|X5EID2_NEIME,1,0,1,1
tr|X5EIE3|X5EIE3_NEIME,0,0,0,0
tr|X5EIF9|X5EIF9_NEIME,0,0,0,0
tr|X5EIG7|X5EIG7_NEIME,0,0,0,0
tr|X5EII5|X5EII5_NEIME,0,0,0,0
tr|X5EIN3|X5EIN3_NEIME,0,0,0,0
tr|X5EIP0|X5EIP0_NEIME,0,0,0,0
tr|X5EIQ3|X5EIQ3_NEIME,0,1,1,1
tr|X5EIS0|X5EIS0_NEIME,1,1,0,1
tr|X5EIT2|X5EIT2_NEIME,0,1,1,1
tr|X5EIT7|X5EIT7_NEIME,0,0,0,0
tr|X5EIU6|X5EIU6_NEIME,0,0,0,0
tr|X5EJ61|X5EJ61_NEIME,0,0,0,0
tr|X5EJ69|X5EJ69_NEIME,0,0,0,0
tr|X5EJA9|X5EJA9_NEIME,1,1,1,1
tr|X5EJI6|X5EJI6_NEIME,0,0,0,0
tr|X5EJJ3|X5EJJ3_NEIME,0,0,0,0
tr|X5EJP1|X5EJP1_NEIME,0,0,0,0
tr|X5EJS7|X5EJS7_NEIME,0,0,0,0
tr|X5EJV4|X5EJV4_NEIME,0,1,0,0
tr|X5EJX0|X5EJX0_NEIME,0,1,0,0
tr|X5EJX9|X5EJX9_NEIME,0,0,0,0
tr|X5EJY7|X5EJY7_NEIME,1,1,1,1
tr|X5EJZ1|X5EJZ1_NEIME,1,1,0,1
tr|X5EK21|X5EK21_NEIME,0,0,0,0
tr|X5EK36|X5EK36_NEIME,1,0,0,0
tr|X5EK41|X5EK41_NEIME,0,0,0,0
tr|X5EKB5|X5EKB5_NEIME,0,0,0,0
tr|X5EKE1|X5EKE1_NEIME,0,0,0,0
tr|X5EKG2|X5EKG2_NEIME,0,0,0,0
tr|X5EKG7|X5EKG7_NEIME,0,0,0,0
tr|X5EKH4|X5EKH4_NEIME,0,0,0,0
tr|X5EKK1|X5EKK1_NEIME,1,1,1,1
tr|X5EKM4|X5EKM4_NEIME,1,0,0,0
tr|X5EKU8|X5EKU8_NEIME,0,0,0,0
tr|X5EL01|X5EL01_NEIME,1,1,0,1
tr|X5EL61|X5EL61_NEIME,1,1,1,1
tr|X5EL79|X5EL79_NEIME,0,0,0,0
tr|X5EL93|X5EL93_NEIME,0,1,0,0
tr|X5EL95|X5EL95_NEIME,1,0,0,0
tr|X5EL99|X5EL99_NEIME,0,1,1,1
tr|X5ELB4|X5ELB4_NEIME,0,1,0,0
tr|X5ELG3|X5ELG3_NEIME,0,0,0,0
tr|X5ELG8|X5ELG8_NEIME,0,1,1,1
tr|X5ELH4|X5ELH4_NEIME,1,1,1,1
tr|X5ELH8|X5ELH8_NEIME,0,1,0,0
tr|X5ELI4|X5ELI4_NEIME,0,0,0,0
tr|X5ELI8|X5ELI8_NEIME,1,0,0,0
tr|X5ELK7|X5ELK7_NEIME,0,1,0,0
tr|X5ELM8|X5ELM8_NEIME,0,0,0,0
tr|X5ELN0|X5ELN0_NEIME,0,0,0,0
tr|X5ELN3|X5ELN3_NEIME,0,0,0,0
tr|X5ELN9|X5ELN9_NEIME,0,0,0,0
tr|X5ELP4|X5ELP4_NEIME,0,0,0,0
tr|X5ELQ4|X5ELQ4_NEIME,0,0,0,0
tr|X5ELR0|X5ELR0_NEIME,0,0,0,0
tr|X5ELS1|X5ELS1_NEIME,0,0,1,0
tr|X5ELT8|X5ELT8_NEIME,0,0,0,0
tr|X5ELW2|X5ELW2_NEIME,0,0,0,0
tr|X5ELY0|X5ELY0_NEIME,1,1,1,1
tr|X5ELY9|X5ELY9_NEIME,0,0,0,0
tr|X5ELZ4|X5ELZ4_NEIME,0,0,0,0
tr|X5EM01|X5EM01_NEIME,1,1,1,1
tr|X5EM14|X5EM14_NEIME,1,1,1,1
tr|X5EM29|X5EM29_NEIME,1,1,1,1
tr|X5EM45|X5EM45_NEIME,1,0,0,0
tr|X5EM95|X5EM95_NEIME,0,0,0,0
tr|X5EMA2|X5EMA2_NEIME,0,0,0,0
tr|X5EMB7|X5EMB7_NEIME,0,0,0,0
tr|X5EMC1|X5EMC1_NEIME,0,0,1,0
tr|X5EMJ8|X5EMJ8_NEIME,0,0,0,0
tr|X5EMQ1|X5EMQ1_NEIME,0,0,0,0
tr|X5EMU2|X5EMU2_NEIME,0,0,0,0
tr|X5EMW2|X5EMW2_NEIME,1,0,0,0
tr|X5EN58|X5EN58_NEIME,0,0,1,0
tr|X5EN79|X5EN79_NEIME,0,0,0,0
tr|X5EN81|X5EN81_NEIME,0,0,0,0
tr|X5EN85|X5EN85_NEIME,0,0,0,0
tr|X5EN91|X5EN91_NEIME,0,0,0,0
tr|X5EN99|X5EN99_NEIME,0,0,0,0
tr|X5ENA7|X5ENA7_NEIME,0,1,0,0
tr|X5ENC0|X5ENC0_NEIME,0,0,0,0
tr|X5ENC5|X5ENC5_NEIME,0,0,1,0
tr|X5ENC8|X5ENC8_NEIME,0,0,0,0
tr|X5END1|X5END1_NEIME,1,0,1,1
tr|X5END6|X5END6_NEIME,0,0,0,0
tr|X5END8|X5END8_NEIME,0,0,0,0
tr|X5ENE7|X5ENE7_NEIME,1,1,1,1
tr|X5ENF7|X5ENF7_NEIME,1,1,1,1
tr|X5ENG3|X5ENG3_NEIME,0,1,0,0
tr|X5ENH0|X5ENH0_NEIME,0,0,0,0
tr|X5ENI3|X5ENI3_NEIME,0,0,0,0
tr|X5ENJ5|X5ENJ5_NEIME,0,0,0,0
tr|X5ENL0|X5ENL0_NEIME,0,0,1,0
tr|X5ENN9|X5ENN9_NEIME,0,1,0,0
tr|X5ENQ0|X5ENQ0_NEIME,0,1,0,0
tr|X5ENR1|X5ENR1_NEIME,0,0,0,0
tr|X5ENT5|X5ENT5_NEIME,1,1,1,1
tr|X5ENX0|X5ENX0_NEIME,0,0,0,0
tr|X5ENX3|X5ENX3_NEIME,0,0,0,0
tr|X5EP12|X5EP12_NEIME,0,0,0,0
tr|X5EP22|X5EP22_NEIME,1,0,0,0
tr|X5EP32|X5EP32_NEIME,1,0,0,0
tr|X5EP34|X5EP34_NEIME,0,0,0,0
tr|X5EP49|X5EP49_NEIME,1,1,1,1
tr|X5EP60|X5EP60_NEIME,1,0,0,0
tr|X5EP73|X5EP73_NEIME,0,0,0,0
tr|X5EP78|X5EP78_NEIME,1,0,0,0
tr|X5EP82|X5EP82_NEIME,0,0,0,0
tr|X5EP85|X5EP85_NEIME,0,0,0,0
tr|X5EP95|X5EP95_NEIME,0,0,0,0
tr|X5EPC4|X5EPC4_NEIME,0,0,0,0
tr|X5EPD0|X5EPD0_NEIME,0,0,0,0
tr|X5EPE5|X5EPE5_NEIME,1,0,0,0
tr|X5EPF0|X5EPF0_NEIME,0,0,0,0
tr|X5EPH9|X5EPH9_NEIME,0,0,0,0
tr|X5EPI9|X5EPI9_NEIME,1,1,1,1
tr|X5EPJ6|X5EPJ6_NEIME,0,0,0,0
tr|X5EPK1|X5EPK1_NEIME,1,1,1,1
tr|X5EPK2|X5EPK2_NEIME,1,0,0,0
tr|X5EPL4|X5EPL4_NEIME,0,0,0,0
tr|X5EPM9|X5EPM9_NEIME,0,0,0,0
tr|X5EPN5|X5EPN5_NEIME,0,0,0,0
tr|X5EPP3|X5EPP3_NEIME,1,1,1,1
tr|X5EPQ2|X5EPQ2_NEIME,1,1,0,1
tr|X5EPR4|X5EPR4_NEIME,0,0,0,0
tr|X5EPT7|X5EPT7_NEIME,1,0,0,0
tr|X5EPW5|X5EPW5_NEIME,1,0,0,0
tr|X5EPY1|X5EPY1_NEIME,0,0,0,0
tr|X5EQ00|X5EQ00_NEIME,0,0,0,0
tr|X5EQ03|X5EQ03_NEIME,0,0,1,0
tr|X5EQ08|X5EQ08_NEIME,1,0,1,1
tr|X5EQ12|X5EQ12_NEIME,0,0,0,0
tr|X5EQ17|X5EQ17_NEIME,1,0,0,0
tr|X5EQ36|X5EQ36_NEIME,0,0,0,0
tr|X5EQ46|X5EQ46_NEIME,0,0,0,0
tr|X5EQ65|X5EQ65_NEIME,0,1,0,0
tr|X5EQ98|X5EQ98_NEIME,1,0,0,0
tr|X5EQC6|X5EQC6_NEIME,0,0,0,0
tr|X5EQD7|X5EQD7_NEIME,1,0,0,0
tr|X5EQE5|X5EQE5_NEIME,0,0,0,0
tr|X5EQE7|X5EQE7_NEIME,0,0,0,0
tr|X5EQI0|X5EQI0_NEIME,0,0,0,0
tr|X5EQK0|X5EQK0_NEIME,0,0,0,0
tr|X5EQN1|X5EQN1_NEIME,0,0,0,0
tr|X5EQN9|X5EQN9_NEIME,1,1,0,1
tr|X5EQQ0|X5EQQ0_NEIME,0,0,0,0
tr|X5EQQ4|X5EQQ4_NEIME,1,0,0,0
tr|X5EQR4|X5EQR4_NEIME,0,0,0,0
tr|X5EQS2|X5EQS2_NEIME,0,0,0,0
tr|X5EQT3|X5EQT3_NEIME,0,1,0,0
tr|X5EQW3|X5EQW3_NEIME,0,0,0,0
tr|X5EQX8|X5EQX8_NEIME,0,1,0,0
tr|X5EQY6|X5EQY6_NEIME,1,0,0,0
tr|X5EQZ3|X5EQZ3_NEIME,0,0,0,0
tr|X5ER03|X5ER03_NEIME,0,0,0,0
tr|X5ER11|X5ER11_NEIME,0,0,0,0
tr|X5ER26|X5ER26_NEIME,0,0,0,0
tr|X5ER32|X5ER32_NEIME,1,0,0,0
tr|X5ER43|X5ER43_NEIME,0,0,0,0
tr|X5ER51|X5ER51_NEIME,0,1,0,0
tr|X5ER53|X5ER53_NEIME,1,1,1,1
tr|X5ER58|X5ER58_NEIME,1,1,0,1
tr|X5ER59|X5ER59_NEIME,0,0,0,0
tr|X5ER64|X5ER64_NEIME,0,0,1,0
tr|X5ER83|X5ER83_NEIME,0,0,0,0
tr|X5ERA9|X5ERA9_NEIME,0,0,0,0
tr|X5ERC5|X5ERC5_NEIME,0,0,0,0
tr|X5ERC6|X5ERC6_NEIME,0,0,0,0
tr|X5ERD1|X5ERD1_NEIME,0,0,0,0
tr|X5ERD5|X5ERD5_NEIME,0,0,1,0
tr|X5ERG7|X5ERG7_NEIME,0,0,0,0
tr|X5ERJ9|X5ERJ9_NEIME,1,1,1,1
tr|X5ERM9|X5ERM9_NEIME,0,0,0,0
tr|X5ERN3|X5ERN3_NEIME,0,1,1,1
tr|X5ERU8|X5ERU8_NEIME,0,0,0,0
tr|X5ERX0|X5ERX0_NEIME,0,0,0,0
tr|X5ERY0|X5ERY0_NEIME,1,0,1,1
tr|X5ERZ2|X5ERZ2_NEIME,1,1,0,1
tr|X5ERZ8|X5ERZ8_NEIME,0,0,0,0
tr|X5ES13|X5ES13_NEIME,1,0,0,0
tr|X5ES42|X5ES42_NEIME,0,0,0,0
tr|X5ES74|X5ES74_NEIME,1,0,0,0
tr|X5ES82|X5ES82_NEIME,0,0,0,0
tr|X5ESC2|X5ESC2_NEIME,0,0,0,0
tr|X5ESD1|X5ESD1_NEIME,0,0,0,0
tr|X5ESD6|X5ESD6_NEIME,0,1,1,1
tr|X5ESE1|X5ESE1_NEIME,0,0,0,0
tr|X5ESE5|X5ESE5_NEIME,0,1,1,1
tr|X5ESF9|X5ESF9_NEIME,0,0,0,0
tr|X5ESI0|X5ESI0_NEIME,1,1,1,1
tr|X5ESI4|X5ESI4_NEIME,1,0,1,1
tr|X5ESI8|X5ESI8_NEIME,0,1,0,0
tr|X5ESJ1|X5ESJ1_NEIME,0,0,0,0
tr|X5ESK6|X5ESK6_NEIME,0,0,0,0
tr|X5ESM5|X5ESM5_NEIME,1,0,0,0
tr|X5ESN5|X5ESN5_NEIME,1,0,0,0
tr|X5ESQ3|X5ESQ3_NEIME,1,1,1,1
tr|X5EST5|X5EST5_NEIME,0,0,1,0
tr|X5ESU0|X5ESU0_NEIME,1,0,0,0
tr|X5ESX0|X5ESX0_NEIME,0,0,0,0
tr|X5ESX3|X5ESX3_NEIME,0,0,0,0
tr|X5ESX5|X5ESX5_NEIME,0,0,0,0
tr|X5ESY1|X5ESY1_NEIME,0,0,0,0
tr|X5ESZ9|X5ESZ9_NEIME,0,0,0,0
tr|X5ET06|X5ET06_NEIME,0,0,0,0
tr|X5ET39|X5ET39_NEIME,0,0,0,0
tr|X5ET49|X5ET49_NEIME,1,0,0,0
tr|X5ET52|X5ET52_NEIME,1,0,1,1
tr|X5ET60|X5ET60_NEIME,0,1,1,1
tr|X5ET65|X5ET65_NEIME,0,0,0,0
tr|X5ET71|X5ET71_NEIME,0,0,0,0
tr|X5ETC5|X5ETC5_NEIME,0,0,0,0
tr|X5ETD0|X5ETD0_NEIME,0,0,0,0
tr|X5ETG0|X5ETG0_NEIME,1,0,0,0
tr|X5ETG8|X5ETG8_NEIME,0,0,0,0
tr|X5ETN4|X5ETN4_NEIME,0,0,0,0
tr|X5ETQ1|X5ETQ1_NEIME,0,0,0,0
tr|X5ETQ6|X5ETQ6_NEIME,1,0,0,0
tr|X5EU48|X5EU48_NEIME,0,0,0,0
tr|X5EU79|X5EU79_NEIME,1,0,1,1
tr|X5EUA1|X5EUA1_NEIME,0,0,0,0
tr|X5EUE1|X5EUE1_NEIME,0,0,0,0
tr|X5EUF7|X5EUF7_NEIME,0,0,0,0
tr|X5EUG8|X5EUG8_NEIME,0,0,0,0
tr|X5EUJ0|X5EUJ0_NEIME,0,0,0,0
tr|X5EUK0|X5EUK0_NEIME,0,0,0,0
tr|X5EUL1|X5EUL1_NEIME,0,0,0,0
tr|X5EUP6|X5EUP6_NEIME,0,1,0,0
tr|X5F382|X5F382_NEIME,0,0,0,0
tr|X5F3E6|X5F3E6_NEIME,0,0,0,0
tr|X5F3F0|X5F3F0_NEIME,0,0,0,0
tr|X5F3F6|X5F3F6_NEIME,1,1,1,1
tr|X5F3F8|X5F3F8_NEIME,1,1,0,1
tr|X5F3G2|X5F3G2_NEIME,1,0,1,1
tr|X5F3G8|X5F3G8_NEIME,0,0,0,0
tr|X5F3H6|X5F3H6_NEIME,1,1,1,1
tr|X5F3I3|X5F3I3_NEIME,0,0,0,0
tr|X5F3K8|X5F3K8_NEIME,0,0,0,0
tr|X5F3M4|X5F3M4_NEIME,1,0,0,0
tr|X5F3N7|X5F3N7_NEIME,1,0,0,0
tr|X5F3P5|X5F3P5_NEIME,0,0,0,0
tr|X5F3T1|X5F3T1_NEIME,0,0,0,0
tr|X5F3T6|X5F3T6_NEIME,1,0,0,0
tr|X5F3V9|X5F3V9_NEIME,1,1,1,1
tr|X5F417|X5F417_NEIME,1,0,0,0
tr|X5F4I0|X5F4I0_NEIME,1,1,1,1
tr|X5F4J0|X5F4J0_NEIME,1,1,1,1
tr|X5F4K8|X5F4K8_NEIME,0,0,0,0
tr|X5F4L0|X5F4L0_NEIME,0,0,0,0
tr|X5F4L3|X5F4L3_NEIME,1,0,0,0
tr|X5F4L7|X5F4L7_NEIME,0,0,0,0
tr|X5F4M8|X5F4M8_NEIME,1,1,1,1
tr|X5F4P3|X5F4P3_NEIME,0,0,0,0
tr|X5F4R7|X5F4R7_NEIME,0,0,0,0
tr|X5F4S0|X5F4S0_NEIME,0,0,0,0
tr|X5F4S5|X5F4S5_NEIME,1,0,0,0
tr|X5F4U5|X5F4U5_NEIME,0,1,0,0
tr|X5F4V1|X5F4V1_NEIME,0,0,0,0
tr|X5F4W3|X5F4W3_NEIME,1,0,0,0
tr|X5F546|X5F546_NEIME,0,0,0,0
tr|X5F562|X5F562_NEIME,0,0,0,0
tr|X5F583|X5F583_NEIME,1,0,1,1
tr|X5F595|X5F595_NEIME,0,0,0,0
tr|X5F5B3|X5F5B3_NEIME,1,0,0,0
tr|X5F5B8|X5F5B8_NEIME,0,0,0,0
tr|X5F5C7|X5F5C7_NEIME,0,0,0,0
tr|X5F5F9|X5F5F9_NEIME,0,0,0,0
tr|X5F5H2|X5F5H2_NEIME,0,0,0,0
tr|X5F5H5|X5F5H5_NEIME,0,0,0,0
tr|X5F5H9|X5F5H9_NEIME,1,0,0,0
tr|X5F5I4|X5F5I4_NEIME,0,0,0,0
tr|X5F5J0|X5F5J0_NEIME,0,0,1,0
tr|X5F5J7|X5F5J7_NEIME,0,0,0,0
tr|X5F5K0|X5F5K0_NEIME,0,0,0,0
tr|X5F5K3|X5F5K3_NEIME,0,0,0,0
tr|X5F5K7|X5F5K7_NEIME,0,0,0,0
tr|X5F5L2|X5F5L2_NEIME,1,1,1,1
tr|X5F5L7|X5F5L7_NEIME,0,0,0,0
tr|X5F5M0|X5F5M0_NEIME,1,0,0,0
tr|X5F5M8|X5F5M8_NEIME,1,1,1,1
tr|X5F5N7|X5F5N7_NEIME,0,0,0,0
tr|X5F5P4|X5F5P4_NEIME,0,0,0,0
tr|X5F5Q0|X5F5Q0_NEIME,0,0,0,0
tr|X5F5Q4|X5F5Q4_NEIME,0,1,0,0
tr|X5F5R2|X5F5R2_NEIME,0,0,0,0
tr|X5F5R6|X5F5R6_NEIME,0,0,0,0
tr|X5F5T3|X5F5T3_NEIME,0,0,1,0
tr|X5F5U1|X5F5U1_NEIME,0,0,0,0
tr|X5F5U8|X5F5U8_NEIME,1,1,0,1
tr|X5F5V1|X5F5V1_NEIME,0,0,0,0
tr|X5F5V3|X5F5V3_NEIME,1,0,0,0
tr|X5F5V5|X5F5V5_NEIME,0,0,0,0
tr|X5F5W8|X5F5W8_NEIME,0,0,0,0
tr|X5F5W9|X5F5W9_NEIME,0,0,0,0
tr|X5F5X1|X5F5X1_NEIME,0,0,0,0
tr|X5F5X7|X5F5X7_NEIME,1,0,0,0
tr|X5F5Y7|X5F5Y7_NEIME,0,1,0,0
tr|X5F5Z4|X5F5Z4_NEIME,0,0,0,0
tr|X5F5Z9|X5F5Z9_NEIME,0,1,0,0
tr|X5F616|X5F616_NEIME,1,0,0,0
tr|X5F625|X5F625_NEIME,0,0,0,0
tr|X5F635|X5F635_NEIME,0,0,0,0
tr|X5F642|X5F642_NEIME,1,0,0,0
tr|X5F644|X5F644_NEIME,0,0,0,0
tr|X5F654|X5F654_NEIME,0,0,0,0
tr|X5F670|X5F670_NEIME,0,0,0,0
tr|X5F694|X5F694_NEIME,0,0,1,0
tr|X5F699|X5F699_NEIME,0,0,0,0
tr|X5F6A3|X5F6A3_NEIME,0,0,0,0
tr|X5F6B6|X5F6B6_NEIME,0,0,0,0
tr|X5F6C1|X5F6C1_NEIME,0,0,0,0
tr|X5F6C6|X5F6C6_NEIME,0,0,0,0
tr|X5F6C8|X5F6C8_NEIME,0,1,1,1
tr|X5F6D0|X5F6D0_NEIME,0,0,0,0
tr|X5F6D4|X5F6D4_NEIME,0,1,0,0
tr|X5F6F0|X5F6F0_NEIME,1,0,0,0
tr|X5F6H1|X5F6H1_NEIME,0,0,0,0
tr|X5F6H6|X5F6H6_NEIME,0,0,0,0
tr|X5F6M0|X5F6M0_NEIME,0,0,0,0
tr|X5F6N6|X5F6N6_NEIME,0,0,0,0
tr|X5F6N9|X5F6N9_NEIME,1,0,1,1
tr|X5F6P4|X5F6P4_NEIME,1,0,0,0
tr|X5F6Q0|X5F6Q0_NEIME,0,0,0,0
tr|X5F6U8|X5F6U8_NEIME,0,0,0,0
tr|X5F6W9|X5F6W9_NEIME,0,1,0,0
tr|X5F6X3|X5F6X3_NEIME,0,0,0,0
tr|X5F6Z8|X5F6Z8_NEIME,0,0,0,0
tr|X5F711|X5F711_NEIME,0,1,1,1
tr|X5F752|X5F752_NEIME,0,0,0,0
tr|X5F753|X5F753_NEIME,0,0,0,0
tr|X5F782|X5F782_NEIME,1,1,1,1
tr|X5F796|X5F796_NEIME,0,0,0,0
tr|X5F7B0|X5F7B0_NEIME,1,0,0,0
tr|X5F7B2|X5F7B2_NEIME,1,0,1,1
tr|X5F7E5|X5F7E5_NEIME,0,0,0,0
tr|X5F7F0|X5F7F0_NEIME,1,0,0,0
tr|X5F7H5|X5F7H5_NEIME,1,0,0,0
tr|X5F7J4|X5F7J4_NEIME,0,0,0,0
tr|X5F7K5|X5F7K5_NEIME,0,0,0,0
tr|X5F7L1|X5F7L1_NEIME,0,0,0,0
tr|X5F7L8|X5F7L8_NEIME,0,0,0,0
tr|X5F7M9|X5F7M9_NEIME,1,1,0,1
tr|X5F7N1|X5F7N1_NEIME,0,0,0,0
tr|X5F7R0|X5F7R0_NEIME,0,0,0,0
tr|X5F7R2|X5F7R2_NEIME,0,1,0,0
tr|X5F7R7|X5F7R7_NEIME,0,0,0,0
tr|X5F7R8|X5F7R8_NEIME,0,1,0,0
tr|X5F7S4|X5F7S4_NEIME,0,0,0,0
tr|X5F7S7|X5F7S7_NEIME,0,0,0,0
tr|X5F7T3|X5F7T3_NEIME,0,0,0,0
tr|X5F7T8|X5F7T8_NEIME,0,0,0,0
tr|X5F7U0|X5F7U0_NEIME,0,0,0,0
tr|X5F7V9|X5F7V9_NEIME,1,0,0,0
tr|X5F7W3|X5F7W3_NEIME,0,0,0,0
tr|X5F7W4|X5F7W4_NEIME,0,0,0,0
tr|X5F7Y1|X5F7Y1_NEIME,1,1,1,1
tr|X5F7Y5|X5F7Y5_NEIME,0,0,0,0
tr|X5F7Z7|X5F7Z7_NEIME,0,0,0,0
tr|X5F803|X5F803_NEIME,1,0,0,0
tr|X5F827|X5F827_NEIME,0,0,0,0
tr|X5F833|X5F833_NEIME,1,0,1,1
tr|X5F835|X5F835_NEIME,0,0,0,0
tr|X5F851|X5F851_NEIME,0,0,0,0
tr|X5F859|X5F859_NEIME,0,0,0,0
tr|X5F870|X5F870_NEIME,0,0,0,0
tr|X5F877|X5F877_NEIME,1,0,0,0
tr|X5F886|X5F886_NEIME,0,0,0,0
tr|X5F8A4|X5F8A4_NEIME,0,0,0,0
tr|X5F8B0|X5F8B0_NEIME,1,1,1,1
tr|X5F8E3|X5F8E3_NEIME,0,0,0,0
tr|X5F8F4|X5F8F4_NEIME,0,0,0,0
tr|X5F8F8|X5F8F8_NEIME,0,0,0,0
tr|X5F8F9|X5F8F9_NEIME,1,0,0,0
tr|X5F8G4|X5F8G4_NEIME,0,0,0,0
tr|X5F8H1|X5F8H1_NEIME,0,0,0,0
tr|X5F8J4|X5F8J4_NEIME,1,0,0,0
tr|X5F8L0|X5F8L0_NEIME,0,0,0,0
tr|X5F8R2|X5F8R2_NEIME,1,0,0,0
tr|X5F8R8|X5F8R8_NEIME,0,0,0,0
tr|X5F8U7|X5F8U7_NEIME,0,0,0,0
tr|X5F8Z9|X5F8Z9_NEIME,1,1,1,1
tr|X5F904|X5F904_NEIME,0,0,0,0
tr|X5F930|X5F930_NEIME,0,0,0,0
tr|X5F942|X5F942_NEIME,0,0,0,0
tr|X5F943|X5F943_NEIME,0,1,0,0
tr|X5F946|X5F946_NEIME,1,0,0,0
tr|X5F948|X5F948_NEIME,0,0,0,0
tr|X5F959|X5F959_NEIME,0,0,0,0
tr|X5F975|X5F975_NEIME,0,0,0,0
tr|X5F980|X5F980_NEIME,1,0,0,0
tr|X5F9A2|X5F9A2_NEIME,0,0,0,0
tr|X5F9D6|X5F9D6_NEIME,0,0,0,0
tr|X5F9G4|X5F9G4_NEIME,0,0,0,0
tr|X5F9G9|X5F9G9_NEIME,1,0,0,0
tr|X5F9H5|X5F9H5_NEIME,0,0,0,0
tr|X5F9I2|X5F9I2_NEIME,1,0,0,0
tr|X5F9I4|X5F9I4_NEIME,0,0,0,0
tr|X5F9J0|X5F9J0_NEIME,0,0,0,0
tr|X5F9J5|X5F9J5_NEIME,0,0,0,0
tr|X5F9J8|X5F9J8_NEIME,0,0,0,0
tr|X5F9K9|X5F9K9_NEIME,0,0,0,0
tr|X5F9L0|X5F9L0_NEIME,0,1,0,0
tr|X5F9M8|X5F9M8_NEIME,0,0,0,0
tr|X5F9N1|X5F9N1_NEIME,0,0,0,0
tr|X5F9N7|X5F9N7_NEIME,0,0,1,0
tr|X5F9P6|X5F9P6_NEIME,0,0,0,0
tr|X5F9S5|X5F9S5_NEIME,0,0,0,0
tr|X5F9S7|X5F9S7_NEIME,1,0,0,0
tr|X5F9U9|X5F9U9_NEIME,0,0,0,0
tr|X5F9W1|X5F9W1_NEIME,0,0,0,0
tr|X5F9W2|X5F9W2_NEIME,1,0,1,1
tr|X5F9Y4|X5F9Y4_NEIME,1,1,1,1
tr|X5F9Y9|X5F9Y9_NEIME,0,0,0,0
tr|X5FA01|X5FA01_NEIME,1,0,1,1
tr|X5FA16|X5FA16_NEIME,1,1,1,1
tr|X5FA46|X5FA46_NEIME,1,0,1,1
tr|X5FA62|X5FA62_NEIME,0,0,0,0
tr|X5FA68|X5FA68_NEIME,0,0,0,0
tr|X5FAI1|X5FAI1_NEIME,0,0,0,0
tr|X5FAQ6|X5FAQ6_NEIME,0,0,0,0
tr|X5FAS3|X5FAS3_NEIME,0,0,0,0
tr|X5FB38|X5FB38_NEIME,1,1,0,1
tr|X5FB42|X5FB42_NEIME,0,0,0,0
tr|X5FB55|X5FB55_NEIME,1,0,0,0
tr|X5FB61|X5FB61_NEIME,1,0,1,1
tr|X5FB73|X5FB73_NEIME,1,1,1,1
tr|X5FB78|X5FB78_NEIME,0,0,0,0
tr|X5FB90|X5FB90_NEIME,0,0,0,0
tr|X5FBA2|X5FBA2_NEIME,0,0,0,0
tr|X5FBE4|X5FBE4_NEIME,0,0,0,0
tr|X5FBI0|X5FBI0_NEIME,0,0,0,0
tr|X5FBN6|X5FBN6_NEIME,0,0,0,0
tr|X5FBR7|X5FBR7_NEIME,1,0,0,0
tr|X5FBS8|X5FBS8_NEIME,0,0,0,0
tr|X5FBY2|X5FBY2_NEIME,1,1,1,1
tr|X5FC10|X5FC10_NEIME,1,1,1,1
tr|X5FC12|X5FC12_NEIME,1,0,1,1
tr|A7ISB1|A7ISB1_NEIME,0,0,0,0
tr|A7ISB8|A7ISB8_NEIME,0,0,0,0
tr|A8V920|A8V920_NEIME,0,1,1,1
tr|B3FHD0|B3FHD0_NEIME,0,0,0,0
tr|C0KXI2|C0KXI2_NEIME,0,0,0,0
tr|C5I5P1|C5I5P1_NEIME,1,1,0,1
tr|E0YJA9|E0YJA9_NEIME,0,0,0,0
tr|E0YJC4|E0YJC4_NEIME,0,0,0,0
tr|E0YJD5|E0YJD5_NEIME,1,1,1,1
tr|E0YJD7|E0YJD7_NEIME,0,1,0,0
tr|O34609|O34609_NEIME,0,0,0,0
tr|P95372|P95372_NEIME,1,1,1,1
tr|Q51227|Q51227_NEIME,1,1,1,1
tr|Q56V14|Q56V14_NEIME,1,1,1,1
tr|Q6RV06|Q6RV06_NEIME,0,0,0,0
tr|Q7AX03|Q7AX03_NEIME,0,0,0,0
tr|Q7AX05|Q7AX05_NEIME,0,0,0,0
tr|Q7AX10|Q7AX10_NEIME,0,0,0,0
tr|Q7AX12|Q7AX12_NEIME,1,0,0,0
tr|Q7AX19|Q7AX19_NEIME,0,0,0,0
tr|Q7AX20|Q7AX20_NEIME,0,0,0,0
tr|Q7AX21|Q7AX21_NEIME,0,0,0,0
tr|Q7AX23|Q7AX23_NEIME,0,1,1,1
tr|Q7AX25|Q7AX25_NEIME,0,0,0,0
tr|Q7AX27|Q7AX27_NEIME,1,1,1,1
tr|Q7AX29|Q7AX29_NEIME,0,0,0,0
tr|Q7AX30|Q7AX30_NEIME,0,0,0,0
tr|Q7AX31|Q7AX31_NEIME,1,1,1,1
tr|Q7AX32|Q7AX32_NEIME,0,1,1,1
tr|Q7AX33|Q7AX33_NEIME,0,0,0,0
tr|Q7AX34|Q7AX34_NEIME,1,0,0,0
tr|Q7AX37|Q7AX37_NEIME,0,0,0,0
tr|Q7AX40|Q7AX40_NEIME,1,0,0,0
tr|Q7AX41|Q7AX41_NEIME,1,1,1,1
tr|Q7AX47|Q7AX47_NEIME,1,1,1,1
tr|Q7AX48|Q7AX48_NEIME,1,1,1,1
tr|Q7AX49|Q7AX49_NEIME,1,1,1,1
tr|Q7AX50|Q7AX50_NEIME,0,0,0,0
tr|Q7AX51|Q7AX51_NEIME,1,1,1,1
tr|Q7AX52|Q7AX52_NEIME,0,1,0,0
tr|Q7AX53|Q7AX53_NEIME,0,0,0,0
tr|Q7AX54|Q7AX54_NEIME,0,0,0,0
tr|Q7AX55|Q7AX55_NEIME,1,0,1,1
tr|Q7AX59|Q7AX59_NEIME,1,1,1,1
tr|Q7AX60|Q7AX60_NEIME,0,0,0,0
tr|Q7AX68|Q7AX68_NEIME,0,0,0,0
tr|Q7B1D1|Q7B1D1_NEIME,0,0,0,0
tr|Q7BSK2|Q7BSK2_NEIME,0,1,0,0
tr|Q8KI19|Q8KI19_NEIME,0,0,0,0
tr|Q9JPF4|Q9JPF4_NEIME,0,0,0,0
tr|Q9JPH3|Q9JPH3_NEIME,0,0,0,0
tr|Q9JPH4|Q9JPH4_NEIME,1,0,1,1
tr|Q9JQZ1|Q9JQZ1_NEIME,0,0,0,0
tr|Q9R2Z3|Q9R2Z3_NEIME,0,0,0,0
tr|Q9RGD9|Q9RGD9_NEIME,0,0,1,0
tr|Q9RQW1|Q9RQW1_NEIME,0,0,0,0
tr|Q9RQW3|Q9RQW3_NEIME,1,1,0,1
tr|Q9WW31|Q9WW31_NEIME,1,0,0,0
tr|Q9XAY9|Q9XAY9_NEIME,0,0,0,0
tr|X5EFD2|X5EFD2_NEIME,0,0,0,0
tr|X5EFE3|X5EFE3_NEIME,1,1,0,1
tr|X5EFE8|X5EFE8_NEIME,0,0,0,0
tr|X5EFG1|X5EFG1_NEIME,1,0,0,0
tr|X5EFG9|X5EFG9_NEIME,1,1,1,1
tr|X5EFH8|X5EFH8_NEIME,0,0,0,0
tr|X5EFI2|X5EFI2_NEIME,0,0,0,0
tr|X5EFI7|X5EFI7_NEIME,0,1,1,1
tr|X5EFJ1|X5EFJ1_NEIME,0,1,0,0
tr|X5EFJ9|X5EFJ9_NEIME,1,1,1,1
tr|X5EFK3|X5EFK3_NEIME,1,1,0,1
tr|X5EFK7|X5EFK7_NEIME,1,1,1,1
tr|X5EFM4|X5EFM4_NEIME,1,1,1,1
tr|X5EFM9|X5EFM9_NEIME,1,0,1,1
tr|X5EFQ1|X5EFQ1_NEIME,0,1,0,0
tr|X5EFQ8|X5EFQ8_NEIME,1,0,1,1
tr|X5EFR3|X5EFR3_NEIME,1,1,1,1
tr|X5EFS4|X5EFS4_NEIME,0,1,0,0
tr|X5EFS7|X5EFS7_NEIME,0,0,0,0
tr|X5EFT1|X5EFT1_NEIME,0,0,0,0
tr|X5EFT7|X5EFT7_NEIME,0,1,0,0
tr|X5EFU0|X5EFU0_NEIME,0,0,0,0
tr|X5EFV6|X5EFV6_NEIME,1,1,0,1
tr|X5EFW4|X5EFW4_NEIME,0,0,0,0
tr|X5EFW8|X5EFW8_NEIME,0,0,0,0
tr|X5EFX2|X5EFX2_NEIME,0,0,0,0
tr|X5EFX7|X5EFX7_NEIME,0,0,0,0
tr|X5EFY1|X5EFY1_NEIME,0,0,0,0
tr|X5EFY8|X5EFY8_NEIME,1,0,0,0
tr|X5EFZ2|X5EFZ2_NEIME,0,0,0,0
tr|X5EFZ9|X5EFZ9_NEIME,0,0,0,0
tr|X5EG11|X5EG11_NEIME,0,0,0,0
tr|X5EG15|X5EG15_NEIME,0,1,0,0
tr|X5EG31|X5EG31_NEIME,0,0,0,0
tr|X5EG37|X5EG37_NEIME,1,0,1,1
tr|X5EG48|X5EG48_NEIME,1,0,1,1
tr|X5EG64|X5EG64_NEIME,0,0,1,0
tr|X5EG71|X5EG71_NEIME,1,1,1,1
tr|X5EG77|X5EG77_NEIME,0,0,0,0
tr|X5EG91|X5EG91_NEIME,0,1,1,1
tr|X5EG97|X5EG97_NEIME,1,0,0,0
tr|X5EGB0|X5EGB0_NEIME,0,0,0,0
tr|X5EGC3|X5EGC3_NEIME,0,0,0,0
tr|X5EGC8|X5EGC8_NEIME,0,0,0,0
tr|X5EGD4|X5EGD4_NEIME,0,0,0,0
tr|X5EGE6|X5EGE6_NEIME,0,0,1,0
tr|X5EGF2|X5EGF2_NEIME,0,0,0,0
tr|X5EGF7|X5EGF7_NEIME,0,0,0,0
tr|X5EGG3|X5EGG3_NEIME,1,1,0,1
tr|X5EGH5|X5EGH5_NEIME,0,0,0,0
tr|X5EGI8|X5EGI8_NEIME,0,1,1,1
tr|X5EGJ2|X5EGJ2_NEIME,1,0,0,0
tr|X5EGK3|X5EGK3_NEIME,0,0,0,0
tr|X5EGL0|X5EGL0_NEIME,0,0,0,0
tr|X5EGL4|X5EGL4_NEIME,0,0,0,0
tr|X5EGM1|X5EGM1_NEIME,0,0,0,0
tr|X5EGP9|X5EGP9_NEIME,1,1,1,1
tr|X5EGQ7|X5EGQ7_NEIME,0,0,0,0
tr|X5EGR0|X5EGR0_NEIME,0,0,0,0
tr|X5EGR4|X5EGR4_NEIME,0,0,1,0
tr|X5EGS0|X5EGS0_NEIME,1,1,1,1
tr|X5EGS3|X5EGS3_NEIME,1,0,0,0
tr|X5EGS7|X5EGS7_NEIME,1,1,1,1
tr|X5EGS8|X5EGS8_NEIME,0,0,0,0
tr|X5EGT2|X5EGT2_NEIME,1,1,1,1
tr|X5EGT7|X5EGT7_NEIME,0,0,1,0
tr|X5EGU0|X5EGU0_NEIME,0,0,0,0
tr|X5EGU3|X5EGU3_NEIME,0,1,1,1
tr|X5EGU5|X5EGU5_NEIME,0,0,0,0
tr|X5EGV4|X5EGV4_NEIME,1,0,0,0
tr|X5EGV7|X5EGV7_NEIME,0,0,0,0
tr|X5EGW2|X5EGW2_NEIME,0,0,0,0
tr|X5EGX0|X5EGX0_NEIME,1,1,0,1
tr|X5EGX4|X5EGX4_NEIME,1,0,0,0
tr|X5EGX8|X5EGX8_NEIME,0,0,0,0
tr|X5EGY0|X5EGY0_NEIME,0,1,0,0
tr|X5EGY8|X5EGY8_NEIME,0,0,0,0
tr|X5EGZ6|X5EGZ6_NEIME,1,1,1,1
tr|X5EGZ9|X5EGZ9_NEIME,0,0,1,0
tr|X5EH09|X5EH09_NEIME,0,0,0,0
tr|X5EH13|X5EH13_NEIME,0,0,1,0
tr|X5EH28|X5EH28_NEIME,0,0,0,0
tr|X5EH33|X5EH33_NEIME,1,0,0,0
tr|X5EH36|X5EH36_NEIME,1,0,1,1
tr|X5EH41|X5EH41_NEIME,0,0,0,0
tr|X5EH46|X5EH46_NEIME,1,1,1,1
tr|X5EH50|X5EH50_NEIME,0,0,0,0
tr|X5EH55|X5EH55_NEIME,1,1,1,1
tr|X5EH58|X5EH58_NEIME,1,0,1,1
tr|X5EH61|X5EH61_NEIME,1,0,0,0
tr|X5EH70|X5EH70_NEIME,1,0,0,0
tr|X5EH73|X5EH73_NEIME,0,0,0,0
tr|X5EH82|X5EH82_NEIME,0,0,1,0
tr|X5EH86|X5EH86_NEIME,0,0,0,0
tr|X5EH90|X5EH90_NEIME,1,0,0,0
tr|X5EHA1|X5EHA1_NEIME,0,0,0,0
tr|X5EHA6|X5EHA6_NEIME,1,1,1,1
tr|X5EHB0|X5EHB0_NEIME,0,0,0,0
tr|X5EHB4|X5EHB4_NEIME,1,0,0,0
tr|X5EHC0|X5EHC0_NEIME,0,1,1,1
tr|X5EHC4|X5EHC4_NEIME,0,0,0,0
tr|X5EHF5|X5EHF5_NEIME,0,0,0,0
tr|X5EHG0|X5EHG0_NEIME,1,0,1,1
tr|X5EHG5|X5EHG5_NEIME,0,0,0,0
tr|X5EHJ4|X5EHJ4_NEIME,0,0,0,0
tr|X5EHK4|X5EHK4_NEIME,1,0,0,0
tr|X5EHK9|X5EHK9_NEIME,0,1,1,1
tr|X5EHL4|X5EHL4_NEIME,1,1,0,1
tr|X5EHM0|X5EHM0_NEIME,0,0,0,0
tr|X5EHM4|X5EHM4_NEIME,0,0,0,0
tr|X5EHN0|X5EHN0_NEIME,0,0,0,0
tr|X5EHP4|X5EHP4_NEIME,0,1,0,0
tr|X5EHQ6|X5EHQ6_NEIME,0,1,0,0
tr|X5EHR3|X5EHR3_NEIME,1,0,0,0
tr|X5EHR9|X5EHR9_NEIME,0,0,0,0
tr|X5EHS5|X5EHS5_NEIME,0,0,0,0
tr|X5EHT3|X5EHT3_NEIME,0,0,0,0
tr|X5EHU0|X5EHU0_NEIME,1,0,1,1
tr|X5EHV2|X5EHV2_NEIME,0,1,0,0
tr|X5EHW7|X5EHW7_NEIME,0,0,0,0
tr|X5EHX3|X5EHX3_NEIME,0,0,0,0
tr|X5EHX8|X5EHX8_NEIME,0,1,1,1
tr|X5EHY5|X5EHY5_NEIME,0,0,0,0
tr|X5EI43|X5EI43_NEIME,0,1,0,0
tr|X5EI50|X5EI50_NEIME,0,0,0,0
tr|X5EI55|X5EI55_NEIME,1,1,0,1
tr|X5EI59|X5EI59_NEIME,0,0,0,0
tr|X5EI67|X5EI67_NEIME,0,1,0,0
tr|X5EI80|X5EI80_NEIME,0,0,0,0
tr|X5EI83|X5EI83_NEIME,1,0,0,0
tr|X5EI88|X5EI88_NEIME,0,0,0,0
tr|X5EI95|X5EI95_NEIME,0,0,0,0
tr|X5EIA7|X5EIA7_NEIME,0,0,0,0
tr|X5EIB0|X5EIB0_NEIME,0,0,0,0
tr|X5EIB4|X5EIB4_NEIME,1,0,1,1
tr|X5EIC7|X5EIC7_NEIME,1,1,1,1
tr|X5EID7|X5EID7_NEIME,0,0,1,0
tr|X5EIE7|X5EIE7_NEIME,0,0,1,0
tr|X5EIF5|X5EIF5_NEIME,1,0,1,1
tr|X5EIG2|X5EIG2_NEIME,0,0,0,0
tr|X5EIH0|X5EIH0_NEIME,0,1,0,0
tr|X5EIH5|X5EIH5_NEIME,1,0,0,0
tr|X5EII9|X5EII9_NEIME,0,0,0,0
tr|X5EIJ1|X5EIJ1_NEIME,0,0,1,0
tr|X5EIJ6|X5EIJ6_NEIME,1,1,1,1
tr|X5EIK1|X5EIK1_NEIME,1,1,0,1
tr|X5EIK9|X5EIK9_NEIME,0,0,0,0
tr|X5EIL2|X5EIL2_NEIME,0,0,0,0
tr|X5EIL6|X5EIL6_NEIME,1,1,0,1
tr|X5EIM0|X5EIM0_NEIME,0,0,0,0
tr|X5EIM9|X5EIM9_NEIME,1,1,1,1
tr|X5EIP5|X5EIP5_NEIME,0,0,0,0
tr|X5EIP9|X5EIP9_NEIME,0,0,0,0
tr|X5EIQ8|X5EIQ8_NEIME,1,1,1,1
tr|X5EIU0|X5EIU0_NEIME,0,0,0,0
tr|X5EIU4|X5EIU4_NEIME,1,1,1,1
tr|X5EIU9|X5EIU9_NEIME,0,0,1,0
tr|X5EIV7|X5EIV7_NEIME,0,0,0,0
tr|X5EIW7|X5EIW7_NEIME,0,0,0,0
tr|X5EIY1|X5EIY1_NEIME,1,1,1,1
tr|X5EIY8|X5EIY8_NEIME,0,0,1,0
tr|X5EIZ7|X5EIZ7_NEIME,1,0,0,0
tr|X5EJ03|X5EJ03_NEIME,1,0,0,0
tr|X5EJ12|X5EJ12_NEIME,0,0,1,0
tr|X5EJ22|X5EJ22_NEIME,0,0,0,0
tr|X5EJ30|X5EJ30_NEIME,1,1,0,1
tr|X5EJ42|X5EJ42_NEIME,0,1,1,1
tr|X5EJ74|X5EJ74_NEIME,0,0,0,0
tr|X5EJ80|X5EJ80_NEIME,1,1,0,1
tr|X5EJ86|X5EJ86_NEIME,0,0,0,0
tr|X5EJ92|X5EJ92_NEIME,0,1,1,1
tr|X5EJ98|X5EJ98_NEIME,0,0,0,0
tr|X5EJA3|X5EJA3_NEIME,0,0,0,0
tr|X5EJB5|X5EJB5_NEIME,0,0,1,0
tr|X5EJC1|X5EJC1_NEIME,0,0,0,0
tr|X5EJC7|X5EJC7_NEIME,1,1,1,1
tr|X5EJD5|X5EJD5_NEIME,0,0,0,0
tr|X5EJE2|X5EJE2_NEIME,0,0,0,0
tr|X5EJE7|X5EJE7_NEIME,0,0,0,0
tr|X5EJF3|X5EJF3_NEIME,1,0,0,0
tr|X5EJF7|X5EJF7_NEIME,1,1,1,1
tr|X5EJG2|X5EJG2_NEIME,0,0,0,0
tr|X5EJJ5|X5EJJ5_NEIME,1,1,0,1
tr|X5EJK6|X5EJK6_NEIME,0,0,0,0
tr|X5EJL0|X5EJL0_NEIME,0,0,0,0
tr|X5EJL6|X5EJL6_NEIME,1,0,0,0
tr|X5EJL9|X5EJL9_NEIME,0,0,0,0
tr|X5EJM3|X5EJM3_NEIME,0,0,0,0
tr|X5EJM9|X5EJM9_NEIME,0,0,0,0
tr|X5EJN3|X5EJN3_NEIME,0,0,0,0
tr|X5EJP6|X5EJP6_NEIME,0,0,0,0
tr|X5EJP8|X5EJP8_NEIME,0,0,0,0
tr|X5EJQ3|X5EJQ3_NEIME,0,0,0,0
tr|X5EJQ7|X5EJQ7_NEIME,0,0,0,0
tr|X5EJR0|X5EJR0_NEIME,0,1,0,0
tr|X5EJR7|X5EJR7_NEIME,0,0,0,0
tr|X5EJS1|X5EJS1_NEIME,0,0,1,0
tr|X5EJS4|X5EJS4_NEIME,0,0,1,0
tr|X5EJT0|X5EJT0_NEIME,0,1,0,0
tr|X5EJT4|X5EJT4_NEIME,0,0,0,0
tr|X5EJT8|X5EJT8_NEIME,0,1,1,1
tr|X5EJU0|X5EJU0_NEIME,0,0,0,0
tr|X5EJU5|X5EJU5_NEIME,0,0,0,0
tr|X5EJV0|X5EJV0_NEIME,0,0,0,0
tr|X5EJV8|X5EJV8_NEIME,0,1,0,0
tr|X5EJW2|X5EJW2_NEIME,0,0,0,0
tr|X5EJW6|X5EJW6_NEIME,1,0,1,1
tr|X5EJX3|X5EJX3_NEIME,0,0,0,0
tr|X5EJY3|X5EJY3_NEIME,1,1,1,1
tr|X5EJZ5|X5EJZ5_NEIME,0,0,0,0
tr|X5EJZ9|X5EJZ9_NEIME,1,1,1,1
tr|X5EK04|X5EK04_NEIME,0,1,1,1
tr|X5EK09|X5EK09_NEIME,0,1,0,0
tr|X5EK13|X5EK13_NEIME,0,0,0,0
tr|X5EK17|X5EK17_NEIME,0,0,0,0
tr|X5EK24|X5EK24_NEIME,0,0,0,0
tr|X5EK27|X5EK27_NEIME,0,0,1,0
tr|X5EK33|X5EK33_NEIME,0,1,0,0
tr|X5EK46|X5EK46_NEIME,1,1,1,1
tr|X5EK60|X5EK60_NEIME,1,0,0,0
tr|X5EK64|X5EK64_NEIME,1,0,0,0
tr|X5EK69|X5EK69_NEIME,0,1,0,0
tr|X5EK73|X5EK73_NEIME,0,0,0,0
tr|X5EK78|X5EK78_NEIME,0,0,0,0
tr|X5EK85|X5EK85_NEIME,0,0,0,0
tr|X5EK90|X5EK90_NEIME,0,0,1,0
tr|X5EK95|X5EK95_NEIME,1,0,0,0
tr|X5EKA1|X5EKA1_NEIME,0,0,0,0
tr|X5EKA9|X5EKA9_NEIME,0,0,0,0
tr|X5EKC2|X5EKC2_NEIME,0,0,0,0
tr|X5EKC8|X5EKC8_NEIME,1,1,1,1
tr|X5EKD4|X5EKD4_NEIME,1,1,0,1
tr|X5EKE8|X5EKE8_NEIME,1,1,0,1
tr|X5EKF5|X5EKF5_NEIME,0,0,0,0
tr|X5EKH9|X5EKH9_NEIME,0,1,1,1
tr|X5EKI8|X5EKI8_NEIME,0,0,0,0
tr|X5EKJ6|X5EKJ6_NEIME,0,1,0,0
tr|X5EKK7|X5EKK7_NEIME,1,1,0,1
tr|X5EKL2|X5EKL2_NEIME,0,0,0,0
tr|X5EKL8|X5EKL8_NEIME,1,0,0,0
tr|X5EKN1|X5EKN1_NEIME,1,0,1,1
tr|X5EKN7|X5EKN7_NEIME,0,1,1,1
tr|X5EKP2|X5EKP2_NEIME,1,1,1,1
tr|X5EKP9|X5EKP9_NEIME,0,0,0,0
tr|X5EKQ4|X5EKQ4_NEIME,1,0,1,1
tr|X5EKR0|X5EKR0_NEIME,1,1,0,1
tr|X5EKS0|X5EKS0_NEIME,0,1,1,1
tr|X5EKS6|X5EKS6_NEIME,1,0,1,1
tr|X5EKT6|X5EKT6_NEIME,0,0,0,0
tr|X5EKV4|X5EKV4_NEIME,0,0,0,0
tr|X5EKX3|X5EKX3_NEIME,0,0,0,0
tr|X5EKY0|X5EKY0_NEIME,0,0,0,0
tr|X5EKY4|X5EKY4_NEIME,0,0,0,0
tr|X5EKZ0|X5EKZ0_NEIME,1,1,1,1
tr|X5EKZ4|X5EKZ4_NEIME,0,0,0,0
tr|X5EKZ7|X5EKZ7_NEIME,1,1,0,1
tr|X5EL04|X5EL04_NEIME,0,1,1,1
tr|X5EL08|X5EL08_NEIME,0,0,0,0
tr|X5EL17|X5EL17_NEIME,1,1,1,1
tr|X5EL24|X5EL24_NEIME,0,0,0,0
tr|X5EL30|X5EL30_NEIME,0,1,0,0
tr|X5EL37|X5EL37_NEIME,0,0,0,0
tr|X5EL49|X5EL49_NEIME,0,0,0,0
tr|X5EL56|X5EL56_NEIME,0,1,1,1
tr|X5EL64|X5EL64_NEIME,0,0,0,0
tr|X5EL68|X5EL68_NEIME,0,0,0,0
tr|X5EL72|X5EL72_NEIME,0,0,0,0
tr|X5EL77|X5EL77_NEIME,0,0,0,0
tr|X5EL83|X5EL83_NEIME,0,1,1,1
tr|X5EL86|X5EL86_NEIME,0,0,0,0
tr|X5EL90|X5EL90_NEIME,1,0,0,0
tr|X5ELA3|X5ELA3_NEIME,0,1,0,0
tr|X5ELA8|X5ELA8_NEIME,0,0,0,0
tr|X5ELA9|X5ELA9_NEIME,0,0,0,0
tr|X5ELB9|X5ELB9_NEIME,1,0,0,0
tr|X5ELC3|X5ELC3_NEIME,1,0,1,1
tr|X5ELD3|X5ELD3_NEIME,0,0,0,0
tr|X5ELE2|X5ELE2_NEIME,0,0,1,0
tr|X5ELE8|X5ELE8_NEIME,1,0,0,0
tr|X5ELF3|X5ELF3_NEIME,0,0,0,0
tr|X5ELF7|X5ELF7_NEIME,0,0,0,0
tr|X5ELH2|X5ELH2_NEIME,1,1,1,1
tr|X5ELJ2|X5ELJ2_NEIME,0,1,0,0
tr|X5ELJ6|X5ELJ6_NEIME,0,0,0,0
tr|X5ELK2|X5ELK2_NEIME,1,1,1,1
tr|X5ELL1|X5ELL1_NEIME,1,0,1,1
tr|X5ELL9|X5ELL9_NEIME,0,1,0,0
tr|X5ELM5|X5ELM5_NEIME,0,0,0,0
tr|X5ELM6|X5ELM6_NEIME,0,0,0,0
tr|X5ELP2|X5ELP2_NEIME,0,0,1,0
tr|X5ELP9|X5ELP9_NEIME,1,1,0,1
tr|X5ELQ3|X5ELQ3_NEIME,1,0,0,0
tr|X5ELQ7|X5ELQ7_NEIME,0,1,0,0
tr|X5ELQ9|X5ELQ9_NEIME,0,1,1,1
tr|X5ELR3|X5ELR3_NEIME,1,0,1,1
tr|X5ELR8|X5ELR8_NEIME,0,0,0,0
tr|X5ELS8|X5ELS8_NEIME,1,0,1,1
tr|X5ELT2|X5ELT2_NEIME,0,0,0,0
tr|X5ELT5|X5ELT5_NEIME,0,0,1,0
tr|X5ELU3|X5ELU3_NEIME,1,0,0,0
tr|X5ELU8|X5ELU8_NEIME,1,1,1,1
tr|X5ELV1|X5ELV1_NEIME,0,0,0,0
tr|X5ELV7|X5ELV7_NEIME,1,0,1,1
tr|X5ELV9|X5ELV9_NEIME,1,1,0,1
tr|X5ELW6|X5ELW6_NEIME,1,1,1,1
tr|X5ELW8|X5ELW8_NEIME,0,0,0,0
tr|X5ELX3|X5ELX3_NEIME,0,0,0,0
tr|X5ELX8|X5ELX8_NEIME,0,0,0,0
tr|X5ELY6|X5ELY6_NEIME,0,0,0,0
tr|X5ELZ3|X5ELZ3_NEIME,0,0,0,0
tr|X5ELZ8|X5ELZ8_NEIME,1,1,0,1
tr|X5EM11|X5EM11_NEIME,1,1,1,1
tr|X5EM16|X5EM16_NEIME,0,0,0,0
tr|X5EM22|X5EM22_NEIME,1,1,0,1
tr|X5EM31|X5EM31_NEIME,1,1,0,1
tr|X5EM36|X5EM36_NEIME,0,0,0,0
tr|X5EM37|X5EM37_NEIME,0,0,0,0
tr|X5EM40|X5EM40_NEIME,0,0,1,0
tr|X5EM44|X5EM44_NEIME,0,0,1,0
tr|X5EM49|X5EM49_NEIME,1,0,1,1
tr|X5EM50|X5EM50_NEIME,1,1,1,1
tr|X5EM54|X5EM54_NEIME,0,0,0,0
tr|X5EM59|X5EM59_NEIME,0,0,0,0
tr|X5EM61|X5EM61_NEIME,0,0,0,0
tr|X5EM64|X5EM64_NEIME,0,0,0,0
tr|X5EM73|X5EM73_NEIME,1,1,1,1
tr|X5EM78|X5EM78_NEIME,1,0,0,0
tr|X5EM80|X5EM80_NEIME,1,1,1,1
tr|X5EM83|X5EM83_NEIME,0,0,0,0
tr|X5EM84|X5EM84_NEIME,0,0,0,0
tr|X5EM88|X5EM88_NEIME,0,0,0,0
tr|X5EM90|X5EM90_NEIME,0,0,0,0
tr|X5EM94|X5EM94_NEIME,1,1,1,1
tr|X5EM99|X5EM99_NEIME,0,0,0,0
tr|X5EMA4|X5EMA4_NEIME,0,0,0,0
tr|X5EMA9|X5EMA9_NEIME,1,0,0,0
tr|X5EMB3|X5EMB3_NEIME,1,1,1,1
tr|X5EMC5|X5EMC5_NEIME,0,0,0,0
tr|X5EMC9|X5EMC9_NEIME,0,0,0,0
tr|X5EMD0|X5EMD0_NEIME,0,0,0,0
tr|X5EMD4|X5EMD4_NEIME,1,1,1,1
tr|X5EMD6|X5EMD6_NEIME,1,0,0,0
tr|X5EME1|X5EME1_NEIME,0,0,0,0
tr|X5EME5|X5EME5_NEIME,0,0,0,0
tr|X5EMF2|X5EMF2_NEIME,1,0,0,0
tr|X5EMF7|X5EMF7_NEIME,0,0,0,0
tr|X5EMG9|X5EMG9_NEIME,1,1,1,1
tr|X5EMH5|X5EMH5_NEIME,1,1,1,1
tr|X5EMI1|X5EMI1_NEIME,0,0,1,0
tr|X5EMI6|X5EMI6_NEIME,0,0,1,0
tr|X5EMK3|X5EMK3_NEIME,1,1,1,1
tr|X5EML2|X5EML2_NEIME,0,1,0,0
tr|X5EML8|X5EML8_NEIME,1,0,0,0
tr|X5EMM8|X5EMM8_NEIME,1,1,1,1
tr|X5EMN3|X5EMN3_NEIME,1,1,1,1
tr|X5EMN7|X5EMN7_NEIME,1,0,0,0
tr|X5EMP1|X5EMP1_NEIME,1,0,0,0
tr|X5EMP7|X5EMP7_NEIME,1,0,1,1
tr|X5EMQ5|X5EMQ5_NEIME,0,1,0,0
tr|X5EMQ9|X5EMQ9_NEIME,0,0,0,0
tr|X5EMR7|X5EMR7_NEIME,1,0,0,0
tr|X5EMS3|X5EMS3_NEIME,1,1,0,1
tr|X5EMT0|X5EMT0_NEIME,0,0,0,0
tr|X5EMT6|X5EMT6_NEIME,0,0,0,0
tr|X5EMU6|X5EMU6_NEIME,0,0,0,0
tr|X5EMV1|X5EMV1_NEIME,1,0,0,0
tr|X5EMW8|X5EMW8_NEIME,0,1,1,1
tr|X5EMY2|X5EMY2_NEIME,0,0,0,0
tr|X5EMY9|X5EMY9_NEIME,0,0,0,0
tr|X5EMZ1|X5EMZ1_NEIME,1,1,1,1
tr|X5EMZ4|X5EMZ4_NEIME,0,0,0,0
tr|X5EMZ8|X5EMZ8_NEIME,0,0,0,0
tr|X5EN02|X5EN02_NEIME,1,0,1,1
tr|X5EN07|X5EN07_NEIME,0,0,0,0
tr|X5EN10|X5EN10_NEIME,0,1,0,0
tr|X5EN15|X5EN15_NEIME,1,0,1,1
tr|X5EN19|X5EN19_NEIME,0,0,0,0
tr|X5EN23|X5EN23_NEIME,0,0,0,0
tr|X5EN28|X5EN28_NEIME,0,0,0,0
tr|X5EN33|X5EN33_NEIME,0,0,0,0
tr|X5EN35|X5EN35_NEIME,0,0,0,0
tr|X5EN36|X5EN36_NEIME,0,0,0,0
tr|X5EN37|X5EN37_NEIME,1,0,1,1
tr|X5EN40|X5EN40_NEIME,0,0,0,0
tr|X5EN41|X5EN41_NEIME,0,0,0,0
tr|X5EN45|X5EN45_NEIME,0,0,0,0
tr|X5EN46|X5EN46_NEIME,0,1,1,1
tr|X5EN48|X5EN48_NEIME,0,0,0,0
tr|X5EN49|X5EN49_NEIME,0,0,0,0
tr|X5EN52|X5EN52_NEIME,1,1,1,1
tr|X5EN56|X5EN56_NEIME,1,0,0,0
tr|X5EN57|X5EN57_NEIME,0,0,0,0
tr|X5EN64|X5EN64_NEIME,1,1,1,1
tr|X5EN65|X5EN65_NEIME,0,0,0,0
tr|X5EN66|X5EN66_NEIME,0,0,0,0
tr|X5EN69|X5EN69_NEIME,0,0,1,0
tr|X5EN70|X5EN70_NEIME,1,1,0,1
tr|X5EN72|X5EN72_NEIME,0,0,0,0
tr|X5EN75|X5EN75_NEIME,1,1,0,1
tr|X5EN78|X5EN78_NEIME,0,0,0,0
tr|X5EN83|X5EN83_NEIME,0,0,0,0
tr|X5EN86|X5EN86_NEIME,0,0,0,0
tr|X5EN95|X5EN95_NEIME,1,0,0,0
tr|X5EN97|X5EN97_NEIME,0,0,0,0
tr|X5ENA2|X5ENA2_NEIME,1,0,0,0
tr|X5ENA5|X5ENA5_NEIME,0,0,0,0
tr|X5ENA6|X5ENA6_NEIME,0,0,0,0
tr|X5ENB1|X5ENB1_NEIME,1,0,0,0
tr|X5ENB3|X5ENB3_NEIME,0,0,0,0
tr|X5ENB8|X5ENB8_NEIME,0,1,0,0
tr|X5ENC3|X5ENC3_NEIME,1,1,1,1
tr|X5END4|X5END4_NEIME,1,0,0,0
tr|X5ENE2|X5ENE2_NEIME,1,0,0,0
tr|X5ENE3|X5ENE3_NEIME,1,0,0,0
tr|X5ENF0|X5ENF0_NEIME,0,0,0,0
tr|X5ENF2|X5ENF2_NEIME,0,0,0,0
tr|X5ENF8|X5ENF8_NEIME,0,1,0,0
tr|X5ENG2|X5ENG2_NEIME,0,0,0,0
tr|X5ENG5|X5ENG5_NEIME,0,0,0,0
tr|X5ENH4|X5ENH4_NEIME,0,0,1,0
tr|X5ENH5|X5ENH5_NEIME,0,0,0,0
tr|X5ENH8|X5ENH8_NEIME,0,0,0,0
tr|X5ENI4|X5ENI4_NEIME,1,0,1,1
tr|X5ENI7|X5ENI7_NEIME,0,0,0,0
tr|X5ENI8|X5ENI8_NEIME,0,0,0,0
tr|X5ENJ1|X5ENJ1_NEIME,0,0,0,0
tr|X5ENK1|X5ENK1_NEIME,0,1,1,1
tr|X5ENK2|X5ENK2_NEIME,1,0,0,0
tr|X5ENK6|X5ENK6_NEIME,0,0,0,0
tr|X5ENL5|X5ENL5_NEIME,0,0,1,0
tr|X5ENM0|X5ENM0_NEIME,0,0,0,0
tr|X5ENM4|X5ENM4_NEIME,0,0,1,0
tr|X5ENM6|X5ENM6_NEIME,1,0,0,0
tr|X5ENM9|X5ENM9_NEIME,0,0,0,0
tr|X5ENN1|X5ENN1_NEIME,1,0,1,1
tr|X5ENN4|X5ENN4_NEIME,0,0,1,0
tr|X5ENN5|X5ENN5_NEIME,0,0,0,0
tr|X5ENP1|X5ENP1_NEIME,1,1,1,1
tr|X5ENP4|X5ENP4_NEIME,0,0,0,0
tr|X5ENP5|X5ENP5_NEIME,1,1,1,1
tr|X5ENP9|X5ENP9_NEIME,1,0,1,1
tr|X5ENQ5|X5ENQ5_NEIME,1,0,1,1
tr|X5ENQ9|X5ENQ9_NEIME,1,0,0,0
tr|X5ENR3|X5ENR3_NEIME,0,0,0,0
tr|X5ENR4|X5ENR4_NEIME,1,1,1,1
tr|X5ENR9|X5ENR9_NEIME,1,0,1,1
tr|X5ENS5|X5ENS5_NEIME,1,1,1,1
tr|X5ENS9|X5ENS9_NEIME,0,1,0,0
tr|X5ENT0|X5ENT0_NEIME,0,0,1,0
tr|X5ENT3|X5ENT3_NEIME,0,0,1,0
tr|X5ENU3|X5ENU3_NEIME,0,0,0,0
tr|X5ENU4|X5ENU4_NEIME,1,1,1,1
tr|X5ENU9|X5ENU9_NEIME,0,0,0,0
tr|X5ENV2|X5ENV2_NEIME,1,1,1,1
tr|X5ENV5|X5ENV5_NEIME,1,0,0,0
tr|X5ENV6|X5ENV6_NEIME,1,1,1,1
tr|X5ENV9|X5ENV9_NEIME,0,0,0,0
tr|X5ENW2|X5ENW2_NEIME,1,0,0,0
tr|X5ENW4|X5ENW4_NEIME,0,1,0,0
tr|X5ENW9|X5ENW9_NEIME,1,1,1,1
tr|X5ENX5|X5ENX5_NEIME,0,0,0,0
tr|X5ENX8|X5ENX8_NEIME,0,0,0,0
tr|X5ENX9|X5ENX9_NEIME,0,0,0,0
tr|X5ENY3|X5ENY3_NEIME,1,0,1,1
tr|X5ENY4|X5ENY4_NEIME,1,1,1,1
tr|X5ENY5|X5ENY5_NEIME,0,0,0,0
tr|X5ENY9|X5ENY9_NEIME,0,0,0,0
tr|X5ENZ1|X5ENZ1_NEIME,1,0,0,0
tr|X5ENZ4|X5ENZ4_NEIME,0,0,0,0
tr|X5ENZ7|X5ENZ7_NEIME,0,0,1,0
tr|X5EP02|X5EP02_NEIME,1,0,1,1
tr|X5EP05|X5EP05_NEIME,0,0,0,0
tr|X5EP07|X5EP07_NEIME,0,0,1,0
tr|X5EP15|X5EP15_NEIME,0,0,0,0
tr|X5EP18|X5EP18_NEIME,0,0,0,0
tr|X5EP24|X5EP24_NEIME,0,1,0,0
tr|X5EP28|X5EP28_NEIME,0,0,0,0
tr|X5EP29|X5EP29_NEIME,0,0,1,0
tr|X5EP38|X5EP38_NEIME,0,1,0,0
tr|X5EP40|X5EP40_NEIME,0,0,0,0
tr|X5EP45|X5EP45_NEIME,0,0,0,0
tr|X5EP52|X5EP52_NEIME,1,1,1,1
tr|X5EP55|X5EP55_NEIME,1,1,1,1
tr|X5EP64|X5EP64_NEIME,0,1,0,0
tr|X5EP67|X5EP67_NEIME,0,0,0,0
tr|X5EP71|X5EP71_NEIME,1,1,0,1
tr|X5EP79|X5EP79_NEIME,0,1,1,1
tr|X5EP92|X5EP92_NEIME,1,0,1,1
tr|X5EP98|X5EP98_NEIME,0,0,0,0
tr|X5EPA2|X5EPA2_NEIME,0,0,0,0
tr|X5EPA4|X5EPA4_NEIME,0,0,0,0
tr|X5EPA9|X5EPA9_NEIME,0,0,0,0
tr|X5EPC1|X5EPC1_NEIME,1,0,0,0
tr|X5EPC7|X5EPC7_NEIME,0,0,1,0
tr|X5EPD3|X5EPD3_NEIME,0,1,0,0
tr|X5EPD4|X5EPD4_NEIME,0,0,0,0
tr|X5EPD6|X5EPD6_NEIME,1,0,1,1
tr|X5EPD8|X5EPD8_NEIME,0,1,0,0
tr|X5EPE0|X5EPE0_NEIME,0,0,0,0
tr|X5EPE3|X5EPE3_NEIME,1,0,1,1
tr|X5EPE6|X5EPE6_NEIME,0,0,0,0
tr|X5EPE7|X5EPE7_NEIME,0,1,0,0
tr|X5EPF2|X5EPF2_NEIME,0,0,0,0
tr|X5EPF3|X5EPF3_NEIME,0,1,1,1
tr|X5EPF5|X5EPF5_NEIME,0,0,0,0
tr|X5EPG2|X5EPG2_NEIME,0,1,1,1
tr|X5EPG3|X5EPG3_NEIME,0,0,0,0
tr|X5EPG5|X5EPG5_NEIME,1,1,1,1
tr|X5EPG7|X5EPG7_NEIME,0,0,0,0
tr|X5EPG9|X5EPG9_NEIME,0,1,0,0
tr|X5EPH3|X5EPH3_NEIME,1,1,1,1
tr|X5EPH7|X5EPH7_NEIME,0,1,1,1
tr|X5EPI0|X5EPI0_NEIME,1,0,1,1
tr|X5EPI3|X5EPI3_NEIME,0,0,0,0
tr|X5EPI4|X5EPI4_NEIME,0,0,0,0
tr|X5EPI8|X5EPI8_NEIME,0,0,1,0
tr|X5EPJ1|X5EPJ1_NEIME,0,1,0,0
tr|X5EPJ4|X5EPJ4_NEIME,1,1,1,1
tr|X5EPJ9|X5EPJ9_NEIME,0,0,0,0
tr|X5EPK3|X5EPK3_NEIME,0,0,0,0
tr|X5EPK6|X5EPK6_NEIME,1,0,0,0
tr|X5EPK7|X5EPK7_NEIME,0,1,0,0
tr|X5EPL0|X5EPL0_NEIME,0,0,0,0
tr|X5EPL3|X5EPL3_NEIME,1,0,1,1
tr|X5EPL7|X5EPL7_NEIME,1,0,1,1
tr|X5EPL9|X5EPL9_NEIME,1,0,1,1
tr|X5EPM1|X5EPM1_NEIME,0,1,1,1
tr|X5EPM2|X5EPM2_NEIME,1,1,1,1
tr|X5EPM4|X5EPM4_NEIME,0,0,0,0
tr|X5EPM5|X5EPM5_NEIME,0,1,0,0
tr|X5EPN0|X5EPN0_NEIME,0,0,0,0
tr|X5EPN3|X5EPN3_NEIME,0,1,0,0
tr|X5EPN8|X5EPN8_NEIME,1,0,1,1
tr|X5EPP4|X5EPP4_NEIME,0,0,0,0
tr|X5EPP6|X5EPP6_NEIME,0,0,1,0
tr|X5EPP7|X5EPP7_NEIME,1,0,0,0
tr|X5EPQ1|X5EPQ1_NEIME,0,0,0,0
tr|X5EPQ5|X5EPQ5_NEIME,0,0,1,0
tr|X5EPQ7|X5EPQ7_NEIME,1,0,1,1
tr|X5EPR0|X5EPR0_NEIME,1,1,1,1
tr|X5EPR8|X5EPR8_NEIME,1,0,0,0
tr|X5EPS0|X5EPS0_NEIME,0,0,0,0
tr|X5EPS3|X5EPS3_NEIME,1,0,0,0
tr|X5EPS4|X5EPS4_NEIME,0,0,0,0
tr|X5EPS7|X5EPS7_NEIME,0,0,0,0
tr|X5EPS9|X5EPS9_NEIME,1,1,1,1
tr|X5EPT2|X5EPT2_NEIME,1,0,0,0
tr|X5EPT3|X5EPT3_NEIME,1,0,0,0
tr|X5EPT8|X5EPT8_NEIME,0,0,0,0
tr|X5EPU1|X5EPU1_NEIME,0,0,0,0
tr|X5EPU3|X5EPU3_NEIME,1,0,1,1
tr|X5EPU6|X5EPU6_NEIME,1,1,1,1
tr|X5EPU8|X5EPU8_NEIME,0,0,0,0
tr|X5EPV4|X5EPV4_NEIME,1,1,0,1
tr|X5EPW2|X5EPW2_NEIME,0,0,0,0
tr|X5EPW3|X5EPW3_NEIME,1,0,0,0
tr|X5EPW7|X5EPW7_NEIME,0,0,0,0
tr|X5EPX0|X5EPX0_NEIME,1,1,1,1
tr|X5EPX2|X5EPX2_NEIME,0,0,0,0
tr|X5EPX6|X5EPX6_NEIME,0,1,0,0
tr|X5EPY0|X5EPY0_NEIME,1,0,1,1
tr|X5EPY4|X5EPY4_NEIME,0,0,0,0
tr|X5EPY6|X5EPY6_NEIME,0,0,0,0
tr|X5EPY9|X5EPY9_NEIME,1,0,0,0
tr|X5EPZ0|X5EPZ0_NEIME,0,1,0,0
tr|X5EPZ4|X5EPZ4_NEIME,0,1,0,0
tr|X5EPZ5|X5EPZ5_NEIME,0,0,0,0
tr|X5EPZ8|X5EPZ8_NEIME,0,0,0,0
tr|X5EQ07|X5EQ07_NEIME,0,0,0,0
tr|X5EQ20|X5EQ20_NEIME,0,1,1,1
tr|X5EQ22|X5EQ22_NEIME,0,0,0,0
tr|X5EQ25|X5EQ25_NEIME,0,0,0,0
tr|X5EQ26|X5EQ26_NEIME,0,1,1,1
tr|X5EQ29|X5EQ29_NEIME,0,0,0,0
tr|X5EQ33|X5EQ33_NEIME,0,0,0,0
tr|X5EQ38|X5EQ38_NEIME,0,0,0,0
tr|X5EQ42|X5EQ42_NEIME,1,0,1,1
tr|X5EQ47|X5EQ47_NEIME,1,1,0,1
tr|X5EQ51|X5EQ51_NEIME,0,0,0,0
tr|X5EQ56|X5EQ56_NEIME,0,0,0,0
tr|X5EQ57|X5EQ57_NEIME,1,1,0,1
tr|X5EQ60|X5EQ60_NEIME,0,1,0,0
tr|X5EQ62|X5EQ62_NEIME,0,1,0,0
tr|X5EQ66|X5EQ66_NEIME,1,1,1,1
tr|X5EQ70|X5EQ70_NEIME,0,0,0,0
tr|X5EQ72|X5EQ72_NEIME,1,1,1,1
tr|X5EQ75|X5EQ75_NEIME,0,0,0,0
tr|X5EQ78|X5EQ78_NEIME,0,0,0,0
tr|X5EQ79|X5EQ79_NEIME,1,0,1,1
tr|X5EQ82|X5EQ82_NEIME,1,1,1,1
tr|X5EQ84|X5EQ84_NEIME,0,0,0,0
tr|X5EQ87|X5EQ87_NEIME,0,1,1,1
tr|X5EQ92|X5EQ92_NEIME,0,0,1,0
tr|X5EQ94|X5EQ94_NEIME,1,0,1,1
tr|X5EQ99|X5EQ99_NEIME,1,0,0,0
tr|X5EQA2|X5EQA2_NEIME,0,0,0,0
tr|X5EQA3|X5EQA3_NEIME,0,0,0,0
tr|X5EQA7|X5EQA7_NEIME,1,0,0,0
tr|X5EQA8|X5EQA8_NEIME,0,0,0,0
tr|X5EQB0|X5EQB0_NEIME,0,0,0,0
tr|X5EQB2|X5EQB2_NEIME,0,1,0,0
tr|X5EQB5|X5EQB5_NEIME,0,0,0,0
tr|X5EQB7|X5EQB7_NEIME,1,0,0,0
tr|X5EQB8|X5EQB8_NEIME,0,0,0,0
tr|X5EQC3|X5EQC3_NEIME,1,1,0,1
tr|X5EQC7|X5EQC7_NEIME,0,1,1,1
tr|X5EQD1|X5EQD1_NEIME,0,0,1,0
tr|X5EQD2|X5EQD2_NEIME,0,0,0,0
tr|X5EQE0|X5EQE0_NEIME,0,0,0,0
tr|X5EQE1|X5EQE1_NEIME,0,0,0,0
tr|X5EQE8|X5EQE8_NEIME,0,0,0,0
tr|X5EQF1|X5EQF1_NEIME,0,0,1,0
tr|X5EQF2|X5EQF2_NEIME,0,0,0,0
tr|X5EQF3|X5EQF3_NEIME,0,1,1,1
tr|X5EQF6|X5EQF6_NEIME,0,0,0,0
tr|X5EQF9|X5EQF9_NEIME,0,1,1,1
tr|X5EQG0|X5EQG0_NEIME,0,1,1,1
tr|X5EQG2|X5EQG2_NEIME,0,0,0,0
tr|X5EQG6|X5EQG6_NEIME,0,0,0,0
tr|X5EQH0|X5EQH0_NEIME,0,1,0,0
tr|X5EQH3|X5EQH3_NEIME,0,0,0,0
tr|X5EQH4|X5EQH4_NEIME,1,0,0,0
tr|X5EQH9|X5EQH9_NEIME,1,1,1,1
tr|X5EQI5|X5EQI5_NEIME,0,0,0,0
tr|X5EQI6|X5EQI6_NEIME,0,0,0,0
tr|X5EQJ1|X5EQJ1_NEIME,1,0,1,1
tr|X5EQJ5|X5EQJ5_NEIME,1,0,1,1
tr|X5EQJ9|X5EQJ9_NEIME,1,1,1,1
tr|X5EQK4|X5EQK4_NEIME,1,1,1,1
tr|X5EQK5|X5EQK5_NEIME,1,0,1,1
tr|X5EQK9|X5EQK9_NEIME,1,0,1,1
tr|X5EQL5|X5EQL5_NEIME,0,0,1,0
tr|X5EQM1|X5EQM1_NEIME,0,0,1,0
tr|X5EQM4|X5EQM4_NEIME,0,0,0,0
tr|X5EQM8|X5EQM8_NEIME,0,0,0,0
tr|X5EQN4|X5EQN4_NEIME,0,0,0,0
tr|X5EQN7|X5EQN7_NEIME,1,1,0,1
tr|X5EQP1|X5EQP1_NEIME,1,1,1,1
tr|X5EQP4|X5EQP4_NEIME,0,0,0,0
tr|X5EQP7|X5EQP7_NEIME,0,0,0,0
tr|X5EQP9|X5EQP9_NEIME,1,0,1,1
tr|X5EQQ5|X5EQQ5_NEIME,1,0,0,0
tr|X5EQR8|X5EQR8_NEIME,0,0,0,0
tr|X5EQS5|X5EQS5_NEIME,0,0,1,0
tr|X5EQS7|X5EQS7_NEIME,0,1,0,0
tr|X5EQS9|X5EQS9_NEIME,1,1,0,1
tr|X5EQT1|X5EQT1_NEIME,1,0,0,0
tr|X5EQT5|X5EQT5_NEIME,0,0,0,0
tr|X5EQT8|X5EQT8_NEIME,0,0,0,0
tr|X5EQU0|X5EQU0_NEIME,0,1,1,1
tr|X5EQU2|X5EQU2_NEIME,0,0,1,0
tr|X5EQU4|X5EQU4_NEIME,0,0,0,0
tr|X5EQU7|X5EQU7_NEIME,0,1,0,0
tr|X5EQU8|X5EQU8_NEIME,1,1,0,1
tr|X5EQU9|X5EQU9_NEIME,1,1,1,1
tr|X5EQV3|X5EQV3_NEIME,0,0,0,0
tr|X5EQV4|X5EQV4_NEIME,0,1,0,0
tr|X5EQV7|X5EQV7_NEIME,0,0,0,0
tr|X5EQV8|X5EQV8_NEIME,0,0,0,0
tr|X5EQW1|X5EQW1_NEIME,0,0,0,0
tr|X5EQW8|X5EQW8_NEIME,1,0,0,0
tr|X5EQW9|X5EQW9_NEIME,0,0,0,0
tr|X5EQX2|X5EQX2_NEIME,1,0,1,1
tr|X5EQX3|X5EQX3_NEIME,1,0,1,1
tr|X5EQY0|X5EQY0_NEIME,0,0,0,0
tr|X5EQY1|X5EQY1_NEIME,1,1,0,1
tr|X5EQY4|X5EQY4_NEIME,1,1,1,1
tr|X5EQY9|X5EQY9_NEIME,1,0,0,0
tr|X5EQZ0|X5EQZ0_NEIME,0,0,0,0
tr|X5EQZ4|X5EQZ4_NEIME,0,0,0,0
tr|X5EQZ8|X5EQZ8_NEIME,1,0,0,0
tr|X5EQZ9|X5EQZ9_NEIME,0,0,0,0
tr|X5ER09|X5ER09_NEIME,1,0,0,0
tr|X5ER13|X5ER13_NEIME,0,0,1,0
tr|X5ER15|X5ER15_NEIME,1,1,1,1
tr|X5ER16|X5ER16_NEIME,0,0,0,0
tr|X5ER21|X5ER21_NEIME,0,0,0,0
tr|X5ER23|X5ER23_NEIME,0,0,1,0
tr|X5ER24|X5ER24_NEIME,0,0,0,0
tr|X5ER29|X5ER29_NEIME,0,0,0,0
tr|X5ER33|X5ER33_NEIME,1,0,0,0
tr|X5ER37|X5ER37_NEIME,1,1,1,1
tr|X5ER39|X5ER39_NEIME,0,1,1,1
tr|X5ER41|X5ER41_NEIME,0,1,1,1
tr|X5ER45|X5ER45_NEIME,0,0,0,0
tr|X5ER47|X5ER47_NEIME,0,0,0,0
tr|X5ER55|X5ER55_NEIME,1,0,1,1
tr|X5ER63|X5ER63_NEIME,0,0,0,0
tr|X5ER69|X5ER69_NEIME,0,0,0,0
tr|X5ER70|X5ER70_NEIME,1,0,1,1
tr|X5ER75|X5ER75_NEIME,0,0,0,0
tr|X5ER78|X5ER78_NEIME,0,0,0,0
tr|X5ER80|X5ER80_NEIME,1,0,0,0
tr|X5ER86|X5ER86_NEIME,0,0,0,0
tr|X5ER88|X5ER88_NEIME,1,1,1,1
tr|X5ER89|X5ER89_NEIME,1,1,1,1
tr|X5ER93|X5ER93_NEIME,0,0,0,0
tr|X5ER95|X5ER95_NEIME,0,0,0,0
tr|X5ER99|X5ER99_NEIME,0,0,0,0
tr|X5ERA1|X5ERA1_NEIME,1,0,0,0
tr|X5ERA4|X5ERA4_NEIME,1,1,0,1
tr|X5ERA6|X5ERA6_NEIME,1,0,0,0
tr|X5ERB3|X5ERB3_NEIME,0,0,0,0
tr|X5ERB5|X5ERB5_NEIME,1,0,0,0
tr|X5ERB9|X5ERB9_NEIME,0,1,0,0
tr|X5ERC2|X5ERC2_NEIME,0,0,1,0
tr|X5ERD0|X5ERD0_NEIME,1,0,0,0
tr|X5ERE0|X5ERE0_NEIME,1,0,0,0
tr|X5ERE1|X5ERE1_NEIME,0,0,0,0
tr|X5ERE3|X5ERE3_NEIME,0,0,0,0
tr|X5ERE6|X5ERE6_NEIME,1,1,1,1
tr|X5ERF3|X5ERF3_NEIME,0,1,0,0
tr|X5ERF6|X5ERF6_NEIME,0,1,0,0
tr|X5ERG1|X5ERG1_NEIME,1,0,1,1
tr|X5ERG3|X5ERG3_NEIME,1,1,1,1
tr|X5ERG8|X5ERG8_NEIME,0,0,0,0
tr|X5ERH3|X5ERH3_NEIME,0,0,1,0
tr|X5ERH5|X5ERH5_NEIME,0,0,0,0
tr|X5ERH8|X5ERH8_NEIME,0,0,1,0
tr|X5ERI0|X5ERI0_NEIME,0,1,1,1
tr|X5ERI3|X5ERI3_NEIME,0,0,0,0
tr|X5ERI5|X5ERI5_NEIME,1,0,1,1
tr|X5ERI8|X5ERI8_NEIME,1,1,1,1
tr|X5ERJ0|X5ERJ0_NEIME,1,1,1,1
tr|X5ERJ3|X5ERJ3_NEIME,0,1,0,0
tr|X5ERJ6|X5ERJ6_NEIME,1,0,1,1
tr|X5ERK0|X5ERK0_NEIME,1,1,1,1
tr|X5ERK6|X5ERK6_NEIME,0,0,0,0
tr|X5ERL1|X5ERL1_NEIME,0,0,0,0
tr|X5ERL5|X5ERL5_NEIME,1,0,1,1
tr|X5ERM0|X5ERM0_NEIME,1,0,1,1
tr|X5ERM2|X5ERM2_NEIME,0,0,0,0
tr|X5ERM4|X5ERM4_NEIME,1,1,1,1
tr|X5ERM6|X5ERM6_NEIME,1,1,0,1
tr|X5ERN4|X5ERN4_NEIME,1,0,0,0
tr|X5ERN7|X5ERN7_NEIME,0,0,0,0
tr|X5ERN9|X5ERN9_NEIME,0,0,0,0
tr|X5ERP2|X5ERP2_NEIME,0,1,0,0
tr|X5ERP3|X5ERP3_NEIME,1,0,1,1
tr|X5ERP5|X5ERP5_NEIME,0,0,0,0
tr|X5ERP8|X5ERP8_NEIME,1,0,1,1
tr|X5ERP9|X5ERP9_NEIME,1,1,1,1
tr|X5ERQ3|X5ERQ3_NEIME,0,0,0,0
tr|X5ERQ4|X5ERQ4_NEIME,1,1,1,1
tr|X5ERQ8|X5ERQ8_NEIME,0,1,0,0
tr|X5ERQ9|X5ERQ9_NEIME,1,1,0,1
tr|X5ERR2|X5ERR2_NEIME,1,0,0,0
tr|X5ERR4|X5ERR4_NEIME,0,0,0,0
tr|X5ERR7|X5ERR7_NEIME,0,1,0,0
tr|X5ERR8|X5ERR8_NEIME,0,1,0,0
tr|X5ERS1|X5ERS1_NEIME,1,1,0,1
tr|X5ERS2|X5ERS2_NEIME,1,0,1,1
tr|X5ERS6|X5ERS6_NEIME,0,1,0,0
tr|X5ERS7|X5ERS7_NEIME,0,0,0,0
tr|X5ERT0|X5ERT0_NEIME,0,0,0,0
tr|X5ERT1|X5ERT1_NEIME,1,1,1,1
tr|X5ERT4|X5ERT4_NEIME,0,0,0,0
tr|X5ERU0|X5ERU0_NEIME,1,0,0,0
tr|X5ERU4|X5ERU4_NEIME,0,0,0,0
tr|X5ERU6|X5ERU6_NEIME,0,0,0,0
tr|X5ERV1|X5ERV1_NEIME,0,0,0,0
tr|X5ERV5|X5ERV5_NEIME,0,1,1,1
tr|X5ERV9|X5ERV9_NEIME,1,1,1,1
tr|X5ERW1|X5ERW1_NEIME,1,1,1,1
tr|X5ERW3|X5ERW3_NEIME,0,0,0,0
tr|X5ERW6|X5ERW6_NEIME,0,0,0,0
tr|X5ERW7|X5ERW7_NEIME,0,0,0,0
tr|X5ERX1|X5ERX1_NEIME,1,0,1,1
tr|X5ERX5|X5ERX5_NEIME,0,0,0,0
tr|X5ERX7|X5ERX7_NEIME,0,1,0,0
tr|X5ERZ7|X5ERZ7_NEIME,1,0,1,1
tr|X5ES04|X5ES04_NEIME,0,0,0,0
tr|X5ES07|X5ES07_NEIME,0,0,1,0
tr|X5ES10|X5ES10_NEIME,1,0,0,0
tr|X5ES18|X5ES18_NEIME,0,0,0,0
tr|X5ES27|X5ES27_NEIME,1,1,0,1
tr|X5ES28|X5ES28_NEIME,0,0,0,0
tr|X5ES32|X5ES32_NEIME,1,0,0,0
tr|X5ES34|X5ES34_NEIME,1,0,1,1
tr|X5ES35|X5ES35_NEIME,1,1,1,1
tr|X5ES37|X5ES37_NEIME,0,0,0,0
tr|X5ES43|X5ES43_NEIME,0,1,0,0
tr|X5ES46|X5ES46_NEIME,0,1,0,0
tr|X5ES47|X5ES47_NEIME,0,0,0,0
tr|X5ES51|X5ES51_NEIME,0,0,0,0
tr|X5ES55|X5ES55_NEIME,0,0,0,0
tr|X5ES57|X5ES57_NEIME,1,1,1,1
tr|X5ES58|X5ES58_NEIME,1,0,1,1
tr|X5ES65|X5ES65_NEIME,0,1,0,0
tr|X5ES66|X5ES66_NEIME,1,1,1,1
tr|X5ES69|X5ES69_NEIME,1,1,1,1
tr|X5ES70|X5ES70_NEIME,0,0,0,0
tr|X5ES79|X5ES79_NEIME,0,0,0,0
tr|X5ES88|X5ES88_NEIME,0,0,1,0
tr|X5ES91|X5ES91_NEIME,1,0,0,0
tr|X5ES94|X5ES94_NEIME,0,0,0,0
tr|X5ES96|X5ES96_NEIME,0,0,0,0
tr|X5ES98|X5ES98_NEIME,1,0,0,0
tr|X5ESA1|X5ESA1_NEIME,0,0,0,0
tr|X5ESA3|X5ESA3_NEIME,1,0,0,0
tr|X5ESA5|X5ESA5_NEIME,1,0,1,1
tr|X5ESA6|X5ESA6_NEIME,0,0,0,0
tr|X5ESA9|X5ESA9_NEIME,1,1,0,1
tr|X5ESB1|X5ESB1_NEIME,1,1,1,1
tr|X5ESB3|X5ESB3_NEIME,0,0,1,0
tr|X5ESB8|X5ESB8_NEIME,0,1,1,1
tr|X5ESB9|X5ESB9_NEIME,0,0,1,0
tr|X5ESC5|X5ESC5_NEIME,0,0,0,0
tr|X5ESC7|X5ESC7_NEIME,0,0,0,0
tr|X5ESC8|X5ESC8_NEIME,0,1,0,0
tr|X5ESD3|X5ESD3_NEIME,1,1,1,1
tr|X5ESD5|X5ESD5_NEIME,1,1,1,1
tr|X5ESE7|X5ESE7_NEIME,1,1,1,1
tr|X5ESF0|X5ESF0_NEIME,1,1,0,1
tr|X5ESF4|X5ESF4_NEIME,1,1,1,1
tr|X5ESF6|X5ESF6_NEIME,0,1,0,0
tr|X5ESG2|X5ESG2_NEIME,0,1,0,0
tr|X5ESG7|X5ESG7_NEIME,0,0,1,0
tr|X5ESH0|X5ESH0_NEIME,0,0,0,0
tr|X5ESH1|X5ESH1_NEIME,0,0,0,0
tr|X5ESH5|X5ESH5_NEIME,1,1,1,1
tr|X5ESH9|X5ESH9_NEIME,0,0,0,0
tr|X5ESI3|X5ESI3_NEIME,0,0,0,0
tr|X5ESI7|X5ESI7_NEIME,0,0,0,0
tr|X5ESJ2|X5ESJ2_NEIME,0,0,0,0
tr|X5ESJ5|X5ESJ5_NEIME,0,0,0,0
tr|X5ESJ7|X5ESJ7_NEIME,1,0,1,1
tr|X5ESK0|X5ESK0_NEIME,1,0,0,0
tr|X5ESK1|X5ESK1_NEIME,1,0,0,0
tr|X5ESK5|X5ESK5_NEIME,1,0,1,1
tr|X5ESL0|X5ESL0_NEIME,0,0,0,0
tr|X5ESL1|X5ESL1_NEIME,0,0,0,0
tr|X5ESL5|X5ESL5_NEIME,1,0,1,1
tr|X5ESL6|X5ESL6_NEIME,0,0,0,0
tr|X5ESM1|X5ESM1_NEIME,0,0,0,0
tr|X5ESN3|X5ESN3_NEIME,0,0,0,0
tr|X5ESN8|X5ESN8_NEIME,1,0,1,1
tr|X5ESP1|X5ESP1_NEIME,1,1,1,1
tr|X5ESP6|X5ESP6_NEIME,0,0,1,0
tr|X5ESQ2|X5ESQ2_NEIME,0,1,0,0
tr|X5ESQ7|X5ESQ7_NEIME,0,0,0,0
tr|X5ESQ8|X5ESQ8_NEIME,0,0,0,0
tr|X5ESR2|X5ESR2_NEIME,0,0,0,0
tr|X5ESR4|X5ESR4_NEIME,0,0,0,0
tr|X5ESR9|X5ESR9_NEIME,0,0,0,0
tr|X5ESS4|X5ESS4_NEIME,1,0,1,1
tr|X5ESS6|X5ESS6_NEIME,1,1,1,1
tr|X5EST0|X5EST0_NEIME,1,1,0,1
tr|X5EST2|X5EST2_NEIME,1,0,0,0
tr|X5EST6|X5EST6_NEIME,1,0,1,1
tr|X5ESU1|X5ESU1_NEIME,0,1,0,0
tr|X5ESU7|X5ESU7_NEIME,0,0,0,0
tr|X5ESV1|X5ESV1_NEIME,1,0,0,0
tr|X5ESV2|X5ESV2_NEIME,0,1,0,0
tr|X5ESV6|X5ESV6_NEIME,1,1,1,1
tr|X5ESW7|X5ESW7_NEIME,1,1,1,1
tr|X5ESX8|X5ESX8_NEIME,0,0,0,0
tr|X5ESY4|X5ESY4_NEIME,1,0,0,0
tr|X5ESY6|X5ESY6_NEIME,0,0,0,0
tr|X5ESZ0|X5ESZ0_NEIME,1,1,1,1
tr|X5ESZ2|X5ESZ2_NEIME,0,1,0,0
tr|X5ESZ5|X5ESZ5_NEIME,1,1,1,1
tr|X5ESZ7|X5ESZ7_NEIME,0,1,1,1
tr|X5ET02|X5ET02_NEIME,0,1,1,1
tr|X5ET07|X5ET07_NEIME,1,1,0,1
tr|X5ET11|X5ET11_NEIME,1,1,1,1
tr|X5ET13|X5ET13_NEIME,0,1,1,1
tr|X5ET17|X5ET17_NEIME,0,1,1,1
tr|X5ET18|X5ET18_NEIME,1,1,1,1
tr|X5ET22|X5ET22_NEIME,1,1,1,1
tr|X5ET23|X5ET23_NEIME,1,0,0,0
tr|X5ET27|X5ET27_NEIME,0,1,0,0
tr|X5ET28|X5ET28_NEIME,1,0,1,1
tr|X5ET32|X5ET32_NEIME,0,0,0,0
tr|X5ET33|X5ET33_NEIME,0,0,1,0
tr|X5ET36|X5ET36_NEIME,0,0,0,0
tr|X5ET43|X5ET43_NEIME,1,0,0,0
tr|X5ET44|X5ET44_NEIME,0,0,0,0
tr|X5ET48|X5ET48_NEIME,1,1,1,1
tr|X5ET56|X5ET56_NEIME,0,0,0,0
tr|X5ET57|X5ET57_NEIME,0,0,0,0
tr|X5ET62|X5ET62_NEIME,0,0,0,0
tr|X5ET66|X5ET66_NEIME,0,1,0,0
tr|X5ET74|X5ET74_NEIME,1,0,0,0
tr|X5ET76|X5ET76_NEIME,1,1,1,1
tr|X5ET79|X5ET79_NEIME,0,0,0,0
tr|X5ET81|X5ET81_NEIME,0,0,0,0
tr|X5ET84|X5ET84_NEIME,0,0,1,0
tr|X5ET87|X5ET87_NEIME,1,0,1,1
tr|X5ET90|X5ET90_NEIME,0,1,1,1
tr|X5ET96|X5ET96_NEIME,1,1,1,1
tr|X5ETA0|X5ETA0_NEIME,0,0,0,0
tr|X5ETA1|X5ETA1_NEIME,1,0,0,0
tr|X5ETA7|X5ETA7_NEIME,1,1,1,1
tr|X5ETA8|X5ETA8_NEIME,0,1,1,1
tr|X5ETB2|X5ETB2_NEIME,1,0,0,0
tr|X5ETB4|X5ETB4_NEIME,0,0,0,0
tr|X5ETB8|X5ETB8_NEIME,0,0,0,0
tr|X5ETB9|X5ETB9_NEIME,1,1,1,1
tr|X5ETC4|X5ETC4_NEIME,0,0,0,0
tr|X5ETC9|X5ETC9_NEIME,0,0,0,0
tr|X5ETD4|X5ETD4_NEIME,1,0,0,0
tr|X5ETE1|X5ETE1_NEIME,0,1,1,1
tr|X5ETE5|X5ETE5_NEIME,0,0,0,0
tr|X5ETE8|X5ETE8_NEIME,0,0,0,0
tr|X5ETF2|X5ETF2_NEIME,0,1,0,0
tr|X5ETF4|X5ETF4_NEIME,0,0,0,0
tr|X5ETF8|X5ETF8_NEIME,1,1,1,1
tr|X5ETG4|X5ETG4_NEIME,0,0,1,0
tr|X5ETG7|X5ETG7_NEIME,0,0,0,0
tr|X5ETH1|X5ETH1_NEIME,1,1,1,1
tr|X5ETH3|X5ETH3_NEIME,1,1,0,1
tr|X5ETH5|X5ETH5_NEIME,0,1,0,0
tr|X5ETI1|X5ETI1_NEIME,1,1,1,1
tr|X5ETI5|X5ETI5_NEIME,1,0,1,1
tr|X5ETJ4|X5ETJ4_NEIME,0,0,0,0
tr|X5ETK3|X5ETK3_NEIME,0,0,1,0
tr|X5ETK7|X5ETK7_NEIME,0,0,0,0
tr|X5ETL0|X5ETL0_NEIME,0,0,0,0
tr|X5ETL5|X5ETL5_NEIME,1,0,0,0
tr|X5ETM3|X5ETM3_NEIME,0,0,0,0
tr|X5ETN9|X5ETN9_NEIME,0,0,0,0
tr|X5ETP3|X5ETP3_NEIME,1,0,1,1
tr|X5ETP7|X5ETP7_NEIME,0,0,0,0
tr|X5ETQ9|X5ETQ9_NEIME,0,0,0,0
tr|X5ETR3|X5ETR3_NEIME,1,0,1,1
tr|X5ETR7|X5ETR7_NEIME,0,0,1,0
tr|X5ETS0|X5ETS0_NEIME,0,0,0,0
tr|X5ETS7|X5ETS7_NEIME,0,0,0,0
tr|X5ETT4|X5ETT4_NEIME,0,0,0,0
tr|X5ETT7|X5ETT7_NEIME,0,0,0,0
tr|X5ETU5|X5ETU5_NEIME,0,1,0,0
tr|X5ETV3|X5ETV3_NEIME,0,0,1,0
tr|X5ETV7|X5ETV7_NEIME,0,0,0,0
tr|X5ETW2|X5ETW2_NEIME,0,0,0,0
tr|X5ETW6|X5ETW6_NEIME,0,0,0,0
tr|X5ETX0|X5ETX0_NEIME,0,0,0,0
tr|X5ETX9|X5ETX9_NEIME,0,0,1,0
tr|X5ETY5|X5ETY5_NEIME,0,1,0,0
tr|X5ETZ0|X5ETZ0_NEIME,1,0,0,0
tr|X5ETZ6|X5ETZ6_NEIME,0,0,0,0
tr|X5EU01|X5EU01_NEIME,0,0,0,0
tr|X5EU05|X5EU05_NEIME,0,0,1,0
tr|X5EU19|X5EU19_NEIME,1,1,1,1
tr|X5EU24|X5EU24_NEIME,0,0,0,0
tr|X5EU31|X5EU31_NEIME,0,0,0,0
tr|X5EU37|X5EU37_NEIME,0,0,0,0
tr|X5EU42|X5EU42_NEIME,0,1,1,1
tr|X5EU73|X5EU73_NEIME,0,0,0,0
tr|X5EU84|X5EU84_NEIME,0,1,1,1
tr|X5EU90|X5EU90_NEIME,0,1,0,0
tr|X5EU95|X5EU95_NEIME,0,0,1,0
tr|X5EUA7|X5EUA7_NEIME,0,0,0,0
tr|X5EUB6|X5EUB6_NEIME,0,0,1,0
tr|X5EUC4|X5EUC4_NEIME,1,1,0,1
tr|X5EUD0|X5EUD0_NEIME,1,0,1,1
tr|X5EUD4|X5EUD4_NEIME,1,0,0,0
tr|X5EUF2|X5EUF2_NEIME,0,1,0,0
tr|X5EUG2|X5EUG2_NEIME,0,1,0,0
tr|X5EUH3|X5EUH3_NEIME,1,0,1,1
tr|X5EUI5|X5EUI5_NEIME,0,0,0,0
tr|X5EUJ6|X5EUJ6_NEIME,0,1,0,0
tr|X5EUK3|X5EUK3_NEIME,1,1,1,1
tr|X5EUK8|X5EUK8_NEIME,0,0,0,0
tr|X5EUL6|X5EUL6_NEIME,0,1,0,0
tr|X5EUM4|X5EUM4_NEIME,1,0,0,0
tr|X5EUN0|X5EUN0_NEIME,0,0,0,0
tr|X5EUN5|X5EUN5_NEIME,0,0,0,0
tr|X5EUP1|X5EUP1_NEIME,0,0,0,0
tr|X5EUS2|X5EUS2_NEIME,0,1,1,1
tr|X5EUT5|X5EUT5_NEIME,1,0,0,0
tr|X5F386|X5F386_NEIME,0,0,0,0
tr|X5F390|X5F390_NEIME,0,0,1,0
tr|X5F394|X5F394_NEIME,0,0,0,0
tr|X5F399|X5F399_NEIME,1,0,1,1
tr|X5F3A2|X5F3A2_NEIME,1,0,0,0
tr|X5F3A6|X5F3A6_NEIME,0,0,0,0
tr|X5F3B0|X5F3B0_NEIME,1,0,0,0
tr|X5F3B4|X5F3B4_NEIME,0,0,0,0
tr|X5F3B7|X5F3B7_NEIME,1,1,1,1
tr|X5F3C1|X5F3C1_NEIME,1,0,1,1
tr|X5F3C7|X5F3C7_NEIME,1,0,1,1
tr|X5F3D1|X5F3D1_NEIME,1,0,1,1
tr|X5F3D4|X5F3D4_NEIME,0,0,0,0
tr|X5F3E2|X5F3E2_NEIME,0,0,0,0
tr|X5F3H1|X5F3H1_NEIME,0,0,0,0
tr|X5F3I0|X5F3I0_NEIME,1,0,0,0
tr|X5F3I8|X5F3I8_NEIME,1,1,1,1
tr|X5F3J2|X5F3J2_NEIME,0,0,1,0
tr|X5F3J6|X5F3J6_NEIME,1,0,0,0
tr|X5F3K1|X5F3K1_NEIME,0,0,0,0
tr|X5F3L4|X5F3L4_NEIME,1,0,0,0
tr|X5F3L5|X5F3L5_NEIME,1,1,1,1
tr|X5F3M0|X5F3M0_NEIME,1,0,1,1
tr|X5F3N2|X5F3N2_NEIME,1,1,1,1
tr|X5F3P1|X5F3P1_NEIME,1,1,1,1
tr|X5F3P8|X5F3P8_NEIME,0,0,0,0
tr|X5F3Q3|X5F3Q3_NEIME,0,0,1,0
tr|X5F3Q6|X5F3Q6_NEIME,0,0,0,0
tr|X5F3R0|X5F3R0_NEIME,0,0,1,0
tr|X5F3R3|X5F3R3_NEIME,0,1,0,0
tr|X5F3R5|X5F3R5_NEIME,0,0,0,0
tr|X5F3R8|X5F3R8_NEIME,0,0,0,0
tr|X5F3S2|X5F3S2_NEIME,0,0,0,0
tr|X5F3S6|X5F3S6_NEIME,1,0,0,0
tr|X5F3U2|X5F3U2_NEIME,1,1,1,1
tr|X5F3U7|X5F3U7_NEIME,0,1,0,0
tr|X5F3V3|X5F3V3_NEIME,1,0,0,0
tr|X5F3W5|X5F3W5_NEIME,1,0,0,0
tr|X5F3X1|X5F3X1_NEIME,0,0,0,0
tr|X5F3X7|X5F3X7_NEIME,1,1,1,1
tr|X5F3Y4|X5F3Y4_NEIME,0,0,0,0
tr|X5F3Y9|X5F3Y9_NEIME,1,0,1,1
tr|X5F3Z5|X5F3Z5_NEIME,1,1,1,1
tr|X5F401|X5F401_NEIME,0,1,0,0
tr|X5F406|X5F406_NEIME,0,0,0,0
tr|X5F411|X5F411_NEIME,0,0,0,0
tr|X5F421|X5F421_NEIME,0,0,1,0
tr|X5F426|X5F426_NEIME,0,0,0,0
tr|X5F432|X5F432_NEIME,1,0,1,1
tr|X5F439|X5F439_NEIME,0,0,0,0
tr|X5F446|X5F446_NEIME,0,0,1,0
tr|X5F453|X5F453_NEIME,1,1,1,1
tr|X5F460|X5F460_NEIME,0,0,0,0
tr|X5F466|X5F466_NEIME,1,0,1,1
tr|X5F471|X5F471_NEIME,0,0,0,0
tr|X5F479|X5F479_NEIME,1,0,0,0
tr|X5F498|X5F498_NEIME,0,0,0,0
tr|X5F4A5|X5F4A5_NEIME,1,1,0,1
tr|X5F4B0|X5F4B0_NEIME,0,0,1,0
tr|X5F4C2|X5F4C2_NEIME,0,0,0,0
tr|X5F4C7|X5F4C7_NEIME,0,0,0,0
tr|X5F4D4|X5F4D4_NEIME,0,0,0,0
tr|X5F4E1|X5F4E1_NEIME,0,0,0,0
tr|X5F4E6|X5F4E6_NEIME,0,0,0,0
tr|X5F4H2|X5F4H2_NEIME,0,0,0,0
tr|X5F4H5|X5F4H5_NEIME,0,0,0,0
tr|X5F4I2|X5F4I2_NEIME,0,0,0,0
tr|X5F4I4|X5F4I4_NEIME,0,0,0,0
tr|X5F4J1|X5F4J1_NEIME,1,1,0,1
tr|X5F4J3|X5F4J3_NEIME,0,0,1,0
tr|X5F4J7|X5F4J7_NEIME,1,1,0,1
tr|X5F4J8|X5F4J8_NEIME,0,0,0,0
tr|X5F4K1|X5F4K1_NEIME,0,0,0,0
tr|X5F4K3|X5F4K3_NEIME,1,0,0,0
tr|X5F4K5|X5F4K5_NEIME,0,0,0,0
tr|X5F4M0|X5F4M0_NEIME,1,0,1,1
tr|X5F4M3|X5F4M3_NEIME,0,0,0,0
tr|X5F4N9|X5F4N9_NEIME,0,0,0,0
tr|X5F4P6|X5F4P6_NEIME,1,1,1,1
tr|X5F4Q0|X5F4Q0_NEIME,0,0,1,0
tr|X5F4Q3|X5F4Q3_NEIME,1,1,0,1
tr|X5F4Q6|X5F4Q6_NEIME,0,0,0,0
tr|X5F4R0|X5F4R0_NEIME,1,0,0,0
tr|X5F4R2|X5F4R2_NEIME,0,0,0,0
tr|X5F4T1|X5F4T1_NEIME,0,0,0,0
tr|X5F4T7|X5F4T7_NEIME,1,0,0,0
tr|X5F4U0|X5F4U0_NEIME,1,1,1,1
tr|X5F4V6|X5F4V6_NEIME,0,0,1,0
tr|X5F4W8|X5F4W8_NEIME,1,0,0,0
tr|X5F4X4|X5F4X4_NEIME,0,0,0,0
tr|X5F4X9|X5F4X9_NEIME,1,0,1,1
tr|X5F4Y5|X5F4Y5_NEIME,0,0,0,0
tr|X5F4Z1|X5F4Z1_NEIME,1,1,1,1
tr|X5F4Z6|X5F4Z6_NEIME,0,0,0,0
tr|X5F4Z9|X5F4Z9_NEIME,1,0,0,0
tr|X5F503|X5F503_NEIME,0,0,0,0
tr|X5F512|X5F512_NEIME,1,0,0,0
tr|X5F517|X5F517_NEIME,0,0,0,0
tr|X5F525|X5F525_NEIME,0,1,0,0
tr|X5F530|X5F530_NEIME,0,1,1,1
tr|X5F535|X5F535_NEIME,1,1,1,1
tr|X5F539|X5F539_NEIME,0,0,0,0
tr|X5F543|X5F543_NEIME,0,0,0,0
tr|X5F552|X5F552_NEIME,0,0,0,0
tr|X5F556|X5F556_NEIME,0,0,0,0
tr|X5F566|X5F566_NEIME,1,1,0,1
tr|X5F572|X5F572_NEIME,0,0,0,0
tr|X5F578|X5F578_NEIME,0,0,0,0
tr|X5F588|X5F588_NEIME,0,0,0,0
tr|X5F5A8|X5F5A8_NEIME,0,0,0,0
tr|X5F5B5|X5F5B5_NEIME,0,1,0,0
tr|X5F5C1|X5F5C1_NEIME,1,1,0,1
tr|X5F5C3|X5F5C3_NEIME,0,0,1,0
tr|X5F5C6|X5F5C6_NEIME,1,0,0,0
tr|X5F5D1|X5F5D1_NEIME,0,0,0,0
tr|X5F5D2|X5F5D2_NEIME,0,0,0,0
tr|X5F5D4|X5F5D4_NEIME,1,0,1,1
tr|X5F5D9|X5F5D9_NEIME,1,1,1,1
tr|X5F5E1|X5F5E1_NEIME,0,0,0,0
tr|X5F5E6|X5F5E6_NEIME,1,1,1,1
tr|X5F5E9|X5F5E9_NEIME,0,0,0,0
tr|X5F5F1|X5F5F1_NEIME,1,0,0,0
tr|X5F5F2|X5F5F2_NEIME,0,0,0,0
tr|X5F5F5|X5F5F5_NEIME,1,0,0,0
tr|X5F5F7|X5F5F7_NEIME,0,0,0,0
tr|X5F5G2|X5F5G2_NEIME,0,0,0,0
tr|X5F5G3|X5F5G3_NEIME,1,0,1,1
tr|X5F5G7|X5F5G7_NEIME,0,0,1,0
tr|X5F5G9|X5F5G9_NEIME,0,0,0,0
tr|X5F5H4|X5F5H4_NEIME,0,0,0,0
tr|X5F5I1|X5F5I1_NEIME,1,1,0,1
tr|X5F5I5|X5F5I5_NEIME,0,1,0,0
tr|X5F5I9|X5F5I9_NEIME,1,1,1,1
tr|X5F5K1|X5F5K1_NEIME,1,0,1,1
tr|X5F5K6|X5F5K6_NEIME,1,1,0,1
tr|X5F5K9|X5F5K9_NEIME,1,0,1,1
tr|X5F5L6|X5F5L6_NEIME,1,1,1,1
tr|X5F5N0|X5F5N0_NEIME,1,1,1,1
tr|X5F5N3|X5F5N3_NEIME,0,1,1,1
tr|X5F5N9|X5F5N9_NEIME,0,0,1,0
tr|X5F5P3|X5F5P3_NEIME,0,0,1,0
tr|X5F5P8|X5F5P8_NEIME,0,0,1,0
tr|X5F5Q5|X5F5Q5_NEIME,0,0,0,0
tr|X5F5R0|X5F5R0_NEIME,0,0,0,0
tr|X5F5S3|X5F5S3_NEIME,1,0,1,1
tr|X5F5T2|X5F5T2_NEIME,1,1,0,1
tr|X5F5T8|X5F5T8_NEIME,1,0,1,1
tr|X5F5T9|X5F5T9_NEIME,1,0,0,0
tr|X5F5U4|X5F5U4_NEIME,0,0,0,0
tr|X5F5U6|X5F5U6_NEIME,0,0,1,0
tr|X5F5V8|X5F5V8_NEIME,1,0,0,0
tr|X5F5V9|X5F5V9_NEIME,0,0,1,0
tr|X5F5W1|X5F5W1_NEIME,0,0,1,0
tr|X5F5W5|X5F5W5_NEIME,0,0,0,0
tr|X5F5X5|X5F5X5_NEIME,0,0,0,0
tr|X5F5Y0|X5F5Y0_NEIME,1,1,0,1
tr|X5F5Y2|X5F5Y2_NEIME,0,0,0,0
tr|X5F5Y4|X5F5Y4_NEIME,1,1,1,1
tr|X5F5Y6|X5F5Y6_NEIME,1,1,1,1
tr|X5F5Z0|X5F5Z0_NEIME,0,1,0,0
tr|X5F5Z1|X5F5Z1_NEIME,1,0,1,1
tr|X5F606|X5F606_NEIME,0,0,0,0
tr|X5F608|X5F608_NEIME,1,1,1,1
tr|X5F611|X5F611_NEIME,0,0,0,0
tr|X5F617|X5F617_NEIME,1,0,0,0
tr|X5F619|X5F619_NEIME,0,1,0,0
tr|X5F622|X5F622_NEIME,1,0,0,0
tr|X5F624|X5F624_NEIME,0,0,0,0
tr|X5F628|X5F628_NEIME,0,0,0,0
tr|X5F632|X5F632_NEIME,0,0,1,0
tr|X5F637|X5F637_NEIME,1,1,1,1
tr|X5F638|X5F638_NEIME,1,0,1,1
tr|X5F641|X5F641_NEIME,0,0,0,0
tr|X5F646|X5F646_NEIME,0,0,0,0
tr|X5F648|X5F648_NEIME,0,0,0,0
tr|X5F649|X5F649_NEIME,0,0,1,0
tr|X5F653|X5F653_NEIME,0,0,0,0
tr|X5F657|X5F657_NEIME,1,0,0,0
tr|X5F660|X5F660_NEIME,0,0,0,0
tr|X5F661|X5F661_NEIME,0,0,0,0
tr|X5F664|X5F664_NEIME,0,0,1,0
tr|X5F672|X5F672_NEIME,0,1,1,1
tr|X5F675|X5F675_NEIME,0,0,0,0
tr|X5F679|X5F679_NEIME,1,1,1,1
tr|X5F684|X5F684_NEIME,0,0,0,0
tr|X5F685|X5F685_NEIME,1,0,0,0
tr|X5F688|X5F688_NEIME,1,0,1,1
tr|X5F690|X5F690_NEIME,0,1,1,1
tr|X5F691|X5F691_NEIME,0,0,0,0
tr|X5F696|X5F696_NEIME,0,0,0,0
tr|X5F6A6|X5F6A6_NEIME,1,0,0,0
tr|X5F6A8|X5F6A8_NEIME,0,0,0,0
tr|X5F6B1|X5F6B1_NEIME,0,0,0,0
tr|X5F6B5|X5F6B5_NEIME,0,0,0,0
tr|X5F6B8|X5F6B8_NEIME,1,0,0,0
tr|X5F6D5|X5F6D5_NEIME,0,0,0,0
tr|X5F6D8|X5F6D8_NEIME,1,1,1,1
tr|X5F6D9|X5F6D9_NEIME,1,1,1,1
tr|X5F6E3|X5F6E3_NEIME,0,1,1,1
tr|X5F6E5|X5F6E5_NEIME,1,0,1,1
tr|X5F6E6|X5F6E6_NEIME,0,0,0,0
tr|X5F6F2|X5F6F2_NEIME,1,0,1,1
tr|X5F6F5|X5F6F5_NEIME,1,0,0,0
tr|X5F6F8|X5F6F8_NEIME,0,0,0,0
tr|X5F6G3|X5F6G3_NEIME,1,0,1,1
tr|X5F6G4|X5F6G4_NEIME,0,0,0,0
tr|X5F6G8|X5F6G8_NEIME,1,0,0,0
tr|X5F6H0|X5F6H0_NEIME,0,0,0,0
tr|X5F6H4|X5F6H4_NEIME,0,0,0,0
tr|X5F6I2|X5F6I2_NEIME,1,0,1,1
tr|X5F6I4|X5F6I4_NEIME,1,1,1,1
tr|X5F6I6|X5F6I6_NEIME,0,0,1,0
tr|X5F6J0|X5F6J0_NEIME,0,1,1,1
tr|X5F6J1|X5F6J1_NEIME,0,1,1,1
tr|X5F6J5|X5F6J5_NEIME,0,0,0,0
tr|X5F6J6|X5F6J6_NEIME,1,0,0,0
tr|X5F6K0|X5F6K0_NEIME,0,0,0,0
tr|X5F6K4|X5F6K4_NEIME,0,0,0,0
tr|X5F6K7|X5F6K7_NEIME,0,0,0,0
tr|X5F6L0|X5F6L0_NEIME,0,0,1,0
tr|X5F6L3|X5F6L3_NEIME,0,1,0,0
tr|X5F6L6|X5F6L6_NEIME,0,0,0,0
tr|X5F6L9|X5F6L9_NEIME,1,0,1,1
tr|X5F6M2|X5F6M2_NEIME,1,1,1,1
tr|X5F6M7|X5F6M7_NEIME,1,0,1,1
tr|X5F6N0|X5F6N0_NEIME,1,0,1,1
tr|X5F6N1|X5F6N1_NEIME,0,0,0,0
tr|X5F6N3|X5F6N3_NEIME,0,0,0,0
tr|X5F6N8|X5F6N8_NEIME,0,0,0,0
tr|X5F6P5|X5F6P5_NEIME,1,1,1,1
tr|X5F6P9|X5F6P9_NEIME,1,1,1,1
tr|X5F6Q2|X5F6Q2_NEIME,0,0,0,0
tr|X5F6Q6|X5F6Q6_NEIME,1,1,1,1
tr|X5F6Q7|X5F6Q7_NEIME,1,1,1,1
tr|X5F6R1|X5F6R1_NEIME,0,0,0,0
tr|X5F6R3|X5F6R3_NEIME,0,0,0,0
tr|X5F6R5|X5F6R5_NEIME,1,0,0,0
tr|X5F6R7|X5F6R7_NEIME,0,0,0,0
tr|X5F6R9|X5F6R9_NEIME,1,0,1,1
tr|X5F6S2|X5F6S2_NEIME,1,0,0,0
tr|X5F6S5|X5F6S5_NEIME,0,0,0,0
tr|X5F6S7|X5F6S7_NEIME,0,0,0,0
tr|X5F6T0|X5F6T0_NEIME,0,0,0,0
tr|X5F6T3|X5F6T3_NEIME,0,0,0,0
tr|X5F6T8|X5F6T8_NEIME,0,0,0,0
tr|X5F6U3|X5F6U3_NEIME,0,0,0,0
tr|X5F6U5|X5F6U5_NEIME,1,0,1,1
tr|X5F6U9|X5F6U9_NEIME,0,0,0,0
tr|X5F6V2|X5F6V2_NEIME,0,0,0,0
tr|X5F6W0|X5F6W0_NEIME,1,1,1,1
tr|X5F6W1|X5F6W1_NEIME,1,0,1,1
tr|X5F6W5|X5F6W5_NEIME,0,0,0,0
tr|X5F6W8|X5F6W8_NEIME,0,0,1,0
tr|X5F6X4|X5F6X4_NEIME,1,1,1,1
tr|X5F6X8|X5F6X8_NEIME,0,1,1,1
tr|X5F6Y0|X5F6Y0_NEIME,0,0,0,0
tr|X5F6Y2|X5F6Y2_NEIME,0,0,0,0
tr|X5F6Y5|X5F6Y5_NEIME,0,0,0,0
tr|X5F6Y7|X5F6Y7_NEIME,1,1,1,1
tr|X5F6Y9|X5F6Y9_NEIME,1,1,1,1
tr|X5F6Z1|X5F6Z1_NEIME,0,0,0,0
tr|X5F6Z4|X5F6Z4_NEIME,0,0,0,0
tr|X5F6Z5|X5F6Z5_NEIME,0,0,1,0
tr|X5F6Z9|X5F6Z9_NEIME,0,1,0,0
tr|X5F700|X5F700_NEIME,0,1,1,1
tr|X5F708|X5F708_NEIME,1,1,1,1
tr|X5F715|X5F715_NEIME,0,0,0,0
tr|X5F720|X5F720_NEIME,0,1,1,1
tr|X5F722|X5F722_NEIME,1,0,0,0
tr|X5F725|X5F725_NEIME,0,1,1,1
tr|X5F728|X5F728_NEIME,0,1,1,1
tr|X5F732|X5F732_NEIME,0,0,0,0
tr|X5F733|X5F733_NEIME,0,0,1,0
tr|X5F737|X5F737_NEIME,1,0,0,0
tr|X5F746|X5F746_NEIME,0,0,0,0
tr|X5F749|X5F749_NEIME,1,0,0,0
tr|X5F756|X5F756_NEIME,0,0,0,0
tr|X5F758|X5F758_NEIME,0,0,0,0
tr|X5F760|X5F760_NEIME,1,0,0,0
tr|X5F764|X5F764_NEIME,1,0,1,1
tr|X5F765|X5F765_NEIME,1,0,0,0
tr|X5F770|X5F770_NEIME,1,0,0,0
tr|X5F771|X5F771_NEIME,0,0,0,0
tr|X5F776|X5F776_NEIME,1,1,1,1
tr|X5F785|X5F785_NEIME,0,0,0,0
tr|X5F788|X5F788_NEIME,0,0,0,0
tr|X5F791|X5F791_NEIME,1,0,0,0
tr|X5F793|X5F793_NEIME,0,0,0,0
tr|X5F7A0|X5F7A0_NEIME,0,0,0,0
tr|X5F7A3|X5F7A3_NEIME,1,0,1,1
tr|X5F7A4|X5F7A4_NEIME,0,0,0,0
tr|X5F7B5|X5F7B5_NEIME,1,0,0,0
tr|X5F7B7|X5F7B7_NEIME,1,1,1,1
tr|X5F7C0|X5F7C0_NEIME,0,0,0,0
tr|X5F7C2|X5F7C2_NEIME,0,0,1,0
tr|X5F7C4|X5F7C4_NEIME,0,0,0,0
tr|X5F7C7|X5F7C7_NEIME,1,1,1,1
tr|X5F7C9|X5F7C9_NEIME,0,0,0,0
tr|X5F7D1|X5F7D1_NEIME,1,0,1,1
tr|X5F7D6|X5F7D6_NEIME,0,0,0,0
tr|X5F7D8|X5F7D8_NEIME,0,0,0,0
tr|X5F7E2|X5F7E2_NEIME,0,0,0,0
tr|X5F7E4|X5F7E4_NEIME,0,0,0,0
tr|X5F7E9|X5F7E9_NEIME,0,0,0,0
tr|X5F7F5|X5F7F5_NEIME,0,0,0,0
tr|X5F7F6|X5F7F6_NEIME,1,1,1,1
tr|X5F7F9|X5F7F9_NEIME,0,0,0,0
tr|X5F7G1|X5F7G1_NEIME,0,0,0,0
tr|X5F7G3|X5F7G3_NEIME,0,0,0,0
tr|X5F7G6|X5F7G6_NEIME,1,1,0,1
tr|X5F7G7|X5F7G7_NEIME,0,0,0,0
tr|X5F7H3|X5F7H3_NEIME,0,0,0,0
tr|X5F7H8|X5F7H8_NEIME,0,0,0,0
tr|X5F7I1|X5F7I1_NEIME,0,0,0,0
tr|X5F7I6|X5F7I6_NEIME,0,0,1,0
tr|X5F7I9|X5F7I9_NEIME,1,1,1,1
tr|X5F7J1|X5F7J1_NEIME,0,0,0,0
tr|X5F7J3|X5F7J3_NEIME,0,0,0,0
tr|X5F7J7|X5F7J7_NEIME,1,0,1,1
tr|X5F7K2|X5F7K2_NEIME,0,0,0,0
tr|X5F7K6|X5F7K6_NEIME,0,1,0,0
tr|X5F7K9|X5F7K9_NEIME,1,1,1,1
tr|X5F7L3|X5F7L3_NEIME,0,0,0,0
tr|X5F7L7|X5F7L7_NEIME,1,1,1,1
tr|X5F7M1|X5F7M1_NEIME,0,0,0,0
tr|X5F7M6|X5F7M6_NEIME,0,1,0,0
tr|X5F7N3|X5F7N3_NEIME,1,1,0,1
tr|X5F7N6|X5F7N6_NEIME,0,0,0,0
tr|X5F7N7|X5F7N7_NEIME,0,0,0,0
tr|X5F7P2|X5F7P2_NEIME,0,1,0,0
tr|X5F7P3|X5F7P3_NEIME,0,0,1,0
tr|X5F7P9|X5F7P9_NEIME,1,0,1,1
tr|X5F7Q3|X5F7Q3_NEIME,1,0,1,1
tr|X5F7Q4|X5F7Q4_NEIME,0,1,1,1
tr|X5F7Q6|X5F7Q6_NEIME,1,1,1,1
tr|X5F7U5|X5F7U5_NEIME,0,0,0,0
tr|X5F7U6|X5F7U6_NEIME,0,0,0,0
tr|X5F7V3|X5F7V3_NEIME,0,0,0,0
tr|X5F7V8|X5F7V8_NEIME,0,0,0,0
tr|X5F7W9|X5F7W9_NEIME,0,0,0,0
tr|X5F7X1|X5F7X1_NEIME,1,1,0,1
tr|X5F7X4|X5F7X4_NEIME,1,1,1,1
tr|X5F7X7|X5F7X7_NEIME,0,0,1,0
tr|X5F7Y2|X5F7Y2_NEIME,1,0,0,0
tr|X5F7Y8|X5F7Y8_NEIME,0,0,1,0
tr|X5F7Z1|X5F7Z1_NEIME,1,0,0,0
tr|X5F7Z3|X5F7Z3_NEIME,1,1,1,1
tr|X5F7Z5|X5F7Z5_NEIME,0,0,1,0
tr|X5F806|X5F806_NEIME,0,0,0,0
tr|X5F808|X5F808_NEIME,1,0,0,0
tr|X5F811|X5F811_NEIME,1,1,0,1
tr|X5F818|X5F818_NEIME,1,1,1,1
tr|X5F822|X5F822_NEIME,1,0,1,1
tr|X5F826|X5F826_NEIME,0,0,0,0
tr|X5F830|X5F830_NEIME,1,0,1,1
tr|X5F832|X5F832_NEIME,0,0,0,0
tr|X5F837|X5F837_NEIME,0,0,0,0
tr|X5F838|X5F838_NEIME,1,1,1,1
tr|X5F841|X5F841_NEIME,0,0,1,0
tr|X5F844|X5F844_NEIME,1,1,1,1
tr|X5F847|X5F847_NEIME,1,1,1,1
tr|X5F848|X5F848_NEIME,0,0,0,0
tr|X5F852|X5F852_NEIME,0,1,1,1
tr|X5F855|X5F855_NEIME,1,1,1,1
tr|X5F858|X5F858_NEIME,1,0,0,0
tr|X5F863|X5F863_NEIME,0,0,0,0
tr|X5F865|X5F865_NEIME,0,0,1,0
tr|X5F866|X5F866_NEIME,1,0,0,0
tr|X5F874|X5F874_NEIME,0,0,0,0
tr|X5F875|X5F875_NEIME,0,1,0,0
tr|X5F881|X5F881_NEIME,0,0,0,0
tr|X5F882|X5F882_NEIME,1,0,1,1
tr|X5F888|X5F888_NEIME,1,0,1,1
tr|X5F890|X5F890_NEIME,0,0,0,0
tr|X5F893|X5F893_NEIME,1,0,1,1
tr|X5F895|X5F895_NEIME,0,0,0,0
tr|X5F897|X5F897_NEIME,0,0,0,0
tr|X5F8A0|X5F8A0_NEIME,0,0,1,0
tr|X5F8A9|X5F8A9_NEIME,0,0,0,0
tr|X5F8B3|X5F8B3_NEIME,0,0,1,0
tr|X5F8B9|X5F8B9_NEIME,0,0,0,0
tr|X5F8C3|X5F8C3_NEIME,0,0,0,0
tr|X5F8C6|X5F8C6_NEIME,1,0,0,0
tr|X5F8C8|X5F8C8_NEIME,1,1,1,1
tr|X5F8D4|X5F8D4_NEIME,1,1,0,1
tr|X5F8D5|X5F8D5_NEIME,1,0,0,0
tr|X5F8D8|X5F8D8_NEIME,0,0,0,0
tr|X5F8E2|X5F8E2_NEIME,0,1,0,0
tr|X5F8F1|X5F8F1_NEIME,1,1,1,1
tr|X5F8G7|X5F8G7_NEIME,1,0,0,0
tr|X5F8H5|X5F8H5_NEIME,0,1,0,0
tr|X5F8I0|X5F8I0_NEIME,0,0,1,0
tr|X5F8I1|X5F8I1_NEIME,0,0,0,0
tr|X5F8I5|X5F8I5_NEIME,1,0,0,0
tr|X5F8J1|X5F8J1_NEIME,0,0,1,0
tr|X5F8J6|X5F8J6_NEIME,0,1,0,0
tr|X5F8J8|X5F8J8_NEIME,0,0,0,0
tr|X5F8K3|X5F8K3_NEIME,0,0,0,0
tr|X5F8K7|X5F8K7_NEIME,0,0,0,0
tr|X5F8K8|X5F8K8_NEIME,0,0,0,0
tr|X5F8L2|X5F8L2_NEIME,0,1,1,1
tr|X5F8L5|X5F8L5_NEIME,1,1,1,1
tr|X5F8L8|X5F8L8_NEIME,0,0,0,0
tr|X5F8M3|X5F8M3_NEIME,0,0,0,0
tr|X5F8M4|X5F8M4_NEIME,0,1,0,0
tr|X5F8M8|X5F8M8_NEIME,1,0,0,0
tr|X5F8N2|X5F8N2_NEIME,1,1,0,1
tr|X5F8N8|X5F8N8_NEIME,1,0,0,0
tr|X5F8P0|X5F8P0_NEIME,1,1,0,1
tr|X5F8P3|X5F8P3_NEIME,1,1,1,1
tr|X5F8P6|X5F8P6_NEIME,1,0,1,1
tr|X5F8P8|X5F8P8_NEIME,1,0,0,0
tr|X5F8Q3|X5F8Q3_NEIME,1,1,1,1
tr|X5F8Q8|X5F8Q8_NEIME,1,1,1,1
tr|X5F8R1|X5F8R1_NEIME,0,0,0,0
tr|X5F8R5|X5F8R5_NEIME,0,0,1,0
tr|X5F8S0|X5F8S0_NEIME,0,0,0,0
tr|X5F8S2|X5F8S2_NEIME,0,0,0,0
tr|X5F8S6|X5F8S6_NEIME,1,0,1,1
tr|X5F8S7|X5F8S7_NEIME,1,1,1,1
tr|X5F8T1|X5F8T1_NEIME,1,0,0,0
tr|X5F8T2|X5F8T2_NEIME,1,0,0,0
tr|X5F8T6|X5F8T6_NEIME,1,0,1,1
tr|X5F8U3|X5F8U3_NEIME,1,0,0,0
tr|X5F8U9|X5F8U9_NEIME,0,0,0,0
tr|X5F8V2|X5F8V2_NEIME,0,0,0,0
tr|X5F8V5|X5F8V5_NEIME,0,0,0,0
tr|X5F8V6|X5F8V6_NEIME,0,0,0,0
tr|X5F8W0|X5F8W0_NEIME,1,1,1,1
tr|X5F8W1|X5F8W1_NEIME,0,0,1,0
tr|X5F8W4|X5F8W4_NEIME,0,0,0,0
tr|X5F8W7|X5F8W7_NEIME,0,0,0,0
tr|X5F8X0|X5F8X0_NEIME,1,1,1,1
tr|X5F8X4|X5F8X4_NEIME,1,0,0,0
tr|X5F8X6|X5F8X6_NEIME,0,0,0,0
tr|X5F8Y0|X5F8Y0_NEIME,0,0,0,0
tr|X5F8Y4|X5F8Y4_NEIME,1,0,1,1
tr|X5F8Y8|X5F8Y8_NEIME,0,1,0,0
tr|X5F8Z0|X5F8Z0_NEIME,1,1,1,1
tr|X5F8Z1|X5F8Z1_NEIME,0,0,0,0
tr|X5F8Z5|X5F8Z5_NEIME,0,0,0,0
tr|X5F8Z6|X5F8Z6_NEIME,0,0,0,0
tr|X5F901|X5F901_NEIME,1,0,0,0
tr|X5F905|X5F905_NEIME,0,0,0,0
tr|X5F908|X5F908_NEIME,1,1,0,1
tr|X5F910|X5F910_NEIME,0,0,0,0
tr|X5F913|X5F913_NEIME,0,0,0,0
tr|X5F915|X5F915_NEIME,0,0,0,0
tr|X5F919|X5F919_NEIME,0,1,0,0
tr|X5F924|X5F924_NEIME,0,1,1,1
tr|X5F932|X5F932_NEIME,0,0,0,0
tr|X5F935|X5F935_NEIME,1,1,1,1
tr|X5F936|X5F936_NEIME,1,0,0,0
tr|X5F939|X5F939_NEIME,0,0,0,0
tr|X5F952|X5F952_NEIME,0,1,0,0
tr|X5F954|X5F954_NEIME,0,0,0,0
tr|X5F958|X5F958_NEIME,0,0,0,0
tr|X5F963|X5F963_NEIME,1,1,0,1
tr|X5F964|X5F964_NEIME,0,0,0,0
tr|X5F967|X5F967_NEIME,0,0,1,0
tr|X5F969|X5F969_NEIME,0,0,0,0
tr|X5F974|X5F974_NEIME,0,0,0,0
tr|X5F981|X5F981_NEIME,0,1,1,1
tr|X5F986|X5F986_NEIME,0,0,0,0
tr|X5F991|X5F991_NEIME,1,1,0,1
tr|X5F996|X5F996_NEIME,0,0,0,0
tr|X5F999|X5F999_NEIME,1,1,0,1
tr|X5F9A5|X5F9A5_NEIME,0,0,0,0
tr|X5F9A7|X5F9A7_NEIME,1,1,1,1
tr|X5F9B2|X5F9B2_NEIME,1,0,1,1
tr|X5F9B5|X5F9B5_NEIME,0,0,0,0
tr|X5F9B8|X5F9B8_NEIME,0,0,0,0
tr|X5F9C3|X5F9C3_NEIME,0,0,0,0
tr|X5F9C5|X5F9C5_NEIME,0,0,0,0
tr|X5F9C9|X5F9C9_NEIME,1,0,1,1
tr|X5F9D2|X5F9D2_NEIME,0,0,0,0
tr|X5F9E0|X5F9E0_NEIME,0,1,1,1
tr|X5F9E4|X5F9E4_NEIME,0,1,0,0
tr|X5F9E6|X5F9E6_NEIME,0,1,1,1
tr|X5F9F0|X5F9F0_NEIME,0,0,0,0
tr|X5F9F1|X5F9F1_NEIME,0,0,0,0
tr|X5F9F6|X5F9F6_NEIME,0,0,0,0
tr|X5F9F7|X5F9F7_NEIME,0,0,1,0
tr|X5F9F9|X5F9F9_NEIME,0,0,1,0
tr|X5F9G0|X5F9G0_NEIME,0,0,0,0
tr|X5F9G2|X5F9G2_NEIME,0,0,0,0
tr|X5F9G5|X5F9G5_NEIME,0,1,0,0
tr|X5F9H7|X5F9H7_NEIME,1,0,0,0
tr|X5F9H9|X5F9H9_NEIME,0,0,0,0
tr|X5F9I6|X5F9I6_NEIME,1,1,1,1
tr|X5F9I9|X5F9I9_NEIME,1,0,0,0
tr|X5F9K2|X5F9K2_NEIME,0,0,0,0
tr|X5F9K4|X5F9K4_NEIME,0,0,0,0
tr|X5F9K5|X5F9K5_NEIME,0,0,0,0
tr|X5F9L5|X5F9L5_NEIME,1,0,1,1
tr|X5F9L6|X5F9L6_NEIME,0,0,1,0
tr|X5F9L9|X5F9L9_NEIME,1,1,1,1
tr|X5F9M0|X5F9M0_NEIME,0,0,0,0
tr|X5F9M3|X5F9M3_NEIME,1,1,1,1
tr|X5F9M6|X5F9M6_NEIME,1,1,0,1
tr|X5F9N3|X5F9N3_NEIME,0,0,0,0
tr|X5F9N9|X5F9N9_NEIME,0,0,0,0
tr|X5F9P5|X5F9P5_NEIME,1,0,0,0
tr|X5F9Q1|X5F9Q1_NEIME,0,1,0,0
tr|X5F9Q2|X5F9Q2_NEIME,0,0,0,0
tr|X5F9Q5|X5F9Q5_NEIME,0,0,0,0
tr|X5F9Q6|X5F9Q6_NEIME,0,0,0,0
tr|X5F9R1|X5F9R1_NEIME,0,0,0,0
tr|X5F9R2|X5F9R2_NEIME,0,1,0,0
tr|X5F9R5|X5F9R5_NEIME,0,0,0,0
tr|X5F9R9|X5F9R9_NEIME,0,0,0,0
tr|X5F9S0|X5F9S0_NEIME,0,0,0,0
tr|X5F9S9|X5F9S9_NEIME,1,0,0,0
tr|X5F9T1|X5F9T1_NEIME,1,0,1,1
tr|X5F9T4|X5F9T4_NEIME,0,1,0,0
tr|X5F9T7|X5F9T7_NEIME,0,0,1,0
tr|X5F9U1|X5F9U1_NEIME,0,0,0,0
tr|X5F9U4|X5F9U4_NEIME,0,1,0,0
tr|X5F9U8|X5F9U8_NEIME,0,0,0,0
tr|X5F9V2|X5F9V2_NEIME,0,1,0,0
tr|X5F9V6|X5F9V6_NEIME,1,1,1,1
tr|X5F9V8|X5F9V8_NEIME,0,0,0,0
tr|X5F9W7|X5F9W7_NEIME,1,0,0,0
tr|X5F9X3|X5F9X3_NEIME,0,0,0,0
tr|X5F9X8|X5F9X8_NEIME,0,0,0,0
tr|X5F9Z4|X5F9Z4_NEIME,0,0,0,0
tr|X5FA07|X5FA07_NEIME,1,1,1,1
tr|X5FA11|X5FA11_NEIME,0,0,0,0
tr|X5FA21|X5FA21_NEIME,0,1,0,0
tr|X5FA27|X5FA27_NEIME,0,0,0,0
tr|X5FA32|X5FA32_NEIME,0,0,0,0
tr|X5FA37|X5FA37_NEIME,1,1,0,1
tr|X5FA42|X5FA42_NEIME,0,0,0,0
tr|X5FA51|X5FA51_NEIME,0,1,1,1
tr|X5FA57|X5FA57_NEIME,0,0,1,0
tr|X5FA74|X5FA74_NEIME,1,0,0,0
tr|X5FA79|X5FA79_NEIME,0,0,0,0
tr|X5FA85|X5FA85_NEIME,1,0,0,0
tr|X5FA89|X5FA89_NEIME,0,0,0,0
tr|X5FA93|X5FA93_NEIME,0,0,1,0
tr|X5FA97|X5FA97_NEIME,1,0,0,0
tr|X5FAA3|X5FAA3_NEIME,0,0,0,0
tr|X5FAA8|X5FAA8_NEIME,0,0,1,0
tr|X5FAB9|X5FAB9_NEIME,0,1,1,1
tr|X5FAC4|X5FAC4_NEIME,0,0,0,0
tr|X5FAC9|X5FAC9_NEIME,0,0,0,0
tr|X5FAD3|X5FAD3_NEIME,0,0,0,0
tr|X5FAD8|X5FAD8_NEIME,1,1,1,1
tr|X5FAE4|X5FAE4_NEIME,0,1,1,1
tr|X5FAE9|X5FAE9_NEIME,0,0,0,0
tr|X5FAF4|X5FAF4_NEIME,0,0,0,0
tr|X5FAG0|X5FAG0_NEIME,0,0,0,0
tr|X5FAG4|X5FAG4_NEIME,0,1,1,1
tr|X5FAH0|X5FAH0_NEIME,1,1,1,1
tr|X5FAH5|X5FAH5_NEIME,0,0,0,0
tr|X5FAI7|X5FAI7_NEIME,0,0,0,0
tr|X5FAJ7|X5FAJ7_NEIME,1,1,0,1
tr|X5FAK7|X5FAK7_NEIME,1,1,1,1
tr|X5FAL1|X5FAL1_NEIME,1,1,0,1
tr|X5FAL5|X5FAL5_NEIME,0,0,0,0
tr|X5FAM4|X5FAM4_NEIME,0,0,0,0
tr|X5FAM8|X5FAM8_NEIME,0,0,0,0
tr|X5FAN4|X5FAN4_NEIME,0,0,0,0
tr|X5FAN9|X5FAN9_NEIME,0,0,0,0
tr|X5FAR2|X5FAR2_NEIME,0,1,0,0
tr|X5FAS9|X5FAS9_NEIME,1,0,0,0
tr|X5FAT8|X5FAT8_NEIME,0,0,1,0
tr|X5FAU0|X5FAU0_NEIME,1,0,0,0
tr|X5FAU5|X5FAU5_NEIME,1,0,1,1
tr|X5FAU9|X5FAU9_NEIME,0,1,0,0
tr|X5FAV1|X5FAV1_NEIME,0,1,1,1
tr|X5FAV4|X5FAV4_NEIME,0,0,0,0
tr|X5FAW2|X5FAW2_NEIME,0,1,0,0
tr|X5FAX4|X5FAX4_NEIME,1,0,1,1
tr|X5FAX8|X5FAX8_NEIME,1,1,1,1
tr|X5FAY1|X5FAY1_NEIME,0,0,1,0
tr|X5FAY3|X5FAY3_NEIME,1,1,1,1
tr|X5FAZ0|X5FAZ0_NEIME,0,0,0,0
tr|X5FAZ6|X5FAZ6_NEIME,0,0,0,0
tr|X5FAZ9|X5FAZ9_NEIME,0,0,0,0
tr|X5FB03|X5FB03_NEIME,1,0,0,0
tr|X5FB05|X5FB05_NEIME,0,1,0,0
tr|X5FB09|X5FB09_NEIME,0,0,0,0
tr|X5FB12|X5FB12_NEIME,0,0,0,0
tr|X5FB17|X5FB17_NEIME,0,1,1,1
tr|X5FB26|X5FB26_NEIME,1,0,0,0
tr|X5FB31|X5FB31_NEIME,1,1,1,1
tr|X5FB35|X5FB35_NEIME,1,0,0,0
tr|X5FB46|X5FB46_NEIME,0,0,0,0
tr|X5FB50|X5FB50_NEIME,1,1,1,1
tr|X5FB64|X5FB64_NEIME,0,0,0,0
tr|X5FB68|X5FB68_NEIME,0,0,0,0
tr|X5FB79|X5FB79_NEIME,0,0,1,0
tr|X5FB84|X5FB84_NEIME,1,0,0,0
tr|X5FB87|X5FB87_NEIME,0,0,0,0
tr|X5FB93|X5FB93_NEIME,1,0,1,1
tr|X5FBA6|X5FBA6_NEIME,0,1,1,1
tr|X5FBB5|X5FBB5_NEIME,0,0,0,0
tr|X5FBC1|X5FBC1_NEIME,0,0,0,0
tr|X5FBC5|X5FBC5_NEIME,0,0,0,0
tr|X5FBC9|X5FBC9_NEIME,1,1,1,1
tr|X5FBD3|X5FBD3_NEIME,1,1,1,1
tr|X5FBF1|X5FBF1_NEIME,0,0,1,0
tr|X5FBF7|X5FBF7_NEIME,0,0,1,0
tr|X5FBG5|X5FBG5_NEIME,0,0,0,0
tr|X5FBG9|X5FBG9_NEIME,0,1,0,0
tr|X5FBH3|X5FBH3_NEIME,1,1,0,1
tr|X5FBH5|X5FBH5_NEIME,0,0,0,0
tr|X5FBI8|X5FBI8_NEIME,0,0,0,0
tr|X5FBJ3|X5FBJ3_NEIME,1,1,1,1
tr|X5FBJ8|X5FBJ8_NEIME,0,0,1,0
tr|X5FBK1|X5FBK1_NEIME,0,1,0,0
tr|X5FBL0|X5FBL0_NEIME,0,1,1,1
tr|X5FBL5|X5FBL5_NEIME,0,1,0,0
tr|X5FBM1|X5FBM1_NEIME,0,0,0,0
tr|X5FBM6|X5FBM6_NEIME,0,1,0,0
tr|X5FBN1|X5FBN1_NEIME,1,1,0,1
tr|X5FBP2|X5FBP2_NEIME,1,1,0,1
tr|X5FBP7|X5FBP7_NEIME,1,0,0,0
tr|X5FBQ4|X5FBQ4_NEIME,0,0,1,0
tr|X5FBQ9|X5FBQ9_NEIME,1,1,0,1
tr|X5FBS2|X5FBS2_NEIME,0,1,0,0
tr|X5FBU0|X5FBU0_NEIME,1,0,1,1
tr|X5FBU5|X5FBU5_NEIME,0,0,1,0
tr|X5FBV1|X5FBV1_NEIME,1,0,0,0
tr|X5FBV8|X5FBV8_NEIME,0,1,0,0
tr|X5FBX7|X5FBX7_NEIME,0,0,0,0
tr|X5FBY7|X5FBY7_NEIME,1,1,0,1
tr|X5FBZ2|X5FBZ2_NEIME,0,0,0,0
tr|X5FC16|X5FC16_NEIME,0,0,0,0
