protein,xgboost,random_subspace,random forest,fuse 2/3
sp|B2RH54|FIMA1_PORG3,1,0,1,1
sp|B2RHG1|MFA1_PORG3,1,1,1,1
sp|B2RHG2|MFA2_PORG3,1,0,1,1
sp|B2RHG4|MFA4_PORG3,0,1,1,1
sp|B2RID1|DPP11_PORG3,0,0,0,0
sp|B2RIT0|DPP5_PORG3,0,0,0,0
sp|B2RKV3|DPP7_PORG3,0,0,0,0
sp|B2RLK2|KGP_PORG3,1,1,1,1
sp|B2RH57|FIMC_PORG3,0,1,0,0
sp|B2RH58|FIMD_PORG3,1,1,0,1
sp|B2RH59|FIME_PORG3,1,1,1,1
tr|B2RHE9|B2RHE9_PORG3,0,0,0,0
sp|B2RHG3|MFA3_PORG3,1,1,0,1
tr|B2RI34|B2RI34_PORG3,0,0,1,0
sp|B2RI48|LPXF_PORG3,0,0,0,0
tr|B2RIE2|B2RIE2_PORG3,1,0,0,0
tr|B2RIE7|B2RIE7_PORG3,1,0,0,0
sp|B2RIG7|RIBBA_PORG3,0,0,0,0
sp|B2RKS1|PYRG_PORG3,0,0,0,0
tr|B2RLQ8|B2RLQ8_PORG3,0,0,0,0
tr|B2RME0|B2RME0_PORG3,0,1,1,1
tr|B2RME2|B2RME2_PORG3,0,0,0,0
sp|B2RMI0|RLMN_PORG3,0,0,0,0
tr|B2RGM8|B2RGM8_PORG3,1,0,0,0
sp|B2RGP8|ISPF_PORG3,1,0,1,1
sp|B2RGR2|GLYA_PORG3,0,0,0,0
tr|B2RGR7|B2RGR7_PORG3,0,0,0,0
tr|B2RGX4|B2RGX4_PORG3,0,0,0,0
tr|B2RGY9|B2RGY9_PORG3,0,0,0,0
tr|B2RGZ0|B2RGZ0_PORG3,1,1,0,1
tr|B2RGZ2|B2RGZ2_PORG3,1,0,0,0
tr|B2RGZ3|B2RGZ3_PORG3,1,0,0,0
tr|B2RH07|B2RH07_PORG3,0,0,0,0
sp|B2RH08|BIOB_PORG3,0,0,0,0
tr|B2RH14|B2RH14_PORG3,1,1,0,1
tr|B2RH23|B2RH23_PORG3,0,0,0,0
sp|B2RH32|THIG_PORG3,1,1,1,1
tr|B2RH33|B2RH33_PORG3,0,0,0,0
sp|B2RH34|THIC_PORG3,1,0,0,0
sp|B2RH63|FABH_PORG3,0,0,0,0
sp|B2RH69|XPT_PORG3,0,0,0,0
sp|B2RHB4|HEMH_PORG3,0,0,0,0
sp|B2RHB7|GPMA_PORG3,0,0,0,0
sp|B2RHC2|RSMA_PORG3,1,0,0,0
sp|B2RHD7|RIMO_PORG3,0,0,0,0
sp|B2RHE0|SYD_PORG3,0,0,0,0
tr|B2RHE1|B2RHE1_PORG3,0,0,0,0
sp|B2RHF5|SYM_PORG3,0,0,0,0
sp|B2RHG5|MFA5_PORG3,1,1,1,1
sp|B2RHN4|SYY_PORG3,0,0,0,0
sp|B2RHP0|MNMA_PORG3,0,0,0,0
tr|B2RHR0|B2RHR0_PORG3,1,0,0,0
tr|B2RHR7|B2RHR7_PORG3,0,0,1,0
sp|B2RHS7|PDXH_PORG3,1,0,1,1
tr|B2RHT7|B2RHT7_PORG3,0,1,0,0
sp|B2RHV8|PCKA_PORG3,0,0,0,0
sp|B2RI39|LSPA_PORG3,0,0,0,0
tr|B2RI41|B2RI41_PORG3,0,0,0,0
tr|B2RI42|B2RI42_PORG3,0,0,0,0
tr|B2RI44|B2RI44_PORG3,1,0,0,0
tr|B2RI47|B2RI47_PORG3,0,0,0,0
sp|B2RI67|SYE_PORG3,0,0,0,0
sp|B2RI92|HPPK_PORG3,1,0,1,1
sp|B2RI95|UPPP_PORG3,0,0,0,0
sp|B2RID6|SERC_PORG3,0,0,0,0
sp|B2RIE8|MRAY_PORG3,0,0,0,0
sp|B2RIE9|MURD_PORG3,0,0,0,0
sp|B2RIF1|MURG_PORG3,0,0,0,0
sp|B2RIF2|MURC_PORG3,0,1,0,0
tr|B2RIF5|B2RIF5_PORG3,0,0,1,0
sp|B2RIF8|PANB_PORG3,1,0,0,0
sp|B2RIF9|GUAA_PORG3,0,1,0,0
sp|B2RIH0|KCY_PORG3,1,0,0,0
tr|B2RII2|B2RII2_PORG3,0,1,0,0
sp|B2RII6|LON_PORG3,0,0,0,0
sp|B2RII9|TPIS_PORG3,0,0,0,0
sp|B2RIJ1|GCH1_PORG3,1,0,1,1
sp|B2RIJ4|NADK_PORG3,0,1,0,0
sp|B2RIJ5|PDXJ_PORG3,0,0,1,0
tr|B2RIK2|B2RIK2_PORG3,0,0,0,0
sp|B2RIL9|NTPPA_PORG3,0,0,0,0
tr|B2RIM5|B2RIM5_PORG3,1,1,1,1
tr|B2RIQ9|B2RIQ9_PORG3,0,0,0,0
tr|B2RIR1|B2RIR1_PORG3,0,0,0,0
sp|B2RIT4|DDL_PORG3,1,1,0,1
sp|B2RIU1|RNH2_PORG3,0,0,0,0
sp|B2RIU4|RNZ_PORG3,0,1,0,0
sp|B2RIV3|UPP_PORG3,0,1,0,0
tr|B2RIV5|B2RIV5_PORG3,1,0,0,0
sp|B2RIV6|TRUA_PORG3,0,0,0,0
sp|B2RIW6|PNP_PORG3,0,1,0,0
sp|B2RIY7|OBG_PORG3,0,0,0,0
sp|B2RIY8|KAD_PORG3,0,0,0,0
sp|B2RJ01|NAGB_PORG3,0,0,0,0
tr|B2RJ49|B2RJ49_PORG3,0,0,0,0
tr|B2RJ68|B2RJ68_PORG3,0,0,0,0
sp|B2RJD6|SYT_PORG3,1,0,0,0
sp|B2RJE9|MENG_PORG3,1,0,0,0
sp|B2RJF8|PSD_PORG3,0,0,0,0
tr|B2RJG6|B2RJG6_PORG3,1,0,0,0
tr|B2RJH2|B2RJH2_PORG3,0,0,0,0
sp|B2RJI6|ISPE_PORG3,0,0,0,0
sp|B2RJJ6|KITH_PORG3,0,0,0,0
sp|B2RJM1|HCP_PORG3,0,0,0,0
tr|B2RJN6|B2RJN6_PORG3,0,0,0,0
tr|B2RJQ3|B2RJQ3_PORG3,1,0,0,0
tr|B2RJQ4|B2RJQ4_PORG3,1,0,0,0
sp|B2RJS2|QUEC_PORG3,1,0,0,0
tr|B2RJS8|B2RJS8_PORG3,1,1,1,1
sp|B2RJT7|RUVC_PORG3,0,0,0,0
sp|B2RJV4|MURB_PORG3,1,0,0,0
tr|B2RJV5|B2RJV5_PORG3,0,0,0,0
sp|B2RJW0|QUEF_PORG3,1,0,0,0
tr|B2RJW4|B2RJW4_PORG3,0,0,0,0
sp|B2RJX5|DXR_PORG3,0,0,0,0
tr|B2RJX7|B2RJX7_PORG3,0,0,0,0
tr|B2RJX9|B2RJX9_PORG3,0,0,0,0
sp|B2RJY1|SYK_PORG3,0,0,0,0
sp|B2RK02|ACKA_PORG3,0,1,0,0
tr|B2RK18|B2RK18_PORG3,1,0,0,0
sp|B2RK20|MURQ_PORG3,1,0,0,0
tr|B2RK27|B2RK27_PORG3,0,0,0,0
sp|B2RK28|PAND_PORG3,0,0,0,0
tr|B2RK30|B2RK30_PORG3,1,1,1,1
sp|B2RK53|SYV_PORG3,0,0,0,0
tr|B2RK86|B2RK86_PORG3,1,1,0,1
tr|B2RKC1|B2RKC1_PORG3,0,0,1,0
sp|B2RKG6|MIAB_PORG3,0,0,0,0
tr|B2RKI3|B2RKI3_PORG3,0,0,0,0
sp|B2RKJ1|DHE2_PORG3,1,0,1,1
sp|B2RKK1|LEPA_PORG3,0,0,0,0
tr|B2RKK5|B2RKK5_PORG3,0,0,0,0
sp|B2RKL2|DNLJ_PORG3,0,0,0,0
tr|B2RKN5|B2RKN5_PORG3,0,0,0,0
tr|B2RKR5|B2RKR5_PORG3,0,0,0,0
tr|B2RKR8|B2RKR8_PORG3,0,0,0,0
sp|B2RKS4|MIAA1_PORG3,0,0,0,0
sp|B2RKS6|CH60_PORG3,0,1,1,1
sp|B2RKT2|SECA_PORG3,0,0,0,0
sp|B2RKU0|CPG2_PORG3,0,1,0,0
sp|B2RKU2|LIPA_PORG3,0,0,0,0
tr|B2RKU6|B2RKU6_PORG3,0,0,0,0
tr|B2RKV6|B2RKV6_PORG3,0,0,0,0
tr|B2RKW1|B2RKW1_PORG3,0,1,0,0
tr|B2RKW3|B2RKW3_PORG3,0,0,0,0
sp|B2RKW6|PANC_PORG3,0,1,0,0
tr|B2RKX8|B2RKX8_PORG3,0,0,0,0
sp|B2RKY9|COAX_PORG3,1,1,1,1
tr|B2RKZ1|B2RKZ1_PORG3,0,0,0,0
sp|B2RL44|RPOC_PORG3,0,0,0,0
tr|B2RL55|B2RL55_PORG3,0,0,0,0
tr|B2RL59|B2RL59_PORG3,0,0,0,0
sp|B2RL67|COAD_PORG3,1,0,1,1
sp|B2RLA0|MIAA2_PORG3,0,0,0,0
tr|B2RLA4|B2RLA4_PORG3,1,1,1,1
sp|B2RLA8|HUTI_PORG3,0,0,0,0
tr|B2RLD3|B2RLD3_PORG3,0,0,0,0
tr|B2RLE0|B2RLE0_PORG3,0,1,0,0
sp|B2RLG7|SELD_PORG3,0,0,0,0
tr|B2RLH6|B2RLH6_PORG3,0,0,0,0
tr|B2RLH7|B2RLH7_PORG3,0,0,1,0
tr|B2RLI0|B2RLI0_PORG3,0,0,0,0
sp|B2RLI5|SYFA_PORG3,0,0,0,0
tr|B2RLI6|B2RLI6_PORG3,1,0,0,0
sp|B2RLI7|LPXE_PORG3,1,0,0,0
sp|B2RLJ0|DNAJ_PORG3,1,0,1,1
tr|B2RLJ6|B2RLJ6_PORG3,0,0,0,0
sp|B2RLL7|ENO_PORG3,0,0,0,0
tr|B2RLM5|B2RLM5_PORG3,0,0,0,0
tr|B2RLS4|B2RLS4_PORG3,0,0,0,0
tr|B2RLT6|B2RLT6_PORG3,0,0,0,0
sp|B2RLV1|METK_PORG3,0,0,0,0
sp|B2RLV5|RSGA_PORG3,1,1,1,1
tr|B2RLV7|B2RLV7_PORG3,0,1,1,1
tr|B2RLW5|B2RLW5_PORG3,0,0,0,0
tr|B2RLX1|B2RLX1_PORG3,0,0,0,0
tr|B2RM07|B2RM07_PORG3,0,0,0,0
sp|B2RM63|DTD_PORG3,1,1,0,1
sp|B2RM93|CPG1_PORG3,1,1,1,1
tr|B2RMA2|B2RMA2_PORG3,0,0,0,0
sp|B2RMB9|DAPA_PORG3,1,1,0,1
tr|B2RMC0|B2RMC0_PORG3,0,1,0,0
sp|B2RMG0|DPS_PORG3,0,0,0,0
tr|B2RMG8|B2RMG8_PORG3,0,1,0,0
tr|B2RMI5|B2RMI5_PORG3,0,0,0,0
sp|B2RMK4|DXS_PORG3,0,0,0,0
sp|B2RGM5|DNAA_PORG3,1,0,0,0
tr|B2RGN2|B2RGN2_PORG3,0,0,0,0
tr|B2RGN5|B2RGN5_PORG3,1,0,0,0
tr|B2RGP0|B2RGP0_PORG3,0,0,0,0
sp|B2RGP4|REX_PORG3,0,0,1,0
tr|B2RGQ0|B2RGQ0_PORG3,1,0,0,0
tr|B2RGQ5|B2RGQ5_PORG3,0,1,0,0
sp|B2RGQ9|RL19_PORG3,0,0,0,0
sp|B2RGR5|HTPG_PORG3,1,1,1,1
tr|B2RGR6|B2RGR6_PORG3,0,0,0,0
tr|B2RGR8|B2RGR8_PORG3,0,0,0,0
tr|B2RGV8|B2RGV8_PORG3,0,0,0,0
tr|B2RGX0|B2RGX0_PORG3,0,0,0,0
tr|B2RGX5|B2RGX5_PORG3,0,0,0,0
tr|B2RGX7|B2RGX7_PORG3,0,0,0,0
tr|B2RGY8|B2RGY8_PORG3,0,0,0,0
tr|B2RGZ1|B2RGZ1_PORG3,0,0,0,0
tr|B2RH11|B2RH11_PORG3,0,0,0,0
sp|B2RH13|RLMH_PORG3,1,0,1,1
tr|B2RH17|B2RH17_PORG3,0,0,1,0
sp|B2RH41|RS16_PORG3,1,1,1,1
tr|B2RH47|B2RH47_PORG3,0,1,1,1
sp|B2RH62|RL32_PORG3,0,0,0,0
tr|B2RH64|B2RH64_PORG3,0,0,0,0
tr|B2RH65|B2RH65_PORG3,0,0,0,0
tr|B2RH75|B2RH75_PORG3,0,0,0,0
tr|B2RH78|B2RH78_PORG3,0,0,0,0
sp|B2RH81|SURE_PORG3,1,1,0,1
tr|B2RH83|B2RH83_PORG3,0,0,0,0
tr|B2RH95|B2RH95_PORG3,0,0,0,0
tr|B2RHC1|B2RHC1_PORG3,0,0,0,0
tr|B2RHC5|B2RHC5_PORG3,0,0,0,0
tr|B2RHD2|B2RHD2_PORG3,0,0,0,0
tr|B2RHD8|B2RHD8_PORG3,0,0,0,0
tr|B2RHD9|B2RHD9_PORG3,0,0,0,0
tr|B2RHF1|B2RHF1_PORG3,0,0,1,0
sp|B2RHF2|PTH_PORG3,0,0,0,0
sp|B2RHF3|RL25_PORG3,0,0,0,0
tr|B2RHH2|B2RHH2_PORG3,0,0,1,0
sp|B2RHI3|RNPA_PORG3,0,0,0,0
tr|B2RHI7|B2RHI7_PORG3,0,0,0,0
tr|B2RHI9|B2RHI9_PORG3,0,0,0,0
tr|B2RHK4|B2RHK4_PORG3,0,0,0,0
sp|B2RHK7|TAL_PORG3,0,0,1,0
tr|B2RHK9|B2RHK9_PORG3,0,1,0,0
sp|B2RHL6|UNG_PORG3,1,0,0,0
tr|B2RHM0|B2RHM0_PORG3,0,0,0,0
sp|B2RHM7|RIMP_PORG3,0,0,0,0
tr|B2RHM8|B2RHM8_PORG3,0,0,0,0
sp|B2RHM9|IF2_PORG3,0,1,0,0
sp|B2RHN9|SYR_PORG3,0,0,0,0
tr|B2RHP3|B2RHP3_PORG3,0,1,0,0
tr|B2RHQ0|B2RHQ0_PORG3,0,0,0,0
tr|B2RHQ9|B2RHQ9_PORG3,0,0,0,0
tr|B2RHR2|B2RHR2_PORG3,1,0,1,1
sp|B2RHR8|RS20_PORG3,0,0,0,0
tr|B2RHS0|B2RHS0_PORG3,0,0,0,0
tr|B2RHT9|B2RHT9_PORG3,0,0,0,0
tr|B2RHU2|B2RHU2_PORG3,0,0,0,0
tr|B2RHU7|B2RHU7_PORG3,0,1,0,0
tr|B2RHV7|B2RHV7_PORG3,0,0,0,0
tr|B2RHY1|B2RHY1_PORG3,0,0,0,0
tr|B2RHY5|B2RHY5_PORG3,0,0,0,0
tr|B2RHZ0|B2RHZ0_PORG3,0,1,0,0
tr|B2RHZ3|B2RHZ3_PORG3,0,0,0,0
tr|B2RHZ6|B2RHZ6_PORG3,0,0,0,0
tr|B2RI07|B2RI07_PORG3,1,1,1,1
tr|B2RI11|B2RI11_PORG3,0,0,0,0
tr|B2RI32|B2RI32_PORG3,0,0,0,0
tr|B2RI57|B2RI57_PORG3,0,0,0,0
tr|B2RI58|B2RI58_PORG3,0,0,0,0
tr|B2RI59|B2RI59_PORG3,0,0,0,0
tr|B2RI68|B2RI68_PORG3,0,0,0,0
tr|B2RI70|B2RI70_PORG3,0,0,0,0
tr|B2RI71|B2RI71_PORG3,0,0,0,0
tr|B2RI72|B2RI72_PORG3,0,0,0,0
tr|B2RI73|B2RI73_PORG3,0,0,0,0
sp|B2RI74|GCST_PORG3,1,0,0,0
tr|B2RI88|B2RI88_PORG3,1,0,1,1
tr|B2RI93|B2RI93_PORG3,0,0,0,0
tr|B2RI94|B2RI94_PORG3,0,0,0,0
tr|B2RIA6|B2RIA6_PORG3,0,0,0,0
tr|B2RIC8|B2RIC8_PORG3,0,0,1,0
tr|B2RIE0|B2RIE0_PORG3,1,1,0,1
sp|B2RIE4|RSMH_PORG3,0,0,0,0
tr|B2RIF4|B2RIF4_PORG3,0,0,0,0
sp|B2RIG0|RL31B_PORG3,0,1,0,0
sp|B2RIG3|RS6_PORG3,0,0,0,0
sp|B2RIG4|RS18_PORG3,0,0,0,0
sp|B2RIG5|RL9_PORG3,1,1,0,1
tr|B2RII4|B2RII4_PORG3,1,0,1,1
tr|B2RII5|B2RII5_PORG3,0,1,1,1
tr|B2RIK0|B2RIK0_PORG3,0,0,0,0
sp|B2RIK3|LPXK_PORG3,0,1,0,0
tr|B2RIL6|B2RIL6_PORG3,0,0,0,0
sp|B2RIL8|RL34_PORG3,0,1,0,0
tr|B2RIN4|B2RIN4_PORG3,0,0,0,0
sp|B2RIR0|COBT_PORG3,0,0,0,0
tr|B2RIR3|B2RIR3_PORG3,0,0,0,0
tr|B2RIR6|B2RIR6_PORG3,1,0,0,0
tr|B2RIR7|B2RIR7_PORG3,1,0,0,0
tr|B2RIT5|B2RIT5_PORG3,0,0,0,0
tr|B2RIU0|B2RIU0_PORG3,0,0,0,0
tr|B2RIU3|B2RIU3_PORG3,0,0,0,0
tr|B2RIW7|B2RIW7_PORG3,0,0,0,0
sp|B2RIZ0|F16PC_PORG3,0,0,0,0
tr|B2RIZ1|B2RIZ1_PORG3,1,1,1,1
sp|B2RIZ3|SYL_PORG3,0,0,0,0
tr|B2RJ00|B2RJ00_PORG3,1,0,0,0
sp|B2RJ03|LGT_PORG3,0,0,0,0
tr|B2RJ04|B2RJ04_PORG3,0,0,0,0
sp|B2RJ07|RUVA_PORG3,0,0,0,0
sp|B2RJ15|ISPD_PORG3,0,0,0,0
tr|B2RJ30|B2RJ30_PORG3,0,0,0,0
tr|B2RJ39|B2RJ39_PORG3,0,0,0,0
tr|B2RJ40|B2RJ40_PORG3,0,0,0,0
tr|B2RJ67|B2RJ67_PORG3,0,0,0,0
sp|B2RJ75|RISB_PORG3,0,0,0,0
tr|B2RJ80|B2RJ80_PORG3,0,1,1,1
tr|B2RJ85|B2RJ85_PORG3,0,0,0,0
sp|B2RJ90|DNAK_PORG3,0,0,0,0
sp|B2RJD7|IF3_PORG3,1,0,0,0
sp|B2RJD8|RL35_PORG3,0,0,0,0
tr|B2RJD9|B2RJD9_PORG3,0,0,0,0
tr|B2RJF0|B2RJF0_PORG3,0,0,0,0
tr|B2RJF5|B2RJF5_PORG3,0,1,0,0
tr|B2RJF9|B2RJF9_PORG3,1,0,0,0
sp|B2RJG1|SYP_PORG3,0,0,0,0
tr|B2RJG3|B2RJG3_PORG3,1,0,0,0
tr|B2RJG4|B2RJG4_PORG3,1,0,0,0
sp|B2RJH1|DUT_PORG3,0,1,1,1
tr|B2RJH3|B2RJH3_PORG3,0,0,0,0
sp|B2RJH4|GCSH_PORG3,1,0,1,1
tr|B2RJI3|B2RJI3_PORG3,0,0,0,0
tr|B2RJI7|B2RJI7_PORG3,0,0,0,0
tr|B2RJJ8|B2RJJ8_PORG3,0,0,0,0
tr|B2RJL2|B2RJL2_PORG3,0,0,0,0
tr|B2RJL9|B2RJL9_PORG3,1,1,1,1
tr|B2RJM6|B2RJM6_PORG3,1,1,1,1
sp|B2RJN1|RECA_PORG3,1,0,0,0
tr|B2RJQ2|B2RJQ2_PORG3,0,0,0,0
tr|B2RJQ9|B2RJQ9_PORG3,0,0,0,0
tr|B2RJR8|B2RJR8_PORG3,0,0,0,0
tr|B2RJS0|B2RJS0_PORG3,0,0,0,0
tr|B2RJS7|B2RJS7_PORG3,1,0,0,0
tr|B2RJT5|B2RJT5_PORG3,0,0,0,0
sp|B2RJU3|MSCL_PORG3,1,0,0,0
tr|B2RJU5|B2RJU5_PORG3,0,0,0,0
tr|B2RJV2|B2RJV2_PORG3,0,0,0,0
tr|B2RJX2|B2RJX2_PORG3,1,1,0,1
sp|B2RJX3|PTP_PORG3,0,1,1,1
tr|B2RJX6|B2RJX6_PORG3,0,0,0,0
tr|B2RJY0|B2RJY0_PORG3,0,0,0,0
tr|B2RJZ0|B2RJZ0_PORG3,0,0,0,0
sp|B2RK25|TRMN6_PORG3,0,1,0,0
tr|B2RK26|B2RK26_PORG3,0,0,0,0
tr|B2RK29|B2RK29_PORG3,0,0,0,0
tr|B2RK32|B2RK32_PORG3,0,0,0,0
sp|B2RK42|SYN_PORG3,1,0,0,0
tr|B2RK43|B2RK43_PORG3,0,1,1,1
tr|B2RK44|B2RK44_PORG3,0,0,0,0
tr|B2RK45|B2RK45_PORG3,0,0,0,0
tr|B2RK49|B2RK49_PORG3,0,0,0,0
tr|B2RK50|B2RK50_PORG3,1,0,0,0
tr|B2RK56|B2RK56_PORG3,1,0,1,1
tr|B2RK67|B2RK67_PORG3,0,0,0,0
tr|B2RK82|B2RK82_PORG3,0,0,0,0
tr|B2RK83|B2RK83_PORG3,0,0,0,0
tr|B2RK84|B2RK84_PORG3,0,0,0,0
tr|B2RK85|B2RK85_PORG3,0,0,0,0
tr|B2RK91|B2RK91_PORG3,0,0,0,0
tr|B2RK97|B2RK97_PORG3,0,0,0,0
tr|B2RKC2|B2RKC2_PORG3,1,0,1,1
tr|B2RKD3|B2RKD3_PORG3,0,0,0,0
tr|B2RKD6|B2RKD6_PORG3,1,0,0,0
tr|B2RKD8|B2RKD8_PORG3,0,0,0,0
tr|B2RKE0|B2RKE0_PORG3,0,0,0,0
tr|B2RKF1|B2RKF1_PORG3,0,0,0,0
tr|B2RKG2|B2RKG2_PORG3,0,0,0,0
tr|B2RKJ9|B2RKJ9_PORG3,1,0,1,1
tr|B2RKK2|B2RKK2_PORG3,0,0,0,0
sp|B2RKL4|RECR_PORG3,0,0,0,0
tr|B2RKL9|B2RKL9_PORG3,0,0,0,0
tr|B2RKM5|B2RKM5_PORG3,0,0,0,0
tr|B2RKM7|B2RKM7_PORG3,0,0,0,0
tr|B2RKN2|B2RKN2_PORG3,0,0,0,0
tr|B2RKN6|B2RKN6_PORG3,0,1,0,0
tr|B2RKP2|B2RKP2_PORG3,0,0,0,0
tr|B2RKR7|B2RKR7_PORG3,0,0,0,0
sp|B2RKS0|YIDC_PORG3,0,0,0,0
sp|B2RKS5|CH10_PORG3,1,0,0,0
tr|B2RKT4|B2RKT4_PORG3,0,0,0,0
sp|B2RKT6|YBEY_PORG3,0,0,0,0
tr|B2RKU4|B2RKU4_PORG3,0,0,0,0
sp|B2RKU8|LUXS_PORG3,0,0,1,0
tr|B2RKU9|B2RKU9_PORG3,0,0,0,0
tr|B2RKV8|B2RKV8_PORG3,0,0,1,0
tr|B2RKW4|B2RKW4_PORG3,0,0,0,0
tr|B2RKW8|B2RKW8_PORG3,0,0,0,0
tr|B2RKZ8|B2RKZ8_PORG3,0,0,0,0
tr|B2RKZ9|B2RKZ9_PORG3,0,0,0,0
tr|B2RL02|B2RL02_PORG3,1,0,0,0
tr|B2RL23|B2RL23_PORG3,0,0,0,0
sp|B2RL24|CLPX_PORG3,0,0,0,0
tr|B2RL25|B2RL25_PORG3,0,0,0,0
sp|B2RL29|MUTL_PORG3,0,0,0,0
tr|B2RL38|B2RL38_PORG3,0,0,0,0
sp|B2RL41|RECF_PORG3,0,1,0,0
sp|B2RL45|RPOB_PORG3,0,0,0,0
sp|B2RL46|RL7_PORG3,1,1,1,1
sp|B2RL48|RL1_PORG3,1,1,1,1
sp|B2RL49|RL11_PORG3,1,1,1,1
tr|B2RL50|B2RL50_PORG3,0,0,0,0
tr|B2RL51|B2RL51_PORG3,0,0,0,0
sp|B2RL52|EFTU_PORG3,0,0,0,0
sp|B2RL54|RS21_PORG3,1,1,0,1
tr|B2RL56|B2RL56_PORG3,0,0,0,0
sp|B2RL61|EFTS_PORG3,0,0,0,0
sp|B2RL62|RS2_PORG3,0,1,0,0
sp|B2RL63|RS9_PORG3,1,0,0,0
tr|B2RL64|B2RL64_PORG3,1,1,0,1
tr|B2RL68|B2RL68_PORG3,1,0,0,0
sp|B2RL77|PYRI_PORG3,0,0,0,0
tr|B2RL78|B2RL78_PORG3,0,0,0,0
tr|B2RL87|B2RL87_PORG3,0,0,0,0
tr|B2RL88|B2RL88_PORG3,0,0,0,0
sp|B2RL89|ENGB_PORG3,0,0,0,0
tr|B2RL92|B2RL92_PORG3,0,0,0,0
tr|B2RLA7|B2RLA7_PORG3,0,0,0,0
tr|B2RLB2|B2RLB2_PORG3,0,0,0,0
tr|B2RLC0|B2RLC0_PORG3,1,0,0,0
sp|B2RLC1|RL27_PORG3,1,1,1,1
sp|B2RLC2|RL21_PORG3,0,0,0,0
tr|B2RLC7|B2RLC7_PORG3,1,1,1,1
tr|B2RLC8|B2RLC8_PORG3,0,0,0,0
tr|B2RLC9|B2RLC9_PORG3,1,0,0,0
tr|B2RLD0|B2RLD0_PORG3,1,1,1,1
tr|B2RLD1|B2RLD1_PORG3,0,0,0,0
tr|B2RLD2|B2RLD2_PORG3,0,1,0,0
tr|B2RLF9|B2RLF9_PORG3,0,0,0,0
sp|B2RLG9|ALF1_PORG3,0,0,0,0
sp|B2RLH2|RS15_PORG3,1,0,0,0
tr|B2RLH8|B2RLH8_PORG3,1,0,1,1
sp|B2RLH9|ACP_PORG3,1,0,0,0
tr|B2RLI8|B2RLI8_PORG3,0,0,0,0
sp|B2RLI9|GRPE_PORG3,0,0,0,0
tr|B2RLM0|B2RLM0_PORG3,0,0,0,0
sp|B2RLM4|KDSB_PORG3,0,0,0,0
tr|B2RLN6|B2RLN6_PORG3,0,0,0,0
tr|B2RLP2|B2RLP2_PORG3,0,0,0,0
tr|B2RLP5|B2RLP5_PORG3,0,0,0,0
tr|B2RLP6|B2RLP6_PORG3,0,1,0,0
tr|B2RLQ6|B2RLQ6_PORG3,0,0,0,0
tr|B2RLR0|B2RLR0_PORG3,0,1,0,0
tr|B2RLR1|B2RLR1_PORG3,0,0,1,0
tr|B2RLR5|B2RLR5_PORG3,1,0,1,1
sp|B2RLS8|NHAA_PORG3,0,0,0,0
tr|B2RLS9|B2RLS9_PORG3,0,0,0,0
tr|B2RLT7|B2RLT7_PORG3,0,0,0,0
tr|B2RLV2|B2RLV2_PORG3,0,0,0,0
sp|B2RLV6|RRF_PORG3,1,0,1,1
sp|B2RLW4|RL17_PORG3,1,0,0,0
sp|B2RLW6|RS4_PORG3,0,0,1,0
sp|B2RLW7|RS11_PORG3,0,0,0,0
sp|B2RLW8|RS13_PORG3,1,1,0,1
sp|B2RLW9|RL36_PORG3,0,0,0,0
tr|B2RLX0|B2RLX0_PORG3,0,0,1,0
tr|B2RLX2|B2RLX2_PORG3,0,0,0,0
sp|B2RLX3|RL15_PORG3,1,1,1,1
sp|B2RLX4|RL30_PORG3,0,0,0,0
tr|B2RLX5|B2RLX5_PORG3,1,0,0,0
sp|B2RLX6|RL18_PORG3,0,0,0,0
sp|B2RLX7|RL6_PORG3,0,1,0,0
sp|B2RLX8|RS8_PORG3,0,0,0,0
sp|B2RLX9|RS14_PORG3,0,0,0,0
sp|B2RLY0|RL5_PORG3,1,0,0,0
sp|B2RLY1|RL24_PORG3,0,1,0,0
sp|B2RLY2|RL14_PORG3,0,1,0,0
sp|B2RLY3|RS17_PORG3,0,0,0,0
sp|B2RLY4|RL29_PORG3,0,1,1,1
sp|B2RLY5|RL16_PORG3,0,1,0,0
sp|B2RLY6|RS3_PORG3,1,0,0,0
sp|B2RLY7|RL22_PORG3,0,1,0,0
sp|B2RLY8|RS19_PORG3,0,0,0,0
sp|B2RLY9|RL2_PORG3,0,1,0,0
tr|B2RLZ0|B2RLZ0_PORG3,1,0,0,0
sp|B2RLZ1|RL4_PORG3,1,0,1,1
sp|B2RLZ2|RL3_PORG3,1,1,0,1
sp|B2RLZ3|RS10_PORG3,0,0,0,0
sp|B2RLZ4|EFG_PORG3,0,0,0,0
sp|B2RLZ5|RS7_PORG3,1,0,0,0
sp|B2RLZ6|RS12_PORG3,1,1,1,1
tr|B2RLZ8|B2RLZ8_PORG3,0,1,0,0
sp|B2RM14|RL33_PORG3,0,0,0,0
sp|B2RM15|RL28_PORG3,0,0,0,0
tr|B2RM27|B2RM27_PORG3,0,0,0,0
tr|B2RM48|B2RM48_PORG3,0,0,0,0
tr|B2RM51|B2RM51_PORG3,0,0,0,0
tr|B2RM61|B2RM61_PORG3,0,0,0,0
sp|B2RM62|UVRC_PORG3,0,0,0,0
tr|B2RM65|B2RM65_PORG3,0,0,0,0
tr|B2RM69|B2RM69_PORG3,0,0,0,0
tr|B2RM70|B2RM70_PORG3,1,1,0,1
sp|B2RM78|RECO_PORG3,0,0,0,0
tr|B2RM82|B2RM82_PORG3,0,0,0,0
tr|B2RM83|B2RM83_PORG3,0,0,0,0
tr|B2RM84|B2RM84_PORG3,0,0,0,0
sp|B2RM92|FMT_PORG3,1,0,0,0
tr|B2RMA4|B2RMA4_PORG3,0,0,0,0
sp|B2RMA5|TRMD_PORG3,0,0,0,0
sp|B2RMB4|TILS_PORG3,0,0,0,0
tr|B2RMC9|B2RMC9_PORG3,0,0,0,0
sp|B2RMD0|NADD_PORG3,1,0,0,0
tr|B2RMD7|B2RMD7_PORG3,0,1,1,1
sp|B2RME3|LPXD_PORG3,0,1,0,0
sp|B2RME4|PYRF_PORG3,0,0,0,0
tr|B2RME5|B2RME5_PORG3,0,0,0,0
tr|B2RME6|B2RME6_PORG3,0,0,0,0
tr|B2RMF4|B2RMF4_PORG3,0,1,0,0
tr|B2RMF5|B2RMF5_PORG3,0,1,0,0
tr|B2RMG5|B2RMG5_PORG3,0,0,0,0
tr|B2RMH3|B2RMH3_PORG3,0,0,0,0
tr|B2RMI3|B2RMI3_PORG3,0,0,0,0
tr|B2RMI4|B2RMI4_PORG3,0,0,0,0
sp|B2RMJ1|DEF_PORG3,1,1,0,1
tr|B2RMJ2|B2RMJ2_PORG3,0,0,0,0
tr|B2RMJ4|B2RMJ4_PORG3,1,0,0,0
tr|B2RMJ8|B2RMJ8_PORG3,0,0,0,0
tr|B2RGM6|B2RGM6_PORG3,0,1,1,1
tr|B2RGM7|B2RGM7_PORG3,0,0,0,0
tr|B2RGM9|B2RGM9_PORG3,0,0,0,0
tr|B2RGN0|B2RGN0_PORG3,0,0,0,0
tr|B2RGN1|B2RGN1_PORG3,1,0,1,1
tr|B2RGN3|B2RGN3_PORG3,0,1,0,0
tr|B2RGN4|B2RGN4_PORG3,0,0,0,0
tr|B2RGN6|B2RGN6_PORG3,1,0,0,0
tr|B2RGN7|B2RGN7_PORG3,0,0,0,0
tr|B2RGN8|B2RGN8_PORG3,1,1,0,1
tr|B2RGN9|B2RGN9_PORG3,0,0,0,0
tr|B2RGP1|B2RGP1_PORG3,0,0,0,0
tr|B2RGP2|B2RGP2_PORG3,0,0,0,0
tr|B2RGP3|B2RGP3_PORG3,1,1,1,1
tr|B2RGP5|B2RGP5_PORG3,1,0,0,0
tr|B2RGP6|B2RGP6_PORG3,1,1,1,1
tr|B2RGP7|B2RGP7_PORG3,1,0,0,0
tr|B2RGP9|B2RGP9_PORG3,0,0,0,0
tr|B2RGQ1|B2RGQ1_PORG3,0,0,0,0
tr|B2RGQ2|B2RGQ2_PORG3,1,0,1,1
tr|B2RGQ3|B2RGQ3_PORG3,0,1,1,1
tr|B2RGQ4|B2RGQ4_PORG3,0,0,0,0
tr|B2RGQ6|B2RGQ6_PORG3,1,1,1,1
tr|B2RGQ7|B2RGQ7_PORG3,0,0,0,0
tr|B2RGQ8|B2RGQ8_PORG3,0,0,0,0
tr|B2RGR0|B2RGR0_PORG3,0,0,0,0
tr|B2RGR1|B2RGR1_PORG3,0,0,0,0
tr|B2RGR3|B2RGR3_PORG3,0,0,0,0
tr|B2RGR4|B2RGR4_PORG3,0,0,0,0
tr|B2RGR9|B2RGR9_PORG3,0,0,0,0
tr|B2RGS0|B2RGS0_PORG3,0,0,1,0
tr|B2RGS1|B2RGS1_PORG3,0,0,0,0
tr|B2RGS2|B2RGS2_PORG3,0,0,0,0
tr|B2RGS3|B2RGS3_PORG3,0,0,0,0
tr|B2RGS4|B2RGS4_PORG3,0,0,0,0
tr|B2RGS5|B2RGS5_PORG3,0,1,0,0
tr|B2RGS6|B2RGS6_PORG3,0,0,1,0
tr|B2RGS7|B2RGS7_PORG3,0,0,0,0
tr|B2RGS8|B2RGS8_PORG3,0,0,0,0
tr|B2RGS9|B2RGS9_PORG3,0,0,0,0
tr|B2RGT0|B2RGT0_PORG3,1,1,1,1
tr|B2RGT1|B2RGT1_PORG3,0,0,1,0
tr|B2RGT2|B2RGT2_PORG3,1,1,1,1
tr|B2RGT3|B2RGT3_PORG3,1,0,0,0
tr|B2RGT4|B2RGT4_PORG3,1,1,1,1
tr|B2RGT5|B2RGT5_PORG3,0,0,0,0
tr|B2RGT6|B2RGT6_PORG3,1,0,0,0
tr|B2RGT7|B2RGT7_PORG3,0,0,0,0
tr|B2RGT8|B2RGT8_PORG3,0,0,0,0
tr|B2RGT9|B2RGT9_PORG3,0,0,0,0
tr|B2RGU0|B2RGU0_PORG3,0,0,0,0
tr|B2RGU1|B2RGU1_PORG3,1,0,1,1
tr|B2RGU2|B2RGU2_PORG3,0,1,1,1
tr|B2RGU3|B2RGU3_PORG3,0,0,0,0
tr|B2RGU4|B2RGU4_PORG3,1,0,0,0
tr|B2RGU5|B2RGU5_PORG3,0,0,0,0
tr|B2RGU6|B2RGU6_PORG3,0,0,0,0
tr|B2RGU7|B2RGU7_PORG3,0,0,0,0
tr|B2RGU8|B2RGU8_PORG3,0,0,0,0
tr|B2RGU9|B2RGU9_PORG3,0,0,0,0
tr|B2RGV0|B2RGV0_PORG3,0,1,0,0
tr|B2RGV1|B2RGV1_PORG3,0,1,1,1
tr|B2RGV2|B2RGV2_PORG3,1,0,0,0
tr|B2RGV3|B2RGV3_PORG3,0,0,0,0
tr|B2RGV4|B2RGV4_PORG3,0,0,1,0
tr|B2RGV5|B2RGV5_PORG3,0,0,0,0
tr|B2RGV6|B2RGV6_PORG3,0,0,0,0
tr|B2RGV7|B2RGV7_PORG3,1,0,1,1
tr|B2RGV9|B2RGV9_PORG3,0,0,0,0
tr|B2RGW0|B2RGW0_PORG3,0,0,0,0
tr|B2RGW1|B2RGW1_PORG3,0,0,0,0
tr|B2RGW2|B2RGW2_PORG3,0,0,0,0
tr|B2RGW3|B2RGW3_PORG3,1,1,0,1
tr|B2RGW4|B2RGW4_PORG3,0,0,0,0
tr|B2RGW5|B2RGW5_PORG3,1,0,0,0
tr|B2RGW6|B2RGW6_PORG3,0,0,0,0
tr|B2RGW7|B2RGW7_PORG3,0,0,0,0
tr|B2RGW8|B2RGW8_PORG3,0,0,0,0
tr|B2RGW9|B2RGW9_PORG3,1,0,0,0
tr|B2RGX1|B2RGX1_PORG3,0,1,0,0
tr|B2RGX2|B2RGX2_PORG3,1,1,1,1
tr|B2RGX3|B2RGX3_PORG3,0,1,1,1
tr|B2RGX6|B2RGX6_PORG3,0,0,0,0
tr|B2RGX8|B2RGX8_PORG3,0,0,0,0
tr|B2RGX9|B2RGX9_PORG3,1,1,1,1
tr|B2RGY0|B2RGY0_PORG3,0,0,0,0
tr|B2RGY1|B2RGY1_PORG3,0,0,0,0
tr|B2RGY2|B2RGY2_PORG3,0,0,0,0
tr|B2RGY3|B2RGY3_PORG3,0,1,0,0
tr|B2RGY4|B2RGY4_PORG3,0,0,0,0
tr|B2RGY5|B2RGY5_PORG3,0,0,0,0
tr|B2RGY6|B2RGY6_PORG3,0,0,0,0
tr|B2RGY7|B2RGY7_PORG3,1,0,1,1
tr|B2RGZ4|B2RGZ4_PORG3,1,0,0,0
tr|B2RGZ5|B2RGZ5_PORG3,1,1,1,1
tr|B2RGZ6|B2RGZ6_PORG3,1,1,0,1
tr|B2RGZ7|B2RGZ7_PORG3,1,1,0,1
tr|B2RGZ8|B2RGZ8_PORG3,1,0,1,1
tr|B2RGZ9|B2RGZ9_PORG3,0,0,0,0
tr|B2RH00|B2RH00_PORG3,0,0,0,0
tr|B2RH01|B2RH01_PORG3,0,1,1,1
tr|B2RH02|B2RH02_PORG3,0,0,0,0
tr|B2RH03|B2RH03_PORG3,0,0,0,0
tr|B2RH04|B2RH04_PORG3,0,0,1,0
tr|B2RH05|B2RH05_PORG3,0,0,0,0
tr|B2RH06|B2RH06_PORG3,0,1,0,0
tr|B2RH09|B2RH09_PORG3,0,0,0,0
tr|B2RH10|B2RH10_PORG3,0,0,0,0
tr|B2RH12|B2RH12_PORG3,0,1,1,1
tr|B2RH15|B2RH15_PORG3,0,1,0,0
tr|B2RH16|B2RH16_PORG3,0,0,0,0
tr|B2RH18|B2RH18_PORG3,1,1,0,1
tr|B2RH19|B2RH19_PORG3,1,1,1,1
tr|B2RH20|B2RH20_PORG3,1,1,1,1
tr|B2RH21|B2RH21_PORG3,1,1,0,1
tr|B2RH22|B2RH22_PORG3,0,1,0,0
tr|B2RH24|B2RH24_PORG3,0,0,0,0
tr|B2RH25|B2RH25_PORG3,1,0,1,1
tr|B2RH26|B2RH26_PORG3,0,0,1,0
tr|B2RH27|B2RH27_PORG3,0,0,0,0
tr|B2RH28|B2RH28_PORG3,0,0,0,0
tr|B2RH29|B2RH29_PORG3,1,0,1,1
tr|B2RH30|B2RH30_PORG3,1,1,1,1
tr|B2RH31|B2RH31_PORG3,0,0,0,0
tr|B2RH35|B2RH35_PORG3,1,0,0,0
tr|B2RH36|B2RH36_PORG3,1,1,1,1
tr|B2RH37|B2RH37_PORG3,0,0,0,0
tr|B2RH38|B2RH38_PORG3,1,1,1,1
tr|B2RH39|B2RH39_PORG3,0,0,0,0
tr|B2RH40|B2RH40_PORG3,1,0,1,1
tr|B2RH42|B2RH42_PORG3,1,0,0,0
tr|B2RH43|B2RH43_PORG3,0,0,0,0
tr|B2RH44|B2RH44_PORG3,0,0,0,0
tr|B2RH45|B2RH45_PORG3,0,0,0,0
tr|B2RH46|B2RH46_PORG3,1,1,1,1
tr|B2RH48|B2RH48_PORG3,0,0,0,0
tr|B2RH49|B2RH49_PORG3,0,0,0,0
tr|B2RH50|B2RH50_PORG3,0,0,0,0
tr|B2RH51|B2RH51_PORG3,0,1,0,0
tr|B2RH52|B2RH52_PORG3,1,1,0,1
tr|B2RH53|B2RH53_PORG3,0,0,0,0
tr|B2RH55|B2RH55_PORG3,0,0,0,0
tr|B2RH56|B2RH56_PORG3,1,1,1,1
tr|B2RH60|B2RH60_PORG3,0,0,0,0
tr|B2RH61|B2RH61_PORG3,1,0,0,0
tr|B2RH66|B2RH66_PORG3,1,0,0,0
tr|B2RH67|B2RH67_PORG3,0,0,0,0
tr|B2RH68|B2RH68_PORG3,0,0,0,0
tr|B2RH70|B2RH70_PORG3,0,0,1,0
tr|B2RH71|B2RH71_PORG3,0,1,1,1
tr|B2RH72|B2RH72_PORG3,1,1,1,1
tr|B2RH73|B2RH73_PORG3,0,0,0,0
tr|B2RH74|B2RH74_PORG3,0,0,0,0
tr|B2RH76|B2RH76_PORG3,0,0,0,0
tr|B2RH77|B2RH77_PORG3,0,0,0,0
tr|B2RH79|B2RH79_PORG3,1,0,0,0
tr|B2RH80|B2RH80_PORG3,0,0,0,0
tr|B2RH82|B2RH82_PORG3,0,0,0,0
tr|B2RH84|B2RH84_PORG3,0,0,0,0
tr|B2RH85|B2RH85_PORG3,0,0,0,0
tr|B2RH86|B2RH86_PORG3,0,0,0,0
tr|B2RH87|B2RH87_PORG3,0,0,1,0
tr|B2RH88|B2RH88_PORG3,0,1,0,0
tr|B2RH89|B2RH89_PORG3,0,1,1,1
tr|B2RH90|B2RH90_PORG3,0,1,0,0
tr|B2RH91|B2RH91_PORG3,0,1,0,0
tr|B2RH92|B2RH92_PORG3,0,0,0,0
tr|B2RH93|B2RH93_PORG3,1,0,0,0
tr|B2RH94|B2RH94_PORG3,0,0,0,0
tr|B2RH96|B2RH96_PORG3,1,1,1,1
tr|B2RH97|B2RH97_PORG3,0,0,0,0
tr|B2RH98|B2RH98_PORG3,0,0,0,0
tr|B2RH99|B2RH99_PORG3,0,0,0,0
tr|B2RHA0|B2RHA0_PORG3,0,0,0,0
tr|B2RHA1|B2RHA1_PORG3,0,0,0,0
tr|B2RHA2|B2RHA2_PORG3,1,1,0,1
tr|B2RHA3|B2RHA3_PORG3,1,0,1,1
tr|B2RHA4|B2RHA4_PORG3,0,1,1,1
tr|B2RHA5|B2RHA5_PORG3,0,0,0,0
tr|B2RHA6|B2RHA6_PORG3,0,1,0,0
tr|B2RHA7|B2RHA7_PORG3,0,0,0,0
tr|B2RHA8|B2RHA8_PORG3,0,0,0,0
tr|B2RHA9|B2RHA9_PORG3,1,0,0,0
tr|B2RHB0|B2RHB0_PORG3,1,1,1,1
tr|B2RHB1|B2RHB1_PORG3,1,0,0,0
tr|B2RHB2|B2RHB2_PORG3,0,0,0,0
tr|B2RHB3|B2RHB3_PORG3,1,0,0,0
tr|B2RHB5|B2RHB5_PORG3,0,0,0,0
tr|B2RHB6|B2RHB6_PORG3,0,0,0,0
tr|B2RHB8|B2RHB8_PORG3,0,0,1,0
tr|B2RHB9|B2RHB9_PORG3,0,0,0,0
tr|B2RHC0|B2RHC0_PORG3,0,0,0,0
tr|B2RHC3|B2RHC3_PORG3,0,0,0,0
tr|B2RHC4|B2RHC4_PORG3,0,0,0,0
tr|B2RHC6|B2RHC6_PORG3,0,1,0,0
tr|B2RHC7|B2RHC7_PORG3,1,1,1,1
tr|B2RHC8|B2RHC8_PORG3,1,0,0,0
tr|B2RHC9|B2RHC9_PORG3,0,0,0,0
tr|B2RHD0|B2RHD0_PORG3,1,0,0,0
tr|B2RHD1|B2RHD1_PORG3,1,0,0,0
tr|B2RHD3|B2RHD3_PORG3,0,0,1,0
tr|B2RHD4|B2RHD4_PORG3,0,0,0,0
tr|B2RHD5|B2RHD5_PORG3,0,0,0,0
tr|B2RHD6|B2RHD6_PORG3,0,0,0,0
tr|B2RHE2|B2RHE2_PORG3,0,0,0,0
tr|B2RHE3|B2RHE3_PORG3,0,0,0,0
tr|B2RHE4|B2RHE4_PORG3,0,0,0,0
tr|B2RHE5|B2RHE5_PORG3,0,0,0,0
tr|B2RHE6|B2RHE6_PORG3,1,0,0,0
tr|B2RHE7|B2RHE7_PORG3,0,0,0,0
tr|B2RHE8|B2RHE8_PORG3,0,0,0,0
tr|B2RHF0|B2RHF0_PORG3,1,1,1,1
tr|B2RHF4|B2RHF4_PORG3,1,1,1,1
tr|B2RHF6|B2RHF6_PORG3,0,1,0,0
tr|B2RHF7|B2RHF7_PORG3,1,1,1,1
tr|B2RHF8|B2RHF8_PORG3,0,0,0,0
tr|B2RHF9|B2RHF9_PORG3,0,1,0,0
tr|B2RHG0|B2RHG0_PORG3,1,0,0,0
tr|B2RHG6|B2RHG6_PORG3,0,0,0,0
tr|B2RHG7|B2RHG7_PORG3,1,1,1,1
tr|B2RHG8|B2RHG8_PORG3,0,0,0,0
tr|B2RHG9|B2RHG9_PORG3,1,1,1,1
tr|B2RHH0|B2RHH0_PORG3,1,1,0,1
tr|B2RHH1|B2RHH1_PORG3,1,1,1,1
tr|B2RHH3|B2RHH3_PORG3,1,1,1,1
tr|B2RHH4|B2RHH4_PORG3,0,0,0,0
tr|B2RHH5|B2RHH5_PORG3,0,0,0,0
tr|B2RHH6|B2RHH6_PORG3,0,0,0,0
tr|B2RHH7|B2RHH7_PORG3,0,0,0,0
tr|B2RHH8|B2RHH8_PORG3,0,1,1,1
tr|B2RHH9|B2RHH9_PORG3,1,1,1,1
tr|B2RHI0|B2RHI0_PORG3,1,0,0,0
tr|B2RHI1|B2RHI1_PORG3,0,0,0,0
sp|B2RHI2|YIDD_PORG3,1,0,0,0
tr|B2RHI4|B2RHI4_PORG3,0,0,0,0
tr|B2RHI5|B2RHI5_PORG3,0,0,0,0
tr|B2RHI6|B2RHI6_PORG3,0,0,0,0
tr|B2RHI8|B2RHI8_PORG3,0,0,0,0
tr|B2RHJ0|B2RHJ0_PORG3,1,1,0,1
tr|B2RHJ1|B2RHJ1_PORG3,0,1,0,0
tr|B2RHJ2|B2RHJ2_PORG3,0,0,0,0
tr|B2RHJ3|B2RHJ3_PORG3,0,0,0,0
tr|B2RHJ4|B2RHJ4_PORG3,0,0,1,0
tr|B2RHJ5|B2RHJ5_PORG3,0,0,0,0
tr|B2RHJ6|B2RHJ6_PORG3,0,1,1,1
tr|B2RHJ7|B2RHJ7_PORG3,1,0,0,0
tr|B2RHJ8|B2RHJ8_PORG3,0,0,0,0
tr|B2RHJ9|B2RHJ9_PORG3,0,0,0,0
tr|B2RHK0|B2RHK0_PORG3,0,1,1,1
tr|B2RHK1|B2RHK1_PORG3,0,0,0,0
tr|B2RHK2|B2RHK2_PORG3,0,0,0,0
tr|B2RHK3|B2RHK3_PORG3,0,0,0,0
tr|B2RHK5|B2RHK5_PORG3,0,0,1,0
tr|B2RHK6|B2RHK6_PORG3,0,0,0,0
tr|B2RHK8|B2RHK8_PORG3,0,1,0,0
tr|B2RHL0|B2RHL0_PORG3,1,1,1,1
tr|B2RHL1|B2RHL1_PORG3,1,1,1,1
tr|B2RHL2|B2RHL2_PORG3,0,0,0,0
tr|B2RHL3|B2RHL3_PORG3,0,1,1,1
tr|B2RHL4|B2RHL4_PORG3,0,0,0,0
tr|B2RHL5|B2RHL5_PORG3,1,1,1,1
tr|B2RHL7|B2RHL7_PORG3,1,0,0,0
tr|B2RHL8|B2RHL8_PORG3,0,1,0,0
tr|B2RHL9|B2RHL9_PORG3,1,0,0,0
tr|B2RHM1|B2RHM1_PORG3,1,0,1,1
tr|B2RHM2|B2RHM2_PORG3,0,0,0,0
tr|B2RHM3|B2RHM3_PORG3,0,0,1,0
tr|B2RHM4|B2RHM4_PORG3,0,0,1,0
tr|B2RHM5|B2RHM5_PORG3,0,0,0,0
tr|B2RHM6|B2RHM6_PORG3,0,1,1,1
tr|B2RHN0|B2RHN0_PORG3,0,0,0,0
tr|B2RHN1|B2RHN1_PORG3,0,0,0,0
tr|B2RHN2|B2RHN2_PORG3,0,0,0,0
tr|B2RHN3|B2RHN3_PORG3,0,0,0,0
tr|B2RHN5|B2RHN5_PORG3,0,0,0,0
tr|B2RHN6|B2RHN6_PORG3,0,0,0,0
tr|B2RHN7|B2RHN7_PORG3,0,1,0,0
tr|B2RHN8|B2RHN8_PORG3,1,0,0,0
tr|B2RHP1|B2RHP1_PORG3,0,0,1,0
tr|B2RHP2|B2RHP2_PORG3,0,0,0,0
tr|B2RHP4|B2RHP4_PORG3,0,0,0,0
tr|B2RHP5|B2RHP5_PORG3,1,0,1,1
tr|B2RHP6|B2RHP6_PORG3,0,0,0,0
tr|B2RHP7|B2RHP7_PORG3,1,0,1,1
tr|B2RHP8|B2RHP8_PORG3,0,0,0,0
tr|B2RHP9|B2RHP9_PORG3,0,0,0,0
tr|B2RHQ1|B2RHQ1_PORG3,0,0,0,0
tr|B2RHQ2|B2RHQ2_PORG3,0,0,0,0
tr|B2RHQ3|B2RHQ3_PORG3,0,0,0,0
tr|B2RHQ4|B2RHQ4_PORG3,1,1,1,1
tr|B2RHQ5|B2RHQ5_PORG3,0,0,0,0
tr|B2RHQ6|B2RHQ6_PORG3,0,0,0,0
tr|B2RHQ7|B2RHQ7_PORG3,0,0,0,0
tr|B2RHQ8|B2RHQ8_PORG3,1,0,0,0
tr|B2RHR1|B2RHR1_PORG3,0,0,0,0
tr|B2RHR3|B2RHR3_PORG3,1,0,0,0
tr|B2RHR4|B2RHR4_PORG3,0,0,0,0
tr|B2RHR5|B2RHR5_PORG3,1,1,0,1
tr|B2RHR6|B2RHR6_PORG3,0,1,0,0
tr|B2RHR9|B2RHR9_PORG3,0,1,0,0
tr|B2RHS1|B2RHS1_PORG3,1,0,0,0
tr|B2RHS2|B2RHS2_PORG3,0,0,0,0
tr|B2RHS3|B2RHS3_PORG3,0,0,0,0
tr|B2RHS4|B2RHS4_PORG3,1,1,1,1
tr|B2RHS5|B2RHS5_PORG3,1,1,1,1
tr|B2RHS6|B2RHS6_PORG3,0,0,0,0
tr|B2RHS8|B2RHS8_PORG3,1,0,0,0
tr|B2RHS9|B2RHS9_PORG3,1,1,0,1
tr|B2RHT0|B2RHT0_PORG3,1,1,0,1
tr|B2RHT1|B2RHT1_PORG3,0,1,1,1
tr|B2RHT2|B2RHT2_PORG3,0,0,1,0
tr|B2RHT3|B2RHT3_PORG3,0,0,0,0
tr|B2RHT4|B2RHT4_PORG3,0,0,0,0
tr|B2RHT5|B2RHT5_PORG3,0,0,0,0
tr|B2RHT6|B2RHT6_PORG3,1,0,0,0
tr|B2RHT8|B2RHT8_PORG3,0,0,0,0
tr|B2RHU0|B2RHU0_PORG3,1,0,0,0
tr|B2RHU1|B2RHU1_PORG3,0,1,1,1
tr|B2RHU3|B2RHU3_PORG3,0,0,0,0
tr|B2RHU4|B2RHU4_PORG3,1,0,0,0
tr|B2RHU5|B2RHU5_PORG3,1,1,1,1
tr|B2RHU6|B2RHU6_PORG3,1,0,0,0
tr|B2RHU8|B2RHU8_PORG3,1,0,0,0
tr|B2RHU9|B2RHU9_PORG3,0,1,0,0
tr|B2RHV0|B2RHV0_PORG3,0,1,1,1
tr|B2RHV1|B2RHV1_PORG3,0,0,0,0
tr|B2RHV2|B2RHV2_PORG3,1,1,0,1
tr|B2RHV3|B2RHV3_PORG3,0,0,0,0
tr|B2RHV4|B2RHV4_PORG3,0,0,0,0
tr|B2RHV5|B2RHV5_PORG3,0,0,0,0
tr|B2RHV6|B2RHV6_PORG3,0,0,0,0
tr|B2RHV9|B2RHV9_PORG3,0,0,1,0
tr|B2RHW0|B2RHW0_PORG3,0,0,1,0
tr|B2RHW1|B2RHW1_PORG3,0,0,1,0
tr|B2RHW5|B2RHW5_PORG3,1,1,1,1
tr|B2RHW6|B2RHW6_PORG3,0,0,0,0
tr|B2RHW7|B2RHW7_PORG3,1,1,1,1
tr|B2RHW8|B2RHW8_PORG3,0,0,0,0
tr|B2RHW9|B2RHW9_PORG3,0,0,0,0
tr|B2RHX0|B2RHX0_PORG3,0,0,0,0
tr|B2RHX1|B2RHX1_PORG3,0,0,0,0
tr|B2RHX2|B2RHX2_PORG3,0,0,0,0
tr|B2RHX3|B2RHX3_PORG3,0,0,0,0
tr|B2RHX4|B2RHX4_PORG3,0,0,0,0
tr|B2RHX5|B2RHX5_PORG3,0,0,0,0
tr|B2RHX6|B2RHX6_PORG3,0,1,0,0
tr|B2RHX7|B2RHX7_PORG3,1,1,1,1
tr|B2RHX8|B2RHX8_PORG3,0,0,0,0
tr|B2RHX9|B2RHX9_PORG3,0,0,0,0
tr|B2RHY0|B2RHY0_PORG3,0,0,0,0
tr|B2RHY2|B2RHY2_PORG3,0,0,0,0
tr|B2RHY3|B2RHY3_PORG3,0,0,0,0
tr|B2RHY4|B2RHY4_PORG3,0,1,1,1
tr|B2RHY6|B2RHY6_PORG3,0,0,0,0
tr|B2RHY7|B2RHY7_PORG3,1,1,1,1
tr|B2RHY8|B2RHY8_PORG3,0,0,0,0
tr|B2RHY9|B2RHY9_PORG3,0,0,0,0
tr|B2RHZ1|B2RHZ1_PORG3,0,0,1,0
tr|B2RHZ2|B2RHZ2_PORG3,0,0,0,0
tr|B2RHZ4|B2RHZ4_PORG3,1,0,1,1
tr|B2RHZ5|B2RHZ5_PORG3,0,0,1,0
tr|B2RHZ7|B2RHZ7_PORG3,0,0,0,0
tr|B2RHZ8|B2RHZ8_PORG3,0,0,0,0
tr|B2RHZ9|B2RHZ9_PORG3,1,0,0,0
tr|B2RI00|B2RI00_PORG3,1,1,1,1
tr|B2RI01|B2RI01_PORG3,1,1,1,1
tr|B2RI02|B2RI02_PORG3,0,0,0,0
tr|B2RI03|B2RI03_PORG3,0,1,0,0
tr|B2RI04|B2RI04_PORG3,1,0,0,0
tr|B2RI05|B2RI05_PORG3,1,1,1,1
tr|B2RI06|B2RI06_PORG3,1,0,0,0
tr|B2RI08|B2RI08_PORG3,0,0,0,0
tr|B2RI09|B2RI09_PORG3,0,0,0,0
tr|B2RI10|B2RI10_PORG3,0,1,1,1
tr|B2RI12|B2RI12_PORG3,0,0,0,0
tr|B2RI13|B2RI13_PORG3,1,1,1,1
tr|B2RI14|B2RI14_PORG3,0,0,0,0
tr|B2RI15|B2RI15_PORG3,0,0,0,0
tr|B2RI16|B2RI16_PORG3,0,0,0,0
tr|B2RI17|B2RI17_PORG3,0,0,0,0
tr|B2RI18|B2RI18_PORG3,0,0,1,0
tr|B2RI19|B2RI19_PORG3,1,1,1,1
tr|B2RI20|B2RI20_PORG3,0,0,0,0
tr|B2RI21|B2RI21_PORG3,0,0,0,0
tr|B2RI22|B2RI22_PORG3,0,0,0,0
tr|B2RI23|B2RI23_PORG3,1,0,0,0
tr|B2RI24|B2RI24_PORG3,0,0,0,0
tr|B2RI25|B2RI25_PORG3,0,1,0,0
tr|B2RI26|B2RI26_PORG3,1,1,1,1
tr|B2RI27|B2RI27_PORG3,1,1,1,1
tr|B2RI28|B2RI28_PORG3,0,0,0,0
tr|B2RI29|B2RI29_PORG3,0,0,1,0
tr|B2RI30|B2RI30_PORG3,0,0,0,0
tr|B2RI31|B2RI31_PORG3,0,0,0,0
tr|B2RI33|B2RI33_PORG3,0,1,0,0
tr|B2RI35|B2RI35_PORG3,0,0,0,0
tr|B2RI36|B2RI36_PORG3,0,0,0,0
tr|B2RI37|B2RI37_PORG3,1,0,0,0
tr|B2RI38|B2RI38_PORG3,1,0,0,0
tr|B2RI40|B2RI40_PORG3,1,0,1,1
tr|B2RI43|B2RI43_PORG3,0,0,0,0
tr|B2RI45|B2RI45_PORG3,0,0,0,0
tr|B2RI46|B2RI46_PORG3,1,0,0,0
tr|B2RI49|B2RI49_PORG3,0,0,0,0
tr|B2RI50|B2RI50_PORG3,1,1,1,1
tr|B2RI51|B2RI51_PORG3,0,0,0,0
tr|B2RI52|B2RI52_PORG3,0,0,0,0
tr|B2RI53|B2RI53_PORG3,0,0,0,0
tr|B2RI54|B2RI54_PORG3,0,0,0,0
tr|B2RI55|B2RI55_PORG3,0,0,0,0
tr|B2RI56|B2RI56_PORG3,0,0,0,0
tr|B2RI60|B2RI60_PORG3,1,0,1,1
tr|B2RI61|B2RI61_PORG3,0,0,0,0
tr|B2RI62|B2RI62_PORG3,0,0,0,0
tr|B2RI63|B2RI63_PORG3,0,0,0,0
tr|B2RI64|B2RI64_PORG3,1,0,0,0
tr|B2RI65|B2RI65_PORG3,0,0,0,0
tr|B2RI66|B2RI66_PORG3,0,0,0,0
tr|B2RI69|B2RI69_PORG3,0,1,0,0
tr|B2RI75|B2RI75_PORG3,1,1,1,1
tr|B2RI76|B2RI76_PORG3,1,1,0,1
tr|B2RI77|B2RI77_PORG3,0,1,0,0
tr|B2RI78|B2RI78_PORG3,1,0,0,0
tr|B2RI79|B2RI79_PORG3,0,0,0,0
tr|B2RI80|B2RI80_PORG3,0,0,0,0
tr|B2RI81|B2RI81_PORG3,1,1,1,1
tr|B2RI82|B2RI82_PORG3,1,1,1,1
tr|B2RI83|B2RI83_PORG3,1,0,1,1
tr|B2RI84|B2RI84_PORG3,0,1,0,0
tr|B2RI85|B2RI85_PORG3,1,1,0,1
tr|B2RI86|B2RI86_PORG3,0,0,0,0
tr|B2RI87|B2RI87_PORG3,1,1,1,1
tr|B2RI89|B2RI89_PORG3,1,0,0,0
tr|B2RI90|B2RI90_PORG3,0,0,0,0
tr|B2RI91|B2RI91_PORG3,0,0,0,0
tr|B2RI96|B2RI96_PORG3,0,0,0,0
tr|B2RI97|B2RI97_PORG3,0,0,0,0
tr|B2RI98|B2RI98_PORG3,1,1,0,1
tr|B2RI99|B2RI99_PORG3,0,0,0,0
tr|B2RIA0|B2RIA0_PORG3,0,1,0,0
tr|B2RIA1|B2RIA1_PORG3,0,0,0,0
tr|B2RIA2|B2RIA2_PORG3,0,0,1,0
tr|B2RIA3|B2RIA3_PORG3,1,0,0,0
tr|B2RIA4|B2RIA4_PORG3,0,0,0,0
tr|B2RIA5|B2RIA5_PORG3,1,1,1,1
tr|B2RIA7|B2RIA7_PORG3,0,0,0,0
tr|B2RIA8|B2RIA8_PORG3,0,0,0,0
tr|B2RIB0|B2RIB0_PORG3,0,0,0,0
tr|B2RIB1|B2RIB1_PORG3,0,0,0,0
tr|B2RIB2|B2RIB2_PORG3,0,0,0,0
tr|B2RIB3|B2RIB3_PORG3,0,0,1,0
tr|B2RIB4|B2RIB4_PORG3,0,0,0,0
tr|B2RIB5|B2RIB5_PORG3,0,1,0,0
tr|B2RIB6|B2RIB6_PORG3,0,1,0,0
tr|B2RIB7|B2RIB7_PORG3,0,1,1,1
tr|B2RIB8|B2RIB8_PORG3,1,0,0,0
tr|B2RIB9|B2RIB9_PORG3,0,1,1,1
tr|B2RIC0|B2RIC0_PORG3,0,1,0,0
tr|B2RIC1|B2RIC1_PORG3,0,0,0,0
tr|B2RIC2|B2RIC2_PORG3,0,0,0,0
tr|B2RIC3|B2RIC3_PORG3,0,0,0,0
tr|B2RIC4|B2RIC4_PORG3,0,0,0,0
tr|B2RIC5|B2RIC5_PORG3,0,0,0,0
tr|B2RIC6|B2RIC6_PORG3,0,0,0,0
tr|B2RIC7|B2RIC7_PORG3,1,1,1,1
tr|B2RIC9|B2RIC9_PORG3,0,0,0,0
tr|B2RID0|B2RID0_PORG3,1,0,0,0
tr|B2RID2|B2RID2_PORG3,0,0,0,0
tr|B2RID3|B2RID3_PORG3,0,0,0,0
tr|B2RID4|B2RID4_PORG3,0,0,0,0
tr|B2RID5|B2RID5_PORG3,0,0,0,0
tr|B2RID7|B2RID7_PORG3,0,0,0,0
tr|B2RID8|B2RID8_PORG3,0,1,1,1
tr|B2RID9|B2RID9_PORG3,0,0,0,0
tr|B2RIE1|B2RIE1_PORG3,1,1,1,1
tr|B2RIE3|B2RIE3_PORG3,0,0,1,0
tr|B2RIE5|B2RIE5_PORG3,0,0,0,0
tr|B2RIE6|B2RIE6_PORG3,0,1,1,1
tr|B2RIF0|B2RIF0_PORG3,0,0,0,0
tr|B2RIF3|B2RIF3_PORG3,0,0,0,0
tr|B2RIF6|B2RIF6_PORG3,0,1,1,1
tr|B2RIF7|B2RIF7_PORG3,0,0,1,0
tr|B2RIG1|B2RIG1_PORG3,1,1,0,1
tr|B2RIG2|B2RIG2_PORG3,0,0,0,0
tr|B2RIG6|B2RIG6_PORG3,0,0,0,0
tr|B2RIG8|B2RIG8_PORG3,0,0,0,0
tr|B2RIG9|B2RIG9_PORG3,1,1,1,1
tr|B2RIH1|B2RIH1_PORG3,0,0,0,0
tr|B2RIH2|B2RIH2_PORG3,1,1,1,1
tr|B2RIH3|B2RIH3_PORG3,1,0,1,1
tr|B2RIH4|B2RIH4_PORG3,1,0,1,1
tr|B2RIH5|B2RIH5_PORG3,1,0,1,1
tr|B2RIH6|B2RIH6_PORG3,0,0,1,0
tr|B2RIH7|B2RIH7_PORG3,1,0,1,1
tr|B2RIH8|B2RIH8_PORG3,1,1,1,1
tr|B2RIH9|B2RIH9_PORG3,1,0,1,1
tr|B2RII0|B2RII0_PORG3,1,1,0,1
tr|B2RII1|B2RII1_PORG3,1,1,1,1
tr|B2RII3|B2RII3_PORG3,0,0,0,0
tr|B2RII7|B2RII7_PORG3,0,0,0,0
tr|B2RII8|B2RII8_PORG3,0,0,0,0
tr|B2RIJ0|B2RIJ0_PORG3,0,1,1,1
tr|B2RIJ2|B2RIJ2_PORG3,0,0,0,0
tr|B2RIJ3|B2RIJ3_PORG3,0,0,0,0
tr|B2RIJ6|B2RIJ6_PORG3,0,0,0,0
tr|B2RIJ7|B2RIJ7_PORG3,0,0,0,0
tr|B2RIJ8|B2RIJ8_PORG3,1,1,1,1
tr|B2RIJ9|B2RIJ9_PORG3,1,0,1,1
tr|B2RIK1|B2RIK1_PORG3,0,0,0,0
tr|B2RIK4|B2RIK4_PORG3,0,0,0,0
tr|B2RIK5|B2RIK5_PORG3,0,0,1,0
tr|B2RIK6|B2RIK6_PORG3,1,0,0,0
tr|B2RIK7|B2RIK7_PORG3,1,1,1,1
tr|B2RIK8|B2RIK8_PORG3,0,0,0,0
tr|B2RIK9|B2RIK9_PORG3,0,1,0,0
tr|B2RIL0|B2RIL0_PORG3,1,0,0,0
tr|B2RIL1|B2RIL1_PORG3,0,0,0,0
tr|B2RIL2|B2RIL2_PORG3,0,0,0,0
tr|B2RIL3|B2RIL3_PORG3,0,0,1,0
tr|B2RIL4|B2RIL4_PORG3,0,0,0,0
tr|B2RIL5|B2RIL5_PORG3,0,0,0,0
tr|B2RIL7|B2RIL7_PORG3,1,0,0,0
tr|B2RIM0|B2RIM0_PORG3,0,0,0,0
tr|B2RIM1|B2RIM1_PORG3,0,0,0,0
tr|B2RIM2|B2RIM2_PORG3,0,0,0,0
tr|B2RIM3|B2RIM3_PORG3,0,0,0,0
tr|B2RIM4|B2RIM4_PORG3,0,0,0,0
tr|B2RIM6|B2RIM6_PORG3,1,0,0,0
tr|B2RIM7|B2RIM7_PORG3,0,0,0,0
tr|B2RIM8|B2RIM8_PORG3,1,1,1,1
tr|B2RIM9|B2RIM9_PORG3,0,0,0,0
tr|B2RIN0|B2RIN0_PORG3,0,1,0,0
tr|B2RIN1|B2RIN1_PORG3,0,0,0,0
tr|B2RIN2|B2RIN2_PORG3,0,0,0,0
tr|B2RIN3|B2RIN3_PORG3,1,0,1,1
tr|B2RIN5|B2RIN5_PORG3,0,0,0,0
tr|B2RIN6|B2RIN6_PORG3,1,0,0,0
tr|B2RIN7|B2RIN7_PORG3,0,0,0,0
tr|B2RIN8|B2RIN8_PORG3,0,0,0,0
tr|B2RIN9|B2RIN9_PORG3,1,0,0,0
tr|B2RIP0|B2RIP0_PORG3,0,0,0,0
tr|B2RIP1|B2RIP1_PORG3,0,0,0,0
tr|B2RIP2|B2RIP2_PORG3,0,0,0,0
tr|B2RIP3|B2RIP3_PORG3,0,0,0,0
tr|B2RIP4|B2RIP4_PORG3,0,0,0,0
tr|B2RIP5|B2RIP5_PORG3,0,0,0,0
tr|B2RIP6|B2RIP6_PORG3,1,0,0,0
tr|B2RIP7|B2RIP7_PORG3,0,1,0,0
tr|B2RIP8|B2RIP8_PORG3,0,0,0,0
tr|B2RIP9|B2RIP9_PORG3,0,0,0,0
tr|B2RIQ0|B2RIQ0_PORG3,0,0,1,0
tr|B2RIQ1|B2RIQ1_PORG3,0,0,0,0
tr|B2RIQ2|B2RIQ2_PORG3,0,0,0,0
tr|B2RIQ3|B2RIQ3_PORG3,1,1,1,1
tr|B2RIQ4|B2RIQ4_PORG3,0,0,0,0
tr|B2RIQ5|B2RIQ5_PORG3,0,0,0,0
tr|B2RIQ6|B2RIQ6_PORG3,1,0,0,0
tr|B2RIQ7|B2RIQ7_PORG3,0,0,0,0
tr|B2RIQ8|B2RIQ8_PORG3,1,0,0,0
tr|B2RIR2|B2RIR2_PORG3,0,0,0,0
tr|B2RIR4|B2RIR4_PORG3,1,1,1,1
tr|B2RIR5|B2RIR5_PORG3,1,1,1,1
tr|B2RIR8|B2RIR8_PORG3,0,0,0,0
tr|B2RIR9|B2RIR9_PORG3,1,0,0,0
tr|B2RIS0|B2RIS0_PORG3,0,0,0,0
tr|B2RIS1|B2RIS1_PORG3,0,0,0,0
tr|B2RIS2|B2RIS2_PORG3,1,1,1,1
tr|B2RIS3|B2RIS3_PORG3,0,0,0,0
sp|B2RIS4|CUTC_PORG3,0,0,0,0
tr|B2RIS5|B2RIS5_PORG3,1,0,0,0
tr|B2RIS6|B2RIS6_PORG3,0,1,1,1
tr|B2RIS7|B2RIS7_PORG3,0,0,0,0
tr|B2RIS8|B2RIS8_PORG3,0,0,0,0
tr|B2RIS9|B2RIS9_PORG3,0,0,0,0
tr|B2RIT1|B2RIT1_PORG3,0,0,0,0
tr|B2RIT2|B2RIT2_PORG3,1,1,0,1
tr|B2RIT3|B2RIT3_PORG3,0,0,0,0
tr|B2RIT6|B2RIT6_PORG3,0,0,1,0
tr|B2RIT7|B2RIT7_PORG3,1,1,0,1
tr|B2RIT8|B2RIT8_PORG3,0,0,0,0
tr|B2RIT9|B2RIT9_PORG3,0,0,0,0
tr|B2RIU2|B2RIU2_PORG3,0,0,0,0
tr|B2RIU5|B2RIU5_PORG3,1,1,0,1
tr|B2RIU6|B2RIU6_PORG3,0,1,1,1
tr|B2RIU7|B2RIU7_PORG3,1,0,0,0
tr|B2RIU8|B2RIU8_PORG3,0,0,0,0
tr|B2RIU9|B2RIU9_PORG3,0,0,0,0
tr|B2RIV0|B2RIV0_PORG3,0,0,0,0
tr|B2RIV1|B2RIV1_PORG3,0,0,0,0
tr|B2RIV2|B2RIV2_PORG3,1,1,0,1
tr|B2RIV4|B2RIV4_PORG3,1,1,1,1
tr|B2RIV7|B2RIV7_PORG3,1,1,1,1
tr|B2RIV8|B2RIV8_PORG3,0,0,0,0
tr|B2RIV9|B2RIV9_PORG3,0,0,0,0
tr|B2RIW0|B2RIW0_PORG3,1,1,1,1
tr|B2RIW1|B2RIW1_PORG3,0,0,0,0
tr|B2RIW2|B2RIW2_PORG3,0,0,0,0
tr|B2RIW3|B2RIW3_PORG3,0,0,0,0
tr|B2RIW5|B2RIW5_PORG3,0,0,0,0
tr|B2RIW8|B2RIW8_PORG3,1,0,0,0
tr|B2RIW9|B2RIW9_PORG3,1,1,1,1
tr|B2RIX0|B2RIX0_PORG3,1,0,1,1
tr|B2RIX1|B2RIX1_PORG3,1,0,1,1
tr|B2RIX2|B2RIX2_PORG3,0,0,0,0
tr|B2RIX3|B2RIX3_PORG3,0,0,0,0
tr|B2RIX4|B2RIX4_PORG3,0,0,0,0
tr|B2RIX5|B2RIX5_PORG3,0,0,0,0
tr|B2RIX6|B2RIX6_PORG3,0,1,0,0
tr|B2RIX7|B2RIX7_PORG3,0,0,0,0
tr|B2RIX8|B2RIX8_PORG3,1,0,1,1
tr|B2RIX9|B2RIX9_PORG3,0,0,0,0
tr|B2RIY0|B2RIY0_PORG3,0,0,0,0
tr|B2RIY1|B2RIY1_PORG3,0,0,1,0
tr|B2RIY2|B2RIY2_PORG3,0,0,0,0
tr|B2RIY3|B2RIY3_PORG3,0,0,0,0
tr|B2RIY4|B2RIY4_PORG3,0,0,0,0
tr|B2RIY5|B2RIY5_PORG3,0,1,0,0
tr|B2RIY6|B2RIY6_PORG3,0,1,0,0
tr|B2RIY9|B2RIY9_PORG3,0,0,0,0
tr|B2RIZ2|B2RIZ2_PORG3,0,0,0,0
tr|B2RIZ4|B2RIZ4_PORG3,0,0,0,0
tr|B2RIZ5|B2RIZ5_PORG3,0,0,1,0
tr|B2RIZ6|B2RIZ6_PORG3,0,1,1,1
tr|B2RIZ7|B2RIZ7_PORG3,0,1,0,0
tr|B2RIZ8|B2RIZ8_PORG3,0,0,0,0
tr|B2RIZ9|B2RIZ9_PORG3,1,1,0,1
tr|B2RJ02|B2RJ02_PORG3,0,0,0,0
tr|B2RJ05|B2RJ05_PORG3,1,0,0,0
tr|B2RJ06|B2RJ06_PORG3,1,1,1,1
tr|B2RJ08|B2RJ08_PORG3,0,0,0,0
tr|B2RJ09|B2RJ09_PORG3,0,1,1,1
tr|B2RJ10|B2RJ10_PORG3,1,1,1,1
tr|B2RJ11|B2RJ11_PORG3,0,0,0,0
tr|B2RJ12|B2RJ12_PORG3,0,1,0,0
tr|B2RJ13|B2RJ13_PORG3,0,0,0,0
tr|B2RJ14|B2RJ14_PORG3,0,1,1,1
tr|B2RJ16|B2RJ16_PORG3,0,0,0,0
tr|B2RJ17|B2RJ17_PORG3,0,0,0,0
tr|B2RJ18|B2RJ18_PORG3,0,0,0,0
tr|B2RJ19|B2RJ19_PORG3,0,1,0,0
tr|B2RJ20|B2RJ20_PORG3,0,0,0,0
tr|B2RJ21|B2RJ21_PORG3,1,0,0,0
tr|B2RJ22|B2RJ22_PORG3,0,0,0,0
tr|B2RJ23|B2RJ23_PORG3,0,0,1,0
tr|B2RJ24|B2RJ24_PORG3,0,0,1,0
tr|B2RJ25|B2RJ25_PORG3,0,0,1,0
tr|B2RJ26|B2RJ26_PORG3,1,1,1,1
tr|B2RJ27|B2RJ27_PORG3,0,0,0,0
tr|B2RJ28|B2RJ28_PORG3,0,1,1,1
tr|B2RJ29|B2RJ29_PORG3,0,0,1,0
tr|B2RJ31|B2RJ31_PORG3,0,0,0,0
tr|B2RJ32|B2RJ32_PORG3,0,0,0,0
tr|B2RJ33|B2RJ33_PORG3,0,0,0,0
tr|B2RJ34|B2RJ34_PORG3,0,1,0,0
tr|B2RJ35|B2RJ35_PORG3,0,0,0,0
tr|B2RJ36|B2RJ36_PORG3,0,0,0,0
tr|B2RJ37|B2RJ37_PORG3,1,1,0,1
tr|B2RJ41|B2RJ41_PORG3,0,0,0,0
tr|B2RJ42|B2RJ42_PORG3,1,0,0,0
tr|B2RJ43|B2RJ43_PORG3,1,1,1,1
tr|B2RJ44|B2RJ44_PORG3,0,0,0,0
tr|B2RJ45|B2RJ45_PORG3,0,0,0,0
tr|B2RJ46|B2RJ46_PORG3,0,0,1,0
tr|B2RJ47|B2RJ47_PORG3,0,0,0,0
tr|B2RJ48|B2RJ48_PORG3,0,0,0,0
tr|B2RJ50|B2RJ50_PORG3,0,0,0,0
tr|B2RJ51|B2RJ51_PORG3,0,0,0,0
tr|B2RJ52|B2RJ52_PORG3,0,0,0,0
tr|B2RJ53|B2RJ53_PORG3,0,0,0,0
tr|B2RJ54|B2RJ54_PORG3,0,0,0,0
tr|B2RJ55|B2RJ55_PORG3,0,1,0,0
tr|B2RJ56|B2RJ56_PORG3,0,0,0,0
tr|B2RJ57|B2RJ57_PORG3,0,0,0,0
tr|B2RJ58|B2RJ58_PORG3,1,1,1,1
tr|B2RJ59|B2RJ59_PORG3,1,0,1,1
tr|B2RJ60|B2RJ60_PORG3,0,0,0,0
tr|B2RJ61|B2RJ61_PORG3,0,0,0,0
tr|B2RJ62|B2RJ62_PORG3,1,0,1,1
tr|B2RJ63|B2RJ63_PORG3,0,0,0,0
tr|B2RJ64|B2RJ64_PORG3,1,1,1,1
tr|B2RJ65|B2RJ65_PORG3,0,1,1,1
tr|B2RJ66|B2RJ66_PORG3,0,1,1,1
tr|B2RJ69|B2RJ69_PORG3,1,0,1,1
tr|B2RJ70|B2RJ70_PORG3,0,1,0,0
tr|B2RJ71|B2RJ71_PORG3,0,0,0,0
tr|B2RJ72|B2RJ72_PORG3,0,0,0,0
tr|B2RJ73|B2RJ73_PORG3,0,0,0,0
tr|B2RJ74|B2RJ74_PORG3,1,1,1,1
tr|B2RJ76|B2RJ76_PORG3,1,0,0,0
tr|B2RJ77|B2RJ77_PORG3,0,0,0,0
tr|B2RJ78|B2RJ78_PORG3,0,0,0,0
tr|B2RJ79|B2RJ79_PORG3,1,1,0,1
tr|B2RJ81|B2RJ81_PORG3,0,1,1,1
tr|B2RJ82|B2RJ82_PORG3,0,1,1,1
tr|B2RJ84|B2RJ84_PORG3,0,1,0,0
tr|B2RJ86|B2RJ86_PORG3,1,0,0,0
tr|B2RJ87|B2RJ87_PORG3,1,0,1,1
tr|B2RJ88|B2RJ88_PORG3,0,0,0,0
tr|B2RJ89|B2RJ89_PORG3,0,0,0,0
tr|B2RJ91|B2RJ91_PORG3,0,0,0,0
tr|B2RJ92|B2RJ92_PORG3,0,0,0,0
tr|B2RJ93|B2RJ93_PORG3,0,0,1,0
tr|B2RJ94|B2RJ94_PORG3,1,0,0,0
tr|B2RJ95|B2RJ95_PORG3,0,0,1,0
tr|B2RJ96|B2RJ96_PORG3,0,0,0,0
tr|B2RJ97|B2RJ97_PORG3,0,0,0,0
tr|B2RJ98|B2RJ98_PORG3,0,0,0,0
tr|B2RJ99|B2RJ99_PORG3,0,0,0,0
tr|B2RJA0|B2RJA0_PORG3,0,0,0,0
tr|B2RJA1|B2RJA1_PORG3,0,0,0,0
tr|B2RJA2|B2RJA2_PORG3,0,0,1,0
tr|B2RJA3|B2RJA3_PORG3,0,1,1,1
tr|B2RJA4|B2RJA4_PORG3,0,0,0,0
tr|B2RJA5|B2RJA5_PORG3,1,0,0,0
tr|B2RJA6|B2RJA6_PORG3,0,0,0,0
tr|B2RJA7|B2RJA7_PORG3,0,0,0,0
tr|B2RJA9|B2RJA9_PORG3,1,1,1,1
tr|B2RJB0|B2RJB0_PORG3,0,0,0,0
tr|B2RJB1|B2RJB1_PORG3,1,0,0,0
tr|B2RJB2|B2RJB2_PORG3,0,0,0,0
tr|B2RJB3|B2RJB3_PORG3,1,0,0,0
tr|B2RJB4|B2RJB4_PORG3,0,0,0,0
tr|B2RJB5|B2RJB5_PORG3,0,0,0,0
tr|B2RJB6|B2RJB6_PORG3,1,1,0,1
tr|B2RJB7|B2RJB7_PORG3,0,0,0,0
tr|B2RJB8|B2RJB8_PORG3,0,0,0,0
tr|B2RJB9|B2RJB9_PORG3,0,0,0,0
tr|B2RJC0|B2RJC0_PORG3,0,0,0,0
tr|B2RJC1|B2RJC1_PORG3,0,0,0,0
tr|B2RJC2|B2RJC2_PORG3,0,0,0,0
tr|B2RJC3|B2RJC3_PORG3,0,0,0,0
tr|B2RJC4|B2RJC4_PORG3,0,0,0,0
tr|B2RJC5|B2RJC5_PORG3,1,1,1,1
tr|B2RJC6|B2RJC6_PORG3,0,0,0,0
tr|B2RJC8|B2RJC8_PORG3,1,0,1,1
tr|B2RJC9|B2RJC9_PORG3,0,0,0,0
tr|B2RJD0|B2RJD0_PORG3,0,0,0,0
tr|B2RJD1|B2RJD1_PORG3,0,0,0,0
tr|B2RJD2|B2RJD2_PORG3,0,1,1,1
tr|B2RJD3|B2RJD3_PORG3,0,0,0,0
tr|B2RJD4|B2RJD4_PORG3,0,0,0,0
tr|B2RJD5|B2RJD5_PORG3,1,0,0,0
tr|B2RJE0|B2RJE0_PORG3,1,0,0,0
tr|B2RJE2|B2RJE2_PORG3,0,0,0,0
tr|B2RJE3|B2RJE3_PORG3,0,0,0,0
tr|B2RJE4|B2RJE4_PORG3,0,0,0,0
tr|B2RJE5|B2RJE5_PORG3,0,0,0,0
tr|B2RJE6|B2RJE6_PORG3,0,0,0,0
tr|B2RJE7|B2RJE7_PORG3,0,0,1,0
tr|B2RJE8|B2RJE8_PORG3,0,0,0,0
tr|B2RJF1|B2RJF1_PORG3,0,0,0,0
tr|B2RJF2|B2RJF2_PORG3,0,0,0,0
tr|B2RJF3|B2RJF3_PORG3,1,0,1,1
tr|B2RJF4|B2RJF4_PORG3,1,1,0,1
tr|B2RJF6|B2RJF6_PORG3,0,0,0,0
tr|B2RJF7|B2RJF7_PORG3,1,0,1,1
tr|B2RJG0|B2RJG0_PORG3,0,1,1,1
tr|B2RJG2|B2RJG2_PORG3,0,0,0,0
tr|B2RJG5|B2RJG5_PORG3,0,0,0,0
tr|B2RJG7|B2RJG7_PORG3,1,0,1,1
tr|B2RJG8|B2RJG8_PORG3,0,0,0,0
tr|B2RJG9|B2RJG9_PORG3,1,0,0,0
tr|B2RJH0|B2RJH0_PORG3,0,0,0,0
tr|B2RJH5|B2RJH5_PORG3,0,0,0,0
tr|B2RJH6|B2RJH6_PORG3,0,0,0,0
tr|B2RJH7|B2RJH7_PORG3,0,1,0,0
tr|B2RJH8|B2RJH8_PORG3,0,0,0,0
tr|B2RJH9|B2RJH9_PORG3,0,0,0,0
tr|B2RJI0|B2RJI0_PORG3,0,0,0,0
tr|B2RJI1|B2RJI1_PORG3,0,0,0,0
tr|B2RJI2|B2RJI2_PORG3,0,1,1,1
tr|B2RJI4|B2RJI4_PORG3,1,0,1,1
tr|B2RJI5|B2RJI5_PORG3,0,0,0,0
tr|B2RJI8|B2RJI8_PORG3,0,0,0,0
tr|B2RJI9|B2RJI9_PORG3,0,0,0,0
tr|B2RJJ0|B2RJJ0_PORG3,0,0,0,0
tr|B2RJJ1|B2RJJ1_PORG3,0,1,1,1
tr|B2RJJ2|B2RJJ2_PORG3,0,0,0,0
tr|B2RJJ3|B2RJJ3_PORG3,0,0,0,0
tr|B2RJJ4|B2RJJ4_PORG3,0,0,0,0
tr|B2RJJ5|B2RJJ5_PORG3,0,0,1,0
tr|B2RJJ7|B2RJJ7_PORG3,1,1,0,1
tr|B2RJJ9|B2RJJ9_PORG3,0,0,0,0
tr|B2RJK0|B2RJK0_PORG3,0,0,0,0
tr|B2RJK1|B2RJK1_PORG3,0,0,0,0
tr|B2RJK2|B2RJK2_PORG3,1,0,0,0
tr|B2RJK3|B2RJK3_PORG3,1,0,0,0
tr|B2RJK4|B2RJK4_PORG3,1,1,1,1
tr|B2RJK5|B2RJK5_PORG3,1,0,1,1
tr|B2RJK6|B2RJK6_PORG3,0,0,0,0
tr|B2RJK7|B2RJK7_PORG3,0,0,0,0
tr|B2RJK8|B2RJK8_PORG3,1,1,1,1
tr|B2RJK9|B2RJK9_PORG3,1,0,0,0
tr|B2RJL0|B2RJL0_PORG3,0,0,0,0
tr|B2RJL1|B2RJL1_PORG3,1,1,1,1
tr|B2RJL3|B2RJL3_PORG3,0,0,0,0
tr|B2RJL4|B2RJL4_PORG3,0,0,0,0
tr|B2RJL5|B2RJL5_PORG3,0,0,0,0
tr|B2RJL6|B2RJL6_PORG3,0,0,0,0
tr|B2RJL7|B2RJL7_PORG3,0,1,0,0
tr|B2RJL8|B2RJL8_PORG3,0,0,0,0
tr|B2RJM0|B2RJM0_PORG3,0,0,0,0
tr|B2RJM2|B2RJM2_PORG3,0,1,0,0
tr|B2RJM3|B2RJM3_PORG3,1,0,0,0
tr|B2RJM4|B2RJM4_PORG3,0,0,0,0
tr|B2RJM5|B2RJM5_PORG3,0,1,1,1
tr|B2RJM7|B2RJM7_PORG3,0,0,0,0
tr|B2RJM8|B2RJM8_PORG3,0,0,0,0
tr|B2RJM9|B2RJM9_PORG3,0,0,0,0
tr|B2RJN0|B2RJN0_PORG3,0,0,0,0
tr|B2RJN2|B2RJN2_PORG3,1,0,1,1
tr|B2RJN3|B2RJN3_PORG3,1,1,0,1
tr|B2RJN5|B2RJN5_PORG3,0,0,0,0
tr|B2RJN7|B2RJN7_PORG3,0,0,0,0
tr|B2RJN8|B2RJN8_PORG3,0,0,0,0
tr|B2RJP1|B2RJP1_PORG3,0,0,0,0
tr|B2RJP2|B2RJP2_PORG3,0,0,0,0
tr|B2RJP3|B2RJP3_PORG3,0,0,0,0
tr|B2RJP4|B2RJP4_PORG3,0,1,0,0
tr|B2RJP5|B2RJP5_PORG3,0,0,0,0
tr|B2RJP6|B2RJP6_PORG3,0,0,0,0
tr|B2RJP7|B2RJP7_PORG3,0,0,0,0
tr|B2RJP8|B2RJP8_PORG3,0,0,0,0
tr|B2RJP9|B2RJP9_PORG3,0,0,0,0
tr|B2RJQ0|B2RJQ0_PORG3,0,0,0,0
tr|B2RJQ1|B2RJQ1_PORG3,0,0,0,0
tr|B2RJQ5|B2RJQ5_PORG3,0,1,0,0
tr|B2RJQ6|B2RJQ6_PORG3,0,1,0,0
tr|B2RJQ7|B2RJQ7_PORG3,0,1,0,0
tr|B2RJQ8|B2RJQ8_PORG3,0,0,1,0
tr|B2RJR0|B2RJR0_PORG3,1,1,1,1
tr|B2RJR1|B2RJR1_PORG3,0,0,0,0
tr|B2RJR2|B2RJR2_PORG3,0,0,0,0
tr|B2RJR3|B2RJR3_PORG3,0,0,0,0
tr|B2RJR4|B2RJR4_PORG3,0,0,0,0
tr|B2RJR5|B2RJR5_PORG3,1,0,0,0
tr|B2RJR6|B2RJR6_PORG3,0,0,0,0
tr|B2RJR7|B2RJR7_PORG3,1,1,1,1
tr|B2RJR9|B2RJR9_PORG3,0,0,1,0
tr|B2RJS1|B2RJS1_PORG3,0,0,0,0
tr|B2RJS3|B2RJS3_PORG3,0,0,1,0
tr|B2RJS4|B2RJS4_PORG3,1,1,1,1
tr|B2RJS5|B2RJS5_PORG3,1,0,0,0
tr|B2RJS6|B2RJS6_PORG3,1,0,0,0
tr|B2RJS9|B2RJS9_PORG3,1,0,1,1
tr|B2RJT0|B2RJT0_PORG3,0,0,1,0
tr|B2RJT1|B2RJT1_PORG3,0,0,0,0
tr|B2RJT2|B2RJT2_PORG3,0,0,0,0
tr|B2RJT3|B2RJT3_PORG3,0,0,0,0
tr|B2RJT4|B2RJT4_PORG3,0,0,0,0
tr|B2RJT6|B2RJT6_PORG3,0,0,0,0
tr|B2RJT8|B2RJT8_PORG3,1,0,0,0
tr|B2RJT9|B2RJT9_PORG3,0,1,0,0
tr|B2RJU0|B2RJU0_PORG3,0,0,0,0
tr|B2RJU1|B2RJU1_PORG3,0,0,0,0
tr|B2RJU4|B2RJU4_PORG3,0,0,0,0
tr|B2RJU6|B2RJU6_PORG3,1,1,0,1
tr|B2RJU7|B2RJU7_PORG3,1,1,1,1
tr|B2RJU8|B2RJU8_PORG3,0,0,0,0
tr|B2RJU9|B2RJU9_PORG3,0,0,0,0
tr|B2RJV0|B2RJV0_PORG3,0,0,0,0
tr|B2RJV1|B2RJV1_PORG3,0,1,0,0
tr|B2RJV3|B2RJV3_PORG3,0,1,0,0
tr|B2RJV6|B2RJV6_PORG3,0,0,1,0
tr|B2RJV7|B2RJV7_PORG3,1,0,0,0
tr|B2RJV8|B2RJV8_PORG3,1,0,0,0
tr|B2RJV9|B2RJV9_PORG3,0,0,0,0
tr|B2RJW1|B2RJW1_PORG3,0,0,0,0
tr|B2RJW2|B2RJW2_PORG3,0,1,1,1
tr|B2RJW3|B2RJW3_PORG3,0,0,1,0
tr|B2RJW5|B2RJW5_PORG3,0,0,0,0
tr|B2RJW6|B2RJW6_PORG3,0,0,1,0
tr|B2RJW7|B2RJW7_PORG3,1,0,0,0
tr|B2RJW8|B2RJW8_PORG3,1,0,1,1
tr|B2RJW9|B2RJW9_PORG3,1,1,1,1
tr|B2RJX0|B2RJX0_PORG3,0,0,0,0
tr|B2RJX1|B2RJX1_PORG3,0,0,0,0
tr|B2RJX4|B2RJX4_PORG3,0,1,0,0
tr|B2RJX8|B2RJX8_PORG3,1,0,0,0
tr|B2RJY2|B2RJY2_PORG3,0,0,0,0
tr|B2RJY3|B2RJY3_PORG3,0,0,0,0
tr|B2RJY4|B2RJY4_PORG3,1,0,0,0
tr|B2RJY5|B2RJY5_PORG3,0,0,0,0
tr|B2RJY6|B2RJY6_PORG3,0,0,1,0
tr|B2RJY7|B2RJY7_PORG3,0,0,0,0
tr|B2RJY8|B2RJY8_PORG3,0,0,0,0
tr|B2RJY9|B2RJY9_PORG3,0,0,0,0
tr|B2RJZ1|B2RJZ1_PORG3,0,0,0,0
tr|B2RJZ2|B2RJZ2_PORG3,0,0,0,0
tr|B2RJZ3|B2RJZ3_PORG3,0,0,0,0
tr|B2RJZ4|B2RJZ4_PORG3,0,0,0,0
tr|B2RJZ5|B2RJZ5_PORG3,1,1,1,1
tr|B2RJZ6|B2RJZ6_PORG3,1,1,1,1
tr|B2RJZ7|B2RJZ7_PORG3,0,0,0,0
tr|B2RJZ8|B2RJZ8_PORG3,0,0,0,0
tr|B2RJZ9|B2RJZ9_PORG3,0,1,0,0
tr|B2RK00|B2RK00_PORG3,0,0,0,0
tr|B2RK03|B2RK03_PORG3,0,1,0,0
tr|B2RK04|B2RK04_PORG3,0,1,0,0
tr|B2RK05|B2RK05_PORG3,0,0,0,0
tr|B2RK06|B2RK06_PORG3,1,1,1,1
tr|B2RK07|B2RK07_PORG3,0,0,0,0
tr|B2RK08|B2RK08_PORG3,0,0,0,0
tr|B2RK09|B2RK09_PORG3,0,0,0,0
tr|B2RK10|B2RK10_PORG3,0,0,0,0
tr|B2RK11|B2RK11_PORG3,0,0,0,0
tr|B2RK12|B2RK12_PORG3,0,0,1,0
tr|B2RK13|B2RK13_PORG3,0,0,0,0
tr|B2RK14|B2RK14_PORG3,0,0,0,0
tr|B2RK16|B2RK16_PORG3,1,1,1,1
tr|B2RK17|B2RK17_PORG3,0,0,0,0
tr|B2RK19|B2RK19_PORG3,1,0,0,0
tr|B2RK21|B2RK21_PORG3,0,1,0,0
tr|B2RK22|B2RK22_PORG3,0,0,0,0
tr|B2RK23|B2RK23_PORG3,0,1,0,0
tr|B2RK24|B2RK24_PORG3,0,0,0,0
tr|B2RK31|B2RK31_PORG3,0,0,0,0
tr|B2RK33|B2RK33_PORG3,1,0,0,0
tr|B2RK34|B2RK34_PORG3,1,0,0,0
tr|B2RK35|B2RK35_PORG3,0,0,0,0
tr|B2RK36|B2RK36_PORG3,0,0,0,0
tr|B2RK37|B2RK37_PORG3,0,0,0,0
tr|B2RK38|B2RK38_PORG3,1,0,0,0
tr|B2RK39|B2RK39_PORG3,0,0,0,0
tr|B2RK41|B2RK41_PORG3,1,0,1,1
tr|B2RK46|B2RK46_PORG3,0,0,0,0
tr|B2RK47|B2RK47_PORG3,0,0,1,0
tr|B2RK48|B2RK48_PORG3,0,0,0,0
tr|B2RK51|B2RK51_PORG3,0,0,0,0
tr|B2RK52|B2RK52_PORG3,1,1,0,1
tr|B2RK54|B2RK54_PORG3,0,0,0,0
tr|B2RK55|B2RK55_PORG3,0,0,0,0
tr|B2RK57|B2RK57_PORG3,0,0,0,0
tr|B2RK58|B2RK58_PORG3,0,0,0,0
tr|B2RK59|B2RK59_PORG3,0,0,0,0
tr|B2RK60|B2RK60_PORG3,0,0,0,0
tr|B2RK61|B2RK61_PORG3,1,1,0,1
tr|B2RK62|B2RK62_PORG3,0,0,0,0
tr|B2RK63|B2RK63_PORG3,0,0,0,0
tr|B2RK64|B2RK64_PORG3,1,0,0,0
tr|B2RK65|B2RK65_PORG3,0,0,0,0
tr|B2RK66|B2RK66_PORG3,0,0,0,0
tr|B2RK68|B2RK68_PORG3,0,0,0,0
tr|B2RK69|B2RK69_PORG3,0,0,0,0
tr|B2RK70|B2RK70_PORG3,0,0,0,0
tr|B2RK71|B2RK71_PORG3,1,0,1,1
tr|B2RK72|B2RK72_PORG3,1,0,0,0
tr|B2RK73|B2RK73_PORG3,0,1,0,0
tr|B2RK74|B2RK74_PORG3,0,0,0,0
tr|B2RK75|B2RK75_PORG3,0,0,0,0
tr|B2RK76|B2RK76_PORG3,0,0,0,0
tr|B2RK77|B2RK77_PORG3,0,0,1,0
tr|B2RK78|B2RK78_PORG3,0,0,0,0
tr|B2RK79|B2RK79_PORG3,1,0,0,0
tr|B2RK80|B2RK80_PORG3,1,1,1,1
tr|B2RK81|B2RK81_PORG3,0,0,1,0
tr|B2RK87|B2RK87_PORG3,0,0,0,0
tr|B2RK88|B2RK88_PORG3,1,0,0,0
tr|B2RK89|B2RK89_PORG3,0,0,0,0
tr|B2RK90|B2RK90_PORG3,0,0,0,0
tr|B2RK92|B2RK92_PORG3,0,0,0,0
tr|B2RK93|B2RK93_PORG3,0,0,0,0
tr|B2RK94|B2RK94_PORG3,0,0,0,0
tr|B2RK95|B2RK95_PORG3,1,1,0,1
tr|B2RKA1|B2RKA1_PORG3,0,1,1,1
tr|B2RKA5|B2RKA5_PORG3,1,1,1,1
tr|B2RKA7|B2RKA7_PORG3,0,1,1,1
tr|B2RKC0|B2RKC0_PORG3,1,1,1,1
tr|B2RKC3|B2RKC3_PORG3,0,0,0,0
tr|B2RKC4|B2RKC4_PORG3,0,0,0,0
tr|B2RKC5|B2RKC5_PORG3,0,0,0,0
tr|B2RKC6|B2RKC6_PORG3,0,0,0,0
tr|B2RKC7|B2RKC7_PORG3,1,0,0,0
tr|B2RKC8|B2RKC8_PORG3,0,0,0,0
tr|B2RKC9|B2RKC9_PORG3,1,0,1,1
tr|B2RKD0|B2RKD0_PORG3,1,0,0,0
tr|B2RKD1|B2RKD1_PORG3,0,1,1,1
tr|B2RKD2|B2RKD2_PORG3,1,0,0,0
tr|B2RKD4|B2RKD4_PORG3,0,0,0,0
tr|B2RKD5|B2RKD5_PORG3,0,0,0,0
tr|B2RKD7|B2RKD7_PORG3,1,0,0,0
tr|B2RKD9|B2RKD9_PORG3,0,0,0,0
tr|B2RKE1|B2RKE1_PORG3,0,0,0,0
tr|B2RKE2|B2RKE2_PORG3,0,0,0,0
tr|B2RKE4|B2RKE4_PORG3,0,0,0,0
tr|B2RKE5|B2RKE5_PORG3,1,1,1,1
tr|B2RKE6|B2RKE6_PORG3,0,0,0,0
tr|B2RKE7|B2RKE7_PORG3,0,0,0,0
tr|B2RKE8|B2RKE8_PORG3,1,0,0,0
tr|B2RKE9|B2RKE9_PORG3,1,0,0,0
tr|B2RKF0|B2RKF0_PORG3,0,0,0,0
tr|B2RKF2|B2RKF2_PORG3,0,0,0,0
tr|B2RKF3|B2RKF3_PORG3,0,0,0,0
tr|B2RKF4|B2RKF4_PORG3,0,0,0,0
tr|B2RKF5|B2RKF5_PORG3,0,0,0,0
tr|B2RKF6|B2RKF6_PORG3,0,0,0,0
tr|B2RKF7|B2RKF7_PORG3,0,0,0,0
tr|B2RKF8|B2RKF8_PORG3,1,1,1,1
tr|B2RKF9|B2RKF9_PORG3,1,1,1,1
tr|B2RKG0|B2RKG0_PORG3,0,1,0,0
tr|B2RKG1|B2RKG1_PORG3,0,0,1,0
tr|B2RKG3|B2RKG3_PORG3,1,1,1,1
tr|B2RKG4|B2RKG4_PORG3,1,0,0,0
tr|B2RKG5|B2RKG5_PORG3,1,1,1,1
tr|B2RKG7|B2RKG7_PORG3,1,0,1,1
tr|B2RKG8|B2RKG8_PORG3,0,0,0,0
tr|B2RKG9|B2RKG9_PORG3,0,0,0,0
tr|B2RKH0|B2RKH0_PORG3,0,0,0,0
tr|B2RKH1|B2RKH1_PORG3,1,1,1,1
tr|B2RKH2|B2RKH2_PORG3,0,1,1,1
tr|B2RKH3|B2RKH3_PORG3,0,0,0,0
tr|B2RKH4|B2RKH4_PORG3,0,0,0,0
tr|B2RKH5|B2RKH5_PORG3,0,0,0,0
tr|B2RKH6|B2RKH6_PORG3,1,0,0,0
tr|B2RKH7|B2RKH7_PORG3,1,0,1,1
tr|B2RKH8|B2RKH8_PORG3,0,1,0,0
tr|B2RKH9|B2RKH9_PORG3,0,0,0,0
tr|B2RKI0|B2RKI0_PORG3,0,0,0,0
tr|B2RKI1|B2RKI1_PORG3,1,0,0,0
tr|B2RKI2|B2RKI2_PORG3,0,0,0,0
tr|B2RKI4|B2RKI4_PORG3,1,0,0,0
tr|B2RKI5|B2RKI5_PORG3,0,0,0,0
tr|B2RKI6|B2RKI6_PORG3,1,1,0,1
tr|B2RKI7|B2RKI7_PORG3,0,0,0,0
tr|B2RKI8|B2RKI8_PORG3,0,0,0,0
tr|B2RKI9|B2RKI9_PORG3,0,1,0,0
tr|B2RKJ0|B2RKJ0_PORG3,0,0,0,0
tr|B2RKJ2|B2RKJ2_PORG3,0,0,1,0
tr|B2RKJ3|B2RKJ3_PORG3,0,1,0,0
tr|B2RKJ4|B2RKJ4_PORG3,0,0,0,0
tr|B2RKJ5|B2RKJ5_PORG3,1,0,1,1
tr|B2RKJ6|B2RKJ6_PORG3,0,0,0,0
tr|B2RKJ7|B2RKJ7_PORG3,0,0,0,0
tr|B2RKJ8|B2RKJ8_PORG3,0,1,1,1
tr|B2RKK0|B2RKK0_PORG3,0,0,0,0
tr|B2RKK3|B2RKK3_PORG3,0,1,1,1
tr|B2RKK4|B2RKK4_PORG3,0,0,0,0
tr|B2RKK6|B2RKK6_PORG3,0,0,0,0
tr|B2RKK7|B2RKK7_PORG3,0,0,0,0
tr|B2RKK8|B2RKK8_PORG3,0,0,0,0
tr|B2RKK9|B2RKK9_PORG3,1,0,0,0
tr|B2RKL0|B2RKL0_PORG3,1,1,1,1
tr|B2RKL1|B2RKL1_PORG3,0,0,0,0
tr|B2RKL3|B2RKL3_PORG3,0,0,0,0
tr|B2RKL5|B2RKL5_PORG3,0,0,0,0
tr|B2RKL6|B2RKL6_PORG3,0,0,0,0
tr|B2RKL7|B2RKL7_PORG3,0,0,0,0
tr|B2RKL8|B2RKL8_PORG3,0,0,0,0
tr|B2RKM0|B2RKM0_PORG3,0,0,0,0
tr|B2RKM4|B2RKM4_PORG3,1,1,0,1
tr|B2RKM6|B2RKM6_PORG3,0,0,0,0
tr|B2RKM8|B2RKM8_PORG3,1,0,1,1
tr|B2RKN3|B2RKN3_PORG3,0,1,0,0
tr|B2RKN4|B2RKN4_PORG3,0,0,0,0
tr|B2RKN7|B2RKN7_PORG3,1,0,0,0
tr|B2RKN8|B2RKN8_PORG3,0,0,0,0
tr|B2RKN9|B2RKN9_PORG3,1,1,1,1
tr|B2RKP0|B2RKP0_PORG3,1,1,1,1
tr|B2RKP1|B2RKP1_PORG3,0,0,0,0
tr|B2RKP3|B2RKP3_PORG3,0,0,0,0
tr|B2RKP5|B2RKP5_PORG3,1,0,0,0
tr|B2RKP6|B2RKP6_PORG3,0,0,0,0
tr|B2RKP7|B2RKP7_PORG3,1,1,0,1
tr|B2RKP8|B2RKP8_PORG3,1,0,0,0
tr|B2RKP9|B2RKP9_PORG3,0,0,0,0
tr|B2RKQ0|B2RKQ0_PORG3,0,1,0,0
tr|B2RKQ1|B2RKQ1_PORG3,0,0,0,0
tr|B2RKQ3|B2RKQ3_PORG3,0,0,1,0
tr|B2RKQ4|B2RKQ4_PORG3,1,0,0,0
tr|B2RKQ5|B2RKQ5_PORG3,0,0,0,0
tr|B2RKQ6|B2RKQ6_PORG3,1,0,0,0
tr|B2RKQ7|B2RKQ7_PORG3,0,0,0,0
tr|B2RKQ8|B2RKQ8_PORG3,0,0,0,0
tr|B2RKQ9|B2RKQ9_PORG3,0,0,0,0
tr|B2RKR0|B2RKR0_PORG3,1,0,0,0
tr|B2RKR1|B2RKR1_PORG3,1,1,1,1
tr|B2RKR2|B2RKR2_PORG3,0,1,1,1
tr|B2RKR3|B2RKR3_PORG3,1,1,1,1
tr|B2RKR4|B2RKR4_PORG3,0,1,0,0
tr|B2RKR9|B2RKR9_PORG3,0,0,0,0
tr|B2RKS2|B2RKS2_PORG3,0,0,0,0
tr|B2RKS3|B2RKS3_PORG3,0,1,0,0
tr|B2RKS7|B2RKS7_PORG3,0,0,0,0
tr|B2RKS8|B2RKS8_PORG3,0,0,0,0
tr|B2RKS9|B2RKS9_PORG3,0,0,0,0
tr|B2RKT0|B2RKT0_PORG3,0,0,0,0
tr|B2RKT1|B2RKT1_PORG3,1,1,0,1
tr|B2RKT3|B2RKT3_PORG3,0,0,0,0
tr|B2RKT5|B2RKT5_PORG3,0,0,0,0
tr|B2RKT7|B2RKT7_PORG3,0,0,0,0
tr|B2RKT8|B2RKT8_PORG3,1,0,0,0
tr|B2RKT9|B2RKT9_PORG3,0,0,1,0
tr|B2RKU1|B2RKU1_PORG3,1,0,0,0
tr|B2RKU3|B2RKU3_PORG3,1,1,0,1
tr|B2RKU5|B2RKU5_PORG3,0,0,0,0
tr|B2RKU7|B2RKU7_PORG3,0,0,1,0
tr|B2RKV0|B2RKV0_PORG3,0,0,0,0
tr|B2RKV1|B2RKV1_PORG3,1,1,1,1
tr|B2RKV2|B2RKV2_PORG3,0,1,1,1
tr|B2RKV4|B2RKV4_PORG3,0,0,0,0
tr|B2RKV5|B2RKV5_PORG3,0,0,0,0
tr|B2RKV7|B2RKV7_PORG3,1,0,0,0
tr|B2RKV9|B2RKV9_PORG3,0,1,0,0
tr|B2RKW0|B2RKW0_PORG3,1,1,0,1
tr|B2RKW2|B2RKW2_PORG3,0,0,1,0
tr|B2RKW5|B2RKW5_PORG3,1,1,1,1
tr|B2RKW7|B2RKW7_PORG3,0,0,0,0
tr|B2RKW9|B2RKW9_PORG3,1,1,0,1
tr|B2RKX0|B2RKX0_PORG3,1,0,0,0
tr|B2RKX1|B2RKX1_PORG3,0,0,0,0
tr|B2RKX2|B2RKX2_PORG3,0,0,0,0
tr|B2RKX3|B2RKX3_PORG3,1,0,1,1
tr|B2RKX4|B2RKX4_PORG3,0,0,0,0
tr|B2RKX5|B2RKX5_PORG3,0,0,0,0
tr|B2RKX6|B2RKX6_PORG3,0,0,0,0
tr|B2RKX7|B2RKX7_PORG3,0,0,0,0
tr|B2RKX9|B2RKX9_PORG3,0,0,0,0
tr|B2RKY0|B2RKY0_PORG3,0,0,0,0
tr|B2RKY1|B2RKY1_PORG3,0,1,0,0
tr|B2RKY2|B2RKY2_PORG3,1,0,1,1
tr|B2RKY3|B2RKY3_PORG3,0,0,0,0
tr|B2RKY4|B2RKY4_PORG3,0,0,0,0
tr|B2RKY5|B2RKY5_PORG3,0,0,0,0
tr|B2RKY6|B2RKY6_PORG3,0,1,1,1
tr|B2RKY7|B2RKY7_PORG3,0,0,0,0
tr|B2RKY8|B2RKY8_PORG3,1,1,1,1
tr|B2RKZ0|B2RKZ0_PORG3,1,0,0,0
tr|B2RKZ2|B2RKZ2_PORG3,0,0,0,0
tr|B2RKZ3|B2RKZ3_PORG3,1,0,1,1
tr|B2RKZ4|B2RKZ4_PORG3,1,1,0,1
tr|B2RKZ5|B2RKZ5_PORG3,0,1,0,0
tr|B2RKZ6|B2RKZ6_PORG3,0,0,0,0
tr|B2RKZ7|B2RKZ7_PORG3,1,0,0,0
tr|B2RL00|B2RL00_PORG3,0,0,0,0
tr|B2RL01|B2RL01_PORG3,0,0,0,0
tr|B2RL03|B2RL03_PORG3,0,0,1,0
tr|B2RL04|B2RL04_PORG3,1,0,0,0
tr|B2RL05|B2RL05_PORG3,0,0,0,0
tr|B2RL06|B2RL06_PORG3,0,0,0,0
tr|B2RL07|B2RL07_PORG3,0,0,1,0
tr|B2RL08|B2RL08_PORG3,0,0,0,0
tr|B2RL09|B2RL09_PORG3,0,0,0,0
tr|B2RL10|B2RL10_PORG3,1,1,0,1
tr|B2RL11|B2RL11_PORG3,0,0,0,0
tr|B2RL12|B2RL12_PORG3,0,0,0,0
tr|B2RL13|B2RL13_PORG3,1,0,0,0
tr|B2RL14|B2RL14_PORG3,1,0,0,0
tr|B2RL15|B2RL15_PORG3,0,0,1,0
tr|B2RL16|B2RL16_PORG3,0,0,0,0
tr|B2RL17|B2RL17_PORG3,1,0,0,0
tr|B2RL18|B2RL18_PORG3,0,0,1,0
tr|B2RL19|B2RL19_PORG3,0,0,0,0
tr|B2RL20|B2RL20_PORG3,0,0,0,0
tr|B2RL21|B2RL21_PORG3,1,1,1,1
tr|B2RL22|B2RL22_PORG3,1,1,1,1
tr|B2RL26|B2RL26_PORG3,0,0,0,0
tr|B2RL27|B2RL27_PORG3,0,0,0,0
tr|B2RL28|B2RL28_PORG3,0,0,0,0
tr|B2RL30|B2RL30_PORG3,1,1,1,1
tr|B2RL31|B2RL31_PORG3,0,0,1,0
tr|B2RL32|B2RL32_PORG3,0,0,1,0
tr|B2RL33|B2RL33_PORG3,1,1,0,1
tr|B2RL34|B2RL34_PORG3,0,0,0,0
tr|B2RL35|B2RL35_PORG3,1,1,1,1
tr|B2RL36|B2RL36_PORG3,0,0,0,0
tr|B2RL37|B2RL37_PORG3,1,1,1,1
tr|B2RL39|B2RL39_PORG3,1,1,1,1
tr|B2RL40|B2RL40_PORG3,1,1,0,1
tr|B2RL42|B2RL42_PORG3,0,0,0,0
tr|B2RL43|B2RL43_PORG3,0,0,0,0
tr|B2RL47|B2RL47_PORG3,1,0,0,0
tr|B2RL53|B2RL53_PORG3,0,0,0,0
tr|B2RL57|B2RL57_PORG3,0,0,0,0
tr|B2RL58|B2RL58_PORG3,0,0,0,0
tr|B2RL60|B2RL60_PORG3,1,1,1,1
tr|B2RL65|B2RL65_PORG3,1,1,1,1
tr|B2RL66|B2RL66_PORG3,1,0,1,1
tr|B2RL69|B2RL69_PORG3,0,0,0,0
tr|B2RL70|B2RL70_PORG3,0,0,0,0
tr|B2RL71|B2RL71_PORG3,0,0,0,0
tr|B2RL72|B2RL72_PORG3,0,0,0,0
tr|B2RL73|B2RL73_PORG3,1,1,0,1
tr|B2RL74|B2RL74_PORG3,1,1,1,1
tr|B2RL75|B2RL75_PORG3,1,0,0,0
tr|B2RL76|B2RL76_PORG3,0,0,0,0
tr|B2RL79|B2RL79_PORG3,0,0,0,0
tr|B2RL80|B2RL80_PORG3,1,1,1,1
tr|B2RL81|B2RL81_PORG3,1,0,0,0
tr|B2RL82|B2RL82_PORG3,0,1,0,0
tr|B2RL83|B2RL83_PORG3,1,1,1,1
tr|B2RL84|B2RL84_PORG3,1,0,1,1
tr|B2RL85|B2RL85_PORG3,0,0,1,0
tr|B2RL86|B2RL86_PORG3,0,0,0,0
tr|B2RL90|B2RL90_PORG3,0,0,0,0
tr|B2RL91|B2RL91_PORG3,1,1,1,1
tr|B2RL93|B2RL93_PORG3,0,0,0,0
tr|B2RL94|B2RL94_PORG3,1,1,1,1
tr|B2RL95|B2RL95_PORG3,0,0,0,0
tr|B2RL96|B2RL96_PORG3,0,0,0,0
tr|B2RL97|B2RL97_PORG3,0,0,0,0
tr|B2RL98|B2RL98_PORG3,0,1,1,1
tr|B2RL99|B2RL99_PORG3,1,0,1,1
tr|B2RLA1|B2RLA1_PORG3,0,0,0,0
tr|B2RLA2|B2RLA2_PORG3,0,0,0,0
tr|B2RLA3|B2RLA3_PORG3,0,0,0,0
tr|B2RLA5|B2RLA5_PORG3,1,1,1,1
tr|B2RLA6|B2RLA6_PORG3,0,0,0,0
tr|B2RLA9|B2RLA9_PORG3,0,0,0,0
tr|B2RLB0|B2RLB0_PORG3,0,1,1,1
tr|B2RLB1|B2RLB1_PORG3,0,1,0,0
tr|B2RLB3|B2RLB3_PORG3,1,0,0,0
tr|B2RLB4|B2RLB4_PORG3,0,0,0,0
tr|B2RLB5|B2RLB5_PORG3,0,0,0,0
tr|B2RLB6|B2RLB6_PORG3,1,1,0,1
tr|B2RLB7|B2RLB7_PORG3,1,1,1,1
tr|B2RLB9|B2RLB9_PORG3,0,0,0,0
tr|B2RLC3|B2RLC3_PORG3,1,0,1,1
tr|B2RLC4|B2RLC4_PORG3,1,0,0,0
tr|B2RLC5|B2RLC5_PORG3,1,0,0,0
tr|B2RLC6|B2RLC6_PORG3,1,0,0,0
tr|B2RLD4|B2RLD4_PORG3,1,0,0,0
tr|B2RLD5|B2RLD5_PORG3,0,0,0,0
tr|B2RLD6|B2RLD6_PORG3,0,0,0,0
tr|B2RLD7|B2RLD7_PORG3,1,1,0,1
tr|B2RLD8|B2RLD8_PORG3,0,0,0,0
tr|B2RLD9|B2RLD9_PORG3,0,0,0,0
tr|B2RLE1|B2RLE1_PORG3,0,0,0,0
tr|B2RLE2|B2RLE2_PORG3,0,0,0,0
tr|B2RLE3|B2RLE3_PORG3,0,0,0,0
tr|B2RLE4|B2RLE4_PORG3,0,0,0,0
tr|B2RLE5|B2RLE5_PORG3,0,0,0,0
tr|B2RLE6|B2RLE6_PORG3,0,0,0,0
tr|B2RLE7|B2RLE7_PORG3,0,1,0,0
tr|B2RLE8|B2RLE8_PORG3,0,1,0,0
tr|B2RLE9|B2RLE9_PORG3,0,0,0,0
tr|B2RLF0|B2RLF0_PORG3,1,1,1,1
tr|B2RLF1|B2RLF1_PORG3,0,0,0,0
tr|B2RLF2|B2RLF2_PORG3,0,0,0,0
tr|B2RLF3|B2RLF3_PORG3,0,0,0,0
tr|B2RLF4|B2RLF4_PORG3,0,0,0,0
tr|B2RLF5|B2RLF5_PORG3,0,0,0,0
tr|B2RLF6|B2RLF6_PORG3,0,0,0,0
tr|B2RLF7|B2RLF7_PORG3,0,0,0,0
tr|B2RLF8|B2RLF8_PORG3,0,0,0,0
tr|B2RLG0|B2RLG0_PORG3,1,0,0,0
tr|B2RLG1|B2RLG1_PORG3,1,1,0,1
tr|B2RLG2|B2RLG2_PORG3,0,0,1,0
tr|B2RLG3|B2RLG3_PORG3,0,0,0,0
tr|B2RLG4|B2RLG4_PORG3,0,0,0,0
tr|B2RLG5|B2RLG5_PORG3,0,0,0,0
tr|B2RLG6|B2RLG6_PORG3,0,0,0,0
tr|B2RLG8|B2RLG8_PORG3,1,1,1,1
tr|B2RLH0|B2RLH0_PORG3,1,0,1,1
tr|B2RLH1|B2RLH1_PORG3,0,0,1,0
tr|B2RLH3|B2RLH3_PORG3,0,0,1,0
tr|B2RLH4|B2RLH4_PORG3,1,0,0,0
tr|B2RLH5|B2RLH5_PORG3,0,0,0,0
tr|B2RLI1|B2RLI1_PORG3,1,0,0,0
tr|B2RLI2|B2RLI2_PORG3,0,1,0,0
tr|B2RLI3|B2RLI3_PORG3,0,0,0,0
tr|B2RLI4|B2RLI4_PORG3,1,0,0,0
tr|B2RLJ1|B2RLJ1_PORG3,1,0,1,1
tr|B2RLJ2|B2RLJ2_PORG3,1,0,0,0
tr|B2RLJ3|B2RLJ3_PORG3,1,0,0,0
tr|B2RLJ4|B2RLJ4_PORG3,0,1,1,1
tr|B2RLJ5|B2RLJ5_PORG3,0,0,0,0
tr|B2RLJ7|B2RLJ7_PORG3,0,0,0,0
tr|B2RLJ8|B2RLJ8_PORG3,1,0,0,0
tr|B2RLJ9|B2RLJ9_PORG3,0,0,0,0
tr|B2RLK1|B2RLK1_PORG3,0,0,0,0
tr|B2RLK3|B2RLK3_PORG3,0,0,1,0
tr|B2RLK4|B2RLK4_PORG3,1,0,0,0
tr|B2RLK5|B2RLK5_PORG3,1,0,0,0
tr|B2RLK6|B2RLK6_PORG3,1,1,1,1
tr|B2RLK7|B2RLK7_PORG3,1,1,1,1
tr|B2RLK8|B2RLK8_PORG3,0,0,0,0
tr|B2RLK9|B2RLK9_PORG3,1,1,0,1
tr|B2RLL0|B2RLL0_PORG3,0,1,0,0
tr|B2RLL1|B2RLL1_PORG3,0,0,0,0
tr|B2RLL2|B2RLL2_PORG3,1,0,0,0
tr|B2RLL3|B2RLL3_PORG3,1,1,1,1
tr|B2RLL4|B2RLL4_PORG3,0,0,1,0
tr|B2RLL5|B2RLL5_PORG3,0,0,0,0
tr|B2RLL6|B2RLL6_PORG3,0,1,0,0
tr|B2RLL8|B2RLL8_PORG3,0,1,0,0
tr|B2RLL9|B2RLL9_PORG3,0,0,0,0
tr|B2RLM1|B2RLM1_PORG3,0,0,0,0
tr|B2RLM2|B2RLM2_PORG3,0,0,0,0
tr|B2RLM3|B2RLM3_PORG3,0,0,0,0
tr|B2RLM6|B2RLM6_PORG3,0,1,1,1
tr|B2RLM7|B2RLM7_PORG3,0,0,0,0
tr|B2RLM8|B2RLM8_PORG3,0,0,0,0
tr|B2RLM9|B2RLM9_PORG3,0,0,0,0
tr|B2RLN0|B2RLN0_PORG3,0,0,0,0
tr|B2RLN1|B2RLN1_PORG3,0,0,0,0
tr|B2RLN2|B2RLN2_PORG3,0,0,1,0
tr|B2RLN3|B2RLN3_PORG3,0,0,0,0
tr|B2RLN4|B2RLN4_PORG3,1,0,1,1
tr|B2RLN5|B2RLN5_PORG3,0,0,0,0
tr|B2RLN7|B2RLN7_PORG3,0,0,0,0
tr|B2RLN8|B2RLN8_PORG3,0,0,0,0
tr|B2RLN9|B2RLN9_PORG3,1,0,1,1
tr|B2RLP0|B2RLP0_PORG3,0,0,0,0
tr|B2RLP1|B2RLP1_PORG3,1,1,1,1
tr|B2RLP3|B2RLP3_PORG3,1,0,1,1
tr|B2RLP4|B2RLP4_PORG3,0,1,1,1
tr|B2RLP7|B2RLP7_PORG3,0,0,0,0
tr|B2RLP8|B2RLP8_PORG3,1,1,1,1
tr|B2RLP9|B2RLP9_PORG3,0,1,1,1
tr|B2RLQ0|B2RLQ0_PORG3,0,0,0,0
tr|B2RLQ1|B2RLQ1_PORG3,0,0,0,0
tr|B2RLQ2|B2RLQ2_PORG3,1,1,1,1
tr|B2RLQ3|B2RLQ3_PORG3,1,1,1,1
tr|B2RLQ4|B2RLQ4_PORG3,0,0,1,0
tr|B2RLQ5|B2RLQ5_PORG3,0,0,0,0
tr|B2RLQ7|B2RLQ7_PORG3,0,0,0,0
tr|B2RLQ9|B2RLQ9_PORG3,0,0,0,0
tr|B2RLR2|B2RLR2_PORG3,0,0,0,0
tr|B2RLR3|B2RLR3_PORG3,1,0,1,1
tr|B2RLR4|B2RLR4_PORG3,0,0,0,0
tr|B2RLR6|B2RLR6_PORG3,1,1,0,1
tr|B2RLR7|B2RLR7_PORG3,0,0,0,0
tr|B2RLR8|B2RLR8_PORG3,1,1,1,1
tr|B2RLR9|B2RLR9_PORG3,0,0,0,0
tr|B2RLS0|B2RLS0_PORG3,0,0,0,0
tr|B2RLS1|B2RLS1_PORG3,0,0,0,0
tr|B2RLS2|B2RLS2_PORG3,0,0,0,0
tr|B2RLS3|B2RLS3_PORG3,0,1,0,0
sp|B2RLS5|Y1801_PORG3,1,0,0,0
tr|B2RLS6|B2RLS6_PORG3,0,0,0,0
tr|B2RLS7|B2RLS7_PORG3,0,0,0,0
tr|B2RLT0|B2RLT0_PORG3,0,1,0,0
tr|B2RLT1|B2RLT1_PORG3,0,0,0,0
tr|B2RLT2|B2RLT2_PORG3,1,1,1,1
tr|B2RLT3|B2RLT3_PORG3,0,1,0,0
tr|B2RLT4|B2RLT4_PORG3,1,1,0,1
tr|B2RLT5|B2RLT5_PORG3,0,0,0,0
tr|B2RLT8|B2RLT8_PORG3,0,0,0,0
tr|B2RLT9|B2RLT9_PORG3,0,0,1,0
tr|B2RLU0|B2RLU0_PORG3,1,0,1,1
tr|B2RLU1|B2RLU1_PORG3,0,0,0,0
tr|B2RLU2|B2RLU2_PORG3,1,1,1,1
tr|B2RLU3|B2RLU3_PORG3,0,0,0,0
tr|B2RLU4|B2RLU4_PORG3,0,1,0,0
tr|B2RLU5|B2RLU5_PORG3,1,1,1,1
tr|B2RLU6|B2RLU6_PORG3,0,0,1,0
tr|B2RLU7|B2RLU7_PORG3,0,0,0,0
tr|B2RLU8|B2RLU8_PORG3,0,1,0,0
tr|B2RLU9|B2RLU9_PORG3,1,1,1,1
tr|B2RLV0|B2RLV0_PORG3,0,0,0,0
tr|B2RLV3|B2RLV3_PORG3,0,0,0,0
tr|B2RLV4|B2RLV4_PORG3,1,1,1,1
tr|B2RLV8|B2RLV8_PORG3,0,0,0,0
tr|B2RLV9|B2RLV9_PORG3,0,0,0,0
tr|B2RLW0|B2RLW0_PORG3,0,0,0,0
tr|B2RLW1|B2RLW1_PORG3,1,1,0,1
tr|B2RLW2|B2RLW2_PORG3,0,0,1,0
tr|B2RLZ7|B2RLZ7_PORG3,0,0,0,0
tr|B2RLZ9|B2RLZ9_PORG3,1,0,0,0
tr|B2RM00|B2RM00_PORG3,0,0,0,0
tr|B2RM01|B2RM01_PORG3,0,0,0,0
tr|B2RM02|B2RM02_PORG3,1,1,0,1
tr|B2RM03|B2RM03_PORG3,1,0,0,0
tr|B2RM04|B2RM04_PORG3,0,0,0,0
tr|B2RM05|B2RM05_PORG3,0,0,0,0
tr|B2RM06|B2RM06_PORG3,0,0,0,0
tr|B2RM08|B2RM08_PORG3,0,0,0,0
tr|B2RM09|B2RM09_PORG3,0,0,0,0
tr|B2RM10|B2RM10_PORG3,1,0,0,0
tr|B2RM11|B2RM11_PORG3,1,1,1,1
tr|B2RM12|B2RM12_PORG3,1,0,0,0
tr|B2RM13|B2RM13_PORG3,1,0,0,0
tr|B2RM16|B2RM16_PORG3,0,0,0,0
tr|B2RM17|B2RM17_PORG3,0,1,0,0
tr|B2RM18|B2RM18_PORG3,0,1,1,1
tr|B2RM19|B2RM19_PORG3,1,0,0,0
tr|B2RM20|B2RM20_PORG3,1,0,0,0
tr|B2RM21|B2RM21_PORG3,0,0,0,0
tr|B2RM22|B2RM22_PORG3,0,0,0,0
tr|B2RM23|B2RM23_PORG3,0,0,0,0
tr|B2RM24|B2RM24_PORG3,1,0,0,0
tr|B2RM26|B2RM26_PORG3,1,0,0,0
tr|B2RM28|B2RM28_PORG3,0,1,1,1
tr|B2RM29|B2RM29_PORG3,0,0,0,0
tr|B2RM30|B2RM30_PORG3,0,1,1,1
tr|B2RM31|B2RM31_PORG3,0,0,0,0
tr|B2RM32|B2RM32_PORG3,1,0,0,0
tr|B2RM33|B2RM33_PORG3,1,1,1,1
tr|B2RM34|B2RM34_PORG3,0,1,1,1
tr|B2RM47|B2RM47_PORG3,1,0,1,1
tr|B2RM49|B2RM49_PORG3,0,0,0,0
tr|B2RM52|B2RM52_PORG3,1,1,1,1
tr|B2RM53|B2RM53_PORG3,1,0,0,0
tr|B2RM54|B2RM54_PORG3,1,0,0,0
tr|B2RM55|B2RM55_PORG3,0,0,0,0
tr|B2RM56|B2RM56_PORG3,0,0,0,0
tr|B2RM57|B2RM57_PORG3,1,0,0,0
tr|B2RM58|B2RM58_PORG3,0,0,0,0
tr|B2RM59|B2RM59_PORG3,0,1,0,0
tr|B2RM60|B2RM60_PORG3,0,0,0,0
tr|B2RM64|B2RM64_PORG3,0,0,0,0
tr|B2RM66|B2RM66_PORG3,1,0,1,1
tr|B2RM67|B2RM67_PORG3,0,0,0,0
tr|B2RM68|B2RM68_PORG3,1,1,1,1
tr|B2RM71|B2RM71_PORG3,0,0,0,0
tr|B2RM72|B2RM72_PORG3,0,0,0,0
tr|B2RM73|B2RM73_PORG3,0,0,0,0
tr|B2RM74|B2RM74_PORG3,0,0,0,0
tr|B2RM75|B2RM75_PORG3,1,0,0,0
tr|B2RM76|B2RM76_PORG3,1,0,1,1
tr|B2RM77|B2RM77_PORG3,1,1,1,1
tr|B2RM79|B2RM79_PORG3,0,0,0,0
tr|B2RM80|B2RM80_PORG3,0,1,1,1
tr|B2RM81|B2RM81_PORG3,1,0,0,0
tr|B2RM85|B2RM85_PORG3,0,0,0,0
tr|B2RM86|B2RM86_PORG3,0,0,0,0
tr|B2RM87|B2RM87_PORG3,0,0,0,0
tr|B2RM88|B2RM88_PORG3,0,0,0,0
tr|B2RM89|B2RM89_PORG3,0,1,0,0
tr|B2RM90|B2RM90_PORG3,1,0,0,0
tr|B2RM91|B2RM91_PORG3,0,0,0,0
tr|B2RM94|B2RM94_PORG3,0,0,0,0
tr|B2RM95|B2RM95_PORG3,0,0,0,0
tr|B2RM96|B2RM96_PORG3,0,0,0,0
tr|B2RM97|B2RM97_PORG3,0,0,0,0
tr|B2RM98|B2RM98_PORG3,1,0,0,0
tr|B2RM99|B2RM99_PORG3,0,0,0,0
tr|B2RMA0|B2RMA0_PORG3,0,0,0,0
tr|B2RMA1|B2RMA1_PORG3,1,0,0,0
tr|B2RMA3|B2RMA3_PORG3,0,0,0,0
tr|B2RMA6|B2RMA6_PORG3,1,0,0,0
tr|B2RMA7|B2RMA7_PORG3,0,0,1,0
tr|B2RMA8|B2RMA8_PORG3,1,0,1,1
tr|B2RMA9|B2RMA9_PORG3,1,1,1,1
tr|B2RMB0|B2RMB0_PORG3,1,1,0,1
tr|B2RMB1|B2RMB1_PORG3,0,0,0,0
tr|B2RMB2|B2RMB2_PORG3,0,0,0,0
tr|B2RMB3|B2RMB3_PORG3,1,1,1,1
tr|B2RMB5|B2RMB5_PORG3,0,0,0,0
tr|B2RMB6|B2RMB6_PORG3,0,0,0,0
tr|B2RMB7|B2RMB7_PORG3,0,0,0,0
tr|B2RMB8|B2RMB8_PORG3,0,0,1,0
tr|B2RMC1|B2RMC1_PORG3,1,1,1,1
tr|B2RMC2|B2RMC2_PORG3,0,0,0,0
tr|B2RMC3|B2RMC3_PORG3,1,1,1,1
tr|B2RMC4|B2RMC4_PORG3,0,0,0,0
tr|B2RMC5|B2RMC5_PORG3,0,0,0,0
tr|B2RMC6|B2RMC6_PORG3,0,0,0,0
tr|B2RMC7|B2RMC7_PORG3,0,0,0,0
tr|B2RMC8|B2RMC8_PORG3,0,0,0,0
tr|B2RMD1|B2RMD1_PORG3,1,0,1,1
tr|B2RMD2|B2RMD2_PORG3,1,0,1,1
tr|B2RMD3|B2RMD3_PORG3,1,1,0,1
tr|B2RMD4|B2RMD4_PORG3,0,0,0,0
tr|B2RMD5|B2RMD5_PORG3,1,0,0,0
tr|B2RMD6|B2RMD6_PORG3,0,0,0,0
tr|B2RMD8|B2RMD8_PORG3,1,1,0,1
tr|B2RMD9|B2RMD9_PORG3,1,0,0,0
tr|B2RME1|B2RME1_PORG3,0,1,1,1
tr|B2RME7|B2RME7_PORG3,0,0,0,0
tr|B2RME8|B2RME8_PORG3,0,0,0,0
tr|B2RME9|B2RME9_PORG3,0,0,0,0
tr|B2RMF0|B2RMF0_PORG3,0,0,0,0
tr|B2RMF1|B2RMF1_PORG3,0,1,0,0
tr|B2RMF2|B2RMF2_PORG3,1,1,1,1
tr|B2RMF3|B2RMF3_PORG3,1,1,1,1
tr|B2RMF6|B2RMF6_PORG3,0,0,0,0
tr|B2RMF7|B2RMF7_PORG3,1,0,1,1
tr|B2RMF8|B2RMF8_PORG3,0,1,0,0
tr|B2RMF9|B2RMF9_PORG3,0,0,0,0
tr|B2RMG1|B2RMG1_PORG3,0,0,0,0
tr|B2RMG2|B2RMG2_PORG3,0,0,0,0
tr|B2RMG3|B2RMG3_PORG3,0,1,0,0
tr|B2RMG4|B2RMG4_PORG3,0,0,0,0
tr|B2RMG6|B2RMG6_PORG3,0,0,0,0
tr|B2RMG7|B2RMG7_PORG3,1,0,1,1
tr|B2RMH4|B2RMH4_PORG3,0,0,0,0
tr|B2RMH5|B2RMH5_PORG3,0,0,0,0
tr|B2RMH6|B2RMH6_PORG3,0,0,0,0
tr|B2RMH7|B2RMH7_PORG3,0,0,0,0
tr|B2RMH8|B2RMH8_PORG3,1,0,0,0
tr|B2RMH9|B2RMH9_PORG3,0,0,0,0
tr|B2RMI1|B2RMI1_PORG3,0,0,0,0
tr|B2RMI2|B2RMI2_PORG3,1,0,0,0
tr|B2RMI6|B2RMI6_PORG3,1,0,0,0
tr|B2RMI7|B2RMI7_PORG3,1,0,0,0
tr|B2RMI8|B2RMI8_PORG3,0,0,0,0
tr|B2RMI9|B2RMI9_PORG3,0,0,0,0
tr|B2RMJ0|B2RMJ0_PORG3,0,0,0,0
tr|B2RMJ3|B2RMJ3_PORG3,0,1,0,0
tr|B2RMJ5|B2RMJ5_PORG3,0,0,0,0
tr|B2RMJ6|B2RMJ6_PORG3,0,0,0,0
tr|B2RMJ7|B2RMJ7_PORG3,1,0,1,1
tr|B2RMJ9|B2RMJ9_PORG3,0,0,1,0
tr|B2RMK0|B2RMK0_PORG3,0,0,1,0
tr|B2RMK1|B2RMK1_PORG3,1,0,0,0
tr|B2RMK2|B2RMK2_PORG3,0,1,0,0
tr|B2RMK3|B2RMK3_PORG3,0,1,1,1
tr|B2RMK5|B2RMK5_PORG3,0,0,0,0
tr|B2RMK6|B2RMK6_PORG3,1,0,0,0
tr|B2RMK7|B2RMK7_PORG3,0,0,1,0
tr|B2RMK8|B2RMK8_PORG3,0,0,0,0
tr|B2RMK9|B2RMK9_PORG3,0,0,0,0
tr|B2RML0|B2RML0_PORG3,0,0,0,0
tr|B2RML1|B2RML1_PORG3,0,0,0,0
tr|B2RML2|B2RML2_PORG3,0,0,0,0
tr|B2RML3|B2RML3_PORG3,1,1,1,1
tr|B2RML4|B2RML4_PORG3,1,0,0,0
