protein,xgboost,random_subspace,random forest,fuse 2/3
sp|Q48R29|SPEB_STRPM,1,1,1,1
sp|Q48RF1|PYRG_STRPM,0,0,0,0
tr|Q48SB4|Q48SB4_STRPM,0,1,1,1
sp|Q48SK0|RLMN_STRPM,1,0,0,0
tr|Q48TM6|Q48TM6_STRPM,0,0,0,0
tr|Q48UM7|Q48UM7_STRPM,0,0,0,0
sp|Q48UZ1|GLMU_STRPM,1,1,0,1
sp|Q48V28|MURE_STRPM,0,0,0,0
tr|Q48V49|Q48V49_STRPM,0,0,0,0
tr|Q48VY0|Q48VY0_STRPM,0,0,0,0
tr|Q48QK9|Q48QK9_STRPM,1,0,0,0
tr|Q48QL0|Q48QL0_STRPM,0,0,0,0
sp|Q48QM2|ECFA1_STRPM,0,0,0,0
sp|Q48QM8|MNMA_STRPM,0,1,0,0
sp|Q48QS7|SYH_STRPM,0,0,0,0
sp|Q48QS8|SYD_STRPM,0,0,0,0
sp|Q48QY8|HUTG_STRPM,0,0,0,0
tr|Q48QZ5|Q48QZ5_STRPM,0,0,0,0
sp|Q48QZ6|HUTI_STRPM,0,0,0,0
sp|Q48R03|CH60_STRPM,0,1,1,1
tr|Q48R50|Q48R50_STRPM,1,1,1,1
sp|Q48R77|DTD_STRPM,0,1,0,0
sp|Q48R89|SYP_STRPM,0,0,0,0
sp|Q48RA2|PNP_STRPM,0,0,0,0
sp|Q48RE4|TRUA_STRPM,0,1,0,0
sp|Q48RE9|TIG_STRPM,0,0,0,0
sp|Q48RG7|TSAD_STRPM,0,0,0,0
sp|Q48RH2|DEOC_STRPM,0,0,0,0
sp|Q48RI5|PEPX_STRPM,0,0,0,0
sp|Q48RJ4|DPO4_STRPM,0,0,0,0
sp|Q48RJ8|RNH3_STRPM,0,0,0,0
tr|Q48RK1|Q48RK1_STRPM,1,0,0,0
tr|Q48RL3|Q48RL3_STRPM,0,1,0,0
sp|Q48RM6|SECA_STRPM,0,0,0,0
sp|Q48RM8|ALR_STRPM,0,0,0,0
tr|Q48RR4|Q48RR4_STRPM,1,0,1,1
sp|Q48RR7|FABH_STRPM,0,0,0,0
sp|Q48RS4|FABZ_STRPM,0,0,0,0
sp|Q48RS6|ACCD_STRPM,0,0,0,0
tr|Q48RS7|Q48RS7_STRPM,0,0,0,0
sp|Q48RS8|SYS_STRPM,0,0,0,0
sp|Q48RX6|GLPK_STRPM,0,0,0,0
sp|Q48RY6|PROB_STRPM,0,0,0,0
sp|Q48RZ0|RSMH_STRPM,1,1,1,1
sp|Q48RZ3|MRAY_STRPM,0,0,0,0
tr|Q48RZ5|Q48RZ5_STRPM,0,0,0,0
tr|Q48S02|Q48S02_STRPM,0,0,0,0
sp|Q48S05|RECU_STRPM,0,0,0,0
sp|Q48S10|LUXS_STRPM,0,0,0,0
tr|Q48S20|Q48S20_STRPM,0,0,0,0
tr|Q48S24|Q48S24_STRPM,0,1,1,1
sp|Q48S56|AROE_STRPM,0,0,1,0
sp|Q48S61|AROB_STRPM,0,0,0,0
sp|Q48SA4|SYV_STRPM,0,0,0,0
sp|Q48SJ5|COAD_STRPM,0,0,0,0
tr|Q48SK6|Q48SK6_STRPM,0,0,0,0
sp|Q48SK8|MURD_STRPM,0,0,0,0
sp|Q48SK9|MURG_STRPM,0,0,0,0
tr|Q48SL2|Q48SL2_STRPM,1,1,1,1
sp|Q48SL8|SYI_STRPM,0,0,0,0
sp|Q48SM7|FOLD_STRPM,0,0,0,0
tr|Q48SP1|Q48SP1_STRPM,0,0,1,0
sp|Q48SP2|GPMA_STRPM,0,0,0,0
sp|Q48SP8|DDL_STRPM,0,0,0,0
tr|Q48SP9|Q48SP9_STRPM,0,0,0,0
tr|Q48SQ2|Q48SQ2_STRPM,0,0,0,0
tr|Q48SR7|Q48SR7_STRPM,0,0,0,0
sp|Q48SS4|SYA_STRPM,0,0,0,0
tr|Q48SS9|Q48SS9_STRPM,0,0,0,0
tr|Q48ST4|Q48ST4_STRPM,0,0,0,0
tr|Q48ST8|Q48ST8_STRPM,0,0,1,0
tr|Q48SU5|Q48SU5_STRPM,0,1,0,0
sp|Q48SU7|METK_STRPM,0,0,0,0
sp|Q48SU8|MURA2_STRPM,0,0,0,0
tr|Q48SV2|Q48SV2_STRPM,1,0,0,0
sp|Q48SV4|AROA_STRPM,1,0,0,0
tr|Q48SV5|Q48SV5_STRPM,1,1,0,1
sp|Q48SX8|OBG_STRPM,0,0,0,0
sp|Q48SZ1|UVRB_STRPM,0,0,0,0
sp|Q48SZ3|DLTA_STRPM,0,0,0,0
sp|Q48T86|PFKA_STRPM,0,0,0,0
tr|Q48T89|Q48T89_STRPM,0,0,0,0
tr|Q48TB4|Q48TB4_STRPM,0,0,0,0
sp|Q48TC2|PSTB2_STRPM,0,0,0,0
sp|Q48TC3|PSTB1_STRPM,0,0,0,0
tr|Q48TE1|Q48TE1_STRPM,1,0,0,0
sp|Q48TF6|GUAA_STRPM,0,0,0,0
sp|Q48TG2|XERS_STRPM,0,0,0,0
tr|Q48TG8|Q48TG8_STRPM,0,0,0,0
sp|Q48TI1|TRMFO_STRPM,1,0,0,0
tr|Q48TI8|Q48TI8_STRPM,0,0,0,0
sp|Q48TJ0|RNH2_STRPM,0,0,0,0
tr|Q48TJ9|Q48TJ9_STRPM,0,1,0,0
sp|Q48TK0|LDH_STRPM,0,0,0,0
sp|Q48TK6|GLYA_STRPM,0,0,0,0
tr|Q48TK9|Q48TK9_STRPM,0,0,0,0
sp|Q48TL1|KITH_STRPM,0,1,0,0
sp|Q48TL5|XPT_STRPM,0,0,0,0
sp|Q48TM3|NADK_STRPM,0,0,0,0
sp|Q48TP5|MURB_STRPM,0,0,0,0
tr|Q48TP9|Q48TP9_STRPM,0,0,0,0
sp|Q48TS5|MNME_STRPM,0,0,0,0
sp|Q48TU0|LEPA_STRPM,0,0,0,0
tr|Q48TU5|Q48TU5_STRPM,0,0,0,0
tr|Q48TV3|Q48TV3_STRPM,0,0,0,0
tr|Q48TV4|Q48TV4_STRPM,0,0,0,0
tr|Q48TV5|Q48TV5_STRPM,1,0,0,0
tr|Q48TY3|Q48TY3_STRPM,0,0,0,0
sp|Q48TZ1|MIAA_STRPM,0,0,0,0
tr|Q48U00|Q48U00_STRPM,0,1,1,1
tr|Q48U01|Q48U01_STRPM,0,0,0,0
tr|Q48U02|Q48U02_STRPM,0,1,1,1
sp|Q48U03|PLSY_STRPM,0,0,0,0
sp|Q48U10|PYRF_STRPM,0,0,0,0
tr|Q48U14|Q48U14_STRPM,0,0,0,0
sp|Q48U17|DEOB_STRPM,1,0,0,0
sp|Q48U25|TYSY_STRPM,0,0,1,0
sp|Q48U28|IDI2_STRPM,0,0,0,0
sp|Q48U40|CCA_STRPM,0,0,0,0
tr|Q48U68|Q48U68_STRPM,0,0,0,0
tr|Q48U70|Q48U70_STRPM,0,0,0,0
sp|Q48U75|LSPA_STRPM,0,0,0,0
sp|Q48U81|THII_STRPM,0,0,0,0
sp|Q48U88|AROC_STRPM,0,0,0,0
sp|Q48U89|AROD_STRPM,0,0,0,0
sp|Q48U99|PEPT_STRPM,1,0,1,1
sp|Q48UB8|ADDA_STRPM,0,0,0,0
sp|Q48UB9|ADDB_STRPM,0,0,0,0
sp|Q48UC5|SYFB_STRPM,0,0,0,0
tr|Q48UC6|Q48UC6_STRPM,0,0,0,0
sp|Q48UD0|MURA1_STRPM,1,0,0,0
sp|Q48UD3|ATPB_STRPM,0,0,0,0
sp|Q48UD5|ATPA_STRPM,0,0,0,0
tr|Q48UD9|Q48UD9_STRPM,0,0,1,0
sp|Q48UE1|DNLJ_STRPM,0,0,0,0
sp|Q48UF7|ENO_STRPM,0,0,0,0
tr|Q48UG0|Q48UG0_STRPM,0,0,0,0
sp|Q48UK4|TPIS_STRPM,0,0,0,0
tr|Q48UK8|Q48UK8_STRPM,0,0,0,0
tr|Q48UL8|Q48UL8_STRPM,0,0,0,0
tr|Q48UN9|Q48UN9_STRPM,0,0,0,0
tr|Q48UR5|Q48UR5_STRPM,1,1,0,1
sp|Q48UR6|RNC_STRPM,0,0,0,0
sp|Q48US7|SYT_STRPM,0,0,0,0
sp|Q48UU5|COAE_STRPM,0,0,0,0
sp|Q48UU6|FPG_STRPM,0,0,0,0
sp|Q48UW6|ERA_STRPM,0,0,0,0
sp|Q48UX7|PYRH_STRPM,0,0,0,0
tr|Q48V10|Q48V10_STRPM,0,0,0,0
tr|Q48V13|Q48V13_STRPM,1,1,1,1
sp|Q48V26|UPP_STRPM,1,0,0,0
sp|Q48V60|MURC_STRPM,0,0,0,0
sp|Q48V78|METN_STRPM,0,0,0,0
sp|Q48VA9|UPPP_STRPM,1,0,0,0
tr|Q48VC4|Q48VC4_STRPM,0,0,0,0
sp|Q48VC6|RSMA_STRPM,0,0,0,0
tr|Q48VE0|Q48VE0_STRPM,0,0,0,0
sp|Q48VE5|SYE_STRPM,0,1,0,0
tr|Q48VF0|Q48VF0_STRPM,0,0,1,0
sp|Q48VF4|GPDA_STRPM,0,1,0,0
sp|Q48VF9|G6PI_STRPM,1,0,0,0
sp|Q48VG9|TGT_STRPM,0,0,0,0
sp|Q48VK8|PURA_STRPM,0,1,1,1
sp|Q48VQ0|ACKA_STRPM,0,0,0,0
sp|Q48VR0|RPOC_STRPM,0,0,0,0
sp|Q48VR3|SYY_STRPM,0,0,0,0
sp|Q48VS3|RPOA_STRPM,0,0,0,0
sp|Q48VS8|KAD_STRPM,0,0,0,0
tr|Q48VW0|Q48VW0_STRPM,0,1,0,0
tr|Q48VW1|Q48VW1_STRPM,0,0,0,0
tr|Q48VW7|Q48VW7_STRPM,0,0,0,0
tr|Q48VX4|Q48VX4_STRPM,0,1,0,0
sp|Q48VX8|PLSX_STRPM,0,0,1,0
sp|Q48VY1|RUVB_STRPM,0,0,0,0
tr|Q48VY5|Q48VY5_STRPM,0,0,0,0
tr|Q48VY7|Q48VY7_STRPM,0,0,0,0
sp|Q48VY9|PUR9_STRPM,0,0,0,0
tr|Q48VZ0|Q48VZ0_STRPM,0,0,0,0
tr|Q48QK2|Q48QK2_STRPM,1,1,1,1
sp|Q48QK3|RLMH_STRPM,0,0,0,0
sp|Q48QL2|RECF_STRPM,0,0,0,0
tr|Q48QL4|Q48QL4_STRPM,0,0,0,0
tr|Q48QL5|Q48QL5_STRPM,0,0,0,0
tr|Q48QM1|Q48QM1_STRPM,0,0,0,0
sp|Q48QM3|ECFA2_STRPM,0,0,0,0
tr|Q48QM4|Q48QM4_STRPM,0,0,0,0
tr|Q48QM6|Q48QM6_STRPM,1,1,1,1
tr|Q48QM7|Q48QM7_STRPM,0,1,1,1
sp|Q48QN0|MNMG_STRPM,1,0,0,0
tr|Q48QN1|Q48QN1_STRPM,0,0,0,0
sp|Q48QN2|RL9_STRPM,0,0,1,0
tr|Q48QN3|Q48QN3_STRPM,0,0,0,0
sp|Q48QN5|RS4_STRPM,0,1,0,0
sp|Q48QS5|RL333_STRPM,0,0,0,0
sp|Q48QS6|RL32_STRPM,0,0,0,0
sp|Q48QT3|SYR_STRPM,0,0,0,0
tr|Q48QT4|Q48QT4_STRPM,0,0,0,0
sp|Q48QT6|MUTS_STRPM,0,0,0,0
tr|Q48QW2|Q48QW2_STRPM,0,0,0,0
sp|Q48QW4|RUVA_STRPM,0,0,0,0
sp|Q48QW7|RECA_STRPM,1,0,0,0
sp|Q48QX0|YQGF_STRPM,0,0,0,0
tr|Q48QX7|Q48QX7_STRPM,0,0,1,0
tr|Q48QY2|Q48QY2_STRPM,0,0,0,0
sp|Q48QY5|EFTS_STRPM,0,0,0,0
tr|Q48QY9|Q48QY9_STRPM,0,0,0,0
sp|Q48QZ2|FTHS2_STRPM,0,1,0,0
tr|Q48QZ4|Q48QZ4_STRPM,0,0,0,0
tr|Q48QZ7|Q48QZ7_STRPM,0,0,0,0
tr|Q48QZ8|Q48QZ8_STRPM,0,1,0,0
tr|Q48R02|Q48R02_STRPM,0,1,0,0
tr|Q48R06|Q48R06_STRPM,1,1,0,1
tr|Q48R08|Q48R08_STRPM,0,0,0,0
tr|Q48R11|Q48R11_STRPM,1,1,0,1
sp|Q48R12|RL332_STRPM,0,0,0,0
tr|Q48R32|Q48R32_STRPM,0,0,0,0
tr|Q48R42|Q48R42_STRPM,0,0,0,0
sp|Q48R70|PRMA_STRPM,0,0,0,0
tr|Q48R71|Q48R71_STRPM,1,0,0,0
tr|Q48R76|Q48R76_STRPM,0,0,0,0
tr|Q48R78|Q48R78_STRPM,1,0,0,0
tr|Q48R83|Q48R83_STRPM,1,1,0,1
tr|Q48R86|Q48R86_STRPM,1,0,0,0
tr|Q48R87|Q48R87_STRPM,0,0,0,0
tr|Q48R88|Q48R88_STRPM,1,0,0,0
sp|Q48R90|DPO3_STRPM,0,0,0,0
sp|Q48R93|DEF_STRPM,1,0,0,0
sp|Q48R96|RS15_STRPM,0,0,0,0
tr|Q48RA4|Q48RA4_STRPM,0,0,0,0
sp|Q48RA7|SYC_STRPM,0,0,0,0
tr|Q48RA8|Q48RA8_STRPM,0,0,1,0
tr|Q48RB5|Q48RB5_STRPM,0,0,0,0
sp|Q48RB6|RS9_STRPM,0,1,1,1
sp|Q48RC2|LACA2_STRPM,0,0,1,0
sp|Q48RC3|LACB2_STRPM,0,0,0,0
sp|Q48RC4|LACC_STRPM,0,1,0,0
tr|Q48RC5|Q48RC5_STRPM,0,0,0,0
tr|Q48RC7|Q48RC7_STRPM,0,0,0,0
sp|Q48RC8|LACG_STRPM,1,1,1,1
tr|Q48RC9|Q48RC9_STRPM,0,0,1,0
tr|Q48RD8|Q48RD8_STRPM,1,0,0,0
tr|Q48RE0|Q48RE0_STRPM,0,0,0,0
tr|Q48RE5|Q48RE5_STRPM,0,0,0,0
tr|Q48RF0|Q48RF0_STRPM,1,1,0,1
tr|Q48RF3|Q48RF3_STRPM,0,1,0,0
sp|Q48RF4|RL28_STRPM,1,0,0,0
sp|Q48RF9|PGK_STRPM,0,0,0,0
tr|Q48RG3|Q48RG3_STRPM,0,0,0,0
sp|Q48RG4|RPOY_STRPM,0,0,0,0
tr|Q48RG6|Q48RG6_STRPM,0,0,0,0
sp|Q48RG8|RS14_STRPM,1,0,1,1
tr|Q48RH0|Q48RH0_STRPM,1,0,1,1
sp|Q48RI2|Y1568_STRPM,1,0,1,1
tr|Q48RJ3|Q48RJ3_STRPM,0,0,0,0
tr|Q48RJ6|Q48RJ6_STRPM,0,0,0,0
tr|Q48RJ7|Q48RJ7_STRPM,0,0,0,0
tr|Q48RK6|Q48RK6_STRPM,0,0,0,0
sp|Q48RK8|RS6_STRPM,0,0,0,0
tr|Q48RK9|Q48RK9_STRPM,1,1,1,1
sp|Q48RL0|RS18_STRPM,0,1,0,0
sp|Q48RL6|EFP_STRPM,0,0,0,0
sp|Q48RL8|NUSB_STRPM,0,0,0,0
tr|Q48RM0|Q48RM0_STRPM,1,1,1,1
tr|Q48RM1|Q48RM1_STRPM,0,0,0,0
tr|Q48RM5|Q48RM5_STRPM,1,0,0,0
sp|Q48RM7|ACPS_STRPM,0,0,0,0
tr|Q48RN2|Q48RN2_STRPM,0,0,0,0
tr|Q48RP1|Q48RP1_STRPM,0,0,0,0
tr|Q48RP5|Q48RP5_STRPM,0,1,0,0
tr|Q48RP9|Q48RP9_STRPM,0,0,0,0
tr|Q48RQ3|Q48RQ3_STRPM,1,0,0,0
sp|Q48RQ4|GATA_STRPM,0,0,0,0
sp|Q48RQ5|GATB_STRPM,0,0,0,0
tr|Q48RR2|Q48RR2_STRPM,0,1,1,1
sp|Q48RR3|DNAK_STRPM,1,0,1,1
tr|Q48RR8|Q48RR8_STRPM,0,0,0,0
tr|Q48RS0|Q48RS0_STRPM,0,0,0,0
tr|Q48RS1|Q48RS1_STRPM,1,0,1,1
tr|Q48RS2|Q48RS2_STRPM,1,0,1,1
tr|Q48RS3|Q48RS3_STRPM,0,0,0,0
tr|Q48RS5|Q48RS5_STRPM,0,0,0,0
tr|Q48RT2|Q48RT2_STRPM,0,0,0,0
sp|Q48RU3|TRMB_STRPM,0,1,1,1
sp|Q48RU4|RIMP_STRPM,0,0,0,0
tr|Q48RU5|Q48RU5_STRPM,0,0,0,0
sp|Q48RU8|IF2_STRPM,0,1,0,0
sp|Q48RU9|RBFA_STRPM,1,0,0,0
tr|Q48RV2|Q48RV2_STRPM,0,0,0,0
sp|Q48RV9|LACA1_STRPM,0,0,0,0
sp|Q48RW0|LACB1_STRPM,0,0,0,0
tr|Q48RW2|Q48RW2_STRPM,0,0,0,0
tr|Q48RW9|Q48RW9_STRPM,1,0,1,1
sp|Q48RX2|SYGA_STRPM,0,0,0,0
sp|Q48RX3|SYGB_STRPM,0,0,0,0
tr|Q48RX7|Q48RX7_STRPM,0,0,0,0
sp|Q48RY1|TAL_STRPM,0,0,0,0
tr|Q48RY2|Q48RY2_STRPM,0,0,0,0
sp|Q48RY7|PROA_STRPM,0,0,0,0
tr|Q48RZ1|Q48RZ1_STRPM,0,0,0,0
tr|Q48RZ9|Q48RZ9_STRPM,0,0,0,0
tr|Q48S01|Q48S01_STRPM,0,0,0,0
tr|Q48S03|Q48S03_STRPM,0,0,0,0
tr|Q48S04|Q48S04_STRPM,1,1,1,1
sp|Q48S07|GPSB_STRPM,1,1,0,1
tr|Q48S09|Q48S09_STRPM,1,1,1,1
sp|Q48S17|RNY_STRPM,0,0,0,0
sp|Q48S18|KGUA_STRPM,0,0,0,0
sp|Q48S19|RPOZ_STRPM,1,1,1,1
sp|Q48S21|FMT_STRPM,0,0,0,0
tr|Q48S22|Q48S22_STRPM,0,0,0,0
tr|Q48S26|Q48S26_STRPM,0,0,0,0
tr|Q48S30|Q48S30_STRPM,0,1,1,1
tr|Q48S34|Q48S34_STRPM,0,0,0,0
sp|Q48S39|RECX_STRPM,0,0,0,0
tr|Q48S55|Q48S55_STRPM,0,0,0,0
tr|Q48S75|Q48S75_STRPM,1,1,1,1
tr|Q48SA5|Q48SA5_STRPM,0,0,0,0
tr|Q48SA6|Q48SA6_STRPM,0,1,0,0
tr|Q48SA9|Q48SA9_STRPM,0,0,0,0
tr|Q48SB0|Q48SB0_STRPM,0,0,0,0
tr|Q48SB1|Q48SB1_STRPM,0,0,1,0
tr|Q48SD2|Q48SD2_STRPM,1,0,1,1
tr|Q48SI5|Q48SI5_STRPM,0,0,1,0
sp|Q48SI7|ARCA_STRPM,0,0,0,0
tr|Q48SI9|Q48SI9_STRPM,0,0,0,0
tr|Q48SJ2|Q48SJ2_STRPM,0,1,1,1
sp|Q48SJ3|ASNA_STRPM,1,0,0,0
tr|Q48SK4|Q48SK4_STRPM,0,1,0,0
tr|Q48SL0|Q48SL0_STRPM,0,0,0,0
tr|Q48SL1|Q48SL1_STRPM,0,0,0,0
sp|Q48SL4|SEPF_STRPM,1,1,0,1
tr|Q48SM5|Q48SM5_STRPM,0,0,0,0
tr|Q48SM8|Q48SM8_STRPM,0,0,0,0
sp|Q48SM9|EX7S_STRPM,1,0,1,1
tr|Q48SN2|Q48SN2_STRPM,1,0,0,0
tr|Q48SN3|Q48SN3_STRPM,0,0,0,0
tr|Q48SN9|Q48SN9_STRPM,0,0,0,0
sp|Q48SP7|RECR_STRPM,0,0,0,0
sp|Q48SQ1|RF3_STRPM,0,0,0,0
sp|Q48SQ3|KUP_STRPM,0,0,0,0
tr|Q48SR1|Q48SR1_STRPM,0,0,0,0
sp|Q48SR6|QUEA_STRPM,0,0,0,0
tr|Q48SR8|Q48SR8_STRPM,0,1,0,0
tr|Q48SS2|Q48SS2_STRPM,0,0,0,0
tr|Q48SS3|Q48SS3_STRPM,0,0,0,0
tr|Q48ST1|Q48ST1_STRPM,1,0,0,0
tr|Q48ST3|Q48ST3_STRPM,0,1,1,1
tr|Q48SU2|Q48SU2_STRPM,0,0,0,0
tr|Q48SX4|Q48SX4_STRPM,0,0,0,0
tr|Q48SZ0|Q48SZ0_STRPM,0,0,0,0
tr|Q48SZ4|Q48SZ4_STRPM,0,0,0,0
sp|Q48SZ5|DLTC_STRPM,0,0,0,0
tr|Q48SZ6|Q48SZ6_STRPM,0,0,0,0
tr|Q48SZ9|Q48SZ9_STRPM,1,0,0,0
tr|Q48T00|Q48T00_STRPM,0,0,0,0
tr|Q48T01|Q48T01_STRPM,1,1,1,1
tr|Q48T02|Q48T02_STRPM,0,0,0,0
tr|Q48T07|Q48T07_STRPM,0,0,0,0
tr|Q48T10|Q48T10_STRPM,0,0,0,0
tr|Q48T11|Q48T11_STRPM,0,0,0,0
tr|Q48T85|Q48T85_STRPM,0,0,0,0
tr|Q48T87|Q48T87_STRPM,0,0,0,0
tr|Q48T88|Q48T88_STRPM,0,0,0,0
tr|Q48T98|Q48T98_STRPM,0,0,0,0
sp|Q48TB3|TRUB_STRPM,0,0,0,0
tr|Q48TB5|Q48TB5_STRPM,1,0,0,0
tr|Q48TB8|Q48TB8_STRPM,1,0,0,0
tr|Q48TB9|Q48TB9_STRPM,0,1,0,0
tr|Q48TC0|Q48TC0_STRPM,0,0,0,0
tr|Q48TC1|Q48TC1_STRPM,0,0,0,0
tr|Q48TC4|Q48TC4_STRPM,0,0,0,0
tr|Q48TC6|Q48TC6_STRPM,0,0,0,0
tr|Q48TC8|Q48TC8_STRPM,0,0,0,0
sp|Q48TC9|RS20_STRPM,1,1,1,1
sp|Q48TD0|COAA_STRPM,0,0,0,0
tr|Q48TD2|Q48TD2_STRPM,0,0,0,0
tr|Q48TD7|Q48TD7_STRPM,0,0,0,0
tr|Q48TE7|Q48TE7_STRPM,0,0,0,0
sp|Q48TE8|FTHS1_STRPM,0,0,0,0
tr|Q48TG0|Q48TG0_STRPM,0,0,0,0
tr|Q48TG4|Q48TG4_STRPM,0,0,0,0
tr|Q48TG6|Q48TG6_STRPM,0,0,0,0
tr|Q48TG7|Q48TG7_STRPM,1,1,1,1
sp|Q48TG9|CITD_STRPM,0,0,0,0
sp|Q48TH6|CITG_STRPM,0,0,0,0
tr|Q48TJ1|Q48TJ1_STRPM,0,0,0,0
sp|Q48TL0|RF1_STRPM,0,0,0,0
tr|Q48TL3|Q48TL3_STRPM,0,1,0,0
sp|Q48TL6|GUAC_STRPM,1,1,0,1
tr|Q48TM2|Q48TM2_STRPM,0,0,0,0
sp|Q48TM9|REX_STRPM,0,0,0,0
sp|Q48TN1|Y816_STRPM,0,0,0,0
tr|Q48TN5|Q48TN5_STRPM,1,1,0,1
tr|Q48TN7|Q48TN7_STRPM,0,0,0,0
tr|Q48TN9|Q48TN9_STRPM,0,0,0,0
tr|Q48TP0|Q48TP0_STRPM,0,0,0,0
sp|Q48TP4|POTA_STRPM,0,0,0,0
tr|Q48TP6|Q48TP6_STRPM,0,0,0,0
tr|Q48TP7|Q48TP7_STRPM,0,0,0,0
tr|Q48TP8|Q48TP8_STRPM,0,0,0,0
tr|Q48TQ0|Q48TQ0_STRPM,0,0,0,0
tr|Q48TQ3|Q48TQ3_STRPM,0,0,0,0
tr|Q48TR2|Q48TR2_STRPM,0,0,0,0
tr|Q48TR3|Q48TR3_STRPM,0,0,0,0
sp|Q48TS3|RL7_STRPM,1,1,1,1
sp|Q48TS4|RL10_STRPM,1,1,1,1
sp|Q48TS8|UVRC_STRPM,1,0,0,0
tr|Q48TT8|Q48TT8_STRPM,1,0,0,0
tr|Q48TU3|Q48TU3_STRPM,0,0,0,0
tr|Q48TU4|Q48TU4_STRPM,0,0,0,0
tr|Q48TU8|Q48TU8_STRPM,0,0,0,0
tr|Q48TU9|Q48TU9_STRPM,0,0,0,0
sp|Q48TV1|GLMM_STRPM,0,0,0,0
tr|Q48TV6|Q48TV6_STRPM,0,0,0,0
tr|Q48TV7|Q48TV7_STRPM,0,0,0,0
tr|Q48TV9|Q48TV9_STRPM,1,0,0,0
tr|Q48TW1|Q48TW1_STRPM,0,1,0,0
tr|Q48TW7|Q48TW7_STRPM,0,0,0,0
tr|Q48TX3|Q48TX3_STRPM,0,0,0,0
tr|Q48TX7|Q48TX7_STRPM,0,0,0,0
tr|Q48TX9|Q48TX9_STRPM,0,0,0,0
sp|Q48TY5|APT_STRPM,1,0,0,0
sp|Q48TY8|RNZ_STRPM,0,0,0,0
tr|Q48TZ0|Q48TZ0_STRPM,0,0,0,0
sp|Q48TZ6|TRHO_STRPM,1,0,1,1
tr|Q48U04|Q48U04_STRPM,0,0,0,0
sp|Q48U05|UNG_STRPM,1,0,0,0
sp|Q48U09|PYRE_STRPM,0,0,0,0
tr|Q48U15|Q48U15_STRPM,0,0,0,0
sp|Q48U18|RPIA_STRPM,0,0,0,0
sp|Q48U21|ENGB_STRPM,0,0,0,0
sp|Q48U22|CLPX_STRPM,0,0,0,0
tr|Q48U24|Q48U24_STRPM,0,1,0,0
tr|Q48U27|Q48U27_STRPM,0,0,0,0
tr|Q48U29|Q48U29_STRPM,0,0,0,0
tr|Q48U30|Q48U30_STRPM,0,0,0,0
tr|Q48U32|Q48U32_STRPM,0,0,0,0
tr|Q48U35|Q48U35_STRPM,1,1,1,1
tr|Q48U50|Q48U50_STRPM,0,1,0,0
tr|Q48U52|Q48U52_STRPM,1,0,0,0
sp|Q48U54|FENR_STRPM,0,0,0,0
sp|Q48U55|TRMD_STRPM,0,0,0,0
sp|Q48U56|RIMM_STRPM,0,0,0,0
tr|Q48U62|Q48U62_STRPM,1,0,0,0
sp|Q48U63|RS16_STRPM,0,1,0,0
sp|Q48U71|PYRB_STRPM,0,0,0,0
sp|Q48U73|PYRR_STRPM,0,0,0,0
tr|Q48U74|Q48U74_STRPM,0,0,0,0
tr|Q48U77|Q48U77_STRPM,1,1,1,1
sp|Q48U79|RL21_STRPM,0,1,0,0
tr|Q48U84|Q48U84_STRPM,0,0,0,0
tr|Q48U85|Q48U85_STRPM,0,1,0,0
tr|Q48U91|Q48U91_STRPM,0,1,0,0
sp|Q48U92|RL20_STRPM,0,0,0,0
sp|Q48U93|RL35_STRPM,0,0,1,0
sp|Q48U94|IF3_STRPM,0,0,0,0
sp|Q48U95|KCY_STRPM,0,0,0,0
tr|Q48UA8|Q48UA8_STRPM,1,0,0,0
tr|Q48UB1|Q48UB1_STRPM,1,0,0,0
tr|Q48UB3|Q48UB3_STRPM,0,0,0,0
tr|Q48UB4|Q48UB4_STRPM,0,0,0,0
tr|Q48UB5|Q48UB5_STRPM,0,0,1,0
sp|Q48UB6|RS21_STRPM,0,0,0,0
sp|Q48UD2|ATPE_STRPM,0,0,0,0
sp|Q48UD4|ATPG_STRPM,0,0,0,0
sp|Q48UD6|ATPD_STRPM,0,0,0,0
sp|Q48UD7|ATPF_STRPM,1,1,0,1
sp|Q48UD8|ATP6_STRPM,0,0,0,0
sp|Q48UF9|EZRA_STRPM,0,0,0,0
sp|Q48UG3|RL19_STRPM,0,0,0,0
sp|Q48UG8|RL31B_STRPM,0,0,0,0
tr|Q48UH2|Q48UH2_STRPM,1,1,0,1
sp|Q48UH3|WHIA_STRPM,0,0,0,0
sp|Q48UH5|Y517_STRPM,0,0,0,0
sp|Q48UH6|SYN_STRPM,0,0,0,0
tr|Q48UH7|Q48UH7_STRPM,0,0,0,0
tr|Q48UH8|Q48UH8_STRPM,0,0,0,0
tr|Q48UH9|Q48UH9_STRPM,0,0,0,0
tr|Q48UI1|Q48UI1_STRPM,0,0,0,0
tr|Q48UI2|Q48UI2_STRPM,1,0,0,0
tr|Q48UI3|Q48UI3_STRPM,0,0,0,0
tr|Q48UK3|Q48UK3_STRPM,0,0,0,0
sp|Q48UK5|EFTU_STRPM,0,1,0,0
tr|Q48UL3|Q48UL3_STRPM,1,0,0,0
sp|Q48UM6|LGT_STRPM,0,0,0,0
tr|Q48UM9|Q48UM9_STRPM,0,1,0,0
tr|Q48UQ5|Q48UQ5_STRPM,0,0,0,0
tr|Q48UR8|Q48UR8_STRPM,0,0,0,0
sp|Q48UT7|PCP_STRPM,0,0,0,0
sp|Q48UT9|SSRP_STRPM,0,0,0,0
tr|Q48UU0|Q48UU0_STRPM,0,0,0,0
tr|Q48UU1|Q48UU1_STRPM,0,0,0,0
sp|Q48UU2|RL331_STRPM,0,0,0,0
tr|Q48UW7|Q48UW7_STRPM,0,0,0,0
sp|Q48UW8|YBEY_STRPM,1,0,0,0
sp|Q48UX4|MSRA_STRPM,0,0,0,0
sp|Q48UX6|RRF_STRPM,1,0,1,1
sp|Q48UX8|RL1_STRPM,0,1,1,1
sp|Q48UX9|RL11_STRPM,1,1,1,1
tr|Q48UY1|Q48UY1_STRPM,0,0,0,0
tr|Q48UY2|Q48UY2_STRPM,1,0,1,1
tr|Q48UY8|Q48UY8_STRPM,0,1,0,0
tr|Q48V06|Q48V06_STRPM,0,0,0,0
tr|Q48V08|Q48V08_STRPM,0,0,0,0
tr|Q48V14|Q48V14_STRPM,0,0,0,0
tr|Q48V19|Q48V19_STRPM,0,0,0,0
tr|Q48V23|Q48V23_STRPM,0,0,0,0
sp|Q48V25|CLPP_STRPM,0,0,0,0
tr|Q48V34|Q48V34_STRPM,0,0,0,0
tr|Q48V35|Q48V35_STRPM,1,0,0,0
tr|Q48V40|Q48V40_STRPM,0,0,0,0
sp|Q48V41|TRML_STRPM,0,0,0,0
tr|Q48V43|Q48V43_STRPM,0,1,0,0
sp|Q48V44|SCPB_STRPM,0,0,0,0
sp|Q48V45|SCPA_STRPM,0,0,0,0
sp|Q48V46|XERDL_STRPM,0,0,0,0
sp|Q48V50|MURI_STRPM,0,0,1,0
tr|Q48V55|Q48V55_STRPM,0,0,0,0
tr|Q48V56|Q48V56_STRPM,0,0,0,0
tr|Q48V57|Q48V57_STRPM,1,0,0,0
tr|Q48V58|Q48V58_STRPM,0,0,0,0
sp|Q48V63|DER_STRPM,0,0,0,0
sp|Q48V66|NRDR_STRPM,0,0,0,0
tr|Q48V67|Q48V67_STRPM,1,0,0,0
sp|Q48V70|HTPX_STRPM,0,0,0,0
sp|Q48V72|RSMG_STRPM,0,0,0,0
sp|Q48V75|SSTT_STRPM,0,0,0,0
tr|Q48V76|Q48V76_STRPM,0,0,0,0
sp|Q48V83|TMCAL_STRPM,0,1,0,0
tr|Q48V85|Q48V85_STRPM,0,0,0,0
tr|Q48V87|Q48V87_STRPM,0,0,0,0
tr|Q48V98|Q48V98_STRPM,0,0,1,0
tr|Q48V99|Q48V99_STRPM,1,0,1,1
tr|Q48VA0|Q48VA0_STRPM,0,0,0,0
tr|Q48VA3|Q48VA3_STRPM,0,0,0,0
tr|Q48VA8|Q48VA8_STRPM,0,0,1,0
tr|Q48VB5|Q48VB5_STRPM,0,1,1,1
sp|Q48VB6|EFG_STRPM,0,0,0,0
sp|Q48VB7|RS7_STRPM,0,0,0,0
sp|Q48VB8|RS12_STRPM,1,1,1,1
tr|Q48VC5|Q48VC5_STRPM,0,0,0,0
tr|Q48VC7|Q48VC7_STRPM,0,0,0,0
sp|Q48VD6|NANE_STRPM,0,0,0,0
sp|Q48VD7|RL34_STRPM,0,0,0,0
sp|Q48VE1|RNPA_STRPM,0,0,0,0
tr|Q48VE8|Q48VE8_STRPM,0,0,0,0
tr|Q48VF5|Q48VF5_STRPM,0,0,0,0
tr|Q48VG5|Q48VG5_STRPM,1,0,0,0
tr|Q48VH4|Q48VH4_STRPM,0,0,0,0
tr|Q48VI5|Q48VI5_STRPM,0,0,0,0
sp|Q48VJ7|SYL_STRPM,0,0,0,0
tr|Q48VK3|Q48VK3_STRPM,1,1,1,1
tr|Q48VK6|Q48VK6_STRPM,0,0,0,0
tr|Q48VL1|Q48VL1_STRPM,0,0,0,0
sp|Q48VL2|VATB_STRPM,0,0,0,0
sp|Q48VL3|VATA_STRPM,0,0,0,0
tr|Q48VL8|Q48VL8_STRPM,0,0,0,0
tr|Q48VM9|Q48VM9_STRPM,1,1,1,1
tr|Q48VN4|Q48VN4_STRPM,0,0,0,0
sp|Q48VN9|HSLO_STRPM,0,0,0,0
tr|Q48VP0|Q48VP0_STRPM,0,0,0,0
tr|Q48VP1|Q48VP1_STRPM,0,0,0,0
tr|Q48VP7|Q48VP7_STRPM,0,1,0,0
tr|Q48VP8|Q48VP8_STRPM,0,0,0,0
sp|Q48VR1|RPOB_STRPM,0,0,0,0
tr|Q48VR2|Q48VR2_STRPM,0,1,1,1
sp|Q48VS2|RL17_STRPM,0,0,0,0
sp|Q48VS4|RS11_STRPM,1,1,1,1
sp|Q48VS5|RS13_STRPM,0,1,1,1
sp|Q48VS6|RL36_STRPM,0,0,0,0
sp|Q48VS7|IF1_STRPM,1,0,0,0
tr|Q48VS9|Q48VS9_STRPM,0,0,0,0
sp|Q48VT0|RL15_STRPM,0,1,1,1
sp|Q48VT1|RL30_STRPM,1,1,1,1
sp|Q48VT2|RS5_STRPM,1,1,1,1
sp|Q48VT3|RL18_STRPM,0,1,0,0
sp|Q48VT4|RL6_STRPM,0,1,1,1
sp|Q48VT5|RS8_STRPM,0,0,0,0
sp|Q48VT6|RS14Z_STRPM,0,0,1,0
sp|Q48VT7|RL5_STRPM,0,0,0,0
sp|Q48VT8|RL24_STRPM,0,0,0,0
sp|Q48VT9|RL14_STRPM,0,1,1,1
sp|Q48VU0|RS17_STRPM,0,0,0,0
sp|Q48VU1|RL29_STRPM,1,1,1,1
sp|Q48VU2|RL16_STRPM,1,0,1,1
sp|Q48VU3|RS3_STRPM,1,0,1,1
sp|Q48VU4|RL22_STRPM,0,0,0,0
sp|Q48VU5|RS19_STRPM,1,1,0,1
sp|Q48VU6|RL2_STRPM,1,1,1,1
sp|Q48VU7|RL23_STRPM,0,0,0,0
sp|Q48VU8|RL4_STRPM,0,0,0,0
sp|Q48VU9|RL3_STRPM,0,1,0,0
sp|Q48VV0|RS10_STRPM,1,0,0,0
tr|Q48VV3|Q48VV3_STRPM,0,0,0,0
tr|Q48VW2|Q48VW2_STRPM,0,0,0,0
sp|Q48VW8|PTH_STRPM,1,1,1,1
tr|Q48VW9|Q48VW9_STRPM,0,0,0,0
tr|Q48VX1|Q48VX1_STRPM,1,1,1,1
sp|Q48VX2|DNAA_STRPM,1,0,0,0
sp|Q48VX3|PUR5_STRPM,0,0,0,0
tr|Q48VX6|Q48VX6_STRPM,0,0,0,0
tr|Q48VX7|Q48VX7_STRPM,0,0,0,0
sp|Q48VX9|RECO_STRPM,0,0,0,0
tr|Q48VY3|Q48VY3_STRPM,0,0,0,0
tr|Q48VY6|Q48VY6_STRPM,0,0,0,0
tr|A0A411IAX7|A0A411IAX7_STRPM,0,0,0,0
tr|Q48QK1|Q48QK1_STRPM,0,0,0,0
tr|Q48QK4|Q48QK4_STRPM,1,1,0,1
tr|Q48QK5|Q48QK5_STRPM,0,0,0,0
tr|Q48QK6|Q48QK6_STRPM,0,0,0,0
tr|Q48QK7|Q48QK7_STRPM,0,0,0,0
tr|Q48QK8|Q48QK8_STRPM,0,0,0,0
tr|Q48QL1|Q48QL1_STRPM,0,0,0,0
tr|Q48QL3|Q48QL3_STRPM,1,0,0,0
tr|Q48QL8|Q48QL8_STRPM,0,0,0,0
tr|Q48QL9|Q48QL9_STRPM,0,0,0,0
tr|Q48QM0|Q48QM0_STRPM,0,1,0,0
tr|Q48QM5|Q48QM5_STRPM,1,1,1,1
tr|Q48QM9|Q48QM9_STRPM,0,0,0,0
tr|Q48QN4|Q48QN4_STRPM,0,0,0,0
tr|Q48QN6|Q48QN6_STRPM,0,0,0,0
tr|Q48QN7|Q48QN7_STRPM,1,0,0,0
tr|Q48QN8|Q48QN8_STRPM,0,0,0,0
tr|Q48QN9|Q48QN9_STRPM,0,0,0,0
tr|Q48QP0|Q48QP0_STRPM,0,0,0,0
tr|Q48QP1|Q48QP1_STRPM,1,0,0,0
tr|Q48QP2|Q48QP2_STRPM,0,0,0,0
tr|Q48QP3|Q48QP3_STRPM,1,0,1,1
tr|Q48QP4|Q48QP4_STRPM,0,0,0,0
tr|Q48QP5|Q48QP5_STRPM,1,0,0,0
tr|Q48QP6|Q48QP6_STRPM,0,0,0,0
tr|Q48QP7|Q48QP7_STRPM,1,0,0,0
tr|Q48QP8|Q48QP8_STRPM,0,1,0,0
tr|Q48QP9|Q48QP9_STRPM,0,0,0,0
tr|Q48QQ0|Q48QQ0_STRPM,0,0,0,0
tr|Q48QQ1|Q48QQ1_STRPM,0,0,0,0
tr|Q48QQ2|Q48QQ2_STRPM,0,0,0,0
tr|Q48QQ3|Q48QQ3_STRPM,1,1,0,1
tr|Q48QQ4|Q48QQ4_STRPM,0,0,0,0
tr|Q48QQ5|Q48QQ5_STRPM,1,0,1,1
tr|Q48QQ6|Q48QQ6_STRPM,0,0,0,0
tr|Q48QQ7|Q48QQ7_STRPM,0,0,0,0
tr|Q48QQ8|Q48QQ8_STRPM,0,0,0,0
tr|Q48QQ9|Q48QQ9_STRPM,0,0,1,0
tr|Q48QR0|Q48QR0_STRPM,0,0,0,0
tr|Q48QR1|Q48QR1_STRPM,0,0,0,0
tr|Q48QR2|Q48QR2_STRPM,1,1,1,1
tr|Q48QR3|Q48QR3_STRPM,1,1,0,1
tr|Q48QR4|Q48QR4_STRPM,0,0,0,0
tr|Q48QR5|Q48QR5_STRPM,0,0,0,0
tr|Q48QR6|Q48QR6_STRPM,1,0,1,1
tr|Q48QR7|Q48QR7_STRPM,0,0,0,0
tr|Q48QR8|Q48QR8_STRPM,0,0,0,0
tr|Q48QR9|Q48QR9_STRPM,0,0,0,0
tr|Q48QS0|Q48QS0_STRPM,0,0,0,0
tr|Q48QS1|Q48QS1_STRPM,0,0,0,0
tr|Q48QS2|Q48QS2_STRPM,0,1,0,0
tr|Q48QS3|Q48QS3_STRPM,0,0,0,0
tr|Q48QS4|Q48QS4_STRPM,0,0,0,0
tr|Q48QS9|Q48QS9_STRPM,0,0,0,0
tr|Q48QT0|Q48QT0_STRPM,0,0,0,0
tr|Q48QT1|Q48QT1_STRPM,0,0,0,0
tr|Q48QT2|Q48QT2_STRPM,0,0,0,0
tr|Q48QT5|Q48QT5_STRPM,0,0,1,0
tr|Q48QT7|Q48QT7_STRPM,0,1,1,1
tr|Q48QT8|Q48QT8_STRPM,0,0,0,0
tr|Q48QT9|Q48QT9_STRPM,0,0,0,0
tr|Q48QU0|Q48QU0_STRPM,1,1,0,1
tr|Q48QU1|Q48QU1_STRPM,0,0,0,0
tr|Q48QU2|Q48QU2_STRPM,0,0,0,0
tr|Q48QU3|Q48QU3_STRPM,0,0,0,0
tr|Q48QU4|Q48QU4_STRPM,1,0,1,1
tr|Q48QU5|Q48QU5_STRPM,1,0,0,0
tr|Q48QU6|Q48QU6_STRPM,0,1,0,0
tr|Q48QU7|Q48QU7_STRPM,0,0,0,0
tr|Q48QU8|Q48QU8_STRPM,1,0,0,0
tr|Q48QU9|Q48QU9_STRPM,0,0,0,0
tr|Q48QV0|Q48QV0_STRPM,0,0,0,0
tr|Q48QV1|Q48QV1_STRPM,0,0,0,0
tr|Q48QV2|Q48QV2_STRPM,0,1,1,1
tr|Q48QV3|Q48QV3_STRPM,0,0,1,0
tr|Q48QV4|Q48QV4_STRPM,0,0,0,0
tr|Q48QV5|Q48QV5_STRPM,0,0,1,0
tr|Q48QV6|Q48QV6_STRPM,0,0,0,0
tr|Q48QV7|Q48QV7_STRPM,0,0,0,0
tr|Q48QV8|Q48QV8_STRPM,0,1,1,1
tr|Q48QV9|Q48QV9_STRPM,0,1,1,1
tr|Q48QW0|Q48QW0_STRPM,0,0,1,0
tr|Q48QW1|Q48QW1_STRPM,0,0,0,0
tr|Q48QW3|Q48QW3_STRPM,1,0,0,0
tr|Q48QW5|Q48QW5_STRPM,0,0,0,0
sp|Q48QW6|CINA_STRPM,1,0,0,0
tr|Q48QW8|Q48QW8_STRPM,0,0,0,0
sp|Q48QW9|Y1781_STRPM,0,0,0,0
sp|Q48QX1|Y1779_STRPM,0,0,0,0
tr|Q48QX2|Q48QX2_STRPM,1,0,0,0
tr|Q48QX3|Q48QX3_STRPM,0,0,0,0
tr|Q48QX4|Q48QX4_STRPM,0,1,1,1
tr|Q48QX5|Q48QX5_STRPM,0,0,0,0
tr|Q48QX6|Q48QX6_STRPM,0,0,0,0
sp|Q48QX8|Y1772_STRPM,0,0,0,0
tr|Q48QX9|Q48QX9_STRPM,0,1,1,1
tr|Q48QY0|Q48QY0_STRPM,1,0,0,0
tr|Q48QY1|Q48QY1_STRPM,0,0,0,0
tr|Q48QY3|Q48QY3_STRPM,0,0,0,0
tr|Q48QY4|Q48QY4_STRPM,0,0,0,0
sp|Q48QY6|RS2_STRPM,0,0,0,0
tr|Q48QY7|Q48QY7_STRPM,0,0,0,0
tr|Q48QZ0|Q48QZ0_STRPM,0,0,0,0
tr|Q48QZ1|Q48QZ1_STRPM,1,0,1,1
tr|Q48QZ3|Q48QZ3_STRPM,1,1,1,1
tr|Q48QZ9|Q48QZ9_STRPM,0,0,0,0
tr|Q48R00|Q48R00_STRPM,0,0,0,0
tr|Q48R01|Q48R01_STRPM,0,0,0,0
tr|Q48R04|Q48R04_STRPM,0,0,1,0
tr|Q48R05|Q48R05_STRPM,1,0,1,1
tr|Q48R07|Q48R07_STRPM,1,1,1,1
tr|Q48R09|Q48R09_STRPM,0,0,1,0
tr|Q48R10|Q48R10_STRPM,0,0,0,0
tr|Q48R13|Q48R13_STRPM,0,0,0,0
tr|Q48R14|Q48R14_STRPM,0,0,0,0
tr|Q48R15|Q48R15_STRPM,0,0,0,0
tr|Q48R16|Q48R16_STRPM,0,0,0,0
tr|Q48R17|Q48R17_STRPM,1,0,1,1
tr|Q48R18|Q48R18_STRPM,0,0,0,0
tr|Q48R19|Q48R19_STRPM,0,0,0,0
tr|Q48R20|Q48R20_STRPM,0,0,0,0
tr|Q48R21|Q48R21_STRPM,0,0,0,0
tr|Q48R22|Q48R22_STRPM,0,0,0,0
tr|Q48R23|Q48R23_STRPM,0,0,0,0
tr|Q48R24|Q48R24_STRPM,0,0,0,0
tr|Q48R25|Q48R25_STRPM,0,1,1,1
tr|Q48R26|Q48R26_STRPM,0,0,0,0
tr|Q48R27|Q48R27_STRPM,1,0,0,0
tr|Q48R28|Q48R28_STRPM,0,0,0,0
tr|Q48R30|Q48R30_STRPM,1,1,1,1
tr|Q48R31|Q48R31_STRPM,1,0,0,0
tr|Q48R33|Q48R33_STRPM,0,0,0,0
tr|Q48R34|Q48R34_STRPM,1,1,1,1
tr|Q48R35|Q48R35_STRPM,1,1,1,1
tr|Q48R36|Q48R36_STRPM,1,0,1,1
tr|Q48R37|Q48R37_STRPM,0,1,1,1
tr|Q48R38|Q48R38_STRPM,1,1,0,1
tr|Q48R39|Q48R39_STRPM,0,0,0,0
tr|Q48R40|Q48R40_STRPM,0,0,0,0
tr|Q48R41|Q48R41_STRPM,0,0,0,0
tr|Q48R43|Q48R43_STRPM,1,1,1,1
tr|Q48R44|Q48R44_STRPM,0,0,0,0
tr|Q48R45|Q48R45_STRPM,0,0,0,0
tr|Q48R46|Q48R46_STRPM,0,0,0,0
tr|Q48R47|Q48R47_STRPM,1,1,1,1
tr|Q48R48|Q48R48_STRPM,1,1,1,1
tr|Q48R51|Q48R51_STRPM,1,1,1,1
tr|Q48R52|Q48R52_STRPM,0,1,0,0
tr|Q48R53|Q48R53_STRPM,0,1,1,1
tr|Q48R54|Q48R54_STRPM,0,0,1,0
tr|Q48R55|Q48R55_STRPM,1,1,1,1
tr|Q48R56|Q48R56_STRPM,1,1,1,1
tr|Q48R57|Q48R57_STRPM,0,0,0,0
tr|Q48R58|Q48R58_STRPM,1,0,0,0
tr|Q48R59|Q48R59_STRPM,0,0,0,0
tr|Q48R60|Q48R60_STRPM,0,0,0,0
tr|Q48R61|Q48R61_STRPM,1,0,1,1
tr|Q48R62|Q48R62_STRPM,0,0,0,0
tr|Q48R63|Q48R63_STRPM,1,1,1,1
tr|Q48R64|Q48R64_STRPM,0,0,0,0
tr|Q48R65|Q48R65_STRPM,0,1,0,0
tr|Q48R66|Q48R66_STRPM,0,0,0,0
tr|Q48R67|Q48R67_STRPM,0,0,0,0
tr|Q48R68|Q48R68_STRPM,0,0,0,0
tr|Q48R69|Q48R69_STRPM,1,0,0,0
tr|Q48R72|Q48R72_STRPM,0,0,0,0
tr|Q48R73|Q48R73_STRPM,0,0,0,0
tr|Q48R74|Q48R74_STRPM,1,0,1,1
tr|Q48R75|Q48R75_STRPM,1,1,1,1
tr|Q48R79|Q48R79_STRPM,0,0,0,0
tr|Q48R80|Q48R80_STRPM,1,0,0,0
tr|Q48R81|Q48R81_STRPM,0,0,0,0
tr|Q48R82|Q48R82_STRPM,0,1,0,0
tr|Q48R84|Q48R84_STRPM,0,0,0,0
tr|Q48R85|Q48R85_STRPM,0,0,0,0
tr|Q48R91|Q48R91_STRPM,0,0,0,0
tr|Q48R92|Q48R92_STRPM,1,0,1,1
tr|Q48R94|Q48R94_STRPM,0,0,0,0
tr|Q48R95|Q48R95_STRPM,0,0,0,0
tr|Q48R97|Q48R97_STRPM,1,1,1,1
tr|Q48R98|Q48R98_STRPM,0,0,0,0
tr|Q48R99|Q48R99_STRPM,1,0,0,0
tr|Q48RA0|Q48RA0_STRPM,0,0,0,0
tr|Q48RA1|Q48RA1_STRPM,1,0,0,0
tr|Q48RA3|Q48RA3_STRPM,1,1,0,1
tr|Q48RA5|Q48RA5_STRPM,1,1,0,1
tr|Q48RA6|Q48RA6_STRPM,0,0,0,0
tr|Q48RA9|Q48RA9_STRPM,1,1,1,1
tr|Q48RB0|Q48RB0_STRPM,0,0,0,0
tr|Q48RB1|Q48RB1_STRPM,0,0,0,0
tr|Q48RB2|Q48RB2_STRPM,0,0,0,0
tr|Q48RB3|Q48RB3_STRPM,0,0,0,0
tr|Q48RB4|Q48RB4_STRPM,0,0,0,0
tr|Q48RB7|Q48RB7_STRPM,0,0,1,0
tr|Q48RB8|Q48RB8_STRPM,0,0,0,0
tr|Q48RB9|Q48RB9_STRPM,0,0,0,0
tr|Q48RC0|Q48RC0_STRPM,1,0,0,0
tr|Q48RC1|Q48RC1_STRPM,0,0,0,0
tr|Q48RC6|Q48RC6_STRPM,1,1,0,1
tr|Q48RD0|Q48RD0_STRPM,0,0,0,0
tr|Q48RD1|Q48RD1_STRPM,0,0,0,0
tr|Q48RD2|Q48RD2_STRPM,0,0,0,0
tr|Q48RD3|Q48RD3_STRPM,0,0,0,0
tr|Q48RD4|Q48RD4_STRPM,0,0,0,0
tr|Q48RD5|Q48RD5_STRPM,0,0,0,0
tr|Q48RD6|Q48RD6_STRPM,1,0,1,1
tr|Q48RD7|Q48RD7_STRPM,0,0,0,0
tr|Q48RD9|Q48RD9_STRPM,1,0,0,0
tr|Q48RE1|Q48RE1_STRPM,1,1,1,1
tr|Q48RE3|Q48RE3_STRPM,0,0,0,0
tr|Q48RE6|Q48RE6_STRPM,0,0,1,0
tr|Q48RE7|Q48RE7_STRPM,0,0,0,0
tr|Q48RE8|Q48RE8_STRPM,0,0,0,0
tr|Q48RF2|Q48RF2_STRPM,0,0,0,0
tr|Q48RF5|Q48RF5_STRPM,0,1,0,0
tr|Q48RF6|Q48RF6_STRPM,0,0,0,0
tr|Q48RF7|Q48RF7_STRPM,0,0,0,0
tr|Q48RF8|Q48RF8_STRPM,0,0,0,0
tr|Q48RG0|Q48RG0_STRPM,0,0,0,0
tr|Q48RG1|Q48RG1_STRPM,1,0,0,0
tr|Q48RG2|Q48RG2_STRPM,1,0,0,0
tr|Q48RG5|Q48RG5_STRPM,0,0,0,0
tr|Q48RG9|Q48RG9_STRPM,0,0,0,0
tr|Q48RH1|Q48RH1_STRPM,0,0,0,0
tr|Q48RH3|Q48RH3_STRPM,1,0,0,0
tr|Q48RH4|Q48RH4_STRPM,1,0,1,1
tr|Q48RH5|Q48RH5_STRPM,0,0,0,0
tr|Q48RH6|Q48RH6_STRPM,0,1,0,0
tr|Q48RH7|Q48RH7_STRPM,1,0,1,1
tr|Q48RH8|Q48RH8_STRPM,0,0,0,0
tr|Q48RH9|Q48RH9_STRPM,1,1,1,1
tr|Q48RI0|Q48RI0_STRPM,0,0,0,0
tr|Q48RI1|Q48RI1_STRPM,0,0,0,0
tr|Q48RI3|Q48RI3_STRPM,0,0,1,0
tr|Q48RI4|Q48RI4_STRPM,0,0,0,0
tr|Q48RI6|Q48RI6_STRPM,1,0,0,0
tr|Q48RI7|Q48RI7_STRPM,0,0,0,0
tr|Q48RI8|Q48RI8_STRPM,0,0,1,0
tr|Q48RI9|Q48RI9_STRPM,0,0,0,0
tr|Q48RJ0|Q48RJ0_STRPM,0,0,0,0
tr|Q48RJ1|Q48RJ1_STRPM,0,0,0,0
tr|Q48RJ2|Q48RJ2_STRPM,0,0,0,0
tr|Q48RJ5|Q48RJ5_STRPM,1,0,0,0
tr|Q48RJ9|Q48RJ9_STRPM,0,0,1,0
tr|Q48RK0|Q48RK0_STRPM,0,0,0,0
tr|Q48RK2|Q48RK2_STRPM,1,0,0,0
tr|Q48RK3|Q48RK3_STRPM,0,0,0,0
tr|Q48RK4|Q48RK4_STRPM,0,0,0,0
tr|Q48RK5|Q48RK5_STRPM,0,0,0,0
tr|Q48RK7|Q48RK7_STRPM,1,0,0,0
tr|Q48RL1|Q48RL1_STRPM,0,0,0,0
tr|Q48RL2|Q48RL2_STRPM,0,0,0,0
tr|Q48RL4|Q48RL4_STRPM,0,0,0,0
tr|Q48RL5|Q48RL5_STRPM,1,1,1,1
tr|Q48RL7|Q48RL7_STRPM,0,0,0,0
tr|Q48RL9|Q48RL9_STRPM,0,0,0,0
tr|Q48RM2|Q48RM2_STRPM,0,0,1,0
tr|Q48RM3|Q48RM3_STRPM,0,1,0,0
tr|Q48RM4|Q48RM4_STRPM,1,1,1,1
tr|Q48RM9|Q48RM9_STRPM,1,1,1,1
tr|Q48RN0|Q48RN0_STRPM,0,0,0,0
tr|Q48RN1|Q48RN1_STRPM,0,1,0,0
tr|Q48RN3|Q48RN3_STRPM,0,0,0,0
tr|Q48RN4|Q48RN4_STRPM,0,0,0,0
tr|Q48RN5|Q48RN5_STRPM,0,0,0,0
tr|Q48RN6|Q48RN6_STRPM,0,0,0,0
tr|Q48RN7|Q48RN7_STRPM,0,0,0,0
tr|Q48RN8|Q48RN8_STRPM,0,0,0,0
tr|Q48RN9|Q48RN9_STRPM,0,0,0,0
tr|Q48RP0|Q48RP0_STRPM,1,0,0,0
tr|Q48RP3|Q48RP3_STRPM,0,0,0,0
tr|Q48RP4|Q48RP4_STRPM,0,0,0,0
tr|Q48RP6|Q48RP6_STRPM,0,0,0,0
tr|Q48RP7|Q48RP7_STRPM,0,0,0,0
tr|Q48RP8|Q48RP8_STRPM,0,0,0,0
tr|Q48RQ0|Q48RQ0_STRPM,0,0,0,0
tr|Q48RQ1|Q48RQ1_STRPM,0,0,0,0
tr|Q48RQ2|Q48RQ2_STRPM,0,0,0,0
tr|Q48RQ6|Q48RQ6_STRPM,0,0,0,0
tr|Q48RQ7|Q48RQ7_STRPM,0,0,0,0
tr|Q48RQ8|Q48RQ8_STRPM,0,0,0,0
tr|Q48RQ9|Q48RQ9_STRPM,1,0,0,0
tr|Q48RR0|Q48RR0_STRPM,0,0,0,0
sp|Q48RR1|HRCA_STRPM,0,0,0,0
tr|Q48RR5|Q48RR5_STRPM,0,0,0,0
tr|Q48RR6|Q48RR6_STRPM,0,0,0,0
tr|Q48RR9|Q48RR9_STRPM,1,0,0,0
tr|Q48RS9|Q48RS9_STRPM,0,0,0,0
tr|Q48RT0|Q48RT0_STRPM,0,0,0,0
tr|Q48RT1|Q48RT1_STRPM,0,0,0,0
tr|Q48RT3|Q48RT3_STRPM,1,0,0,0
tr|Q48RT4|Q48RT4_STRPM,0,0,0,0
tr|Q48RT5|Q48RT5_STRPM,0,0,0,0
tr|Q48RT6|Q48RT6_STRPM,0,0,0,0
tr|Q48RT7|Q48RT7_STRPM,1,1,1,1
tr|Q48RT8|Q48RT8_STRPM,0,0,0,0
tr|Q48RT9|Q48RT9_STRPM,0,0,0,0
tr|Q48RU0|Q48RU0_STRPM,0,0,0,0
tr|Q48RU1|Q48RU1_STRPM,0,0,0,0
tr|Q48RU2|Q48RU2_STRPM,1,1,1,1
tr|Q48RU6|Q48RU6_STRPM,0,0,0,0
tr|Q48RU7|Q48RU7_STRPM,0,0,0,0
tr|Q48RV0|Q48RV0_STRPM,1,0,0,0
tr|Q48RV1|Q48RV1_STRPM,0,0,0,0
tr|Q48RV3|Q48RV3_STRPM,0,0,1,0
tr|Q48RV4|Q48RV4_STRPM,0,1,0,0
tr|Q48RV5|Q48RV5_STRPM,0,0,0,0
tr|Q48RV6|Q48RV6_STRPM,1,0,0,0
tr|Q48RV7|Q48RV7_STRPM,1,0,1,1
tr|Q48RV8|Q48RV8_STRPM,0,0,0,0
tr|Q48RW1|Q48RW1_STRPM,1,0,1,1
tr|Q48RW3|Q48RW3_STRPM,0,0,0,0
tr|Q48RW4|Q48RW4_STRPM,0,0,0,0
tr|Q48RW5|Q48RW5_STRPM,0,0,0,0
tr|Q48RW6|Q48RW6_STRPM,0,0,0,0
tr|Q48RW7|Q48RW7_STRPM,1,1,1,1
tr|Q48RW8|Q48RW8_STRPM,0,0,0,0
tr|Q48RX0|Q48RX0_STRPM,0,0,0,0
tr|Q48RX1|Q48RX1_STRPM,0,0,0,0
sp|Q48RX4|Y1426_STRPM,1,0,1,1
tr|Q48RX5|Q48RX5_STRPM,0,0,0,0
tr|Q48RX8|Q48RX8_STRPM,0,0,1,0
tr|Q48RX9|Q48RX9_STRPM,0,0,0,0
tr|Q48RY0|Q48RY0_STRPM,0,0,0,0
tr|Q48RY3|Q48RY3_STRPM,0,0,0,0
tr|Q48RY4|Q48RY4_STRPM,0,0,0,0
tr|Q48RY5|Q48RY5_STRPM,0,0,0,0
tr|Q48RY8|Q48RY8_STRPM,0,0,0,0
tr|Q48RY9|Q48RY9_STRPM,1,0,1,1
tr|Q48RZ2|Q48RZ2_STRPM,0,1,1,1
tr|Q48RZ4|Q48RZ4_STRPM,0,1,0,0
tr|Q48RZ6|Q48RZ6_STRPM,1,0,0,0
tr|Q48RZ7|Q48RZ7_STRPM,0,0,0,0
tr|Q48RZ8|Q48RZ8_STRPM,0,0,0,0
tr|Q48S00|Q48S00_STRPM,0,0,0,0
sp|Q48S06|Y1394_STRPM,0,0,0,0
tr|Q48S08|Q48S08_STRPM,0,0,0,0
tr|Q48S11|Q48S11_STRPM,0,0,0,0
tr|Q48S12|Q48S12_STRPM,0,0,0,0
tr|Q48S13|Q48S13_STRPM,0,1,0,0
tr|Q48S14|Q48S14_STRPM,0,0,0,0
tr|Q48S15|Q48S15_STRPM,0,1,0,0
tr|Q48S16|Q48S16_STRPM,0,0,0,0
tr|Q48S23|Q48S23_STRPM,0,1,0,0
tr|Q48S25|Q48S25_STRPM,0,0,0,0
tr|Q48S27|Q48S27_STRPM,0,0,0,0
tr|Q48S28|Q48S28_STRPM,1,0,0,0
tr|Q48S29|Q48S29_STRPM,0,0,0,0
tr|Q48S31|Q48S31_STRPM,0,0,0,0
tr|Q48S32|Q48S32_STRPM,0,0,0,0
tr|Q48S33|Q48S33_STRPM,0,0,0,0
tr|Q48S35|Q48S35_STRPM,0,0,0,0
tr|Q48S36|Q48S36_STRPM,1,0,0,0
tr|Q48S37|Q48S37_STRPM,0,0,1,0
sp|Q48S38|Y1362_STRPM,1,1,1,1
tr|Q48S40|Q48S40_STRPM,0,0,0,0
tr|Q48S41|Q48S41_STRPM,0,0,0,0
tr|Q48S42|Q48S42_STRPM,1,0,0,0
tr|Q48S43|Q48S43_STRPM,1,0,0,0
tr|Q48S44|Q48S44_STRPM,0,0,0,0
tr|Q48S45|Q48S45_STRPM,0,0,0,0
tr|Q48S46|Q48S46_STRPM,0,0,0,0
tr|Q48S47|Q48S47_STRPM,0,0,0,0
tr|Q48S48|Q48S48_STRPM,0,1,0,0
tr|Q48S49|Q48S49_STRPM,1,0,0,0
tr|Q48S50|Q48S50_STRPM,1,0,0,0
tr|Q48S51|Q48S51_STRPM,0,0,0,0
tr|Q48S52|Q48S52_STRPM,0,0,0,0
tr|Q48S53|Q48S53_STRPM,0,0,0,0
tr|Q48S54|Q48S54_STRPM,0,0,0,0
tr|Q48S57|Q48S57_STRPM,0,0,0,0
tr|Q48S58|Q48S58_STRPM,1,0,0,0
tr|Q48S59|Q48S59_STRPM,0,0,0,0
tr|Q48S60|Q48S60_STRPM,1,0,0,0
tr|Q48S62|Q48S62_STRPM,0,0,0,0
tr|Q48S63|Q48S63_STRPM,0,0,0,0
tr|Q48S64|Q48S64_STRPM,1,1,1,1
tr|Q48S65|Q48S65_STRPM,1,0,0,0
tr|Q48S66|Q48S66_STRPM,1,0,1,1
tr|Q48S67|Q48S67_STRPM,0,0,0,0
tr|Q48S68|Q48S68_STRPM,1,1,1,1
tr|Q48S69|Q48S69_STRPM,0,0,0,0
tr|Q48S70|Q48S70_STRPM,0,0,0,0
tr|Q48S71|Q48S71_STRPM,0,0,0,0
tr|Q48S72|Q48S72_STRPM,0,0,0,0
tr|Q48S73|Q48S73_STRPM,0,0,0,0
tr|Q48S74|Q48S74_STRPM,0,1,1,1
tr|Q48S76|Q48S76_STRPM,1,0,0,0
tr|Q48S77|Q48S77_STRPM,0,0,0,0
tr|Q48S78|Q48S78_STRPM,0,0,0,0
tr|Q48S79|Q48S79_STRPM,0,0,0,0
tr|Q48S80|Q48S80_STRPM,0,0,0,0
tr|Q48S81|Q48S81_STRPM,1,0,0,0
tr|Q48S82|Q48S82_STRPM,0,1,1,1
tr|Q48S83|Q48S83_STRPM,0,0,0,0
tr|Q48S84|Q48S84_STRPM,0,1,0,0
tr|Q48S85|Q48S85_STRPM,0,0,0,0
tr|Q48S86|Q48S86_STRPM,0,0,0,0
tr|Q48S87|Q48S87_STRPM,0,0,1,0
tr|Q48S88|Q48S88_STRPM,0,0,0,0
tr|Q48S89|Q48S89_STRPM,0,0,0,0
tr|Q48S90|Q48S90_STRPM,0,0,0,0
tr|Q48S91|Q48S91_STRPM,0,0,0,0
tr|Q48S92|Q48S92_STRPM,1,1,1,1
tr|Q48S93|Q48S93_STRPM,0,0,0,0
tr|Q48S94|Q48S94_STRPM,1,1,1,1
tr|Q48S95|Q48S95_STRPM,0,0,0,0
tr|Q48S96|Q48S96_STRPM,0,0,0,0
tr|Q48S97|Q48S97_STRPM,0,0,0,0
tr|Q48S98|Q48S98_STRPM,0,1,0,0
tr|Q48S99|Q48S99_STRPM,1,1,0,1
tr|Q48SA0|Q48SA0_STRPM,1,0,0,0
tr|Q48SA1|Q48SA1_STRPM,1,1,1,1
tr|Q48SA2|Q48SA2_STRPM,1,0,0,0
tr|Q48SA3|Q48SA3_STRPM,0,0,0,0
tr|Q48SA7|Q48SA7_STRPM,0,0,0,0
tr|Q48SA8|Q48SA8_STRPM,1,0,0,0
tr|Q48SB2|Q48SB2_STRPM,0,0,0,0
tr|Q48SB3|Q48SB3_STRPM,1,1,1,1
tr|Q48SB5|Q48SB5_STRPM,0,0,0,0
tr|Q48SB6|Q48SB6_STRPM,0,1,1,1
tr|Q48SB7|Q48SB7_STRPM,0,0,0,0
tr|Q48SB8|Q48SB8_STRPM,0,0,0,0
tr|Q48SB9|Q48SB9_STRPM,0,0,0,0
tr|Q48SC0|Q48SC0_STRPM,0,0,0,0
tr|Q48SC1|Q48SC1_STRPM,1,0,0,0
tr|Q48SC2|Q48SC2_STRPM,0,0,0,0
tr|Q48SC3|Q48SC3_STRPM,1,0,0,0
tr|Q48SC4|Q48SC4_STRPM,0,0,0,0
tr|Q48SC5|Q48SC5_STRPM,0,0,0,0
tr|Q48SC6|Q48SC6_STRPM,0,0,1,0
tr|Q48SC7|Q48SC7_STRPM,0,0,0,0
tr|Q48SC8|Q48SC8_STRPM,0,0,0,0
tr|Q48SC9|Q48SC9_STRPM,0,0,0,0
tr|Q48SD0|Q48SD0_STRPM,0,0,1,0
tr|Q48SD1|Q48SD1_STRPM,1,0,1,1
tr|Q48SD3|Q48SD3_STRPM,0,0,0,0
tr|Q48SD4|Q48SD4_STRPM,1,1,1,1
tr|Q48SD5|Q48SD5_STRPM,0,0,0,0
tr|Q48SD6|Q48SD6_STRPM,0,0,0,0
tr|Q48SD7|Q48SD7_STRPM,0,0,0,0
tr|Q48SD8|Q48SD8_STRPM,0,1,0,0
tr|Q48SD9|Q48SD9_STRPM,0,0,0,0
tr|Q48SE0|Q48SE0_STRPM,1,0,1,1
tr|Q48SE1|Q48SE1_STRPM,0,0,0,0
tr|Q48SE2|Q48SE2_STRPM,0,0,0,0
tr|Q48SE3|Q48SE3_STRPM,0,0,0,0
tr|Q48SE4|Q48SE4_STRPM,0,0,0,0
tr|Q48SE5|Q48SE5_STRPM,0,0,0,0
tr|Q48SE6|Q48SE6_STRPM,0,0,0,0
tr|Q48SE7|Q48SE7_STRPM,0,1,0,0
tr|Q48SE8|Q48SE8_STRPM,0,0,0,0
tr|Q48SE9|Q48SE9_STRPM,0,0,1,0
tr|Q48SF0|Q48SF0_STRPM,0,1,1,1
tr|Q48SF1|Q48SF1_STRPM,0,0,0,0
tr|Q48SF2|Q48SF2_STRPM,0,0,0,0
tr|Q48SF3|Q48SF3_STRPM,1,0,1,1
tr|Q48SF4|Q48SF4_STRPM,1,1,1,1
tr|Q48SF5|Q48SF5_STRPM,1,1,1,1
tr|Q48SF6|Q48SF6_STRPM,0,0,0,0
tr|Q48SF7|Q48SF7_STRPM,1,0,1,1
tr|Q48SF8|Q48SF8_STRPM,0,0,1,0
tr|Q48SF9|Q48SF9_STRPM,0,1,1,1
tr|Q48SG0|Q48SG0_STRPM,0,0,1,0
tr|Q48SG1|Q48SG1_STRPM,0,0,0,0
tr|Q48SG2|Q48SG2_STRPM,1,0,1,1
tr|Q48SG3|Q48SG3_STRPM,0,0,1,0
tr|Q48SG4|Q48SG4_STRPM,0,1,0,0
tr|Q48SG5|Q48SG5_STRPM,0,1,0,0
tr|Q48SG6|Q48SG6_STRPM,0,0,0,0
tr|Q48SG7|Q48SG7_STRPM,1,1,1,1
tr|Q48SG8|Q48SG8_STRPM,0,1,1,1
tr|Q48SG9|Q48SG9_STRPM,0,1,1,1
tr|Q48SH0|Q48SH0_STRPM,0,0,1,0
tr|Q48SH1|Q48SH1_STRPM,0,0,0,0
tr|Q48SH2|Q48SH2_STRPM,1,1,1,1
tr|Q48SH3|Q48SH3_STRPM,0,0,1,0
tr|Q48SH4|Q48SH4_STRPM,1,0,1,1
tr|Q48SH5|Q48SH5_STRPM,0,0,0,0
tr|Q48SH6|Q48SH6_STRPM,0,0,0,0
tr|Q48SH7|Q48SH7_STRPM,0,0,1,0
tr|Q48SH8|Q48SH8_STRPM,1,0,0,0
tr|Q48SH9|Q48SH9_STRPM,1,0,0,0
tr|Q48SI0|Q48SI0_STRPM,0,0,0,0
tr|Q48SI1|Q48SI1_STRPM,0,0,0,0
tr|Q48SI2|Q48SI2_STRPM,0,0,0,0
tr|Q48SI3|Q48SI3_STRPM,0,0,0,0
tr|Q48SI4|Q48SI4_STRPM,0,0,0,0
tr|Q48SI6|Q48SI6_STRPM,0,0,0,0
tr|Q48SI8|Q48SI8_STRPM,1,0,1,1
tr|Q48SJ0|Q48SJ0_STRPM,0,0,0,0
tr|Q48SJ1|Q48SJ1_STRPM,0,0,0,0
tr|Q48SJ4|Q48SJ4_STRPM,0,0,0,0
tr|Q48SJ6|Q48SJ6_STRPM,1,1,1,1
tr|Q48SJ7|Q48SJ7_STRPM,0,0,0,0
tr|Q48SJ8|Q48SJ8_STRPM,0,0,0,0
tr|Q48SJ9|Q48SJ9_STRPM,0,1,0,0
tr|Q48SK1|Q48SK1_STRPM,0,0,0,0
tr|Q48SK2|Q48SK2_STRPM,0,0,0,0
tr|Q48SK3|Q48SK3_STRPM,1,0,0,0
tr|Q48SK5|Q48SK5_STRPM,0,0,0,0
tr|Q48SK7|Q48SK7_STRPM,0,0,0,0
tr|Q48SL3|Q48SL3_STRPM,0,0,0,0
tr|Q48SL5|Q48SL5_STRPM,0,0,0,0
tr|Q48SL6|Q48SL6_STRPM,0,0,0,0
tr|Q48SL7|Q48SL7_STRPM,0,0,0,0
tr|Q48SL9|Q48SL9_STRPM,0,0,0,0
tr|Q48SM0|Q48SM0_STRPM,0,0,0,0
tr|Q48SM1|Q48SM1_STRPM,0,0,0,0
tr|Q48SM2|Q48SM2_STRPM,0,1,0,0
tr|Q48SM3|Q48SM3_STRPM,1,0,0,0
tr|Q48SM4|Q48SM4_STRPM,0,0,0,0
tr|Q48SM6|Q48SM6_STRPM,0,0,0,0
tr|Q48SN0|Q48SN0_STRPM,0,0,0,0
tr|Q48SN1|Q48SN1_STRPM,0,0,0,0
tr|Q48SN4|Q48SN4_STRPM,1,0,0,0
tr|Q48SN5|Q48SN5_STRPM,0,0,0,0
tr|Q48SN6|Q48SN6_STRPM,0,0,0,0
tr|Q48SN7|Q48SN7_STRPM,0,1,0,0
tr|Q48SN8|Q48SN8_STRPM,0,1,1,1
tr|Q48SP0|Q48SP0_STRPM,0,0,0,0
tr|Q48SP3|Q48SP3_STRPM,0,0,0,0
tr|Q48SP4|Q48SP4_STRPM,1,0,0,0
tr|Q48SP5|Q48SP5_STRPM,0,0,0,0
tr|Q48SP6|Q48SP6_STRPM,0,1,0,0
tr|Q48SQ0|Q48SQ0_STRPM,0,0,0,0
sp|Q48SQ4|Y1146_STRPM,0,0,0,0
tr|Q48SQ5|Q48SQ5_STRPM,0,0,0,0
tr|Q48SQ6|Q48SQ6_STRPM,0,0,0,0
tr|Q48SQ7|Q48SQ7_STRPM,0,0,0,0
tr|Q48SQ8|Q48SQ8_STRPM,0,0,0,0
tr|Q48SQ9|Q48SQ9_STRPM,0,0,0,0
tr|Q48SR0|Q48SR0_STRPM,0,0,0,0
tr|Q48SR2|Q48SR2_STRPM,1,0,1,1
tr|Q48SR3|Q48SR3_STRPM,0,0,0,0
tr|Q48SR4|Q48SR4_STRPM,0,0,0,0
tr|Q48SR5|Q48SR5_STRPM,0,0,0,0
tr|Q48SR9|Q48SR9_STRPM,0,0,0,0
tr|Q48SS0|Q48SS0_STRPM,0,0,0,0
tr|Q48SS1|Q48SS1_STRPM,0,0,0,0
tr|Q48SS5|Q48SS5_STRPM,1,0,0,0
tr|Q48SS6|Q48SS6_STRPM,0,0,0,0
tr|Q48SS7|Q48SS7_STRPM,0,0,0,0
tr|Q48SS8|Q48SS8_STRPM,0,0,0,0
tr|Q48ST0|Q48ST0_STRPM,0,0,1,0
tr|Q48ST2|Q48ST2_STRPM,0,0,0,0
tr|Q48ST5|Q48ST5_STRPM,0,0,0,0
tr|Q48ST6|Q48ST6_STRPM,0,0,0,0
tr|Q48ST7|Q48ST7_STRPM,0,0,0,0
tr|Q48ST9|Q48ST9_STRPM,0,0,0,0
tr|Q48SU0|Q48SU0_STRPM,0,0,0,0
tr|Q48SU1|Q48SU1_STRPM,0,0,0,0
tr|Q48SU4|Q48SU4_STRPM,0,0,0,0
tr|Q48SU6|Q48SU6_STRPM,1,1,1,1
tr|Q48SU9|Q48SU9_STRPM,1,1,1,1
tr|Q48SV0|Q48SV0_STRPM,0,0,0,0
tr|Q48SV1|Q48SV1_STRPM,0,0,0,0
tr|Q48SV3|Q48SV3_STRPM,0,0,0,0
tr|Q48SV6|Q48SV6_STRPM,0,1,1,1
tr|Q48SV7|Q48SV7_STRPM,0,0,0,0
tr|Q48SV8|Q48SV8_STRPM,0,0,0,0
tr|Q48SV9|Q48SV9_STRPM,1,0,0,0
tr|Q48SW0|Q48SW0_STRPM,0,0,0,0
tr|Q48SW1|Q48SW1_STRPM,1,1,1,1
tr|Q48SW2|Q48SW2_STRPM,0,0,0,0
tr|Q48SW3|Q48SW3_STRPM,1,1,1,1
tr|Q48SW4|Q48SW4_STRPM,0,0,0,0
tr|Q48SW5|Q48SW5_STRPM,1,0,1,1
tr|Q48SW6|Q48SW6_STRPM,0,0,0,0
tr|Q48SW7|Q48SW7_STRPM,1,0,0,0
tr|Q48SW8|Q48SW8_STRPM,0,0,0,0
tr|Q48SW9|Q48SW9_STRPM,1,0,0,0
tr|Q48SX0|Q48SX0_STRPM,0,0,1,0
sp|Q48SX1|Y1076_STRPM,0,0,0,0
tr|Q48SX2|Q48SX2_STRPM,0,0,0,0
tr|Q48SX3|Q48SX3_STRPM,0,0,0,0
tr|Q48SX5|Q48SX5_STRPM,0,0,0,0
tr|Q48SX6|Q48SX6_STRPM,1,0,0,0
tr|Q48SX7|Q48SX7_STRPM,1,0,1,1
tr|Q48SX9|Q48SX9_STRPM,1,1,1,1
tr|Q48SY0|Q48SY0_STRPM,0,0,0,0
tr|Q48SY1|Q48SY1_STRPM,1,0,1,1
tr|Q48SY2|Q48SY2_STRPM,0,0,0,0
tr|Q48SY3|Q48SY3_STRPM,0,0,0,0
tr|Q48SY4|Q48SY4_STRPM,0,0,0,0
tr|Q48SY5|Q48SY5_STRPM,0,0,0,0
tr|Q48SY6|Q48SY6_STRPM,0,0,0,0
tr|Q48SY7|Q48SY7_STRPM,0,0,0,0
tr|Q48SY8|Q48SY8_STRPM,1,0,0,0
tr|Q48SY9|Q48SY9_STRPM,0,0,0,0
tr|Q48SZ2|Q48SZ2_STRPM,1,0,0,0
tr|Q48SZ7|Q48SZ7_STRPM,1,0,0,0
tr|Q48SZ8|Q48SZ8_STRPM,1,0,0,0
tr|Q48T03|Q48T03_STRPM,1,0,1,1
tr|Q48T04|Q48T04_STRPM,0,0,0,0
tr|Q48T05|Q48T05_STRPM,0,0,0,0
tr|Q48T06|Q48T06_STRPM,0,0,0,0
tr|Q48T08|Q48T08_STRPM,0,1,0,0
tr|Q48T09|Q48T09_STRPM,0,0,0,0
tr|Q48T12|Q48T12_STRPM,0,1,0,0
tr|Q48T13|Q48T13_STRPM,1,1,0,1
tr|Q48T14|Q48T14_STRPM,0,0,0,0
tr|Q48T15|Q48T15_STRPM,1,0,0,0
tr|Q48T16|Q48T16_STRPM,0,0,0,0
tr|Q48T17|Q48T17_STRPM,0,0,0,0
tr|Q48T18|Q48T18_STRPM,1,0,1,1
tr|Q48T19|Q48T19_STRPM,0,0,0,0
tr|Q48T20|Q48T20_STRPM,0,0,0,0
tr|Q48T21|Q48T21_STRPM,0,0,1,0
tr|Q48T22|Q48T22_STRPM,1,0,0,0
tr|Q48T23|Q48T23_STRPM,0,0,0,0
tr|Q48T24|Q48T24_STRPM,1,0,1,1
tr|Q48T25|Q48T25_STRPM,0,0,0,0
tr|Q48T26|Q48T26_STRPM,0,0,0,0
tr|Q48T27|Q48T27_STRPM,1,0,0,0
tr|Q48T28|Q48T28_STRPM,0,0,0,0
tr|Q48T29|Q48T29_STRPM,0,0,1,0
tr|Q48T30|Q48T30_STRPM,1,0,1,1
tr|Q48T31|Q48T31_STRPM,0,0,0,0
tr|Q48T32|Q48T32_STRPM,1,1,1,1
tr|Q48T33|Q48T33_STRPM,0,0,0,0
tr|Q48T34|Q48T34_STRPM,0,0,1,0
tr|Q48T35|Q48T35_STRPM,0,0,0,0
tr|Q48T36|Q48T36_STRPM,0,0,0,0
tr|Q48T37|Q48T37_STRPM,0,0,0,0
tr|Q48T38|Q48T38_STRPM,0,0,0,0
tr|Q48T39|Q48T39_STRPM,0,0,1,0
tr|Q48T40|Q48T40_STRPM,0,0,0,0
tr|Q48T41|Q48T41_STRPM,1,0,0,0
tr|Q48T42|Q48T42_STRPM,0,0,0,0
tr|Q48T43|Q48T43_STRPM,1,1,0,1
tr|Q48T44|Q48T44_STRPM,0,0,0,0
tr|Q48T45|Q48T45_STRPM,0,0,0,0
tr|Q48T46|Q48T46_STRPM,1,1,0,1
tr|Q48T47|Q48T47_STRPM,0,0,0,0
tr|Q48T48|Q48T48_STRPM,0,0,0,0
tr|Q48T49|Q48T49_STRPM,0,0,0,0
tr|Q48T50|Q48T50_STRPM,1,0,0,0
tr|Q48T51|Q48T51_STRPM,0,0,0,0
tr|Q48T52|Q48T52_STRPM,0,0,0,0
tr|Q48T53|Q48T53_STRPM,0,0,1,0
tr|Q48T54|Q48T54_STRPM,1,0,1,1
tr|Q48T55|Q48T55_STRPM,0,0,0,0
tr|Q48T56|Q48T56_STRPM,1,1,1,1
tr|Q48T57|Q48T57_STRPM,1,1,0,1
tr|Q48T58|Q48T58_STRPM,0,0,0,0
tr|Q48T59|Q48T59_STRPM,1,0,0,0
tr|Q48T60|Q48T60_STRPM,0,0,0,0
tr|Q48T61|Q48T61_STRPM,0,1,1,1
tr|Q48T62|Q48T62_STRPM,0,0,0,0
tr|Q48T63|Q48T63_STRPM,1,0,0,0
tr|Q48T64|Q48T64_STRPM,0,0,1,0
tr|Q48T65|Q48T65_STRPM,0,0,0,0
tr|Q48T66|Q48T66_STRPM,0,0,0,0
tr|Q48T67|Q48T67_STRPM,0,0,1,0
tr|Q48T68|Q48T68_STRPM,0,1,0,0
tr|Q48T69|Q48T69_STRPM,0,0,0,0
tr|Q48T71|Q48T71_STRPM,0,0,0,0
tr|Q48T72|Q48T72_STRPM,1,1,1,1
tr|Q48T73|Q48T73_STRPM,1,1,1,1
tr|Q48T74|Q48T74_STRPM,0,0,0,0
tr|Q48T75|Q48T75_STRPM,0,1,1,1
tr|Q48T76|Q48T76_STRPM,0,0,1,0
tr|Q48T77|Q48T77_STRPM,1,1,0,1
tr|Q48T78|Q48T78_STRPM,1,1,1,1
tr|Q48T79|Q48T79_STRPM,0,1,0,0
tr|Q48T80|Q48T80_STRPM,0,0,0,0
tr|Q48T81|Q48T81_STRPM,1,0,0,0
tr|Q48T82|Q48T82_STRPM,0,0,0,0
tr|Q48T83|Q48T83_STRPM,0,0,1,0
tr|Q48T84|Q48T84_STRPM,1,0,1,1
tr|Q48T90|Q48T90_STRPM,0,0,0,0
tr|Q48T91|Q48T91_STRPM,0,0,0,0
tr|Q48T92|Q48T92_STRPM,1,0,0,0
tr|Q48T93|Q48T93_STRPM,0,0,0,0
tr|Q48T94|Q48T94_STRPM,1,0,0,0
tr|Q48T95|Q48T95_STRPM,0,0,0,0
tr|Q48T96|Q48T96_STRPM,0,0,0,0
tr|Q48T97|Q48T97_STRPM,0,0,0,0
tr|Q48T99|Q48T99_STRPM,1,1,1,1
tr|Q48TA0|Q48TA0_STRPM,0,0,0,0
tr|Q48TA1|Q48TA1_STRPM,1,0,0,0
sp|Q48TA2|GLS24_STRPM,1,0,1,1
tr|Q48TA3|Q48TA3_STRPM,1,1,1,1
tr|Q48TA4|Q48TA4_STRPM,1,0,1,1
tr|Q48TA5|Q48TA5_STRPM,1,0,0,0
tr|Q48TA6|Q48TA6_STRPM,0,0,0,0
tr|Q48TA7|Q48TA7_STRPM,1,0,0,0
tr|Q48TA8|Q48TA8_STRPM,0,0,0,0
tr|Q48TA9|Q48TA9_STRPM,0,0,0,0
tr|Q48TB0|Q48TB0_STRPM,1,0,0,0
tr|Q48TB1|Q48TB1_STRPM,0,0,0,0
tr|Q48TB2|Q48TB2_STRPM,0,1,0,0
tr|Q48TB6|Q48TB6_STRPM,0,0,0,0
tr|Q48TB7|Q48TB7_STRPM,0,0,0,0
tr|Q48TC5|Q48TC5_STRPM,0,0,0,0
tr|Q48TC7|Q48TC7_STRPM,0,0,0,0
tr|Q48TD1|Q48TD1_STRPM,0,0,0,0
tr|Q48TD3|Q48TD3_STRPM,1,1,1,1
tr|Q48TD4|Q48TD4_STRPM,0,0,0,0
tr|Q48TD5|Q48TD5_STRPM,0,0,0,0
tr|Q48TD6|Q48TD6_STRPM,0,0,0,0
tr|Q48TD8|Q48TD8_STRPM,0,0,0,0
tr|Q48TD9|Q48TD9_STRPM,0,0,0,0
tr|Q48TE0|Q48TE0_STRPM,0,0,0,0
tr|Q48TE2|Q48TE2_STRPM,1,0,0,0
tr|Q48TE3|Q48TE3_STRPM,0,0,0,0
tr|Q48TE4|Q48TE4_STRPM,0,0,0,0
tr|Q48TE5|Q48TE5_STRPM,1,0,0,0
tr|Q48TE6|Q48TE6_STRPM,0,0,0,0
tr|Q48TE9|Q48TE9_STRPM,0,0,0,0
tr|Q48TF0|Q48TF0_STRPM,0,0,0,0
tr|Q48TF1|Q48TF1_STRPM,0,0,0,0
tr|Q48TF2|Q48TF2_STRPM,0,0,0,0
tr|Q48TF3|Q48TF3_STRPM,1,0,0,0
tr|Q48TF4|Q48TF4_STRPM,0,0,0,0
tr|Q48TF5|Q48TF5_STRPM,0,0,0,0
tr|Q48TF7|Q48TF7_STRPM,0,1,0,0
tr|Q48TF8|Q48TF8_STRPM,0,0,0,0
sp|Q48TF9|Y888_STRPM,0,0,0,0
tr|Q48TG1|Q48TG1_STRPM,0,0,0,0
tr|Q48TG3|Q48TG3_STRPM,0,0,0,0
tr|Q48TG5|Q48TG5_STRPM,0,0,0,0
tr|Q48TH0|Q48TH0_STRPM,0,0,0,0
tr|Q48TH1|Q48TH1_STRPM,0,0,0,0
tr|Q48TH2|Q48TH2_STRPM,0,1,1,1
tr|Q48TH3|Q48TH3_STRPM,0,1,0,0
tr|Q48TH4|Q48TH4_STRPM,0,0,0,0
tr|Q48TH5|Q48TH5_STRPM,0,0,0,0
tr|Q48TH7|Q48TH7_STRPM,0,0,0,0
tr|Q48TH8|Q48TH8_STRPM,1,0,0,0
tr|Q48TH9|Q48TH9_STRPM,0,1,0,0
tr|Q48TI0|Q48TI0_STRPM,0,0,0,0
tr|Q48TI2|Q48TI2_STRPM,0,0,0,0
tr|Q48TI3|Q48TI3_STRPM,0,1,0,0
tr|Q48TI4|Q48TI4_STRPM,1,0,0,0
tr|Q48TI5|Q48TI5_STRPM,0,0,0,0
tr|Q48TI6|Q48TI6_STRPM,0,0,0,0
tr|Q48TI7|Q48TI7_STRPM,0,0,0,0
tr|Q48TI9|Q48TI9_STRPM,0,1,0,0
tr|Q48TJ2|Q48TJ2_STRPM,1,0,0,0
tr|Q48TJ3|Q48TJ3_STRPM,1,0,0,0
tr|Q48TJ4|Q48TJ4_STRPM,0,0,0,0
tr|Q48TJ5|Q48TJ5_STRPM,0,1,1,1
tr|Q48TJ6|Q48TJ6_STRPM,1,0,1,1
tr|Q48TJ7|Q48TJ7_STRPM,0,0,1,0
tr|Q48TJ8|Q48TJ8_STRPM,0,0,0,0
tr|Q48TK1|Q48TK1_STRPM,0,1,0,0
tr|Q48TK2|Q48TK2_STRPM,0,0,0,0
tr|Q48TK3|Q48TK3_STRPM,0,0,0,0
tr|Q48TK4|Q48TK4_STRPM,1,1,1,1
tr|Q48TK5|Q48TK5_STRPM,0,0,0,0
tr|Q48TK7|Q48TK7_STRPM,1,0,0,0
tr|Q48TK8|Q48TK8_STRPM,0,0,0,0
tr|Q48TL2|Q48TL2_STRPM,0,1,0,0
tr|Q48TL4|Q48TL4_STRPM,1,0,0,0
tr|Q48TL7|Q48TL7_STRPM,0,0,0,0
tr|Q48TL8|Q48TL8_STRPM,0,0,0,0
tr|Q48TL9|Q48TL9_STRPM,0,0,0,0
tr|Q48TM0|Q48TM0_STRPM,0,0,0,0
tr|Q48TM1|Q48TM1_STRPM,0,0,0,0
tr|Q48TM4|Q48TM4_STRPM,0,0,0,0
tr|Q48TM5|Q48TM5_STRPM,1,0,0,0
tr|Q48TM7|Q48TM7_STRPM,1,1,0,1
tr|Q48TM8|Q48TM8_STRPM,0,0,0,0
tr|Q48TN0|Q48TN0_STRPM,1,0,1,1
tr|Q48TN2|Q48TN2_STRPM,1,0,0,0
tr|Q48TN3|Q48TN3_STRPM,0,1,0,0
tr|Q48TN4|Q48TN4_STRPM,0,0,0,0
tr|Q48TN6|Q48TN6_STRPM,0,1,0,0
tr|Q48TN8|Q48TN8_STRPM,0,0,0,0
tr|Q48TP1|Q48TP1_STRPM,0,0,0,0
tr|Q48TP2|Q48TP2_STRPM,0,0,0,0
tr|Q48TP3|Q48TP3_STRPM,0,0,0,0
tr|Q48TQ1|Q48TQ1_STRPM,0,1,0,0
tr|Q48TQ2|Q48TQ2_STRPM,0,0,0,0
tr|Q48TQ4|Q48TQ4_STRPM,0,0,0,0
tr|Q48TQ5|Q48TQ5_STRPM,0,0,0,0
tr|Q48TQ6|Q48TQ6_STRPM,0,0,0,0
tr|Q48TQ7|Q48TQ7_STRPM,0,0,0,0
tr|Q48TQ8|Q48TQ8_STRPM,0,0,0,0
tr|Q48TQ9|Q48TQ9_STRPM,0,1,0,0
tr|Q48TR0|Q48TR0_STRPM,0,0,0,0
tr|Q48TR1|Q48TR1_STRPM,0,0,0,0
tr|Q48TR4|Q48TR4_STRPM,0,0,0,0
tr|Q48TR5|Q48TR5_STRPM,0,0,0,0
tr|Q48TR9|Q48TR9_STRPM,1,0,0,0
tr|Q48TS0|Q48TS0_STRPM,1,0,1,1
tr|Q48TS1|Q48TS1_STRPM,0,0,0,0
tr|Q48TS2|Q48TS2_STRPM,0,1,1,1
tr|Q48TS6|Q48TS6_STRPM,1,0,0,0
tr|Q48TS7|Q48TS7_STRPM,0,0,0,0
tr|Q48TS9|Q48TS9_STRPM,0,0,0,0
tr|Q48TT0|Q48TT0_STRPM,0,0,0,0
tr|Q48TT1|Q48TT1_STRPM,0,0,0,0
tr|Q48TT2|Q48TT2_STRPM,0,0,0,0
tr|Q48TT3|Q48TT3_STRPM,0,0,0,0
tr|Q48TT4|Q48TT4_STRPM,0,0,0,0
tr|Q48TT5|Q48TT5_STRPM,0,0,0,0
tr|Q48TT6|Q48TT6_STRPM,0,0,0,0
tr|Q48TT7|Q48TT7_STRPM,0,0,0,0
tr|Q48TU1|Q48TU1_STRPM,0,1,0,0
tr|Q48TU2|Q48TU2_STRPM,0,0,0,0
tr|Q48TU6|Q48TU6_STRPM,0,0,0,0
tr|Q48TU7|Q48TU7_STRPM,0,0,0,0
tr|Q48TV0|Q48TV0_STRPM,0,0,0,0
tr|Q48TV2|Q48TV2_STRPM,1,1,1,1
tr|Q48TV8|Q48TV8_STRPM,0,0,0,0
tr|Q48TW0|Q48TW0_STRPM,0,0,0,0
tr|Q48TW2|Q48TW2_STRPM,0,0,0,0
tr|Q48TW3|Q48TW3_STRPM,1,0,1,1
tr|Q48TW4|Q48TW4_STRPM,0,0,0,0
tr|Q48TW5|Q48TW5_STRPM,1,0,0,0
tr|Q48TW6|Q48TW6_STRPM,0,0,0,0
tr|Q48TW8|Q48TW8_STRPM,0,0,0,0
tr|Q48TW9|Q48TW9_STRPM,0,0,0,0
tr|Q48TX0|Q48TX0_STRPM,1,0,0,0
tr|Q48TX1|Q48TX1_STRPM,0,0,0,0
tr|Q48TX2|Q48TX2_STRPM,1,1,1,1
tr|Q48TX4|Q48TX4_STRPM,0,0,0,0
tr|Q48TX5|Q48TX5_STRPM,1,0,0,0
tr|Q48TX6|Q48TX6_STRPM,1,0,1,1
tr|Q48TX8|Q48TX8_STRPM,0,0,0,0
tr|Q48TY0|Q48TY0_STRPM,0,0,0,0
tr|Q48TY1|Q48TY1_STRPM,0,0,0,0
tr|Q48TY2|Q48TY2_STRPM,0,0,0,0
tr|Q48TY4|Q48TY4_STRPM,0,0,0,0
tr|Q48TY6|Q48TY6_STRPM,0,0,0,0
tr|Q48TY7|Q48TY7_STRPM,0,0,0,0
tr|Q48TY9|Q48TY9_STRPM,1,0,1,1
tr|Q48TZ2|Q48TZ2_STRPM,1,1,1,1
tr|Q48TZ3|Q48TZ3_STRPM,0,0,0,0
tr|Q48TZ4|Q48TZ4_STRPM,0,0,0,0
tr|Q48TZ5|Q48TZ5_STRPM,0,0,1,0
tr|Q48TZ7|Q48TZ7_STRPM,0,0,0,0
tr|Q48TZ8|Q48TZ8_STRPM,0,0,0,0
tr|Q48TZ9|Q48TZ9_STRPM,0,0,0,0
tr|Q48U06|Q48U06_STRPM,0,0,0,0
tr|Q48U07|Q48U07_STRPM,1,0,0,0
tr|Q48U08|Q48U08_STRPM,0,1,0,0
tr|Q48U11|Q48U11_STRPM,0,0,0,0
tr|Q48U12|Q48U12_STRPM,1,0,0,0
tr|Q48U13|Q48U13_STRPM,1,1,1,1
tr|Q48U16|Q48U16_STRPM,1,0,0,0
tr|Q48U19|Q48U19_STRPM,0,0,0,0
tr|Q48U20|Q48U20_STRPM,0,0,0,0
tr|Q48U23|Q48U23_STRPM,0,0,1,0
tr|Q48U26|Q48U26_STRPM,0,0,0,0
tr|Q48U31|Q48U31_STRPM,0,0,0,0
tr|Q48U33|Q48U33_STRPM,0,0,0,0
tr|Q48U34|Q48U34_STRPM,0,0,0,0
tr|Q48U36|Q48U36_STRPM,0,0,0,0
tr|Q48U37|Q48U37_STRPM,0,0,0,0
tr|Q48U38|Q48U38_STRPM,0,0,0,0
tr|Q48U39|Q48U39_STRPM,0,0,0,0
tr|Q48U41|Q48U41_STRPM,0,0,0,0
tr|Q48U42|Q48U42_STRPM,1,0,0,0
tr|Q48U43|Q48U43_STRPM,1,0,0,0
tr|Q48U44|Q48U44_STRPM,0,1,0,0
tr|Q48U45|Q48U45_STRPM,1,1,0,1
tr|Q48U46|Q48U46_STRPM,1,0,1,1
tr|Q48U47|Q48U47_STRPM,1,1,1,1
tr|Q48U48|Q48U48_STRPM,0,0,0,0
tr|Q48U49|Q48U49_STRPM,0,0,1,0
tr|Q48U51|Q48U51_STRPM,0,0,0,0
tr|Q48U53|Q48U53_STRPM,0,0,0,0
tr|Q48U57|Q48U57_STRPM,0,0,0,0
tr|Q48U58|Q48U58_STRPM,0,0,0,0
tr|Q48U59|Q48U59_STRPM,1,0,0,0
tr|Q48U60|Q48U60_STRPM,0,0,0,0
tr|Q48U61|Q48U61_STRPM,1,1,0,1
tr|Q48U64|Q48U64_STRPM,0,0,0,0
tr|Q48U65|Q48U65_STRPM,0,0,0,0
tr|Q48U66|Q48U66_STRPM,0,0,0,0
tr|Q48U67|Q48U67_STRPM,1,1,1,1
tr|Q48U69|Q48U69_STRPM,0,0,0,0
tr|Q48U72|Q48U72_STRPM,0,0,0,0
tr|Q48U76|Q48U76_STRPM,0,1,0,0
tr|Q48U78|Q48U78_STRPM,1,1,1,1
tr|Q48U80|Q48U80_STRPM,0,0,0,0
tr|Q48U82|Q48U82_STRPM,0,0,0,0
tr|Q48U83|Q48U83_STRPM,1,1,1,1
tr|Q48U86|Q48U86_STRPM,0,0,0,0
sp|Q48U87|Y605_STRPM,0,0,0,0
tr|Q48U90|Q48U90_STRPM,0,0,0,0
tr|Q48U96|Q48U96_STRPM,0,1,1,1
tr|Q48U97|Q48U97_STRPM,0,1,1,1
tr|Q48U98|Q48U98_STRPM,0,0,0,0
tr|Q48UA0|Q48UA0_STRPM,0,0,0,0
tr|Q48UA1|Q48UA1_STRPM,0,0,0,0
tr|Q48UA2|Q48UA2_STRPM,0,0,0,0
tr|Q48UA3|Q48UA3_STRPM,1,0,0,0
tr|Q48UA4|Q48UA4_STRPM,1,0,0,0
tr|Q48UA5|Q48UA5_STRPM,0,0,0,0
tr|Q48UA6|Q48UA6_STRPM,0,0,0,0
tr|Q48UA7|Q48UA7_STRPM,0,0,0,0
tr|Q48UA9|Q48UA9_STRPM,0,0,0,0
tr|Q48UB0|Q48UB0_STRPM,1,0,1,1
tr|Q48UB2|Q48UB2_STRPM,0,0,0,0
tr|Q48UB7|Q48UB7_STRPM,0,0,0,0
tr|Q48UC0|Q48UC0_STRPM,0,1,1,1
tr|Q48UC1|Q48UC1_STRPM,0,0,0,0
tr|Q48UC2|Q48UC2_STRPM,0,0,0,0
tr|Q48UC3|Q48UC3_STRPM,0,0,0,0
tr|Q48UC4|Q48UC4_STRPM,0,0,0,0
tr|Q48UC7|Q48UC7_STRPM,1,1,1,1
tr|Q48UC8|Q48UC8_STRPM,1,0,0,0
tr|Q48UC9|Q48UC9_STRPM,0,0,0,0
tr|Q48UD1|Q48UD1_STRPM,0,0,0,0
tr|Q48UE0|Q48UE0_STRPM,0,0,0,0
tr|Q48UE2|Q48UE2_STRPM,0,0,0,0
tr|Q48UE3|Q48UE3_STRPM,1,1,0,1
tr|Q48UE4|Q48UE4_STRPM,0,0,0,0
tr|Q48UE5|Q48UE5_STRPM,0,0,0,0
tr|Q48UE6|Q48UE6_STRPM,0,1,0,0
tr|Q48UE7|Q48UE7_STRPM,0,0,0,0
tr|Q48UE8|Q48UE8_STRPM,0,0,0,0
tr|Q48UE9|Q48UE9_STRPM,0,0,0,0
tr|Q48UF0|Q48UF0_STRPM,1,0,0,0
tr|Q48UF1|Q48UF1_STRPM,1,1,0,1
tr|Q48UF2|Q48UF2_STRPM,0,1,1,1
tr|Q48UF3|Q48UF3_STRPM,1,1,1,1
tr|Q48UF4|Q48UF4_STRPM,0,0,0,0
tr|Q48UF5|Q48UF5_STRPM,0,0,0,0
tr|Q48UF6|Q48UF6_STRPM,0,0,0,0
tr|Q48UF8|Q48UF8_STRPM,0,0,0,0
tr|Q48UG1|Q48UG1_STRPM,0,0,0,0
tr|Q48UG2|Q48UG2_STRPM,0,0,1,0
tr|Q48UG4|Q48UG4_STRPM,0,0,0,0
tr|Q48UG5|Q48UG5_STRPM,0,0,0,0
tr|Q48UG6|Q48UG6_STRPM,0,0,0,0
tr|Q48UG7|Q48UG7_STRPM,0,0,0,0
tr|Q48UG9|Q48UG9_STRPM,0,0,0,0
tr|Q48UH0|Q48UH0_STRPM,0,0,0,0
tr|Q48UH1|Q48UH1_STRPM,0,0,0,0
tr|Q48UH4|Q48UH4_STRPM,0,0,0,0
tr|Q48UI0|Q48UI0_STRPM,1,1,0,1
tr|Q48UI4|Q48UI4_STRPM,0,0,0,0
tr|Q48UI5|Q48UI5_STRPM,0,0,0,0
tr|Q48UI6|Q48UI6_STRPM,0,0,0,0
tr|Q48UI7|Q48UI7_STRPM,0,0,0,0
tr|Q48UI8|Q48UI8_STRPM,0,0,0,0
tr|Q48UI9|Q48UI9_STRPM,1,0,1,1
tr|Q48UJ0|Q48UJ0_STRPM,0,0,1,0
tr|Q48UJ1|Q48UJ1_STRPM,1,0,0,0
tr|Q48UJ2|Q48UJ2_STRPM,0,0,0,0
tr|Q48UJ3|Q48UJ3_STRPM,0,0,0,0
tr|Q48UJ4|Q48UJ4_STRPM,0,0,0,0
tr|Q48UJ5|Q48UJ5_STRPM,0,0,0,0
tr|Q48UJ6|Q48UJ6_STRPM,0,0,0,0
tr|Q48UJ7|Q48UJ7_STRPM,0,0,0,0
tr|Q48UJ8|Q48UJ8_STRPM,0,0,1,0
tr|Q48UJ9|Q48UJ9_STRPM,0,0,0,0
tr|Q48UK0|Q48UK0_STRPM,0,0,0,0
tr|Q48UK1|Q48UK1_STRPM,0,0,0,0
tr|Q48UK2|Q48UK2_STRPM,0,0,0,0
tr|Q48UK6|Q48UK6_STRPM,0,0,0,0
tr|Q48UK7|Q48UK7_STRPM,0,0,0,0
tr|Q48UK9|Q48UK9_STRPM,0,0,0,0
tr|Q48UL0|Q48UL0_STRPM,0,0,0,0
tr|Q48UL1|Q48UL1_STRPM,1,0,0,0
tr|Q48UL2|Q48UL2_STRPM,1,0,0,0
tr|Q48UL4|Q48UL4_STRPM,0,0,0,0
tr|Q48UL5|Q48UL5_STRPM,0,0,0,0
tr|Q48UL6|Q48UL6_STRPM,0,0,0,0
tr|Q48UL7|Q48UL7_STRPM,0,0,0,0
tr|Q48UL9|Q48UL9_STRPM,1,0,0,0
tr|Q48UM0|Q48UM0_STRPM,1,0,0,0
tr|Q48UM1|Q48UM1_STRPM,0,0,0,0
tr|Q48UM2|Q48UM2_STRPM,0,0,0,0
tr|Q48UM3|Q48UM3_STRPM,0,0,0,0
tr|Q48UM4|Q48UM4_STRPM,0,0,0,0
tr|Q48UM5|Q48UM5_STRPM,0,0,0,0
tr|Q48UM8|Q48UM8_STRPM,0,0,0,0
tr|Q48UN0|Q48UN0_STRPM,0,0,0,0
tr|Q48UN1|Q48UN1_STRPM,0,1,0,0
tr|Q48UN2|Q48UN2_STRPM,1,0,0,0
tr|Q48UN3|Q48UN3_STRPM,0,0,0,0
tr|Q48UN4|Q48UN4_STRPM,1,0,0,0
tr|Q48UN5|Q48UN5_STRPM,0,0,0,0
tr|Q48UN6|Q48UN6_STRPM,0,0,0,0
tr|Q48UN7|Q48UN7_STRPM,0,0,0,0
tr|Q48UN8|Q48UN8_STRPM,0,0,0,0
tr|Q48UP0|Q48UP0_STRPM,0,0,0,0
tr|Q48UP1|Q48UP1_STRPM,0,0,0,0
tr|Q48UP2|Q48UP2_STRPM,0,0,0,0
tr|Q48UP3|Q48UP3_STRPM,0,0,0,0
tr|Q48UP4|Q48UP4_STRPM,0,0,0,0
tr|Q48UP5|Q48UP5_STRPM,0,0,0,0
tr|Q48UP6|Q48UP6_STRPM,1,0,0,0
tr|Q48UP7|Q48UP7_STRPM,0,0,0,0
tr|Q48UP8|Q48UP8_STRPM,1,0,0,0
tr|Q48UP9|Q48UP9_STRPM,1,1,1,1
tr|Q48UQ0|Q48UQ0_STRPM,0,0,0,0
tr|Q48UQ1|Q48UQ1_STRPM,0,0,0,0
tr|Q48UQ2|Q48UQ2_STRPM,1,0,0,0
tr|Q48UQ3|Q48UQ3_STRPM,0,0,0,0
tr|Q48UQ4|Q48UQ4_STRPM,0,0,0,0
tr|Q48UQ6|Q48UQ6_STRPM,1,1,0,1
tr|Q48UQ7|Q48UQ7_STRPM,0,0,0,0
tr|Q48UQ8|Q48UQ8_STRPM,0,1,0,0
tr|Q48UQ9|Q48UQ9_STRPM,0,0,0,0
tr|Q48UR0|Q48UR0_STRPM,0,0,0,0
tr|Q48UR1|Q48UR1_STRPM,0,0,0,0
tr|Q48UR2|Q48UR2_STRPM,1,0,0,0
tr|Q48UR3|Q48UR3_STRPM,0,1,0,0
tr|Q48UR4|Q48UR4_STRPM,0,0,0,0
tr|Q48UR7|Q48UR7_STRPM,0,0,0,0
tr|Q48UR9|Q48UR9_STRPM,0,0,0,0
tr|Q48US0|Q48US0_STRPM,0,0,0,0
tr|Q48US1|Q48US1_STRPM,0,0,0,0
tr|Q48US2|Q48US2_STRPM,0,0,0,0
tr|Q48US3|Q48US3_STRPM,1,0,1,1
tr|Q48US4|Q48US4_STRPM,1,0,0,0
tr|Q48US5|Q48US5_STRPM,0,0,0,0
tr|Q48US6|Q48US6_STRPM,0,0,0,0
tr|Q48US8|Q48US8_STRPM,0,0,0,0
tr|Q48US9|Q48US9_STRPM,1,0,0,0
tr|Q48UT0|Q48UT0_STRPM,0,0,0,0
tr|Q48UT1|Q48UT1_STRPM,0,0,0,0
tr|Q48UT2|Q48UT2_STRPM,0,0,0,0
tr|Q48UT3|Q48UT3_STRPM,1,0,0,0
tr|Q48UT4|Q48UT4_STRPM,0,0,0,0
tr|Q48UT5|Q48UT5_STRPM,1,0,0,0
tr|Q48UT6|Q48UT6_STRPM,0,0,0,0
tr|Q48UT8|Q48UT8_STRPM,0,1,0,0
tr|Q48UU3|Q48UU3_STRPM,0,0,0,0
tr|Q48UU4|Q48UU4_STRPM,0,0,0,0
tr|Q48UU7|Q48UU7_STRPM,0,0,0,0
tr|Q48UU8|Q48UU8_STRPM,1,0,0,0
tr|Q48UU9|Q48UU9_STRPM,1,0,1,1
tr|Q48UV0|Q48UV0_STRPM,1,0,0,0
tr|Q48UV1|Q48UV1_STRPM,0,0,1,0
tr|Q48UV2|Q48UV2_STRPM,0,0,0,0
tr|Q48UV3|Q48UV3_STRPM,1,1,1,1
tr|Q48UV4|Q48UV4_STRPM,1,0,0,0
tr|Q48UV5|Q48UV5_STRPM,1,0,1,1
tr|Q48UV6|Q48UV6_STRPM,1,0,0,0
tr|Q48UV7|Q48UV7_STRPM,1,1,0,1
tr|Q48UV8|Q48UV8_STRPM,1,1,1,1
tr|Q48UV9|Q48UV9_STRPM,1,1,1,1
tr|Q48UW0|Q48UW0_STRPM,0,0,1,0
tr|Q48UW1|Q48UW1_STRPM,0,0,0,0
tr|Q48UW2|Q48UW2_STRPM,0,1,1,1
tr|Q48UW3|Q48UW3_STRPM,1,1,1,1
tr|Q48UW4|Q48UW4_STRPM,0,1,1,1
tr|Q48UW5|Q48UW5_STRPM,0,0,0,0
tr|Q48UW9|Q48UW9_STRPM,0,0,0,0
tr|Q48UX0|Q48UX0_STRPM,0,0,0,0
tr|Q48UX1|Q48UX1_STRPM,0,0,0,0
tr|Q48UX2|Q48UX2_STRPM,1,1,1,1
sp|Q48UX3|Y369_STRPM,0,0,0,0
tr|Q48UX5|Q48UX5_STRPM,0,0,0,0
tr|Q48UY0|Q48UY0_STRPM,0,0,0,0
tr|Q48UY3|Q48UY3_STRPM,0,0,0,0
tr|Q48UY4|Q48UY4_STRPM,0,0,0,0
tr|Q48UY5|Q48UY5_STRPM,0,1,0,0
tr|Q48UY6|Q48UY6_STRPM,0,0,0,0
tr|Q48UY7|Q48UY7_STRPM,0,0,0,0
tr|Q48UY9|Q48UY9_STRPM,0,0,0,0
tr|Q48UZ0|Q48UZ0_STRPM,0,0,0,0
tr|Q48UZ2|Q48UZ2_STRPM,0,0,0,0
tr|Q48UZ3|Q48UZ3_STRPM,0,0,0,0
tr|Q48UZ4|Q48UZ4_STRPM,0,0,0,0
tr|Q48UZ5|Q48UZ5_STRPM,0,0,0,0
tr|Q48UZ6|Q48UZ6_STRPM,0,0,0,0
tr|Q48UZ7|Q48UZ7_STRPM,1,1,1,1
tr|Q48UZ8|Q48UZ8_STRPM,1,0,1,1
tr|Q48UZ9|Q48UZ9_STRPM,0,1,0,0
tr|Q48V00|Q48V00_STRPM,0,0,0,0
tr|Q48V01|Q48V01_STRPM,1,0,0,0
tr|Q48V02|Q48V02_STRPM,0,0,0,0
tr|Q48V03|Q48V03_STRPM,1,0,0,0
tr|Q48V04|Q48V04_STRPM,0,1,1,1
tr|Q48V05|Q48V05_STRPM,1,0,0,0
sp|Q48V07|NRDI_STRPM,1,0,0,0
tr|Q48V09|Q48V09_STRPM,0,0,0,0
tr|Q48V11|Q48V11_STRPM,0,0,0,0
tr|Q48V12|Q48V12_STRPM,0,0,0,0
tr|Q48V15|Q48V15_STRPM,0,0,0,0
tr|Q48V16|Q48V16_STRPM,0,0,1,0
tr|Q48V17|Q48V17_STRPM,0,0,0,0
tr|Q48V18|Q48V18_STRPM,0,0,0,0
sp|Q48V20|YABA_STRPM,0,0,0,0
tr|Q48V21|Q48V21_STRPM,0,1,1,1
tr|Q48V22|Q48V22_STRPM,0,0,0,0
sp|Q48V24|Y318_STRPM,0,0,0,0
tr|Q48V27|Q48V27_STRPM,0,0,0,0
tr|Q48V29|Q48V29_STRPM,0,0,0,0
tr|Q48V30|Q48V30_STRPM,0,0,0,0
tr|Q48V31|Q48V31_STRPM,0,0,0,0
tr|Q48V32|Q48V32_STRPM,1,0,0,0
tr|Q48V33|Q48V33_STRPM,0,0,0,0
tr|Q48V36|Q48V36_STRPM,0,0,0,0
tr|Q48V37|Q48V37_STRPM,0,0,0,0
tr|Q48V38|Q48V38_STRPM,0,0,0,0
tr|Q48V39|Q48V39_STRPM,0,0,0,0
sp|Q48V42|YIDD_STRPM,1,0,0,0
tr|Q48V47|Q48V47_STRPM,1,0,0,0
tr|Q48V48|Q48V48_STRPM,0,1,0,0
sp|Q48V51|Y291_STRPM,0,0,0,0
tr|Q48V52|Q48V52_STRPM,0,0,0,0
tr|Q48V53|Q48V53_STRPM,0,0,0,0
tr|Q48V54|Q48V54_STRPM,0,0,0,0
tr|Q48V59|Q48V59_STRPM,0,0,0,0
tr|Q48V61|Q48V61_STRPM,0,0,0,0
tr|Q48V62|Q48V62_STRPM,0,0,0,0
tr|Q48V64|Q48V64_STRPM,0,0,0,0
tr|Q48V65|Q48V65_STRPM,0,0,0,0
tr|Q48V68|Q48V68_STRPM,0,0,0,0
tr|Q48V69|Q48V69_STRPM,1,0,0,0
tr|Q48V71|Q48V71_STRPM,0,0,0,0
tr|Q48V73|Q48V73_STRPM,0,0,0,0
tr|Q48V74|Q48V74_STRPM,0,0,0,0
tr|Q48V77|Q48V77_STRPM,0,0,0,0
tr|Q48V79|Q48V79_STRPM,0,1,0,0
tr|Q48V80|Q48V80_STRPM,0,1,0,0
sp|Q48V81|Y261_STRPM,0,0,0,0
tr|Q48V82|Q48V82_STRPM,1,0,0,0
tr|Q48V84|Q48V84_STRPM,0,0,0,0
tr|Q48V86|Q48V86_STRPM,0,0,0,0
tr|Q48V88|Q48V88_STRPM,0,0,0,0
tr|Q48V89|Q48V89_STRPM,0,1,0,0
tr|Q48V90|Q48V90_STRPM,0,0,0,0
tr|Q48V93|Q48V93_STRPM,1,1,1,1
tr|Q48V94|Q48V94_STRPM,1,0,0,0
tr|Q48V95|Q48V95_STRPM,0,0,0,0
tr|Q48V96|Q48V96_STRPM,1,0,0,0
tr|Q48V97|Q48V97_STRPM,0,0,0,0
tr|Q48VA1|Q48VA1_STRPM,0,0,0,0
tr|Q48VA2|Q48VA2_STRPM,0,0,0,0
tr|Q48VA4|Q48VA4_STRPM,0,0,0,0
tr|Q48VA5|Q48VA5_STRPM,0,0,0,0
tr|Q48VA6|Q48VA6_STRPM,0,0,1,0
tr|Q48VA7|Q48VA7_STRPM,0,0,0,0
tr|Q48VB1|Q48VB1_STRPM,0,0,0,0
tr|Q48VB2|Q48VB2_STRPM,0,0,0,0
tr|Q48VB3|Q48VB3_STRPM,0,0,0,0
tr|Q48VB4|Q48VB4_STRPM,1,1,0,1
tr|Q48VB9|Q48VB9_STRPM,1,1,1,1
tr|Q48VC0|Q48VC0_STRPM,1,0,0,0
tr|Q48VC1|Q48VC1_STRPM,0,0,0,0
tr|Q48VC2|Q48VC2_STRPM,0,0,0,0
tr|Q48VC3|Q48VC3_STRPM,0,0,0,0
tr|Q48VC8|Q48VC8_STRPM,0,0,0,0
tr|Q48VC9|Q48VC9_STRPM,0,0,0,0
tr|Q48VD0|Q48VD0_STRPM,0,0,0,0
tr|Q48VD1|Q48VD1_STRPM,0,0,0,0
tr|Q48VD2|Q48VD2_STRPM,0,0,0,0
tr|Q48VD3|Q48VD3_STRPM,0,0,0,0
tr|Q48VD4|Q48VD4_STRPM,0,0,0,0
tr|Q48VD5|Q48VD5_STRPM,0,0,0,0
tr|Q48VD8|Q48VD8_STRPM,0,0,0,0
tr|Q48VD9|Q48VD9_STRPM,0,0,0,0
tr|Q48VE2|Q48VE2_STRPM,1,0,0,0
tr|Q48VE3|Q48VE3_STRPM,0,0,0,0
tr|Q48VE4|Q48VE4_STRPM,0,0,0,0
tr|Q48VE6|Q48VE6_STRPM,1,1,1,1
tr|Q48VE7|Q48VE7_STRPM,0,0,0,0
tr|Q48VE9|Q48VE9_STRPM,1,1,1,1
tr|Q48VF1|Q48VF1_STRPM,0,0,0,0
tr|Q48VF2|Q48VF2_STRPM,0,0,0,0
tr|Q48VF3|Q48VF3_STRPM,0,0,0,0
tr|Q48VF6|Q48VF6_STRPM,0,0,0,0
tr|Q48VF7|Q48VF7_STRPM,0,0,1,0
tr|Q48VF8|Q48VF8_STRPM,0,0,0,0
tr|Q48VG0|Q48VG0_STRPM,0,1,1,1
tr|Q48VG1|Q48VG1_STRPM,1,0,1,1
tr|Q48VG2|Q48VG2_STRPM,1,1,1,1
tr|Q48VG3|Q48VG3_STRPM,0,0,0,0
tr|Q48VG4|Q48VG4_STRPM,0,0,0,0
tr|Q48VG6|Q48VG6_STRPM,0,0,0,0
tr|Q48VG7|Q48VG7_STRPM,0,0,0,0
tr|Q48VG8|Q48VG8_STRPM,1,0,1,1
tr|Q48VH0|Q48VH0_STRPM,0,1,0,0
tr|Q48VH1|Q48VH1_STRPM,0,0,0,0
tr|Q48VH2|Q48VH2_STRPM,0,0,0,0
tr|Q48VH3|Q48VH3_STRPM,0,0,0,0
tr|Q48VH5|Q48VH5_STRPM,0,0,0,0
tr|Q48VH6|Q48VH6_STRPM,1,0,0,0
tr|Q48VH7|Q48VH7_STRPM,0,0,0,0
tr|Q48VH8|Q48VH8_STRPM,1,0,1,1
tr|Q48VH9|Q48VH9_STRPM,0,0,0,0
tr|Q48VI0|Q48VI0_STRPM,1,0,1,1
tr|Q48VI1|Q48VI1_STRPM,0,0,0,0
tr|Q48VI2|Q48VI2_STRPM,0,0,0,0
tr|Q48VI3|Q48VI3_STRPM,0,0,0,0
tr|Q48VI4|Q48VI4_STRPM,1,0,0,0
tr|Q48VI6|Q48VI6_STRPM,0,0,0,0
tr|Q48VI7|Q48VI7_STRPM,0,0,0,0
tr|Q48VI8|Q48VI8_STRPM,1,0,0,0
tr|Q48VI9|Q48VI9_STRPM,0,0,0,0
tr|Q48VJ0|Q48VJ0_STRPM,1,0,0,0
tr|Q48VJ1|Q48VJ1_STRPM,1,0,1,1
tr|Q48VJ2|Q48VJ2_STRPM,0,0,0,0
tr|Q48VJ3|Q48VJ3_STRPM,0,0,0,0
tr|Q48VJ4|Q48VJ4_STRPM,0,0,0,0
tr|Q48VJ5|Q48VJ5_STRPM,0,0,0,0
tr|Q48VJ6|Q48VJ6_STRPM,0,0,0,0
tr|Q48VJ8|Q48VJ8_STRPM,0,0,0,0
tr|Q48VJ9|Q48VJ9_STRPM,0,0,1,0
tr|Q48VK0|Q48VK0_STRPM,1,1,1,1
tr|Q48VK1|Q48VK1_STRPM,1,0,1,1
tr|Q48VK2|Q48VK2_STRPM,0,0,0,0
tr|Q48VK4|Q48VK4_STRPM,0,0,0,0
tr|Q48VK5|Q48VK5_STRPM,0,1,0,0
tr|Q48VK7|Q48VK7_STRPM,0,1,1,1
tr|Q48VK9|Q48VK9_STRPM,0,0,0,0
tr|Q48VL0|Q48VL0_STRPM,1,0,0,0
tr|Q48VL4|Q48VL4_STRPM,0,0,0,0
tr|Q48VL5|Q48VL5_STRPM,0,0,0,0
tr|Q48VL6|Q48VL6_STRPM,0,0,0,0
tr|Q48VL7|Q48VL7_STRPM,1,0,0,0
tr|Q48VL9|Q48VL9_STRPM,1,1,1,1
tr|Q48VM0|Q48VM0_STRPM,0,0,0,0
tr|Q48VM1|Q48VM1_STRPM,0,0,1,0
tr|Q48VM2|Q48VM2_STRPM,0,0,0,0
tr|Q48VM3|Q48VM3_STRPM,0,1,0,0
tr|Q48VM4|Q48VM4_STRPM,1,0,0,0
tr|Q48VM5|Q48VM5_STRPM,0,0,0,0
tr|Q48VM6|Q48VM6_STRPM,0,0,0,0
tr|Q48VM7|Q48VM7_STRPM,0,0,0,0
tr|Q48VM8|Q48VM8_STRPM,1,0,0,0
tr|Q48VN0|Q48VN0_STRPM,0,0,0,0
tr|Q48VN1|Q48VN1_STRPM,1,0,0,0
tr|Q48VN2|Q48VN2_STRPM,0,0,0,0
tr|Q48VN3|Q48VN3_STRPM,1,1,1,1
tr|Q48VN5|Q48VN5_STRPM,1,0,0,0
tr|Q48VN6|Q48VN6_STRPM,0,0,0,0
tr|Q48VN7|Q48VN7_STRPM,1,1,1,1
tr|Q48VN8|Q48VN8_STRPM,0,0,0,0
tr|Q48VP2|Q48VP2_STRPM,0,0,0,0
tr|Q48VP3|Q48VP3_STRPM,0,0,0,0
tr|Q48VP4|Q48VP4_STRPM,0,0,0,0
tr|Q48VP5|Q48VP5_STRPM,1,1,1,1
tr|Q48VP6|Q48VP6_STRPM,0,0,0,0
tr|Q48VP9|Q48VP9_STRPM,1,0,0,0
tr|Q48VQ1|Q48VQ1_STRPM,0,0,0,0
tr|Q48VQ2|Q48VQ2_STRPM,0,0,0,0
tr|Q48VQ3|Q48VQ3_STRPM,0,0,0,0
tr|Q48VQ4|Q48VQ4_STRPM,0,0,0,0
tr|Q48VQ5|Q48VQ5_STRPM,0,0,0,0
tr|Q48VQ6|Q48VQ6_STRPM,0,0,0,0
tr|Q48VQ7|Q48VQ7_STRPM,0,0,0,0
tr|Q48VQ8|Q48VQ8_STRPM,1,0,0,0
tr|Q48VQ9|Q48VQ9_STRPM,0,1,0,0
tr|Q48VR4|Q48VR4_STRPM,0,0,0,0
tr|Q48VR5|Q48VR5_STRPM,0,0,0,0
tr|Q48VR6|Q48VR6_STRPM,0,1,1,1
tr|Q48VR7|Q48VR7_STRPM,0,0,0,0
tr|Q48VR8|Q48VR8_STRPM,0,0,1,0
tr|Q48VR9|Q48VR9_STRPM,1,0,1,1
tr|Q48VS0|Q48VS0_STRPM,0,0,0,0
tr|Q48VS1|Q48VS1_STRPM,0,0,0,0
tr|Q48VV1|Q48VV1_STRPM,0,0,0,0
tr|Q48VV2|Q48VV2_STRPM,0,0,0,0
tr|Q48VV4|Q48VV4_STRPM,0,0,0,0
tr|Q48VV5|Q48VV5_STRPM,0,1,1,1
tr|Q48VV6|Q48VV6_STRPM,0,0,0,0
tr|Q48VV7|Q48VV7_STRPM,1,1,1,1
tr|Q48VV9|Q48VV9_STRPM,0,0,0,0
tr|Q48VW3|Q48VW3_STRPM,0,0,0,0
tr|Q48VW4|Q48VW4_STRPM,1,1,1,1
tr|Q48VW5|Q48VW5_STRPM,1,1,1,1
tr|Q48VW6|Q48VW6_STRPM,0,0,0,0
tr|Q48VX0|Q48VX0_STRPM,0,0,0,0
tr|Q48VX5|Q48VX5_STRPM,0,0,0,0
tr|Q48VY2|Q48VY2_STRPM,0,0,0,0
tr|Q48VY4|Q48VY4_STRPM,0,0,0,0
tr|Q48VY8|Q48VY8_STRPM,1,1,1,1
